{"authorDailyContributionsMap":{"striris":[{"date":"2022-03-04","commitResults":[{"hash":"61e0e6bd9935edb1e6960dd29a86f765da072890","messageTitle":"xinran updated info in AboutUs.","messageBody":"","fileTypesAndContributionMap":{"docs":{"insertions":7,"deletions":7}}}]},{"date":"2022-03-14","commitResults":[{"hash":"2bc2e66f8df5a990ef8a4c5dbe8631ec8b68ee9b","messageTitle":"created main app and renamed Manager folder to manager","messageBody":"","fileTypesAndContributionMap":{"functional-code":{"insertions":67,"deletions":11},"other":{"insertions":8,"deletions":1}}},{"hash":"f9398e942d010a74f8c5ac2e37ec7d8947ec36fe","messageTitle":"added in messages for ui display","messageBody":"","fileTypesAndContributionMap":{"functional-code":{"insertions":17,"deletions":0}}},{"hash":"5281a500e0fa65ed6bd7e5a894bbf23a56cf83ca","messageTitle":"implemented command classes","messageBody":"","fileTypesAndContributionMap":{"functional-code":{"insertions":245,"deletions":0}}},{"hash":"9b66db8f067a3c41b528fd4fc64e04ffccbe040f","messageTitle":"added in exception classes","messageBody":"","fileTypesAndContributionMap":{"functional-code":{"insertions":34,"deletions":0}}},{"hash":"b158ef8178b82793813b9c20c984338f1ea05c59","messageTitle":"added in Record and RecordList for wesley","messageBody":"","fileTypesAndContributionMap":{"functional-code":{"insertions":10,"deletions":0}}},{"hash":"6c627b0609a05a9b062fea0d0e389f93dca00339","messageTitle":"implemented parser class","messageBody":"","fileTypesAndContributionMap":{"functional-code":{"insertions":116,"deletions":0}}},{"hash":"bd86c9e6eccfd8a09b479fa84ec2a86b1278a2e2","messageTitle":"implemented Ui class to display msgs and get user input","messageBody":"","fileTypesAndContributionMap":{"functional-code":{"insertions":129,"deletions":0}}},{"hash":"47f48407f3effa84a62a99121dd19bd599eea1c1","messageTitle":"changed name of the program","messageBody":"","fileTypesAndContributionMap":{"functional-code":{"insertions":1,"deletions":1}}},{"hash":"5e9d55cac8e18ad86d7a8e4b88f38050d67b8e99","messageTitle":"parsed the input for add product, but still got error.","messageBody":"","fileTypesAndContributionMap":{"functional-code":{"insertions":79,"deletions":12}}}]},{"date":"2022-03-17","commitResults":[{"hash":"fe3302bf4c640ec345a81415bc50c937c8a60811","messageTitle":"parsed the input for add product, but still got error.","messageBody":"","fileTypesAndContributionMap":{"functional-code":{"insertions":79,"deletions":12}}},{"hash":"38653ad503eba8445cf1fa60c9d40c37b5228bc3","messageTitle":"fixed the help and exit function in parser","messageBody":"","fileTypesAndContributionMap":{"functional-code":{"insertions":1,"deletions":1}}}]},{"date":"2022-03-18","commitResults":[{"hash":"44bd1ad7f250968c17de7e3f15b9f24547699877","messageTitle":"fixed another bug in the parser but the add and delete function are not working","messageBody":"","fileTypesAndContributionMap":{"functional-code":{"insertions":1,"deletions":1}}},{"hash":"9a9b8e000d0277e2da624920f3ef1ec1ae9fa949","messageTitle":"fixed the add help msg","messageBody":"","fileTypesAndContributionMap":{"functional-code":{"insertions":4,"deletions":4}}}]}],"cristoforows":[{"date":"2022-03-06","commitResults":[{"hash":"c9c99aa6d86089ccdf4b07d44b4436ac11bc9ebd","messageTitle":"update AboutUs.md","messageBody":"","fileTypesAndContributionMap":{"docs":{"insertions":7,"deletions":7}}}]},{"date":"2022-03-14","commitResults":[{"hash":"6bfd399bd2a6049bff55b58ac81c35410411e62e","messageTitle":"resolve rebase conflict","messageBody":"","fileTypesAndContributionMap":{"docs":{"insertions":6,"deletions":6}}},{"hash":"0b7749ecdd4b961ee2a32b5f12d9482496786a0a","messageTitle":"resolve conflict","messageBody":"","fileTypesAndContributionMap":{"docs":{"insertions":1,"deletions":22}}},{"hash":"9311761ac98bba6803095694c4314766f1e30061","messageTitle":"add Record, Product, and Subscription class","messageBody":"","fileTypesAndContributionMap":{"functional-code":{"insertions":28,"deletions":18},"other":{"insertions":3,"deletions":3}}}]},{"date":"2022-03-17","commitResults":[{"hash":"055fe0bd2220140223fbad485dfa8bed1ad41aff","messageTitle":"add all getter and setter","messageBody":"","fileTypesAndContributionMap":{"functional-code":{"insertions":31,"deletions":15}}},{"hash":"1395a4f865e22ae9d727331d55fc2f15677c122f","messageTitle":"add toString","messageBody":"","fileTypesAndContributionMap":{"functional-code":{"insertions":23,"deletions":25}}},{"hash":"89ea86812fed7bcbd7e6fef1fc2d04bda4069ec5","messageTitle":"delete RecordList","messageBody":"","fileTypesAndContributionMap":{"functional-code":{"insertions":0,"deletions":9}}},{"hash":"d5a550107d4878b43365481a5c36c54fbf96efdd","messageTitle":"add totalExpense","messageBody":"","fileTypesAndContributionMap":{"functional-code":{"insertions":3,"deletions":0}}}]},{"date":"2022-03-18","commitResults":[{"hash":"5dc2878e393d710f1dfd4a4f9b9419b3ea05ef86","messageTitle":"add jar","messageBody":"","fileTypesAndContributionMap":{"functional-code":{"insertions":2,"deletions":8}}}]}],"allyfern72":[{"date":"2022-03-04","commitResults":[{"hash":"cc6d703230572960731b4a7c87cb29f735e52dea","messageTitle":"Add myself to AboutUs.md","messageBody":"","fileTypesAndContributionMap":{"docs":{"insertions":1,"deletions":1}}}]},{"date":"2022-03-14","commitResults":[{"hash":"80e536abcbb40f4ea3bc9f124f87dc9016d64378","messageTitle":"Implement RecordManager.java","messageBody":"","fileTypesAndContributionMap":{"functional-code":{"insertions":51,"deletions":0}}},{"hash":"e60029de6668a040df3437cc70da140ff9370283","messageTitle":"﻿Add myself to AboutUs.md","messageBody":"","fileTypesAndContributionMap":{"functional-code":{"insertions":45,"deletions":0},"docs":{"insertions":10,"deletions":0}}}]},{"date":"2022-03-15","commitResults":[{"hash":"f6477a2287df9a11e3a38c00a789990f9f56bc93","messageTitle":"Fix Parser","messageBody":"","fileTypesAndContributionMap":{"functional-code":{"insertions":82,"deletions":70}}}]},{"date":"2022-03-17","commitResults":[{"hash":"d29ae48dde76276c90fc932796ae0420f792416e","messageTitle":"Fix Parser","messageBody":"","fileTypesAndContributionMap":{"functional-code":{"insertions":82,"deletions":70}}},{"hash":"1f649a8a8a8fd2850f74e3a5eef7aaae22a95be9","messageTitle":"Tune commands to Spendvelope context","messageBody":"","fileTypesAndContributionMap":{"functional-code":{"insertions":57,"deletions":64},"other":{"insertions":1,"deletions":1}}}]},{"date":"2022-03-18","commitResults":[{"hash":"4c17da05aa26142fbd247fa9acdcfd92a688aa1e","messageTitle":"Fix Parser","messageBody":"","fileTypesAndContributionMap":{"functional-code":{"insertions":27,"deletions":22}}},{"hash":"9b1ab133f20b1934c80f366cfae23ff755dc9a84","messageTitle":"Change setLimits(...) to setLimitManager(...)","messageBody":"","fileTypesAndContributionMap":{"functional-code":{"insertions":1,"deletions":1}}},{"hash":"d19cc8af42f6baf6a84fb81610bdcce67b10259a","messageTitle":"Refactor main Spendvelope.java","messageBody":"","fileTypesAndContributionMap":{"other":{"insertions":3,"deletions":5},"docs":{"insertions":5,"deletions":5}}}]}],"Wang-Jingwei":[{"date":"2022-03-04","commitResults":[{"hash":"854ea54976d41216a15b39f084abcb02695685e1","messageTitle":"Update AboutUs.md","messageBody":"","fileTypesAndContributionMap":{"docs":{"insertions":1,"deletions":1}}},{"hash":"6548e012c44b444384a89db3e7b6f996cbf8c538","messageTitle":"Revert \"Update AboutUs.md\"","messageBody":"This reverts commit b851754a0637721ec6cc5f9acd320ee732cc741b.\n","fileTypesAndContributionMap":{"docs":{"insertions":1,"deletions":1}}},{"hash":"2a39abc65127b0186a4b8daff7231a49e50d475c","messageTitle":"Update AboutUs.md.","messageBody":"","fileTypesAndContributionMap":{"docs":{"insertions":1,"deletions":1}}}]},{"date":"2022-03-14","commitResults":[{"hash":"3b51a6d40d08916a08bef86a3c7c75cd33b72e03","messageTitle":"Add LimitManager","messageBody":"","fileTypesAndContributionMap":{"functional-code":{"insertions":23,"deletions":0}}}]},{"date":"2022-03-17","commitResults":[{"hash":"94ecb597d2dfe970ca13a2d51d3ee704f9719bae","messageTitle":"Add the limit related commands.","messageBody":"","fileTypesAndContributionMap":{"functional-code":{"insertions":69,"deletions":5}}},{"hash":"25532bd96e7e5810d2919adfa4bffaa9711e27b9","messageTitle":"Add limit warning.","messageBody":"","fileTypesAndContributionMap":{"functional-code":{"insertions":2,"deletions":1}}},{"hash":"92e3afd478519173d1376720eae37578520de3d6","messageTitle":"Add warnings.","messageBody":"","fileTypesAndContributionMap":{"functional-code":{"insertions":1,"deletions":0}}}]},{"date":"2022-03-18","commitResults":[{"hash":"9cd06566ace5c05f0c20f2d957fb39e569f00c7b","messageTitle":"initialize limitMgr","messageBody":"","fileTypesAndContributionMap":{"functional-code":{"insertions":5,"deletions":0}}}]}]},"authorFileTypeContributionMap":{"striris":{"docs":0,"functional-code":599,"test-code":0},"cristoforows":{"docs":7,"functional-code":64,"test-code":0},"allyfern72":{"docs":5,"functional-code":163,"test-code":1},"Wang-Jingwei":{"docs":0,"functional-code":96,"test-code":0}},"authorContributionVariance":{"striris":17879.63,"cristoforows":602.6635,"allyfern72":3522.4185,"Wang-Jingwei":215.22237},"authorDisplayNameMap":{"striris":"CS2113-F12-1 LIU ..NRAN","cristoforows":"CS2113-F12-1 WESL..ANTO","allyfern72":"CS2113-F12-1 THAM..EONG","Wang-Jingwei":"CS2113-F12-1 WANG..GWEI"}}
