{"authorDailyContributionsMap":{"striris":[{"date":"2022-03-04","commitResults":[{"hash":"61e0e6bd9935edb1e6960dd29a86f765da072890","messageTitle":"xinran updated info in AboutUs.","messageBody":"","fileTypesAndContributionMap":{"docs":{"insertions":7,"deletions":7}}}]},{"date":"2022-03-14","commitResults":[{"hash":"2bc2e66f8df5a990ef8a4c5dbe8631ec8b68ee9b","messageTitle":"created main app and renamed Manager folder to manager","messageBody":"","fileTypesAndContributionMap":{"functional-code":{"insertions":67,"deletions":11},"other":{"insertions":8,"deletions":1}}},{"hash":"f9398e942d010a74f8c5ac2e37ec7d8947ec36fe","messageTitle":"added in messages for ui display","messageBody":"","fileTypesAndContributionMap":{"functional-code":{"insertions":17,"deletions":0}}},{"hash":"5281a500e0fa65ed6bd7e5a894bbf23a56cf83ca","messageTitle":"implemented command classes","messageBody":"","fileTypesAndContributionMap":{"functional-code":{"insertions":245,"deletions":0}}},{"hash":"9b66db8f067a3c41b528fd4fc64e04ffccbe040f","messageTitle":"added in exception classes","messageBody":"","fileTypesAndContributionMap":{"functional-code":{"insertions":34,"deletions":0}}},{"hash":"b158ef8178b82793813b9c20c984338f1ea05c59","messageTitle":"added in Record and RecordList for wesley","messageBody":"","fileTypesAndContributionMap":{"functional-code":{"insertions":10,"deletions":0}}},{"hash":"6c627b0609a05a9b062fea0d0e389f93dca00339","messageTitle":"implemented parser class","messageBody":"","fileTypesAndContributionMap":{"functional-code":{"insertions":116,"deletions":0}}},{"hash":"bd86c9e6eccfd8a09b479fa84ec2a86b1278a2e2","messageTitle":"implemented Ui class to display msgs and get user input","messageBody":"","fileTypesAndContributionMap":{"functional-code":{"insertions":129,"deletions":0}}},{"hash":"47f48407f3effa84a62a99121dd19bd599eea1c1","messageTitle":"changed name of the program","messageBody":"","fileTypesAndContributionMap":{"functional-code":{"insertions":1,"deletions":1}}},{"hash":"5e9d55cac8e18ad86d7a8e4b88f38050d67b8e99","messageTitle":"parsed the input for add product, but still got error.","messageBody":"","fileTypesAndContributionMap":{"functional-code":{"insertions":79,"deletions":12}}}]}],"cristoforows":[{"date":"2022-03-06","commitResults":[{"hash":"c9c99aa6d86089ccdf4b07d44b4436ac11bc9ebd","messageTitle":"update AboutUs.md","messageBody":"","fileTypesAndContributionMap":{"docs":{"insertions":7,"deletions":7}}}]}],"allyfern72":[{"date":"2022-03-04","commitResults":[{"hash":"cc6d703230572960731b4a7c87cb29f735e52dea","messageTitle":"Add myself to AboutUs.md","messageBody":"","fileTypesAndContributionMap":{"docs":{"insertions":1,"deletions":1}}}]},{"date":"2022-03-14","commitResults":[{"hash":"80e536abcbb40f4ea3bc9f124f87dc9016d64378","messageTitle":"Implement RecordManager.java","messageBody":"","fileTypesAndContributionMap":{"functional-code":{"insertions":51,"deletions":0}}}]}],"Wang-Jingwei":[{"date":"2022-03-04","commitResults":[{"hash":"854ea54976d41216a15b39f084abcb02695685e1","messageTitle":"Update AboutUs.md","messageBody":"","fileTypesAndContributionMap":{"docs":{"insertions":1,"deletions":1}}},{"hash":"6548e012c44b444384a89db3e7b6f996cbf8c538","messageTitle":"Revert \"Update AboutUs.md\"","messageBody":"This reverts commit b851754a0637721ec6cc5f9acd320ee732cc741b.\n","fileTypesAndContributionMap":{"docs":{"insertions":1,"deletions":1}}},{"hash":"2a39abc65127b0186a4b8daff7231a49e50d475c","messageTitle":"Update AboutUs.md.","messageBody":"","fileTypesAndContributionMap":{"docs":{"insertions":1,"deletions":1}}}]},{"date":"2022-03-14","commitResults":[{"hash":"3b51a6d40d08916a08bef86a3c7c75cd33b72e03","messageTitle":"Add LimitManager","messageBody":"","fileTypesAndContributionMap":{"functional-code":{"insertions":23,"deletions":0}}}]}]},"authorFileTypeContributionMap":{"striris":{"docs":2,"functional-code":691,"test-code":0},"cristoforows":{"docs":1,"functional-code":0,"test-code":0},"allyfern72":{"docs":1,"functional-code":50,"test-code":0},"Wang-Jingwei":{"docs":1,"functional-code":23,"test-code":0}},"authorContributionVariance":{"striris":20494.24,"cristoforows":7.526399,"allyfern72":99.705605,"Wang-Jingwei":21.2544},"authorDisplayNameMap":{"striris":"CS2113-F12-1 LIU ..NRAN","cristoforows":"CS2113-F12-1 WESL..ANTO","allyfern72":"CS2113-F12-1 THAM..EONG","Wang-Jingwei":"CS2113-F12-1 WANG..GWEI"}}
