{"authorDailyContributionsMap":{"striris":[{"date":"2022-03-04","commitResults":[{"hash":"61e0e6bd9935edb1e6960dd29a86f765da072890","messageTitle":"xinran updated info in AboutUs.","messageBody":"","fileTypesAndContributionMap":{"docs":{"insertions":7,"deletions":7}}}]},{"date":"2022-03-14","commitResults":[{"hash":"2bc2e66f8df5a990ef8a4c5dbe8631ec8b68ee9b","messageTitle":"created main app and renamed Manager folder to manager","messageBody":"","fileTypesAndContributionMap":{"functional-code":{"insertions":67,"deletions":11},"other":{"insertions":8,"deletions":1}}},{"hash":"f9398e942d010a74f8c5ac2e37ec7d8947ec36fe","messageTitle":"added in messages for ui display","messageBody":"","fileTypesAndContributionMap":{"functional-code":{"insertions":17,"deletions":0}}},{"hash":"5281a500e0fa65ed6bd7e5a894bbf23a56cf83ca","messageTitle":"implemented command classes","messageBody":"","fileTypesAndContributionMap":{"functional-code":{"insertions":245,"deletions":0}}},{"hash":"9b66db8f067a3c41b528fd4fc64e04ffccbe040f","messageTitle":"added in exception classes","messageBody":"","fileTypesAndContributionMap":{"functional-code":{"insertions":34,"deletions":0}}},{"hash":"b158ef8178b82793813b9c20c984338f1ea05c59","messageTitle":"added in Record and RecordList for wesley","messageBody":"","fileTypesAndContributionMap":{"functional-code":{"insertions":10,"deletions":0}}},{"hash":"6c627b0609a05a9b062fea0d0e389f93dca00339","messageTitle":"implemented parser class","messageBody":"","fileTypesAndContributionMap":{"functional-code":{"insertions":116,"deletions":0}}},{"hash":"bd86c9e6eccfd8a09b479fa84ec2a86b1278a2e2","messageTitle":"implemented Ui class to display msgs and get user input","messageBody":"","fileTypesAndContributionMap":{"functional-code":{"insertions":129,"deletions":0}}},{"hash":"47f48407f3effa84a62a99121dd19bd599eea1c1","messageTitle":"changed name of the program","messageBody":"","fileTypesAndContributionMap":{"functional-code":{"insertions":1,"deletions":1}}},{"hash":"5e9d55cac8e18ad86d7a8e4b88f38050d67b8e99","messageTitle":"parsed the input for add product, but still got error.","messageBody":"","fileTypesAndContributionMap":{"functional-code":{"insertions":79,"deletions":12}}}]},{"date":"2022-03-17","commitResults":[{"hash":"fe3302bf4c640ec345a81415bc50c937c8a60811","messageTitle":"parsed the input for add product, but still got error.","messageBody":"","fileTypesAndContributionMap":{"functional-code":{"insertions":79,"deletions":12}}},{"hash":"38653ad503eba8445cf1fa60c9d40c37b5228bc3","messageTitle":"fixed the help and exit function in parser","messageBody":"","fileTypesAndContributionMap":{"functional-code":{"insertions":1,"deletions":1}}}]},{"date":"2022-03-18","commitResults":[{"hash":"44bd1ad7f250968c17de7e3f15b9f24547699877","messageTitle":"fixed another bug in the parser but the add and delete function are not working","messageBody":"","fileTypesAndContributionMap":{"functional-code":{"insertions":1,"deletions":1}}},{"hash":"9a9b8e000d0277e2da624920f3ef1ec1ae9fa949","messageTitle":"fixed the add help msg","messageBody":"","fileTypesAndContributionMap":{"functional-code":{"insertions":4,"deletions":4}}}]},{"date":"2022-03-27","commitResults":[{"hash":"fd32e6c090e3e8392cd0d807b74aeed73d1a088f","messageTitle":"added avatar in AboutUs","messageBody":"","fileTypesAndContributionMap":{"docs":{"insertions":1,"deletions":1}}},{"hash":"c2d8f8ece99ced8bef261b6e73eaa055deb84c3a","messageTitle":"implemented storage feature.","messageBody":"","fileTypesAndContributionMap":{"functional-code":{"insertions":151,"deletions":5}}},{"hash":"07c9f08308ac2ec92e879672df5680b2cab9a83c","messageTitle":"updated the record manager with storage.","messageBody":"","fileTypesAndContributionMap":{"test-code":{"insertions":5,"deletions":4}}},{"hash":"92a90e7460831fccbb63a2f0ff527ff338a9f956","messageTitle":"reformatted the output for record product.","messageBody":"","fileTypesAndContributionMap":{"functional-code":{"insertions":1,"deletions":1}}}]},{"date":"2022-03-28","commitResults":[{"hash":"231d3a758858c3dd51d77bbaa74054e86445c4d7","messageTitle":"added sequence diagram for command and spendvelope. deleted unnecessary lines.","messageBody":"","fileTypesAndContributionMap":{"functional-code":{"insertions":0,"deletions":15},"docs":{"insertions":51,"deletions":0}}}]}],"cristoforows":[{"date":"2022-03-06","commitResults":[{"hash":"c9c99aa6d86089ccdf4b07d44b4436ac11bc9ebd","messageTitle":"update AboutUs.md","messageBody":"","fileTypesAndContributionMap":{"docs":{"insertions":7,"deletions":7}}}]},{"date":"2022-03-14","commitResults":[{"hash":"6bfd399bd2a6049bff55b58ac81c35410411e62e","messageTitle":"resolve rebase conflict","messageBody":"","fileTypesAndContributionMap":{"docs":{"insertions":6,"deletions":6}}},{"hash":"0b7749ecdd4b961ee2a32b5f12d9482496786a0a","messageTitle":"resolve conflict","messageBody":"","fileTypesAndContributionMap":{"docs":{"insertions":1,"deletions":22}}},{"hash":"9311761ac98bba6803095694c4314766f1e30061","messageTitle":"add Record, Product, and Subscription class","messageBody":"","fileTypesAndContributionMap":{"functional-code":{"insertions":28,"deletions":18},"other":{"insertions":3,"deletions":3}}}]},{"date":"2022-03-17","commitResults":[{"hash":"055fe0bd2220140223fbad485dfa8bed1ad41aff","messageTitle":"add all getter and setter","messageBody":"","fileTypesAndContributionMap":{"functional-code":{"insertions":31,"deletions":15}}},{"hash":"1395a4f865e22ae9d727331d55fc2f15677c122f","messageTitle":"add toString","messageBody":"","fileTypesAndContributionMap":{"functional-code":{"insertions":23,"deletions":25}}},{"hash":"89ea86812fed7bcbd7e6fef1fc2d04bda4069ec5","messageTitle":"delete RecordList","messageBody":"","fileTypesAndContributionMap":{"functional-code":{"insertions":0,"deletions":9}}},{"hash":"d5a550107d4878b43365481a5c36c54fbf96efdd","messageTitle":"add totalExpense","messageBody":"","fileTypesAndContributionMap":{"functional-code":{"insertions":3,"deletions":0}}}]},{"date":"2022-03-18","commitResults":[{"hash":"5dc2878e393d710f1dfd4a4f9b9419b3ea05ef86","messageTitle":"add jar","messageBody":"","fileTypesAndContributionMap":{"functional-code":{"insertions":2,"deletions":8}}}]},{"date":"2022-03-28","commitResults":[{"hash":"32a2ba8afe4b7e58b64c13e005c77ffee4ad68af","messageTitle":"add FindCommand","messageBody":"","fileTypesAndContributionMap":{"functional-code":{"insertions":2,"deletions":0}}},{"hash":"1b5225d1176597545a0104773447d628d36a72fa","messageTitle":"add FindCommand","messageBody":"","fileTypesAndContributionMap":{"functional-code":{"insertions":49,"deletions":9}}},{"hash":"8ec54c3e0f78e7775b41226b10b8e65e00006024","messageTitle":"tweak helpCommand and add javadoc to FindCommand","messageBody":"","fileTypesAndContributionMap":{"functional-code":{"insertions":4,"deletions":3}}}]}],"allyfern72":[{"date":"2022-03-04","commitResults":[{"hash":"cc6d703230572960731b4a7c87cb29f735e52dea","messageTitle":"Add myself to AboutUs.md","messageBody":"","fileTypesAndContributionMap":{"docs":{"insertions":1,"deletions":1}}}]},{"date":"2022-03-14","commitResults":[{"hash":"80e536abcbb40f4ea3bc9f124f87dc9016d64378","messageTitle":"Implement RecordManager.java","messageBody":"","fileTypesAndContributionMap":{"functional-code":{"insertions":51,"deletions":0}}},{"hash":"e60029de6668a040df3437cc70da140ff9370283","messageTitle":"﻿Add myself to AboutUs.md","messageBody":"","fileTypesAndContributionMap":{"functional-code":{"insertions":45,"deletions":0},"docs":{"insertions":10,"deletions":0}}}]},{"date":"2022-03-15","commitResults":[{"hash":"f6477a2287df9a11e3a38c00a789990f9f56bc93","messageTitle":"Fix Parser","messageBody":"","fileTypesAndContributionMap":{"functional-code":{"insertions":82,"deletions":70}}}]},{"date":"2022-03-17","commitResults":[{"hash":"d29ae48dde76276c90fc932796ae0420f792416e","messageTitle":"Fix Parser","messageBody":"","fileTypesAndContributionMap":{"functional-code":{"insertions":82,"deletions":70}}},{"hash":"1f649a8a8a8fd2850f74e3a5eef7aaae22a95be9","messageTitle":"Tune commands to Spendvelope context","messageBody":"","fileTypesAndContributionMap":{"functional-code":{"insertions":57,"deletions":64},"other":{"insertions":1,"deletions":1}}}]},{"date":"2022-03-18","commitResults":[{"hash":"4c17da05aa26142fbd247fa9acdcfd92a688aa1e","messageTitle":"Fix Parser","messageBody":"","fileTypesAndContributionMap":{"functional-code":{"insertions":27,"deletions":22}}},{"hash":"9b1ab133f20b1934c80f366cfae23ff755dc9a84","messageTitle":"Change setLimits(...) to setLimitManager(...)","messageBody":"","fileTypesAndContributionMap":{"functional-code":{"insertions":1,"deletions":1}}},{"hash":"d19cc8af42f6baf6a84fb81610bdcce67b10259a","messageTitle":"Refactor main Spendvelope.java","messageBody":"","fileTypesAndContributionMap":{"other":{"insertions":3,"deletions":5},"docs":{"insertions":5,"deletions":5}}},{"hash":"b86c4026715fbdec3d277da560b13d1a86eea75d","messageTitle":"Refactor main Spendvelope.java","messageBody":"","fileTypesAndContributionMap":{"functional-code":{"insertions":5,"deletions":9}}}]},{"date":"2022-03-23","commitResults":[{"hash":"b5c472df73e8762ad90f45337f01d01b900a1fb2","messageTitle":"Merge branch \u0027master\u0027 of https://github.com/AY2122S2-CS2113-F12-1/tp","messageBody":"","fileTypesAndContributionMap":{"functional-code":{"insertions":17,"deletions":6}}},{"hash":"4eaf590aaf2453e7b145ec1be35fb70e656e631d","messageTitle":"Refactor TextUi Constants","messageBody":"","fileTypesAndContributionMap":{"functional-code":{"insertions":66,"deletions":38}}},{"hash":"1e17bedc572f7c19bad01c20313d0be7739b90af","messageTitle":"Refactor TextUi Constants","messageBody":"","fileTypesAndContributionMap":{"functional-code":{"insertions":7,"deletions":4}}},{"hash":"ac5db832457137b3b596c1f36ea5a9f4cb2b1dc5","messageTitle":"Refactor TextUi Constants","messageBody":"","fileTypesAndContributionMap":{"functional-code":{"insertions":39,"deletions":17}}},{"hash":"eb97580cb399e1bd64b044d4cf8dd4979b58f95e","messageTitle":"Refactor Parser comments","messageBody":"","fileTypesAndContributionMap":{"functional-code":{"insertions":21,"deletions":14}}}]},{"date":"2022-03-24","commitResults":[{"hash":"6664701df51790b93b35089fad8968fbf86f8d02","messageTitle":"Refactor TextUi comments","messageBody":"","fileTypesAndContributionMap":{"functional-code":{"insertions":22,"deletions":18}}},{"hash":"3a2423463920cc971cc853eb3957e83a78b3bf01","messageTitle":"Change AddCommand `MESSAGE_USAGE`","messageBody":"","fileTypesAndContributionMap":{"functional-code":{"insertions":15,"deletions":19}}},{"hash":"88f5e2c8108c030e4e17dac1bf16248d165f028b","messageTitle":"Refactor project directory","messageBody":"","fileTypesAndContributionMap":{"functional-code":{"insertions":155,"deletions":86},"other":{"insertions":6,"deletions":6}}},{"hash":"92b00fbafdb1bc5a41ba8f9070f1e9a1ada419e9","messageTitle":"Add JavaDoc to records","messageBody":"","fileTypesAndContributionMap":{"functional-code":{"insertions":38,"deletions":23}}},{"hash":"737ce3554209350c1685a4586d8eb6c4e7ba3c9f","messageTitle":"Add JavaDoc to RecordManager","messageBody":"","fileTypesAndContributionMap":{"functional-code":{"insertions":12,"deletions":9}}},{"hash":"e66c26ee5833af4e9602733349790f9053fa1442","messageTitle":"Add JavaDoc to LimitManager","messageBody":"","fileTypesAndContributionMap":{"functional-code":{"insertions":37,"deletions":25}}},{"hash":"2ec215bb03eb78e664cb6f8c27ec0d20675e760f","messageTitle":"Add JavaDoc to Commands","messageBody":"","fileTypesAndContributionMap":{"functional-code":{"insertions":150,"deletions":69}}},{"hash":"fa02cf2df16002bfd01108fb55c22fcbdcd4efc9","messageTitle":"Refactor totalExpense into ExpenseManager","messageBody":"","fileTypesAndContributionMap":{"functional-code":{"insertions":26,"deletions":9}}},{"hash":"0578b49d2f7597a4d4415348cae1064bec792cbc","messageTitle":"Fix coding standards","messageBody":"","fileTypesAndContributionMap":{"functional-code":{"insertions":46,"deletions":43}}},{"hash":"c11234069288fcb9cdf5d930a79b86a72f34eb33","messageTitle":"Modify help message order","messageBody":"","fileTypesAndContributionMap":{"functional-code":{"insertions":2,"deletions":2}}},{"hash":"9d1ae72932ccd08541bcae07805056bdb9f3f683","messageTitle":"Add clickable content page to Developer Guide","messageBody":"","fileTypesAndContributionMap":{"docs":{"insertions":13,"deletions":1}}}]},{"date":"2022-03-25","commitResults":[{"hash":"001851e1149ba0e7108d4682852b223b32a3d837","messageTitle":"Update Developer Guide","messageBody":"","fileTypesAndContributionMap":{"docs":{"insertions":47,"deletions":1}}},{"hash":"610377926547382a7a0031bf8512c57ee2b9a176","messageTitle":"Add getter methods","messageBody":"","fileTypesAndContributionMap":{"functional-code":{"insertions":27,"deletions":2}}},{"hash":"b180f9ec8e65bbf23b19f04d91911e949ab84e6f","messageTitle":"Add AddCommandTest","messageBody":"","fileTypesAndContributionMap":{"test-code":{"insertions":112,"deletions":0}}}]},{"date":"2022-03-27","commitResults":[{"hash":"3efa53af1ee72e2da3dd9fecc1b4498e825071a4","messageTitle":"Add test functions","messageBody":"","fileTypesAndContributionMap":{"functional-code":{"insertions":4,"deletions":1}}}]},{"date":"2022-03-29","commitResults":[{"hash":"2392d573156fa3ffd3ca3a58cacbfd29e21fd75e","messageTitle":"Modify getUserInput sequence diagram","messageBody":"","fileTypesAndContributionMap":{"docs":{"insertions":11,"deletions":9}}},{"hash":"801b7c9e4ffcbe794e91e1772118580b2794cc71","messageTitle":"Modify getUserInput sequence diagram","messageBody":"","fileTypesAndContributionMap":{"docs":{"insertions":7,"deletions":2}}},{"hash":"e3ca3f570ad3d6725034087a11a78e150e1546fa","messageTitle":"Organise Spendvelope sequence diagram","messageBody":"","fileTypesAndContributionMap":{"docs":{"insertions":11,"deletions":1}}},{"hash":"3324ee46e6dc5caaaa0d6fee87a4dde6f36479e1","messageTitle":"Add addCommand sequence diagram","messageBody":"","fileTypesAndContributionMap":{"functional-code":{"insertions":1,"deletions":4},"docs":{"insertions":95,"deletions":11}}}]}],"Wang-Jingwei":[{"date":"2022-03-04","commitResults":[{"hash":"854ea54976d41216a15b39f084abcb02695685e1","messageTitle":"Update AboutUs.md","messageBody":"","fileTypesAndContributionMap":{"docs":{"insertions":1,"deletions":1}}},{"hash":"6548e012c44b444384a89db3e7b6f996cbf8c538","messageTitle":"Revert \"Update AboutUs.md\"","messageBody":"This reverts commit b851754a0637721ec6cc5f9acd320ee732cc741b.\n","fileTypesAndContributionMap":{"docs":{"insertions":1,"deletions":1}}},{"hash":"2a39abc65127b0186a4b8daff7231a49e50d475c","messageTitle":"Update AboutUs.md.","messageBody":"","fileTypesAndContributionMap":{"docs":{"insertions":1,"deletions":1}}}]},{"date":"2022-03-14","commitResults":[{"hash":"3b51a6d40d08916a08bef86a3c7c75cd33b72e03","messageTitle":"Add LimitManager","messageBody":"","fileTypesAndContributionMap":{"functional-code":{"insertions":23,"deletions":0}}}]},{"date":"2022-03-17","commitResults":[{"hash":"94ecb597d2dfe970ca13a2d51d3ee704f9719bae","messageTitle":"Add the limit related commands.","messageBody":"","fileTypesAndContributionMap":{"functional-code":{"insertions":69,"deletions":5}}},{"hash":"25532bd96e7e5810d2919adfa4bffaa9711e27b9","messageTitle":"Add limit warning.","messageBody":"","fileTypesAndContributionMap":{"functional-code":{"insertions":2,"deletions":1}}},{"hash":"92e3afd478519173d1376720eae37578520de3d6","messageTitle":"Add warnings.","messageBody":"","fileTypesAndContributionMap":{"functional-code":{"insertions":1,"deletions":0}}}]},{"date":"2022-03-18","commitResults":[{"hash":"9cd06566ace5c05f0c20f2d957fb39e569f00c7b","messageTitle":"initialize limitMgr","messageBody":"","fileTypesAndContributionMap":{"functional-code":{"insertions":5,"deletions":0}}}]},{"date":"2022-03-28","commitResults":[{"hash":"d4770f97685a7ebc2b629963de8c4c6f99c94f55","messageTitle":"Partial change","messageBody":"","fileTypesAndContributionMap":{"functional-code":{"insertions":2,"deletions":0}}},{"hash":"6a5b30bd30a95bb21e57e7a05bf719b39fee00b7","messageTitle":"Partial change","messageBody":"","fileTypesAndContributionMap":{"functional-code":{"insertions":35,"deletions":11}}},{"hash":"a7d9442f1a8bab5ef35603e1bd3f2954cb0155eb","messageTitle":"Add \"Summary\" feature.","messageBody":"","fileTypesAndContributionMap":{"functional-code":{"insertions":128,"deletions":12}}}]},{"date":"2022-03-30","commitResults":[{"hash":"76636fdc9a4cae1a34f593676e4e761941654847","messageTitle":"Add sequence diagram for LimitCommand and SummaryCommand","messageBody":"","fileTypesAndContributionMap":{"docs":{"insertions":47,"deletions":0}}},{"hash":"627e8cb6465311b6af51ebe0a0c725e82f705044","messageTitle":"Update UG","messageBody":"","fileTypesAndContributionMap":{"docs":{"insertions":43,"deletions":5}}}]}]},"authorFileTypeContributionMap":{"striris":{"docs":30,"functional-code":588,"test-code":5},"cristoforows":{"docs":6,"functional-code":82,"test-code":0},"allyfern72":{"docs":187,"functional-code":661,"test-code":109},"Wang-Jingwei":{"docs":90,"functional-code":210,"test-code":0}},"authorContributionVariance":{"striris":13356.484,"cristoforows":527.38477,"allyfern72":20008.723,"Wang-Jingwei":1152.1345},"authorDisplayNameMap":{"striris":"CS2113-F12-1 LIU ..NRAN","cristoforows":"CS2113-F12-1 WESL..ANTO","allyfern72":"CS2113-F12-1 THAM..EONG","Wang-Jingwei":"CS2113-F12-1 WANG..GWEI"}}
