{"authorDailyContributionsMap":{"ElaineQT":[{"date":"2022-03-04","commitResults":[{"hash":"47c98ab58b3e6b58d095d2dc595a492e6fa4c68c","messageTitle":"Update AboutUs","messageBody":"","fileTypesAndContributionMap":{"docs":{"insertions":1,"deletions":1}}},{"hash":"b2e94a65ac89f7163cec3a02669dd1fead97dc67","messageTitle":"Revert \"Update AboutUs\"","messageBody":"This reverts commit 47c98ab58b3e6b58d095d2dc595a492e6fa4c68c.\n","fileTypesAndContributionMap":{"docs":{"insertions":1,"deletions":1}}},{"hash":"3f3cbf89388ad93a1e1d7a7b3ecc340295ae056c","messageTitle":"Update AboutUs","messageBody":"","fileTypesAndContributionMap":{"docs":{"insertions":1,"deletions":1}}}]},{"date":"2022-03-16","commitResults":[{"hash":"a1232bd316557c7e6ea1ebad0500d04f59a02e61","messageTitle":"Set file structure","messageBody":"","fileTypesAndContributionMap":{"functional-code":{"insertions":12,"deletions":21},"other":{"insertions":3,"deletions":3}}},{"hash":"14870c19279fb016d78cc97e9221a5fd08595a86","messageTitle":"Add Ui class, Messages class","messageBody":"","fileTypesAndContributionMap":{"functional-code":{"insertions":39,"deletions":0}}},{"hash":"8c8f3ccadb505b1cf673c58e1d1ae3ef1454aa7c","messageTitle":"Update main method","messageBody":"","fileTypesAndContributionMap":{"functional-code":{"insertions":16,"deletions":2}}},{"hash":"1e693128d13c72bb0572edda093e0d56c98d6178","messageTitle":"Add data class Route and RouteManager","messageBody":"","fileTypesAndContributionMap":{"functional-code":{"insertions":71,"deletions":0}}},{"hash":"f21365bf6b6bf06e5fb81ad7b1f304f872ad0f8b","messageTitle":"Update Ui class","messageBody":"","fileTypesAndContributionMap":{"functional-code":{"insertions":3,"deletions":3}}},{"hash":"f6c17054d42b62525da9ef5d13da5ef016afe03a","messageTitle":"Add Command, CommandResult, AddRouteCommand classes","messageBody":"","fileTypesAndContributionMap":{"functional-code":{"insertions":63,"deletions":1}}},{"hash":"c879bf14a0e245256be21e0ab3ca7f8f348b61f9","messageTitle":"Add Parser class","messageBody":"","fileTypesAndContributionMap":{"functional-code":{"insertions":67,"deletions":7}}},{"hash":"99a89504759ff50c88faf6f70b3bba397a6d8738","messageTitle":"Add ExitCommand","messageBody":"","fileTypesAndContributionMap":{"functional-code":{"insertions":21,"deletions":0}}},{"hash":"c00649d7c5310e1fa0ba0bcfae4cdac1d128e715","messageTitle":"Add exit command to parser","messageBody":"","fileTypesAndContributionMap":{"functional-code":{"insertions":26,"deletions":5}}},{"hash":"9b62a57853947baef8847bf73a579e440a4490b6","messageTitle":"Add listRoute command","messageBody":"","fileTypesAndContributionMap":{"functional-code":{"insertions":54,"deletions":4}}}]},{"date":"2022-03-17","commitResults":[{"hash":"a95dce3e35deb969c583a9f72d0896d34048a93b","messageTitle":"Add deleteRoute command","messageBody":"","fileTypesAndContributionMap":{"functional-code":{"insertions":35,"deletions":4}}},{"hash":"febaad4d27133d6d363b715c5dd359705156738f","messageTitle":"Add findRoute command","messageBody":"","fileTypesAndContributionMap":{"functional-code":{"insertions":105,"deletions":1}}},{"hash":"cf8e5d2d5c159f92b0de531a7ffc3e074f862f84","messageTitle":"Add undefined command","messageBody":"","fileTypesAndContributionMap":{"functional-code":{"insertions":12,"deletions":0}}},{"hash":"54ac244a7f9f0d587209f6555f88ea693b1623f0","messageTitle":"Add exception handling to addRoute command","messageBody":"","fileTypesAndContributionMap":{"functional-code":{"insertions":88,"deletions":9}}},{"hash":"92ad0e4f5c7d2af4ee2c71593e18f7b2837362ed","messageTitle":"Add exception handling to findRoute command","messageBody":"","fileTypesAndContributionMap":{"functional-code":{"insertions":38,"deletions":10}}},{"hash":"a407e53b3f1a5bdc72679d1c3d66b6805c28d68e","messageTitle":"Add exception handling to deleteRoute command","messageBody":"","fileTypesAndContributionMap":{"functional-code":{"insertions":39,"deletions":8}}},{"hash":"949220197cd6a5c86c349592d87986b2aa3b59ef","messageTitle":"Add route storage","messageBody":"","fileTypesAndContributionMap":{"functional-code":{"insertions":109,"deletions":7}}},{"hash":"6a283def74b269afa2080ce6ba5d336ba0bb0039","messageTitle":"Rename package","messageBody":"","fileTypesAndContributionMap":{"other":{"insertions":37,"deletions":41}}},{"hash":"ac7bb29327bb7ad6d5d92ff927722b34d12b2c99","messageTitle":"Fix code quality","messageBody":"","fileTypesAndContributionMap":{"functional-code":{"insertions":32,"deletions":32},"other":{"insertions":1,"deletions":1}}},{"hash":"05c8bc6c3beee64fc3aed26f85c053cd91887c0d","messageTitle":"Fix code quality","messageBody":"","fileTypesAndContributionMap":{"functional-code":{"insertions":11,"deletions":4}}}]},{"date":"2022-03-23","commitResults":[{"hash":"7b177c07ceb58d8dd6dfee0e9ea93d718f5f80da","messageTitle":"Remove option menu","messageBody":"","fileTypesAndContributionMap":{"functional-code":{"insertions":172,"deletions":78},"other":{"insertions":14,"deletions":4}}},{"hash":"511d16c368bd597c42857d043afce87bade80e04","messageTitle":"Refactor MainUi class","messageBody":"","fileTypesAndContributionMap":{"functional-code":{"insertions":5,"deletions":1}}},{"hash":"d633c7fd9bb13bda19b56d250e32039a0e91ac35","messageTitle":"Add JUnit test for RouteManager class","messageBody":"","fileTypesAndContributionMap":{"test-code":{"insertions":49,"deletions":0}}},{"hash":"5c1e2b6f632dd46428123fb5af565f1003383613","messageTitle":"Fix code quality","messageBody":"","fileTypesAndContributionMap":{"functional-code":{"insertions":3,"deletions":4},"test-code":{"insertions":2,"deletions":13}}},{"hash":"9df2aa2f30e18ba1cdcd318dc97f2f2a34d049f0","messageTitle":"Add assertions","messageBody":"","fileTypesAndContributionMap":{"functional-code":{"insertions":2,"deletions":0},"other":{"insertions":1,"deletions":0}}},{"hash":"4b7967367d581d8178c15e04febec46095a3dbe8","messageTitle":"Fix code quality","messageBody":"","fileTypesAndContributionMap":{"functional-code":{"insertions":2,"deletions":2}}}]},{"date":"2022-03-24","commitResults":[{"hash":"8dac633b775da6d7332650ad96c038e48111712d","messageTitle":"Refactor route data","messageBody":"","fileTypesAndContributionMap":{"functional-code":{"insertions":7,"deletions":8},"other":{"insertions":3,"deletions":2},"test-code":{"insertions":2,"deletions":0}}}]},{"date":"2022-03-26","commitResults":[{"hash":"2d29cfa219b8dc3e677fa98e8256e0d90f8a080c","messageTitle":"Add flight booking data class","messageBody":"","fileTypesAndContributionMap":{"functional-code":{"insertions":67,"deletions":9},"other":{"insertions":2,"deletions":3},"test-code":{"insertions":2,"deletions":2}}},{"hash":"05105d30effeafc50e35809f927db9c67005b1e3","messageTitle":"Add customer data classes","messageBody":"","fileTypesAndContributionMap":{"functional-code":{"insertions":50,"deletions":0}}},{"hash":"5485d8ed441b124d0b2ce197fcfae828d26b4cb6","messageTitle":"Add addCustomer command","messageBody":"","fileTypesAndContributionMap":{"functional-code":{"insertions":211,"deletions":17},"test-code":{"insertions":106,"deletions":0}}},{"hash":"15115539fd24906ea604087e9c082c7ab7f338d2","messageTitle":"Add listCustomer command","messageBody":"","fileTypesAndContributionMap":{"functional-code":{"insertions":34,"deletions":8},"other":{"insertions":2,"deletions":2},"test-code":{"insertions":24,"deletions":22}}}]},{"date":"2022-03-27","commitResults":[{"hash":"b4d68a31dc82d30a93bc13a923b670b190082eea","messageTitle":"Add deleteCustomer command","messageBody":"","fileTypesAndContributionMap":{"functional-code":{"insertions":62,"deletions":0}}}]},{"date":"2022-03-28","commitResults":[{"hash":"38e39c2094d44f0221d0fe218f378dce671d4afa","messageTitle":"Add findCustomer command","messageBody":"","fileTypesAndContributionMap":{"functional-code":{"insertions":58,"deletions":0},"other":{"insertions":2,"deletions":2}}},{"hash":"f3172b7b7a2b59c77d9c91715d5bff2067f5de55","messageTitle":"Add tests for findCustomer","messageBody":"","fileTypesAndContributionMap":{"test-code":{"insertions":42,"deletions":0}}},{"hash":"0a5937ac0ec1a239cd19496257cc3e5f3c484573","messageTitle":"Add file storage for customer","messageBody":"","fileTypesAndContributionMap":{"functional-code":{"insertions":75,"deletions":1}}}]}],"suenalaba":[{"date":"2022-03-04","commitResults":[{"hash":"c951adcffd2cbd5cf4f72ad1e408ab2e75075c11","messageTitle":"Update AboutUs.md","messageBody":"","fileTypesAndContributionMap":{"docs":{"insertions":1,"deletions":1}}}]},{"date":"2022-03-17","commitResults":[{"hash":"686de52e44bb94ab9dc368b52bdfebf3fbd6ab24","messageTitle":"Add Food Menu Functions","messageBody":"","fileTypesAndContributionMap":{"functional-code":{"insertions":1006,"deletions":12}}},{"hash":"ced4715e57c99a18742cfcddfa2ab314af7d2e43","messageTitle":"Update Parser.java","messageBody":"","fileTypesAndContributionMap":{"functional-code":{"insertions":2,"deletions":2}}},{"hash":"9576b970a5307fde8cfdb34af74785c7c017a408","messageTitle":"Update styles and formatting","messageBody":"","fileTypesAndContributionMap":{"functional-code":{"insertions":55,"deletions":108},"test-code":{"insertions":7,"deletions":0}}},{"hash":"9964978ae88f3419cfeb105d4ba9611e9fa83474","messageTitle":"Remove test","messageBody":"","fileTypesAndContributionMap":{"test-code":{"insertions":0,"deletions":7}}}]},{"date":"2022-03-25","commitResults":[{"hash":"73a1170889d311ce6b5cf94750e5cb77ffc73370","messageTitle":"Update DeveloperGuide","messageBody":"","fileTypesAndContributionMap":{"docs":{"insertions":21,"deletions":8}}}]},{"date":"2022-03-26","commitResults":[{"hash":"80f424be82d80f78ffb36b4494488a5e9ee142c9","messageTitle":"Add ValidMenuItemTypeChecker","messageBody":"","fileTypesAndContributionMap":{"functional-code":{"insertions":16,"deletions":0}}},{"hash":"5df3fbfffefc5f2d9ef9fc7375a492fe5ab03cc6","messageTitle":"Add ValidMenuItemPriceChecker","messageBody":"","fileTypesAndContributionMap":{"functional-code":{"insertions":26,"deletions":0}}},{"hash":"d70782ab1d1187e2230e2a49bc5a9437b3a822ac","messageTitle":"Add RawInputChecker","messageBody":"","fileTypesAndContributionMap":{"functional-code":{"insertions":7,"deletions":0}}},{"hash":"340fde51ae0c8e24484854e3d4a52b898bf47123","messageTitle":"Add MenuItemType","messageBody":"","fileTypesAndContributionMap":{"functional-code":{"insertions":9,"deletions":0}}},{"hash":"7d96a344e52f1020fed05b97f6cacc07a88bdd95","messageTitle":"Add MenuItemManager.java","messageBody":"","fileTypesAndContributionMap":{"functional-code":{"insertions":60,"deletions":0}}},{"hash":"30bcecb8aa89166a6ae87546a7b20593e9a09b69","messageTitle":"Add FindMenuItemTypeCommand.java","messageBody":"","fileTypesAndContributionMap":{"functional-code":{"insertions":71,"deletions":0}}},{"hash":"1350e1e60d58420f869d5991df24db8c0e356c05","messageTitle":"Add MenuItem.java","messageBody":"","fileTypesAndContributionMap":{"functional-code":{"insertions":46,"deletions":0}}},{"hash":"10304d5e566104717bf9b7ae8fe1546704b6bb14","messageTitle":"Add ListMenuItemsCommand.java","messageBody":"","fileTypesAndContributionMap":{"functional-code":{"insertions":22,"deletions":0}}},{"hash":"2edf99728f2a3b309f7675a7dd96febb26c0f5ed","messageTitle":"Add FindMenuItemNameCommand.java","messageBody":"","fileTypesAndContributionMap":{"functional-code":{"insertions":53,"deletions":0}}},{"hash":"81f9fa5d08be989b30cae1aed9c3ce97719d8d3c","messageTitle":"Add DeleteMenuItemCommand.java","messageBody":"","fileTypesAndContributionMap":{"functional-code":{"insertions":29,"deletions":0}}},{"hash":"8ab9d05cee7d1eb1e35130f2941b3d4f23c48d7f","messageTitle":"Add AddMenuItemCommand.java","messageBody":"","fileTypesAndContributionMap":{"functional-code":{"insertions":91,"deletions":0}}},{"hash":"20ea4a9527d28ad00ab54cb88e7b1238a4b8fde1","messageTitle":"Update Main.java","messageBody":"","fileTypesAndContributionMap":{"functional-code":{"insertions":8,"deletions":1}}},{"hash":"89bf454dc2e801176e62de91e08c1904ca119e7f","messageTitle":"Update Command.java","messageBody":"","fileTypesAndContributionMap":{"functional-code":{"insertions":4,"deletions":1}}},{"hash":"76ecb3242493f9641a570616d4229cf8979ec70f","messageTitle":"Update CommandResult.java to include abstraction","messageBody":"","fileTypesAndContributionMap":{"functional-code":{"insertions":5,"deletions":5}}},{"hash":"e715fe338cd4fda159db47961afa9a96c6d03297","messageTitle":"Update ExitCommand.java to follow sequence diagram","messageBody":"","fileTypesAndContributionMap":{"functional-code":{"insertions":1,"deletions":1}}},{"hash":"43f435cfa9b7899fbcbf81583843a61d47321290","messageTitle":"Update AddRouteCommand.java to remove unnecessary import.","messageBody":"","fileTypesAndContributionMap":{"functional-code":{"insertions":0,"deletions":1}}},{"hash":"15b2e761b33765617e344ad86d0408414a1ffc3c","messageTitle":"Update Messages.java to include new message","messageBody":"","fileTypesAndContributionMap":{"functional-code":{"insertions":1,"deletions":0}}},{"hash":"39bcc4be195b840da9a2ddb0dcb0ea1a8eecacdb","messageTitle":"Update MainUi.java to include abstraction","messageBody":"","fileTypesAndContributionMap":{"functional-code":{"insertions":13,"deletions":8}}},{"hash":"1bb166d798e94eddf8425363438bad1d3173edc9","messageTitle":"Update Parser.java to include new commands to parse","messageBody":"","fileTypesAndContributionMap":{"functional-code":{"insertions":73,"deletions":0}}},{"hash":"6accaa59f1c2d7553b95c670423f57790db01d49","messageTitle":"Update AddMenuItemCommand.java to correct checkstyles","messageBody":"","fileTypesAndContributionMap":{"functional-code":{"insertions":17,"deletions":21}}},{"hash":"981303ddad2c6caee677433896a53e356b07e06a","messageTitle":"Update FindMenuItemTypeCommand.java to follow checkstyle guide","messageBody":"","fileTypesAndContributionMap":{"functional-code":{"insertions":1,"deletions":1}}},{"hash":"2c08e20865125bd7d0f419da36661f25e8e68c2c","messageTitle":"Update MenuItemManager.java to follow checkstyle guide","messageBody":"","fileTypesAndContributionMap":{"functional-code":{"insertions":1,"deletions":1}}},{"hash":"fc4bba657126a934c1015a756370f709ff114184","messageTitle":"Update ValidMenuItemPriceChecker.java to follow checkstyle guide","messageBody":"","fileTypesAndContributionMap":{"functional-code":{"insertions":1,"deletions":2}}},{"hash":"76b5434d9d2a6fb05b72ea10240c65f9748864ca","messageTitle":"Update Parser.java to follow checkstyle guide","messageBody":"","fileTypesAndContributionMap":{"functional-code":{"insertions":5,"deletions":1}}},{"hash":"0e370cf8a603953e9c83b2eadf90f54d62f8f489","messageTitle":"Update AddMenuItemCommand.java to follow checkstyles","messageBody":"","fileTypesAndContributionMap":{"functional-code":{"insertions":1,"deletions":2}}},{"hash":"e36ea690bbbc84f3eec0516e0088768217040593","messageTitle":"Update ValidMenuItemPriceChecker.java to follow checkstyles","messageBody":"","fileTypesAndContributionMap":{"functional-code":{"insertions":1,"deletions":1}}},{"hash":"63d1d5a01d065ee17e6e3fb2cb4a7ccfc993f035","messageTitle":"Update Main.java","messageBody":"","fileTypesAndContributionMap":{"functional-code":{"insertions":0,"deletions":3}}},{"hash":"67478c8cf6241324486cd1e5783c9a7b6fbb4b73","messageTitle":"Update AddMenuItemCommand.java to remove debug print statements","messageBody":"","fileTypesAndContributionMap":{"functional-code":{"insertions":0,"deletions":3}}},{"hash":"40ebbe913d3df6a42c5d3b3d209ff4d919cab0e4","messageTitle":"Update Parser.java to remove debug print statements","messageBody":"","fileTypesAndContributionMap":{"functional-code":{"insertions":0,"deletions":2}}},{"hash":"af8c93a32a3be87996f2563b473cd4e84f03c38d","messageTitle":"Update Main.java to account for dislaying get next command","messageBody":"","fileTypesAndContributionMap":{"functional-code":{"insertions":1,"deletions":1}}},{"hash":"26a20490fbef42cec7b97d684cd9981e181d66dc","messageTitle":"Update MainUi.java to remove get user next command display from display welcome message function","messageBody":"","fileTypesAndContributionMap":{"functional-code":{"insertions":0,"deletions":1}}},{"hash":"9a1df464048a1a9c3a7d641f3fcdc7f2224c87fd","messageTitle":"Update UserGuide.md to include Menu Item functionalities","messageBody":"","fileTypesAndContributionMap":{"docs":{"insertions":106,"deletions":17}}}]}],"LI-XINYI1":[{"date":"2022-03-04","commitResults":[{"hash":"201cfc5d307be797c4d20506233113842e90c0d6","messageTitle":"Update  aboutus","messageBody":"","fileTypesAndContributionMap":{"docs":{"insertions":1,"deletions":1}}},{"hash":"99c7b44a1bbab8b6a7ffd0c10e6a1c47fac0b230","messageTitle":"update aboutus 2","messageBody":"","fileTypesAndContributionMap":{"docs":{"insertions":1,"deletions":1}}}]}],"johnsuharjono":[{"date":"2022-03-04","commitResults":[{"hash":"26bd45cc39210d27479e02bc02f74418ae20d02c","messageTitle":"Update AboutUs","messageBody":"","fileTypesAndContributionMap":{"docs":{"insertions":7,"deletions":7}}}]}]},"authorFileTypeContributionMap":{"ElaineQT":{"docs":1,"functional-code":1318,"test-code":202,"other":2},"suenalaba":{"docs":128,"functional-code":555,"test-code":0},"LI-XINYI1":{"docs":2,"functional-code":0,"test-code":0},"johnsuharjono":{"docs":1,"functional-code":0,"test-code":0}},"authorContributionVariance":{"ElaineQT":23454.473,"suenalaba":48443.53,"LI-XINYI1":0.3997368,"johnsuharjono":4.896777},"authorDisplayNameMap":{"ElaineQT":"CS2113-F12-3 WANG..TENG","suenalaba":"CS2113-F12-3 KHOO..SHUA","LI-XINYI1":"CS2113-F12-3 LI X..INYI","johnsuharjono":"CS2113-F12-3 JOHN..JONO"}}
