{"authorDailyContributionsMap":{"ElaineQT":[{"date":"2022-03-04","commitResults":[{"hash":"47c98ab58b3e6b58d095d2dc595a492e6fa4c68c","messageTitle":"Update AboutUs","messageBody":"","fileTypesAndContributionMap":{"docs":{"insertions":1,"deletions":1}}},{"hash":"b2e94a65ac89f7163cec3a02669dd1fead97dc67","messageTitle":"Revert \"Update AboutUs\"","messageBody":"This reverts commit 47c98ab58b3e6b58d095d2dc595a492e6fa4c68c.\n","fileTypesAndContributionMap":{"docs":{"insertions":1,"deletions":1}}},{"hash":"3f3cbf89388ad93a1e1d7a7b3ecc340295ae056c","messageTitle":"Update AboutUs","messageBody":"","fileTypesAndContributionMap":{"docs":{"insertions":1,"deletions":1}}}]},{"date":"2022-03-16","commitResults":[{"hash":"a1232bd316557c7e6ea1ebad0500d04f59a02e61","messageTitle":"Set file structure","messageBody":"","fileTypesAndContributionMap":{"functional-code":{"insertions":12,"deletions":21},"other":{"insertions":3,"deletions":3}}},{"hash":"14870c19279fb016d78cc97e9221a5fd08595a86","messageTitle":"Add Ui class, Messages class","messageBody":"","fileTypesAndContributionMap":{"functional-code":{"insertions":39,"deletions":0}}},{"hash":"8c8f3ccadb505b1cf673c58e1d1ae3ef1454aa7c","messageTitle":"Update main method","messageBody":"","fileTypesAndContributionMap":{"functional-code":{"insertions":16,"deletions":2}}},{"hash":"1e693128d13c72bb0572edda093e0d56c98d6178","messageTitle":"Add data class Route and RouteManager","messageBody":"","fileTypesAndContributionMap":{"functional-code":{"insertions":71,"deletions":0}}},{"hash":"f21365bf6b6bf06e5fb81ad7b1f304f872ad0f8b","messageTitle":"Update Ui class","messageBody":"","fileTypesAndContributionMap":{"functional-code":{"insertions":3,"deletions":3}}},{"hash":"f6c17054d42b62525da9ef5d13da5ef016afe03a","messageTitle":"Add Command, CommandResult, AddRouteCommand classes","messageBody":"","fileTypesAndContributionMap":{"functional-code":{"insertions":63,"deletions":1}}},{"hash":"c879bf14a0e245256be21e0ab3ca7f8f348b61f9","messageTitle":"Add Parser class","messageBody":"","fileTypesAndContributionMap":{"functional-code":{"insertions":67,"deletions":7}}},{"hash":"99a89504759ff50c88faf6f70b3bba397a6d8738","messageTitle":"Add ExitCommand","messageBody":"","fileTypesAndContributionMap":{"functional-code":{"insertions":21,"deletions":0}}},{"hash":"c00649d7c5310e1fa0ba0bcfae4cdac1d128e715","messageTitle":"Add exit command to parser","messageBody":"","fileTypesAndContributionMap":{"functional-code":{"insertions":26,"deletions":5}}},{"hash":"9b62a57853947baef8847bf73a579e440a4490b6","messageTitle":"Add listRoute command","messageBody":"","fileTypesAndContributionMap":{"functional-code":{"insertions":54,"deletions":4}}}]},{"date":"2022-03-17","commitResults":[{"hash":"a95dce3e35deb969c583a9f72d0896d34048a93b","messageTitle":"Add deleteRoute command","messageBody":"","fileTypesAndContributionMap":{"functional-code":{"insertions":35,"deletions":4}}},{"hash":"febaad4d27133d6d363b715c5dd359705156738f","messageTitle":"Add findRoute command","messageBody":"","fileTypesAndContributionMap":{"functional-code":{"insertions":105,"deletions":1}}},{"hash":"cf8e5d2d5c159f92b0de531a7ffc3e074f862f84","messageTitle":"Add undefined command","messageBody":"","fileTypesAndContributionMap":{"functional-code":{"insertions":12,"deletions":0}}},{"hash":"54ac244a7f9f0d587209f6555f88ea693b1623f0","messageTitle":"Add exception handling to addRoute command","messageBody":"","fileTypesAndContributionMap":{"functional-code":{"insertions":88,"deletions":9}}},{"hash":"92ad0e4f5c7d2af4ee2c71593e18f7b2837362ed","messageTitle":"Add exception handling to findRoute command","messageBody":"","fileTypesAndContributionMap":{"functional-code":{"insertions":38,"deletions":10}}},{"hash":"a407e53b3f1a5bdc72679d1c3d66b6805c28d68e","messageTitle":"Add exception handling to deleteRoute command","messageBody":"","fileTypesAndContributionMap":{"functional-code":{"insertions":39,"deletions":8}}},{"hash":"949220197cd6a5c86c349592d87986b2aa3b59ef","messageTitle":"Add route storage","messageBody":"","fileTypesAndContributionMap":{"functional-code":{"insertions":109,"deletions":7}}},{"hash":"6a283def74b269afa2080ce6ba5d336ba0bb0039","messageTitle":"Rename package","messageBody":"","fileTypesAndContributionMap":{"other":{"insertions":37,"deletions":41}}},{"hash":"ac7bb29327bb7ad6d5d92ff927722b34d12b2c99","messageTitle":"Fix code quality","messageBody":"","fileTypesAndContributionMap":{"functional-code":{"insertions":32,"deletions":32},"other":{"insertions":1,"deletions":1}}},{"hash":"05c8bc6c3beee64fc3aed26f85c053cd91887c0d","messageTitle":"Fix code quality","messageBody":"","fileTypesAndContributionMap":{"functional-code":{"insertions":11,"deletions":4}}}]},{"date":"2022-03-23","commitResults":[{"hash":"7b177c07ceb58d8dd6dfee0e9ea93d718f5f80da","messageTitle":"Remove option menu","messageBody":"","fileTypesAndContributionMap":{"functional-code":{"insertions":172,"deletions":78},"other":{"insertions":14,"deletions":4}}},{"hash":"511d16c368bd597c42857d043afce87bade80e04","messageTitle":"Refactor MainUi class","messageBody":"","fileTypesAndContributionMap":{"functional-code":{"insertions":5,"deletions":1}}},{"hash":"d633c7fd9bb13bda19b56d250e32039a0e91ac35","messageTitle":"Add JUnit test for RouteManager class","messageBody":"","fileTypesAndContributionMap":{"test-code":{"insertions":49,"deletions":0}}},{"hash":"5c1e2b6f632dd46428123fb5af565f1003383613","messageTitle":"Fix code quality","messageBody":"","fileTypesAndContributionMap":{"functional-code":{"insertions":3,"deletions":4},"test-code":{"insertions":2,"deletions":13}}},{"hash":"9df2aa2f30e18ba1cdcd318dc97f2f2a34d049f0","messageTitle":"Add assertions","messageBody":"","fileTypesAndContributionMap":{"functional-code":{"insertions":2,"deletions":0},"other":{"insertions":1,"deletions":0}}},{"hash":"4b7967367d581d8178c15e04febec46095a3dbe8","messageTitle":"Fix code quality","messageBody":"","fileTypesAndContributionMap":{"functional-code":{"insertions":2,"deletions":2}}}]},{"date":"2022-03-24","commitResults":[{"hash":"8dac633b775da6d7332650ad96c038e48111712d","messageTitle":"Refactor route data","messageBody":"","fileTypesAndContributionMap":{"functional-code":{"insertions":7,"deletions":8},"other":{"insertions":3,"deletions":2},"test-code":{"insertions":2,"deletions":0}}}]},{"date":"2022-03-26","commitResults":[{"hash":"2d29cfa219b8dc3e677fa98e8256e0d90f8a080c","messageTitle":"Add flight booking data class","messageBody":"","fileTypesAndContributionMap":{"functional-code":{"insertions":67,"deletions":9},"other":{"insertions":2,"deletions":3},"test-code":{"insertions":2,"deletions":2}}},{"hash":"05105d30effeafc50e35809f927db9c67005b1e3","messageTitle":"Add customer data classes","messageBody":"","fileTypesAndContributionMap":{"functional-code":{"insertions":50,"deletions":0}}},{"hash":"5485d8ed441b124d0b2ce197fcfae828d26b4cb6","messageTitle":"Add addCustomer command","messageBody":"","fileTypesAndContributionMap":{"functional-code":{"insertions":211,"deletions":17},"test-code":{"insertions":106,"deletions":0}}},{"hash":"15115539fd24906ea604087e9c082c7ab7f338d2","messageTitle":"Add listCustomer command","messageBody":"","fileTypesAndContributionMap":{"functional-code":{"insertions":34,"deletions":8},"other":{"insertions":2,"deletions":2},"test-code":{"insertions":24,"deletions":22}}}]},{"date":"2022-03-27","commitResults":[{"hash":"b4d68a31dc82d30a93bc13a923b670b190082eea","messageTitle":"Add deleteCustomer command","messageBody":"","fileTypesAndContributionMap":{"functional-code":{"insertions":62,"deletions":0}}}]},{"date":"2022-03-28","commitResults":[{"hash":"38e39c2094d44f0221d0fe218f378dce671d4afa","messageTitle":"Add findCustomer command","messageBody":"","fileTypesAndContributionMap":{"functional-code":{"insertions":58,"deletions":0},"other":{"insertions":2,"deletions":2}}},{"hash":"f3172b7b7a2b59c77d9c91715d5bff2067f5de55","messageTitle":"Add tests for findCustomer","messageBody":"","fileTypesAndContributionMap":{"test-code":{"insertions":42,"deletions":0}}},{"hash":"0a5937ac0ec1a239cd19496257cc3e5f3c484573","messageTitle":"Add file storage for customer","messageBody":"","fileTypesAndContributionMap":{"functional-code":{"insertions":75,"deletions":1}}},{"hash":"f3f6b58a78f72c9fb2ae101a9fb80b99a326ef05","messageTitle":"Update flightBookingManager","messageBody":"","fileTypesAndContributionMap":{"functional-code":{"insertions":55,"deletions":17},"test-code":{"insertions":56,"deletions":0}}},{"hash":"3924ec8220ebee2e4f786262c65446e092b74de3","messageTitle":"Add book command","messageBody":"","fileTypesAndContributionMap":{"functional-code":{"insertions":121,"deletions":0}}},{"hash":"7276286a925952a6aca17471cb0bc66ce1e6613f","messageTitle":"Add listBooking command","messageBody":"","fileTypesAndContributionMap":{"functional-code":{"insertions":35,"deletions":0}}},{"hash":"b196289b3219bbe73f68509c7c875d1419c067fd","messageTitle":"Add deleteBooking command","messageBody":"","fileTypesAndContributionMap":{"functional-code":{"insertions":59,"deletions":0}}}]},{"date":"2022-03-29","commitResults":[{"hash":"c4eb66b64ab5f47da94f969262d945b588422a52","messageTitle":"Add flightBooking storage","messageBody":"","fileTypesAndContributionMap":{"functional-code":{"insertions":118,"deletions":13}}}]},{"date":"2022-03-31","commitResults":[{"hash":"08d838be332d37a9fffe56f1516feccfa988e66f","messageTitle":"Update User Guide","messageBody":"","fileTypesAndContributionMap":{"docs":{"insertions":176,"deletions":19}}},{"hash":"c664331eb234cd26c16e9cc441235f69f71daa82","messageTitle":"Update README","messageBody":"","fileTypesAndContributionMap":{"docs":{"insertions":6,"deletions":12}}},{"hash":"5188d9b27770558cc459bbe1fcd4b8aeb781b034","messageTitle":"Update Developer Guide","messageBody":"","fileTypesAndContributionMap":{"docs":{"insertions":34,"deletions":3}}}]},{"date":"2022-04-01","commitResults":[{"hash":"e90f63253d3f802f3ccf47ba80f7e0c753e53ae0","messageTitle":"Fix image link","messageBody":"","fileTypesAndContributionMap":{"docs":{"insertions":1,"deletions":1}}}]},{"date":"2022-04-06","commitResults":[{"hash":"b12f43e608ea675de1eae9b3dfa4b07a8f76d0de","messageTitle":"Update user guide","messageBody":"","fileTypesAndContributionMap":{"docs":{"insertions":1,"deletions":0}}},{"hash":"043e14d75e9baeeee1076c19680b8b6e37ed205d","messageTitle":"Add freeing seat after booking","messageBody":"","fileTypesAndContributionMap":{"functional-code":{"insertions":7,"deletions":0}}},{"hash":"7362d2f1daa3a8ae093154671e9de02b5e081b9a","messageTitle":"Fix negative route capacity","messageBody":"","fileTypesAndContributionMap":{"functional-code":{"insertions":21,"deletions":7},"docs":{"insertions":1,"deletions":0}}},{"hash":"360f82bade60cfe35e3030873bee035409ff934a","messageTitle":"Update user guide","messageBody":"","fileTypesAndContributionMap":{"docs":{"insertions":5,"deletions":0}}},{"hash":"eb4ad3258266a44cd8f6318b0c8ca882e2747b91","messageTitle":"Update user guide","messageBody":"","fileTypesAndContributionMap":{"docs":{"insertions":3,"deletions":3}}},{"hash":"b70692e550887556155096701f3176bd3755ecfa","messageTitle":"Fix code quality","messageBody":"","fileTypesAndContributionMap":{"functional-code":{"insertions":9,"deletions":5}}},{"hash":"fe625dc90de6deabdcaacceccb1cf6579fae7349","messageTitle":"Fix code quality","messageBody":"","fileTypesAndContributionMap":{"functional-code":{"insertions":4,"deletions":2}}},{"hash":"0cee9961f557ae8ac3ccb80d09a4d39e4d546ecf","messageTitle":"Fix code quality","messageBody":"","fileTypesAndContributionMap":{"functional-code":{"insertions":5,"deletions":2}}},{"hash":"9bee0cd26031045d3c0fdf1343b383cb70c04fd4","messageTitle":"Add JavaDoc","messageBody":"","fileTypesAndContributionMap":{"functional-code":{"insertions":261,"deletions":6}}}]}],"suenalaba":[{"date":"2022-03-04","commitResults":[{"hash":"c951adcffd2cbd5cf4f72ad1e408ab2e75075c11","messageTitle":"Update AboutUs.md","messageBody":"","fileTypesAndContributionMap":{"docs":{"insertions":1,"deletions":1}}}]},{"date":"2022-03-17","commitResults":[{"hash":"686de52e44bb94ab9dc368b52bdfebf3fbd6ab24","messageTitle":"Add Food Menu Functions","messageBody":"","fileTypesAndContributionMap":{"functional-code":{"insertions":1006,"deletions":12}}},{"hash":"ced4715e57c99a18742cfcddfa2ab314af7d2e43","messageTitle":"Update Parser.java","messageBody":"","fileTypesAndContributionMap":{"functional-code":{"insertions":2,"deletions":2}}},{"hash":"9576b970a5307fde8cfdb34af74785c7c017a408","messageTitle":"Update styles and formatting","messageBody":"","fileTypesAndContributionMap":{"functional-code":{"insertions":55,"deletions":108},"test-code":{"insertions":7,"deletions":0}}},{"hash":"9964978ae88f3419cfeb105d4ba9611e9fa83474","messageTitle":"Remove test","messageBody":"","fileTypesAndContributionMap":{"test-code":{"insertions":0,"deletions":7}}}]},{"date":"2022-03-25","commitResults":[{"hash":"73a1170889d311ce6b5cf94750e5cb77ffc73370","messageTitle":"Update DeveloperGuide","messageBody":"","fileTypesAndContributionMap":{"docs":{"insertions":21,"deletions":8}}}]},{"date":"2022-03-26","commitResults":[{"hash":"80f424be82d80f78ffb36b4494488a5e9ee142c9","messageTitle":"Add ValidMenuItemTypeChecker","messageBody":"","fileTypesAndContributionMap":{"functional-code":{"insertions":16,"deletions":0}}},{"hash":"5df3fbfffefc5f2d9ef9fc7375a492fe5ab03cc6","messageTitle":"Add ValidMenuItemPriceChecker","messageBody":"","fileTypesAndContributionMap":{"functional-code":{"insertions":26,"deletions":0}}},{"hash":"d70782ab1d1187e2230e2a49bc5a9437b3a822ac","messageTitle":"Add RawInputChecker","messageBody":"","fileTypesAndContributionMap":{"functional-code":{"insertions":7,"deletions":0}}},{"hash":"340fde51ae0c8e24484854e3d4a52b898bf47123","messageTitle":"Add MenuItemType","messageBody":"","fileTypesAndContributionMap":{"functional-code":{"insertions":9,"deletions":0}}},{"hash":"7d96a344e52f1020fed05b97f6cacc07a88bdd95","messageTitle":"Add MenuItemManager.java","messageBody":"","fileTypesAndContributionMap":{"functional-code":{"insertions":60,"deletions":0}}},{"hash":"30bcecb8aa89166a6ae87546a7b20593e9a09b69","messageTitle":"Add FindMenuItemTypeCommand.java","messageBody":"","fileTypesAndContributionMap":{"functional-code":{"insertions":71,"deletions":0}}},{"hash":"1350e1e60d58420f869d5991df24db8c0e356c05","messageTitle":"Add MenuItem.java","messageBody":"","fileTypesAndContributionMap":{"functional-code":{"insertions":46,"deletions":0}}},{"hash":"10304d5e566104717bf9b7ae8fe1546704b6bb14","messageTitle":"Add ListMenuItemsCommand.java","messageBody":"","fileTypesAndContributionMap":{"functional-code":{"insertions":22,"deletions":0}}},{"hash":"2edf99728f2a3b309f7675a7dd96febb26c0f5ed","messageTitle":"Add FindMenuItemNameCommand.java","messageBody":"","fileTypesAndContributionMap":{"functional-code":{"insertions":53,"deletions":0}}},{"hash":"81f9fa5d08be989b30cae1aed9c3ce97719d8d3c","messageTitle":"Add DeleteMenuItemCommand.java","messageBody":"","fileTypesAndContributionMap":{"functional-code":{"insertions":29,"deletions":0}}},{"hash":"8ab9d05cee7d1eb1e35130f2941b3d4f23c48d7f","messageTitle":"Add AddMenuItemCommand.java","messageBody":"","fileTypesAndContributionMap":{"functional-code":{"insertions":91,"deletions":0}}},{"hash":"20ea4a9527d28ad00ab54cb88e7b1238a4b8fde1","messageTitle":"Update Main.java","messageBody":"","fileTypesAndContributionMap":{"functional-code":{"insertions":8,"deletions":1}}},{"hash":"89bf454dc2e801176e62de91e08c1904ca119e7f","messageTitle":"Update Command.java","messageBody":"","fileTypesAndContributionMap":{"functional-code":{"insertions":4,"deletions":1}}},{"hash":"76ecb3242493f9641a570616d4229cf8979ec70f","messageTitle":"Update CommandResult.java to include abstraction","messageBody":"","fileTypesAndContributionMap":{"functional-code":{"insertions":5,"deletions":5}}},{"hash":"e715fe338cd4fda159db47961afa9a96c6d03297","messageTitle":"Update ExitCommand.java to follow sequence diagram","messageBody":"","fileTypesAndContributionMap":{"functional-code":{"insertions":1,"deletions":1}}},{"hash":"43f435cfa9b7899fbcbf81583843a61d47321290","messageTitle":"Update AddRouteCommand.java to remove unnecessary import.","messageBody":"","fileTypesAndContributionMap":{"functional-code":{"insertions":0,"deletions":1}}},{"hash":"15b2e761b33765617e344ad86d0408414a1ffc3c","messageTitle":"Update Messages.java to include new message","messageBody":"","fileTypesAndContributionMap":{"functional-code":{"insertions":1,"deletions":0}}},{"hash":"39bcc4be195b840da9a2ddb0dcb0ea1a8eecacdb","messageTitle":"Update MainUi.java to include abstraction","messageBody":"","fileTypesAndContributionMap":{"functional-code":{"insertions":13,"deletions":8}}},{"hash":"1bb166d798e94eddf8425363438bad1d3173edc9","messageTitle":"Update Parser.java to include new commands to parse","messageBody":"","fileTypesAndContributionMap":{"functional-code":{"insertions":73,"deletions":0}}},{"hash":"6accaa59f1c2d7553b95c670423f57790db01d49","messageTitle":"Update AddMenuItemCommand.java to correct checkstyles","messageBody":"","fileTypesAndContributionMap":{"functional-code":{"insertions":17,"deletions":21}}},{"hash":"981303ddad2c6caee677433896a53e356b07e06a","messageTitle":"Update FindMenuItemTypeCommand.java to follow checkstyle guide","messageBody":"","fileTypesAndContributionMap":{"functional-code":{"insertions":1,"deletions":1}}},{"hash":"2c08e20865125bd7d0f419da36661f25e8e68c2c","messageTitle":"Update MenuItemManager.java to follow checkstyle guide","messageBody":"","fileTypesAndContributionMap":{"functional-code":{"insertions":1,"deletions":1}}},{"hash":"fc4bba657126a934c1015a756370f709ff114184","messageTitle":"Update ValidMenuItemPriceChecker.java to follow checkstyle guide","messageBody":"","fileTypesAndContributionMap":{"functional-code":{"insertions":1,"deletions":2}}},{"hash":"76b5434d9d2a6fb05b72ea10240c65f9748864ca","messageTitle":"Update Parser.java to follow checkstyle guide","messageBody":"","fileTypesAndContributionMap":{"functional-code":{"insertions":5,"deletions":1}}},{"hash":"0e370cf8a603953e9c83b2eadf90f54d62f8f489","messageTitle":"Update AddMenuItemCommand.java to follow checkstyles","messageBody":"","fileTypesAndContributionMap":{"functional-code":{"insertions":1,"deletions":2}}},{"hash":"e36ea690bbbc84f3eec0516e0088768217040593","messageTitle":"Update ValidMenuItemPriceChecker.java to follow checkstyles","messageBody":"","fileTypesAndContributionMap":{"functional-code":{"insertions":1,"deletions":1}}},{"hash":"63d1d5a01d065ee17e6e3fb2cb4a7ccfc993f035","messageTitle":"Update Main.java","messageBody":"","fileTypesAndContributionMap":{"functional-code":{"insertions":0,"deletions":3}}},{"hash":"67478c8cf6241324486cd1e5783c9a7b6fbb4b73","messageTitle":"Update AddMenuItemCommand.java to remove debug print statements","messageBody":"","fileTypesAndContributionMap":{"functional-code":{"insertions":0,"deletions":3}}},{"hash":"40ebbe913d3df6a42c5d3b3d209ff4d919cab0e4","messageTitle":"Update Parser.java to remove debug print statements","messageBody":"","fileTypesAndContributionMap":{"functional-code":{"insertions":0,"deletions":2}}},{"hash":"af8c93a32a3be87996f2563b473cd4e84f03c38d","messageTitle":"Update Main.java to account for dislaying get next command","messageBody":"","fileTypesAndContributionMap":{"functional-code":{"insertions":1,"deletions":1}}},{"hash":"26a20490fbef42cec7b97d684cd9981e181d66dc","messageTitle":"Update MainUi.java to remove get user next command display from display welcome message function","messageBody":"","fileTypesAndContributionMap":{"functional-code":{"insertions":0,"deletions":1}}},{"hash":"9a1df464048a1a9c3a7d641f3fcdc7f2224c87fd","messageTitle":"Update UserGuide.md to include Menu Item functionalities","messageBody":"","fileTypesAndContributionMap":{"docs":{"insertions":106,"deletions":17}}}]},{"date":"2022-04-06","commitResults":[{"hash":"186cb7bd9672e53bc18581d97ec96c3f634e7963","messageTitle":"Update Main.java","messageBody":"","fileTypesAndContributionMap":{"functional-code":{"insertions":16,"deletions":5}}},{"hash":"a25ce4fc83b3fc601226cacb2c09c55b566b3d56","messageTitle":"Add MenuItemFileManager.java","messageBody":"","fileTypesAndContributionMap":{"functional-code":{"insertions":67,"deletions":0}}},{"hash":"84cf706f5f3f6d8cd01b2c18cc93d5d961d3c6f4","messageTitle":"Add MealReservationFileManager.java","messageBody":"","fileTypesAndContributionMap":{"functional-code":{"insertions":77,"deletions":0}}},{"hash":"ae1ccf3e0d6c966157eb233daddee03adabf412b","messageTitle":"Add MealReservationParser.java","messageBody":"","fileTypesAndContributionMap":{"functional-code":{"insertions":56,"deletions":0}}},{"hash":"1fa10a206ab07a0287606774c029d125f6830c25","messageTitle":"Add MealReservationManager.java","messageBody":"","fileTypesAndContributionMap":{"functional-code":{"insertions":61,"deletions":0}}},{"hash":"884549a3a21eb69dbe788fa480f030d56b76c227","messageTitle":"Add MealReservation.java","messageBody":"","fileTypesAndContributionMap":{"functional-code":{"insertions":83,"deletions":0}}},{"hash":"be29d3405daa55532ff0f6989ebc40063699a62f","messageTitle":"Add AddMealReservationCommand.java","messageBody":"","fileTypesAndContributionMap":{"functional-code":{"insertions":97,"deletions":0}}},{"hash":"55796724b09a33a3685a94e989cee6c096ed8e18","messageTitle":"Update CustomerParserTest.java","messageBody":"","fileTypesAndContributionMap":{"test-code":{"insertions":8,"deletions":4}}},{"hash":"2e1bd145e9590c70e18661cb2eae0fec052e1030","messageTitle":"Update Parser.java","messageBody":"","fileTypesAndContributionMap":{"functional-code":{"insertions":4,"deletions":1}}},{"hash":"dd9ac74bba7d883a3f9a5d56d71199fc353039f4","messageTitle":"Update ValidMenuItemTypeChecker.java","messageBody":"","fileTypesAndContributionMap":{"functional-code":{"insertions":0,"deletions":1}}},{"hash":"f530acd7db5e2ddb65771d75f01f6e6335468a99","messageTitle":"Update ValidMenuItemPriceChecker.java","messageBody":"","fileTypesAndContributionMap":{"functional-code":{"insertions":7,"deletions":2}}},{"hash":"92999b9f76d9c91bae6d9db6567d86ca448af82c","messageTitle":"Update MenuItemManager.java","messageBody":"","fileTypesAndContributionMap":{"functional-code":{"insertions":23,"deletions":0}}},{"hash":"c345433d4af7fe58b4c1e024b27a4522357cd919","messageTitle":"Update MenuItem.java","messageBody":"","fileTypesAndContributionMap":{"functional-code":{"insertions":1,"deletions":1}}},{"hash":"9b34605d03acefc4b578b3b490e7417a96aaed04","messageTitle":"Update FlightBookingManager.java","messageBody":"","fileTypesAndContributionMap":{"functional-code":{"insertions":11,"deletions":0}}},{"hash":"5833ed51f57bf4212f66c08f31b35700c1b006e4","messageTitle":"Update FlightBooking.java","messageBody":"","fileTypesAndContributionMap":{"functional-code":{"insertions":9,"deletions":0}}},{"hash":"d21e6cdd5b6e42230b424b53e1315e9c620d3b00","messageTitle":"Update AddMenuItemCommand.java","messageBody":"","fileTypesAndContributionMap":{"functional-code":{"insertions":0,"deletions":1}}},{"hash":"ab1a8aa6e879faf2fe34a29d5e848a9c25d67856","messageTitle":"Update Command.java","messageBody":"","fileTypesAndContributionMap":{"functional-code":{"insertions":5,"deletions":1}}},{"hash":"5ac8d1da6326d6444dd834fee8685bab994567c3","messageTitle":"Update Main.java to fix checkstyle","messageBody":"","fileTypesAndContributionMap":{"functional-code":{"insertions":7,"deletions":2}}},{"hash":"a12729e3eba65c22c5e5998dcad5c8ff0c2906e5","messageTitle":"Update AddMealReservationCommand.java to fix checkstyle","messageBody":"","fileTypesAndContributionMap":{"functional-code":{"insertions":2,"deletions":3}}},{"hash":"c2d2599cc497907dc0ed3730e5e985498d8417dc","messageTitle":"Update FlightBookingManager.java to fix checkstyle","messageBody":"","fileTypesAndContributionMap":{"functional-code":{"insertions":1,"deletions":1}}},{"hash":"13f6513def9a920f6422f811ca7c009d3f5050a3","messageTitle":"Update MealReservation.java to fix checkstyle","messageBody":"","fileTypesAndContributionMap":{"functional-code":{"insertions":2,"deletions":2}}},{"hash":"aa97a69e882cc8fde1b727da190c18d5d2e89360","messageTitle":"Update MealReservationManager.java to fix checkstyle","messageBody":"","fileTypesAndContributionMap":{"functional-code":{"insertions":3,"deletions":2}}},{"hash":"09fea1dd5ae6b562ae5b26fc48e93960dddb826a","messageTitle":"Update MenuItemManager.java to fix checkstyle","messageBody":"","fileTypesAndContributionMap":{"functional-code":{"insertions":1,"deletions":0}}},{"hash":"42683fa6453a15ec5f4f6291b0fed65e4dac6459","messageTitle":"Update MenuItemFileManager.java to fix checkstyle","messageBody":"","fileTypesAndContributionMap":{"functional-code":{"insertions":1,"deletions":0}}},{"hash":"f5a6e2f1e145e20ddd25bf1774a9dee7a3da807d","messageTitle":"Update MealReservationParser.java to remove magic string literals","messageBody":"","fileTypesAndContributionMap":{"functional-code":{"insertions":17,"deletions":7}}},{"hash":"75e3c8812828366e28701e37b071e89b8d6875b3","messageTitle":"Update Parser.java to remove magic string literals","messageBody":"","fileTypesAndContributionMap":{"functional-code":{"insertions":6,"deletions":3}}},{"hash":"504f7ead941dde8eae254a049a21ab60d90d271d","messageTitle":"Update MenuItemFileManager.java to remove magic string literals","messageBody":"","fileTypesAndContributionMap":{"functional-code":{"insertions":1,"deletions":1}}},{"hash":"31b0307dfae34aac1edde78ff45060f1b0002a6a","messageTitle":"Update AddMealReservationCommand.java to include more user friendly error messages","messageBody":"","fileTypesAndContributionMap":{"functional-code":{"insertions":1,"deletions":1}}},{"hash":"9fa26a4221a4970598568307dfe181d2200fef1a","messageTitle":"Update AddMenuItemCommand.java to include more user friendly error messages","messageBody":"","fileTypesAndContributionMap":{"functional-code":{"insertions":8,"deletions":2}}},{"hash":"491890d07031f8690a4fcbd264c2ca5a09e61612","messageTitle":"Update MealReservationManager.java to include more user friendly error messages","messageBody":"","fileTypesAndContributionMap":{"functional-code":{"insertions":11,"deletions":12}}},{"hash":"12de38d8f716d9f323a21f7af3b3a7634dd7f528","messageTitle":"Update MenuItemManager.java to include a new function to check duplicates","messageBody":"","fileTypesAndContributionMap":{"functional-code":{"insertions":9,"deletions":0}}},{"hash":"f219acab44e622cc445bbfcd1cdfd7a6006c6181","messageTitle":"Update MealReservationParser.java to include more user friendly error messages","messageBody":"","fileTypesAndContributionMap":{"functional-code":{"insertions":7,"deletions":2}}},{"hash":"46302eb862157b75701c7724a0554b755dd80c55","messageTitle":"Update Parser.java to deal with spaces in between menu item name and type error","messageBody":"","fileTypesAndContributionMap":{"functional-code":{"insertions":20,"deletions":6}}},{"hash":"3b64ae8a2e4ff8f6e1b4887027a53940a6e6576e","messageTitle":"Update MealReservationFileManager.java to correct function parameter fields accordingly","messageBody":"","fileTypesAndContributionMap":{"functional-code":{"insertions":12,"deletions":2}}},{"hash":"0c95784df130374e518425bf82d5dbd4de2edc87","messageTitle":"Update MenuItemFileManager.java  to correct function parameter fields accordingly","messageBody":"","fileTypesAndContributionMap":{"functional-code":{"insertions":6,"deletions":1}}},{"hash":"2cc73f0ccb1330c1b10af03c5a9ac49df1c23fd0","messageTitle":"Update MealReservationManager.java to keep lines within 120 characters","messageBody":"","fileTypesAndContributionMap":{"functional-code":{"insertions":2,"deletions":1}}},{"hash":"dcceba361e2a8d4a613c11817d50a74245f10f84","messageTitle":"Update MealReservationFileManager.java to correct naming conventions of variables","messageBody":"","fileTypesAndContributionMap":{"functional-code":{"insertions":1,"deletions":1}}},{"hash":"07d5466bf12dddfa2385d8b09de5d5cb168f1f97","messageTitle":"Update MealReservationFileManager.java to follow naming convention of variables","messageBody":"","fileTypesAndContributionMap":{"functional-code":{"insertions":1,"deletions":1}}},{"hash":"7359a25b3d1320fcbd5f06b8ca73e95b20b459c1","messageTitle":"Update MealReservationManager.java to fix operator wrapping","messageBody":"","fileTypesAndContributionMap":{"functional-code":{"insertions":2,"deletions":2}}},{"hash":"73698716afb82c40448e0fd405bd4c880ff16976","messageTitle":"Add FindMealReservationCommand.java to include find meal reservation feature","messageBody":"","fileTypesAndContributionMap":{"functional-code":{"insertions":52,"deletions":0}}},{"hash":"3d2ac3b89ec87e4a5927f1315db93a15aeb7ecba","messageTitle":"Update MainUi.java to include find meal reservation feature","messageBody":"","fileTypesAndContributionMap":{"functional-code":{"insertions":3,"deletions":0}}},{"hash":"7fef4ff24f573c401222e31af2791e26b2d486c9","messageTitle":"Update Parser.java to include find meal reservation feature","messageBody":"","fileTypesAndContributionMap":{"functional-code":{"insertions":4,"deletions":0}}},{"hash":"fc0a6efa84144444d58921de61507f56fb13ddd9","messageTitle":"Update MealReservationParser.java to include find meal reservation feature","messageBody":"","fileTypesAndContributionMap":{"functional-code":{"insertions":36,"deletions":0}}},{"hash":"bd956ddb0c77ff32ce52cf28ce028b5b5bfe1a2f","messageTitle":"Update CommandResult.java to include find meal reservation feature","messageBody":"","fileTypesAndContributionMap":{"functional-code":{"insertions":10,"deletions":0}}},{"hash":"375bfe8100d852f227e93ac066bb1d08c9af6ea3","messageTitle":"Update MealReservation.java to include find meal reservation feature","messageBody":"","fileTypesAndContributionMap":{"functional-code":{"insertions":2,"deletions":1}}},{"hash":"3c00708e49ec07a53896c5cac956e8ad5e3e3481","messageTitle":"Update MealReservationManager.java","messageBody":"","fileTypesAndContributionMap":{"functional-code":{"insertions":10,"deletions":0}}},{"hash":"fd93245f57eadf60d3cfcc9f52d559c9afd0a1a0","messageTitle":"Update Parser.java to refactor Menu parser","messageBody":"","fileTypesAndContributionMap":{"functional-code":{"insertions":6,"deletions":60}}},{"hash":"c047ba80af92cae2090b6b5d4fe35be2b557e040","messageTitle":"Update MealReservationManager.java to include delete meal reservation functionality","messageBody":"","fileTypesAndContributionMap":{"functional-code":{"insertions":15,"deletions":0}}},{"hash":"e346291941080fcc569307884248ec1bd05a42fa","messageTitle":"Update MealReservationParser.java to include delete meal reservation functionality","messageBody":"","fileTypesAndContributionMap":{"functional-code":{"insertions":33,"deletions":0}}},{"hash":"6ff713320c15c15758e35d1d232e1338565940d2","messageTitle":"Add DeleteMealReservationCommand.java to include delete meal reservation functionality","messageBody":"","fileTypesAndContributionMap":{"functional-code":{"insertions":63,"deletions":0}}},{"hash":"3818a8beb11eadc64fd1060cdd64db620274a434","messageTitle":"Add MenuItemParser.java to refactor menu item parser","messageBody":"","fileTypesAndContributionMap":{"functional-code":{"insertions":69,"deletions":0}}},{"hash":"853a3e7067ec2c970514d40d4e3abc22847c71d1","messageTitle":"Update MealReservationManager.java to include functionality to list all meal reservations","messageBody":"","fileTypesAndContributionMap":{"functional-code":{"insertions":0,"deletions":1}}},{"hash":"b5905937dc4c549a8a00fa96a48aef2b316b65f4","messageTitle":"Update ListMealReservationsCommand.java to include functionality to list all meal reservations","messageBody":"","fileTypesAndContributionMap":{"functional-code":{"insertions":22,"deletions":0}}},{"hash":"e6259e8728724f4704c530ab183e12af4d930eef","messageTitle":"Update Parser.java to include functionality to list all meal reservations","messageBody":"","fileTypesAndContributionMap":{"functional-code":{"insertions":4,"deletions":0}}},{"hash":"52655fdeb345117fd77201b618ad4fd7c1e4b0dc","messageTitle":"Add javadocs","messageBody":"","fileTypesAndContributionMap":{"functional-code":{"insertions":338,"deletions":43}}},{"hash":"43353c33696ede13e3bef67000e04720db4fbd9a","messageTitle":"Update AddMenuItemCommand.java to fix javadoc checkstyle","messageBody":"","fileTypesAndContributionMap":{"functional-code":{"insertions":1,"deletions":1}}}]}],"LI-XINYI1":[{"date":"2022-03-04","commitResults":[{"hash":"201cfc5d307be797c4d20506233113842e90c0d6","messageTitle":"Update  aboutus","messageBody":"","fileTypesAndContributionMap":{"docs":{"insertions":1,"deletions":1}}},{"hash":"99c7b44a1bbab8b6a7ffd0c10e6a1c47fac0b230","messageTitle":"update aboutus 2","messageBody":"","fileTypesAndContributionMap":{"docs":{"insertions":1,"deletions":1}}}]},{"date":"2022-03-30","commitResults":[{"hash":"6a0e8d24ea0ad3b8ae7269340df88f3ff91a60a2","messageTitle":"Update DG -- stuff part","messageBody":"","fileTypesAndContributionMap":{"docs":{"insertions":13,"deletions":0}}}]},{"date":"2022-04-01","commitResults":[{"hash":"807204eb321497d01bd81eb90156f1c3b4140099","messageTitle":"add Staff object class","messageBody":"","tags":["v2.0"],"fileTypesAndContributionMap":{"functional-code":{"insertions":153,"deletions":0}}},{"hash":"b694e9deef649e003a79a2224015a75c88c58a24","messageTitle":"add addStaff, deleteStaff function, add staffparser, update user guide","messageBody":"","fileTypesAndContributionMap":{"functional-code":{"insertions":208,"deletions":11},"docs":{"insertions":21,"deletions":0},"test-code":{"insertions":4,"deletions":4}}},{"hash":"7331d8a7e7143e565e94cb28f2951da0dd3431cc","messageTitle":"change style for gradle checkstyle test","messageBody":"","fileTypesAndContributionMap":{"functional-code":{"insertions":21,"deletions":21}}}]}],"johnsuharjono":[{"date":"2022-03-04","commitResults":[{"hash":"26bd45cc39210d27479e02bc02f74418ae20d02c","messageTitle":"Update AboutUs","messageBody":"","fileTypesAndContributionMap":{"docs":{"insertions":7,"deletions":7}}}]}]},"authorFileTypeContributionMap":{"ElaineQT":{"docs":219,"functional-code":1952,"test-code":254,"other":2},"suenalaba":{"docs":110,"functional-code":1699,"test-code":8},"LI-XINYI1":{"docs":36,"functional-code":351,"test-code":0},"johnsuharjono":{"docs":1,"functional-code":0,"test-code":0}},"authorContributionVariance":{"ElaineQT":26113.31,"suenalaba":82369.695,"LI-XINYI1":4000.535,"johnsuharjono":3.9982624},"authorDisplayNameMap":{"ElaineQT":"CS2113-F12-3 WANG..TENG","suenalaba":"CS2113-F12-3 KHOO..SHUA","LI-XINYI1":"CS2113-F12-3 LI X..INYI","johnsuharjono":"CS2113-F12-3 JOHN..JONO"}}
