{"authorDailyContributionsMap":{"IncompetentDev":[{"date":"2022-03-04","commitResults":[{"hash":"336e48e8d3be66b9e92aae3893d28df93783db75","messageTitle":"Updated docs/aboutus.md","messageBody":"","fileTypesAndContributionMap":{"docs":{"insertions":4,"deletions":4}}}]},{"date":"2022-03-09","commitResults":[{"hash":"259f087476ab908f42c6c60ef5b70563eea35a9e","messageTitle":"Added Github profile information and name","messageBody":"","fileTypesAndContributionMap":{"docs":{"insertions":7,"deletions":7}}}]},{"date":"2022-03-15","commitResults":[{"hash":"697056c12dee89b1dbb7b3fe563e6659eed4c632","messageTitle":"Added skeleton for application","messageBody":"Added GSON to build.gradle dependencies; Created various skeleton files for the application\n","fileTypesAndContributionMap":{"functional-code":{"insertions":176,"deletions":11},"other":{"insertions":1,"deletions":0}}},{"hash":"bdd26e0e4cbe2fb71d1dfdeab32855dcc8969aa0","messageTitle":"Packaged files and renamed Duke to InvMgr","messageBody":"","fileTypesAndContributionMap":{"functional-code":{"insertions":6,"deletions":6},"other":{"insertions":18,"deletions":10}}},{"hash":"e64c47cd18909601a6032b398cf5fb2c560cdc85","messageTitle":"Added execute statement for Commands in InvMgr","messageBody":"","fileTypesAndContributionMap":{"functional-code":{"insertions":1,"deletions":0}}},{"hash":"6bff43c3dcf47cbb8eff4a7db6487aaf9782f556","messageTitle":"Changed main class name in gradle build file; Updated test inputs and outputs","messageBody":"","fileTypesAndContributionMap":{"other":{"insertions":2,"deletions":2}}}]},{"date":"2022-03-16","commitResults":[{"hash":"9783c2ec7894cd9b89bb7de781459e162dd730e8","messageTitle":"Storage class: add ability to store inventory list","messageBody":"","fileTypesAndContributionMap":{"functional-code":{"insertions":99,"deletions":7},"test-code":{"insertions":2,"deletions":0}}},{"hash":"723b4dca9c6592d943894e7a1d2e9c20760c172f","messageTitle":"Command: Fix execute function signature","messageBody":"","fileTypesAndContributionMap":{"functional-code":{"insertions":5,"deletions":4}}},{"hash":"eee8198bc2125bd3f2b8e1456f2dd34c56e08a35","messageTitle":"Implement JUnit tests for writing to datafile","messageBody":"","fileTypesAndContributionMap":{"functional-code":{"insertions":5,"deletions":1},"test-code":{"insertions":62,"deletions":1}}},{"hash":"3440791e8421162f8133adbacc1e8aa292b1e496","messageTitle":"Storage: Add load from Json file StorageTest: Add JUnit test for loading Json file","messageBody":"","fileTypesAndContributionMap":{"functional-code":{"insertions":56,"deletions":16},"test-code":{"insertions":55,"deletions":7}}}]},{"date":"2022-03-17","commitResults":[{"hash":"fd01b740ee2de6ea6f8041b287027d74bbc7fc67","messageTitle":"Fixed checkstyle errors","messageBody":"","fileTypesAndContributionMap":{"functional-code":{"insertions":0,"deletions":1},"test-code":{"insertions":9,"deletions":9}}},{"hash":"57074ca23684ff8eaf0e7ab62f11e1d87b8899a2","messageTitle":"Fix coding violations Fixes #32","messageBody":"","fileTypesAndContributionMap":{"functional-code":{"insertions":22,"deletions":16}}},{"hash":"aa021e1d51115a86c9318e9de0952c1fe751779a","messageTitle":"Remove some unused imports","messageBody":"","fileTypesAndContributionMap":{"functional-code":{"insertions":0,"deletions":4},"test-code":{"insertions":0,"deletions":4}}},{"hash":"e056007470f1e9b37606b0e8a0048b761bf5e54b","messageTitle":"StorageTest: Fix typos in function name and data types","messageBody":"","fileTypesAndContributionMap":{"test-code":{"insertions":5,"deletions":5}}},{"hash":"476f63350bbb0420b69e30b9d7bb4296bc86fa84","messageTitle":"Add storing items after each execution loop Create getItemArrayList in ItemList to pass into Storage","messageBody":"","fileTypesAndContributionMap":{"functional-code":{"insertions":12,"deletions":8}}},{"hash":"ee3a892d020815fb55c315c5ae6a1852cba65d34","messageTitle":"Update issue templates","messageBody":"","fileTypesAndContributionMap":{"docs":{"insertions":27,"deletions":0}}}]},{"date":"2022-03-24","commitResults":[{"hash":"290f940e162277c8bb2dd331c3c4e4e1cd028530","messageTitle":"Refactor writeData() and loadData() methods to save() and load() respectively","messageBody":"","fileTypesAndContributionMap":{"functional-code":{"insertions":4,"deletions":4}}},{"hash":"aeec68fd8d71e91050d60e4c46a8d20534622a17","messageTitle":"Commit test files after refactor","messageBody":"","fileTypesAndContributionMap":{"test-code":{"insertions":5,"deletions":5}}},{"hash":"291ad44bdbd41315dae7601f821f48d9bb319bf3","messageTitle":"Refractor getAbsolutePath() to validatePathExists()","messageBody":"","fileTypesAndContributionMap":{"functional-code":{"insertions":3,"deletions":3}}},{"hash":"04436b1998dd8384c948f577d5bb6d485749fc2c","messageTitle":"Add Storage sequence diagrams","messageBody":"","fileTypesAndContributionMap":{"docs":{"insertions":79,"deletions":0}}},{"hash":"c4e03c7ece6ec341ae6b7d84b195e334aa2b7cce","messageTitle":"Add Storage class diagrams","messageBody":"","fileTypesAndContributionMap":{"docs":{"insertions":27,"deletions":0}}},{"hash":"5c493409646f19c7a3d417c1478093454aa2202d","messageTitle":"Hide icon in class diagram","messageBody":"","fileTypesAndContributionMap":{"docs":{"insertions":1,"deletions":0}}},{"hash":"16253b52055c67ce5d4461fca5f0aecf1b684667","messageTitle":"Add documentation for Storage Fix return data type of save() in UML diagram StorageSaveSequenceDiagram","messageBody":"","fileTypesAndContributionMap":{"docs":{"insertions":39,"deletions":3}}},{"hash":"1342fa3e8166358be3f510382e9ed03e46d039ef","messageTitle":"Fix missing information in DevGuide","messageBody":"","fileTypesAndContributionMap":{"docs":{"insertions":5,"deletions":1}}}]},{"date":"2022-03-25","commitResults":[{"hash":"6ae892d873cc6b667c4fc2f31b4d417aab33395b","messageTitle":"Add Storage class diagram Add Storage component under DeveloperGuide for design Fix dataype for StorageSaveSequenceDiagram","messageBody":"","fileTypesAndContributionMap":{"docs":{"insertions":30,"deletions":8}}},{"hash":"87f3f8953c3f167894981332dce3147e738a6e89","messageTitle":"Add application launch diagrams and documentation","messageBody":"","fileTypesAndContributionMap":{"docs":{"insertions":70,"deletions":0}}},{"hash":"61a885131b36ed7336e3f525fcb4772afd596a70","messageTitle":"Fix formatting error for devguide","messageBody":"","fileTypesAndContributionMap":{"docs":{"insertions":1,"deletions":0}}}]},{"date":"2022-03-29","commitResults":[{"hash":"4bdf158438af91daca037f0cbee9559e7c9a077c","messageTitle":"Enable assertions on Gradle-built jar","messageBody":"","fileTypesAndContributionMap":{"other":{"insertions":1,"deletions":0}}},{"hash":"5ae9de783d404477b3d79e73fb1896dbcc7703e0","messageTitle":"Adopt AB3 Parser code into InvMgr","messageBody":"Parser does not allow for variable number of arguments.\n\nThis prevents edit/search commands from being meaningful.\n\nLet\u0027s,\n- Allow Parser to parse variable number of arguments\n- Make arguments order-insensitive for user convenience\n","fileTypesAndContributionMap":{"functional-code":{"insertions":517,"deletions":115}}},{"hash":"2d489c2bf4aa0e22d2d9cf7038a7bd0829d11644","messageTitle":"Fix checkstyle errors","messageBody":"","fileTypesAndContributionMap":{"functional-code":{"insertions":13,"deletions":15}}},{"hash":"2355b6fbf8b83eef34762c5212c6439721c77276","messageTitle":"Fix COMMAND_WORD for ExitCommand","messageBody":"","fileTypesAndContributionMap":{"functional-code":{"insertions":1,"deletions":1}}}]},{"date":"2022-03-30","commitResults":[{"hash":"7e0549d995a2cbfe92ea61584d537feb2a7e279f","messageTitle":"Add Edit Command","messageBody":"","fileTypesAndContributionMap":{"functional-code":{"insertions":163,"deletions":28}}},{"hash":"aa9da3f4578411e03c24577fc361a8b971e6de09","messageTitle":"Fix checkstyle errors","messageBody":"","fileTypesAndContributionMap":{"functional-code":{"insertions":23,"deletions":15}}},{"hash":"da91d45a40fecda8ba7429722cb9fed4e8223b39","messageTitle":"Add Search Command","messageBody":"","fileTypesAndContributionMap":{"functional-code":{"insertions":100,"deletions":0}}},{"hash":"b5d5ece4c50f6813856c19075415ef9a154cc3b0","messageTitle":"Fix checkstyle errors","messageBody":"","fileTypesAndContributionMap":{"functional-code":{"insertions":4,"deletions":6}}},{"hash":"c3deb547fdcf162e8c5d0a8a78d6574f0eb13222","messageTitle":"Refactor StorageTest method names","messageBody":"","fileTypesAndContributionMap":{"test-code":{"insertions":6,"deletions":6}}},{"hash":"e9780f961121a26f4bf5ebb2f0b84e6823cc25ff","messageTitle":"Add JUnit test for ParserUtils","messageBody":"","fileTypesAndContributionMap":{"test-code":{"insertions":60,"deletions":0}}},{"hash":"05e78895c0d37748b61fb0032cfe413e0232a60f","messageTitle":"Fix test input for parseQuantity_invalidInt","messageBody":"","fileTypesAndContributionMap":{"test-code":{"insertions":3,"deletions":1}}},{"hash":"c9f6c624a92974c450c579b442f1a863e4c68af0","messageTitle":"Add AddCommandParser JUnit tests","messageBody":"Note that JUnit assertEquals() calls the Object\u0027s equal() method for\ncomparison.\n\nLet\u0027s add equals() to AddCommand() and Item().\n\nThis will also be done for future CommandParser tests.\n","fileTypesAndContributionMap":{"functional-code":{"insertions":16,"deletions":0},"test-code":{"insertions":85,"deletions":1}}},{"hash":"8691e0cc964d42ac31959d39befa1ff895c5ba76","messageTitle":"Add INVALID_SYNTAX to Messages","messageBody":"","fileTypesAndContributionMap":{"functional-code":{"insertions":4,"deletions":1}}},{"hash":"2f703225a06a9cd2107b55e92a0b7f230dfcc45e","messageTitle":"Fix message for thrown exception in AddCommandParser","messageBody":"","fileTypesAndContributionMap":{"functional-code":{"insertions":1,"deletions":1},"test-code":{"insertions":1,"deletions":0}}},{"hash":"1dda3fcc75721a41ea9736a1ed5a4c568e98c769","messageTitle":"Add DeleteCommand JUnit test Swap orders of actualOutput and expectedOutput in ParserUtilsTest to match signature","messageBody":"","fileTypesAndContributionMap":{"functional-code":{"insertions":7,"deletions":0},"test-code":{"insertions":36,"deletions":3}}},{"hash":"cb26f11e2d67e551741f2faa2381d78efbec95c6","messageTitle":"Fix one-indexing error for success testcase","messageBody":"","fileTypesAndContributionMap":{"test-code":{"insertions":1,"deletions":1}}},{"hash":"d41c11953dc8a4215fbd5f55f15edaa426b6e1e9","messageTitle":"Minor comment fix","messageBody":"","fileTypesAndContributionMap":{"test-code":{"insertions":1,"deletions":1}}},{"hash":"bb0223c656e5111436eb8483e7343839d7f57379","messageTitle":"Add invalid quantity test to AddCommandParserTest","messageBody":"","fileTypesAndContributionMap":{"test-code":{"insertions":11,"deletions":0}}},{"hash":"4d5b1feef74fff0d601062374d27dd0e724c497c","messageTitle":"Add DescCommand JUnit test","messageBody":"","fileTypesAndContributionMap":{"functional-code":{"insertions":7,"deletions":0},"test-code":{"insertions":33,"deletions":0}}},{"hash":"796c1dc78e5be8cf9c1ae9ae94e5de5672cdb577","messageTitle":"Fix expected error msg for invalidQuantity in AddCommandParserTest","messageBody":"","fileTypesAndContributionMap":{"test-code":{"insertions":1,"deletions":1}}},{"hash":"79968dcc0913a926f8ff9a1b7c44a920c06939e0","messageTitle":"Remove test output data Fix comments in ParserUtils","messageBody":"","fileTypesAndContributionMap":{"functional-code":{"insertions":1,"deletions":1}}},{"hash":"4134deffb4373edda8bb938119d69a45ff58fbde","messageTitle":"Migrate expected commands to ParserStubs","messageBody":"","fileTypesAndContributionMap":{"test-code":{"insertions":15,"deletions":8}}},{"hash":"8905be1c65bd909ad18e9ff3395073c3272a16c5","messageTitle":"Add error checking for relative flag without quantity","messageBody":"","fileTypesAndContributionMap":{"functional-code":{"insertions":10,"deletions":4}}},{"hash":"f113e6c9d2375d874134fa645e62b32b424832e2","messageTitle":"Rework EditCommand to use Optionals","messageBody":"The code was not very readable.\n\nOptionals were used to distinguish between compulsory and optional\narguments.\n\nLet\u0027s\n- use Optionals to represent commands that are not needed\n- Rework the relevant code to make them work with Optionals\n","fileTypesAndContributionMap":{"functional-code":{"insertions":44,"deletions":47}}},{"hash":"b1a129133be7d5d1a5c1bbe618875bccef5332fc","messageTitle":"Fix ParserUtilsTest from previous change","messageBody":"","fileTypesAndContributionMap":{"test-code":{"insertions":2,"deletions":2}}},{"hash":"e57e81df86c5611d6b15c1be10c512a74f06962d","messageTitle":"Add EditCommand JUnit tests","messageBody":"","fileTypesAndContributionMap":{"functional-code":{"insertions":21,"deletions":1},"test-code":{"insertions":66,"deletions":0}}}]},{"date":"2022-03-31","commitResults":[{"hash":"971a4b5051ef9403e435d4fa01d5dc070bd81868","messageTitle":"Remove some unused imports Fix minor bug regarding output error message in invalidQuantity of AddCommandParserTest","messageBody":"","fileTypesAndContributionMap":{"test-code":{"insertions":0,"deletions":6}}},{"hash":"0d95369199970ef632181c6b4a49a9039b47be37","messageTitle":"Added SearchCommand JUnit tests","messageBody":"","fileTypesAndContributionMap":{"functional-code":{"insertions":18,"deletions":1},"test-code":{"insertions":49,"deletions":0}}},{"hash":"b23ffa9ecdaa85825e2b2bc39ada7daa08419600","messageTitle":"Fix checkstyle errors","messageBody":"","fileTypesAndContributionMap":{"functional-code":{"insertions":9,"deletions":5},"test-code":{"insertions":8,"deletions":4}}},{"hash":"71528b00795a6f7ae97ef4a7875b697cad0c73f9","messageTitle":"Add case-insensitive search to SearchCommand Add extra comments and extracted magic strings","messageBody":"SearchCommand does case-sensitive search.\n\nA case insensitve search would be more user friendly since users cannot\nbe expected to remember exact cases of keywords.\n\nLet\u0027s update the search algorithm to use case-insensitive matching\n\nAlso, some comments and magic strings were extracted for better clarity.\n","fileTypesAndContributionMap":{"functional-code":{"insertions":20,"deletions":6}}},{"hash":"f6bdf3d3655a2bb2943d3c8718dd8320f8f2a424","messageTitle":"Fix name matching bug in SearchCommand","messageBody":"","fileTypesAndContributionMap":{"functional-code":{"insertions":1,"deletions":1}}},{"hash":"7d60bc8d66f9b28480f8d3cb076b36219c9faae2","messageTitle":"Fix matching logic in SearchCommand","messageBody":"SearchCommand matched whole words when searching.\n\nLet\u0027s change the implementation that will be similar to Java\u0027s\nString.contains(). In other words, the search term does not need to\nmatch a whole word.\n","fileTypesAndContributionMap":{"functional-code":{"insertions":12,"deletions":6}}},{"hash":"ffe210496baaad64fe45aa808b5c7ef8fc34d05e","messageTitle":"Move ParserStubs to a separate package","messageBody":"","fileTypesAndContributionMap":{"other":{"insertions":1,"deletions":1},"test-code":{"insertions":5,"deletions":0}}},{"hash":"bd2b5e5d68ee0853905fbbf6843fc8877e5de33a","messageTitle":"Add SearchCommand JUnit test","messageBody":"","fileTypesAndContributionMap":{"test-code":{"insertions":163,"deletions":0}}},{"hash":"d8b517bff81ff0fb2ea17f011b09869fd941ab63","messageTitle":"Fix checkstyle errors","messageBody":"","fileTypesAndContributionMap":{"functional-code":{"insertions":1,"deletions":1},"test-code":{"insertions":2,"deletions":1}}},{"hash":"679d6b65e885a02e9f0a4246d7c408e2fba514dc","messageTitle":"Change prefixes to match user guide","messageBody":"","fileTypesAndContributionMap":{"functional-code":{"insertions":4,"deletions":4}}},{"hash":"aea47767cabaf4ef5bc35e1d56a0bb7cc477ddba","messageTitle":"Update test cases to match user guide","messageBody":"","fileTypesAndContributionMap":{"test-code":{"insertions":9,"deletions":9}}},{"hash":"a0c8a8f2b94014bd521d37afbc72484f1550e4fd","messageTitle":"Add output message to EditCommand Fix bug regarding editing description","messageBody":"","fileTypesAndContributionMap":{"functional-code":{"insertions":6,"deletions":1}}},{"hash":"aeb99c8f767fdc735ab3e19d8f3bca6451d7566c","messageTitle":"Add equals() comparison to ItemList","messageBody":"","fileTypesAndContributionMap":{"functional-code":{"insertions":19,"deletions":0}}},{"hash":"5f26d35305f2f795b67485d6bb3e15c3f45a58b4","messageTitle":"Update Stubs with more Items and expected ItemLists","messageBody":"","fileTypesAndContributionMap":{"test-code":{"insertions":40,"deletions":19}}},{"hash":"b9130e27f33b7bfcd054c0cc5e1823c1e3c325d1","messageTitle":"Add EditCommand JUnit tests","messageBody":"","fileTypesAndContributionMap":{"test-code":{"insertions":81,"deletions":0}}},{"hash":"221d4e20e985dac8c074bcfb9f8b48aca2a84c8f","messageTitle":"Add documentation for Add, Edit, Search, Delete","messageBody":"","fileTypesAndContributionMap":{"docs":{"insertions":136,"deletions":0}}},{"hash":"18f37ce7137318b2aa29c1dbd4d4a2f00e799ce7","messageTitle":"Fix tableofcontents","messageBody":"","fileTypesAndContributionMap":{"docs":{"insertions":2,"deletions":2}}}]}],"quitejasper":[{"date":"2022-03-04","commitResults":[{"hash":"3054f668294beb41775895701473f9b78f4fc7a8","messageTitle":"[AboutUs.md] editted first line of members with Jasper","messageBody":"","fileTypesAndContributionMap":{"docs":{"insertions":7,"deletions":7}}},{"hash":"de6dbbf2ea30e1a330f9a542834d4bc995d3a816","messageTitle":"Revert \"[AboutUs.md] editted first line of members with Jasper\"","messageBody":"This reverts commit 3054f668294beb41775895701473f9b78f4fc7a8.\n","fileTypesAndContributionMap":{"docs":{"insertions":7,"deletions":7}}}]},{"date":"2022-03-05","commitResults":[{"hash":"5af9f3270bec72cd03ea232c334fcf4b96c05b36","messageTitle":"Updated first row of AboutUs.md with Jasper\u0027s details","messageBody":"","fileTypesAndContributionMap":{"docs":{"insertions":7,"deletions":7}}}]},{"date":"2022-03-10","commitResults":[{"hash":"b42906753738cf96162be5caa9a11f3114e669e6","messageTitle":"Update AboutUs.md","messageBody":"","fileTypesAndContributionMap":{"docs":{"insertions":1,"deletions":1}}}]},{"date":"2022-03-16","commitResults":[{"hash":"289cb315b2a8383bf671704a8f4291c0987c3b79","messageTitle":"Add AddCommand Class","messageBody":"AddCommand Class is a subclass of Command Class, created only when a\nuser uses the keyword \"add\" at the front of his input.\n\nAddCommand will converse with ItemList to add an item into the itemList\nattribute, and will then converse with Ui to show an output.\n\nResolves: #8\n","fileTypesAndContributionMap":{"functional-code":{"insertions":22,"deletions":0}}},{"hash":"6e7c6603b61b92358397c421b50dc40b1b86b245","messageTitle":"Add DeleteCommand Class","messageBody":"DeleteCommand Class is a subclass of Command Class, created only when a\nuser uses the keyword \"delete\" at the front of his input.\n\nDeleteCommand will converse with ItemList to remove an item from the\nitemList attribute, and will then converse with Ui to show an output.\n\nResolves: #10\n","fileTypesAndContributionMap":{"functional-code":{"insertions":22,"deletions":0}}},{"hash":"236187944923c9f283a7100d2f6bfaddba75a657","messageTitle":"Update DeleteCommand Class","messageBody":"Minor change in curly braces which failed CI/CD format checks\n","fileTypesAndContributionMap":{"functional-code":{"insertions":1,"deletions":1}}},{"hash":"408ab925e0e57448fa900706a6d9da721b9e130b","messageTitle":"Update JavaDoc","messageBody":"Added documentation for AddCommand Class.\n","fileTypesAndContributionMap":{"functional-code":{"insertions":7,"deletions":0}}},{"hash":"b27d4066dee3b9207386ccecaf9e87f37b39d899","messageTitle":"Update JavaDoc","messageBody":"Added documentation for DeleteCommand Class\n","fileTypesAndContributionMap":{"functional-code":{"insertions":7,"deletions":0}}},{"hash":"337ede4f34e1207a40ce936b3c9c164e5d6540c3","messageTitle":"Update AddCommand Class","messageBody":"Parameters for execute method were in reverse.\n\nLet\u0027s reorder the parameters to follow that of abstract execute method\nin Command Class\n","fileTypesAndContributionMap":{"functional-code":{"insertions":1,"deletions":1}}},{"hash":"51acc6da09f24235aef9ef4473aa17272c6a2789","messageTitle":"Update DeleteCommand Class","messageBody":"Parameters for execute method were in reverse.\n\nLet\u0027s reorder the parameters to follow that of execute abstract method\nin Command class.\n","fileTypesAndContributionMap":{"functional-code":{"insertions":1,"deletions":1}}},{"hash":"b41c53fb72d4e9d44dd8a0b2205e082142d2dbf5","messageTitle":"Update ItemList Class","messageBody":"Created new methods getItem() and getSize().\n","fileTypesAndContributionMap":{"functional-code":{"insertions":8,"deletions":0}}}]},{"date":"2022-03-17","commitResults":[{"hash":"b1e72427b3f4cea19f91ab33a0b479221b3c2e8f","messageTitle":"Add AddCommandTest","messageBody":"AddCommandTest is a JUnit Test for AddCommandClass.\n","fileTypesAndContributionMap":{"test-code":{"insertions":41,"deletions":0}}},{"hash":"3e65055cb5224dc41973e5b19cd1492277995c65","messageTitle":"Update DeleteCommand Class","messageBody":"Added assertions to ensure input for index is within range.\n","fileTypesAndContributionMap":{"functional-code":{"insertions":5,"deletions":0}}},{"hash":"1dd4aa9b4e1701670b7926b43bcfaf175468ee5f","messageTitle":"Update DeleteCommand Class","messageBody":"Minor fix with illegal \"\\\" character misplaced in code.\n","fileTypesAndContributionMap":{"functional-code":{"insertions":1,"deletions":1}}},{"hash":"d2d2f58179d33249f398b479b4c8f5024cae2700","messageTitle":"Update AddCommandTest","messageBody":"Minor checkstyle fixes.\n","fileTypesAndContributionMap":{"test-code":{"insertions":3,"deletions":2}}},{"hash":"3978d7b86e03335b09a277c98f7af31176d99eb8","messageTitle":"Update DeleteCommand Class","messageBody":"Assertions should be used to indicate where the programmer messed up,\nrather than the user environment.\n\nLet\u0027s remove the assertions implemented in DeleteCommand Class.\n","fileTypesAndContributionMap":{"functional-code":{"insertions":0,"deletions":5}}},{"hash":"a5c7d784a97d71ea7f821e73975ddbd351238947","messageTitle":"Update DeleteCommand Class","messageBody":"DeleteCommand needed to handle scenarios where user would input index\nvalues that were out of range.\n\nLet\u0027s\n* Implement an assert statement to show if index indicated by the user\nwas 0\n* Create a new INVALID_INDEX message in Messages Class for higher\ncohesion\n","fileTypesAndContributionMap":{"functional-code":{"insertions":12,"deletions":3}}}]},{"date":"2022-03-18","commitResults":[{"hash":"16dbfa829c7efb317d73cad651bf6ea9efadb1b1","messageTitle":"Update ListCommand Class","messageBody":"Minor language issue.\n\nLet\u0027s change \"tasks\" to \"items\"\n","fileTypesAndContributionMap":{"functional-code":{"insertions":1,"deletions":1}}}]},{"date":"2022-03-24","commitResults":[{"hash":"f2a51c6cc0e44886833b05201de019155a0a49d4","messageTitle":"Add AddCommandSequenceDiagram","messageBody":"AddCommandSequenceDiagram is a PlantUML diagram showing the sequence\ndiagram of AddCommand in relation to the other entities in the\nprogramme.\n","fileTypesAndContributionMap":{"docs":{"insertions":51,"deletions":0}}},{"hash":"36be521fa25d675577d0889fcf15b928dc9b6bd1","messageTitle":"Update docs/DeveloperGuide","messageBody":"AddCommand implementation written in the Developer Guide.\n","fileTypesAndContributionMap":{"docs":{"insertions":13,"deletions":0}}},{"hash":"f43c69156b00c6350d166ddc5ad5437878b8716e","messageTitle":"Add DeleteCommandSequenceDiagram","messageBody":"DeleteCommandSequenceDiagram is a PlantUML sequence diagram of\nDeleteCommand in relation to other entities.\n","fileTypesAndContributionMap":{"docs":{"insertions":40,"deletions":0}}},{"hash":"4e1f1d2a2e455d740c3e74f9d327904ec89193a0","messageTitle":"Update docs/DeveloperGuide","messageBody":"Added DeleteCommand implementation\n","fileTypesAndContributionMap":{"docs":{"insertions":13,"deletions":0}}}]},{"date":"2022-03-25","commitResults":[{"hash":"63b290218e26385ca11a0374477f3b2b3fc5e608","messageTitle":"Update docs/DeveloperGuide.md","messageBody":"Minor touches with regard to order of items and typography.\n","fileTypesAndContributionMap":{"docs":{"insertions":11,"deletions":11}}},{"hash":"e44e593deb30418f1fafd420f4cb6dee425c37fa","messageTitle":"Update dpcs/DeveloperGuide","messageBody":"Updated Target User Profile and Value Proposition\n","fileTypesAndContributionMap":{"docs":{"insertions":4,"deletions":2}}}]},{"date":"2022-03-30","commitResults":[{"hash":"b3107c1cc1b243ce450f8f1edd25de75f29a1277","messageTitle":"Update UserGuide.md","messageBody":"Added information on:\n*Listing Future Borrowings and\n*Listing Overdue Borrowings\n","fileTypesAndContributionMap":{"docs":{"insertions":93,"deletions":1}}}]},{"date":"2022-03-31","commitResults":[{"hash":"b036b67041e23712d2f4f7e3dff35353f5d8b290","messageTitle":"Update BorrowRecord Class","messageBody":"Previously unable to retrieve details of a BorrowRecord object for\nfurther use.\n\nLets:\n*Add get methods to BorrowRecord Class\n","fileTypesAndContributionMap":{"functional-code":{"insertions":12,"deletions":0}}},{"hash":"cd6cc01c33704425410c0fcbd34ad3c34bd3bbc5","messageTitle":"Update Item Class","messageBody":"Added getBorrowRecords() method to retrieve the arraylist of\nBorrowRecord objects.\n","fileTypesAndContributionMap":{"functional-code":{"insertions":4,"deletions":0}}},{"hash":"2375483f5fa2b517a3bb0c6d9a8f8e8d9b5c8ef4","messageTitle":"Update InputParser Class","messageBody":"Changed import to import all commands.\n","fileTypesAndContributionMap":{"functional-code":{"insertions":1,"deletions":9}}},{"hash":"18ece68b1bc155965dd375f1611b8409dec9579a","messageTitle":"Update InputParserClass","messageBody":"Add Commands for future borrowings and overdue borrowings\n","fileTypesAndContributionMap":{"functional-code":{"insertions":6,"deletions":0}}},{"hash":"165b6f6351a49e5f513b0959884e7c6612e1eedf","messageTitle":"Add ListFutureBorrowings Parser and Command","messageBody":"ListFutureBorrowingsCommand allows the user to retrieve the future\nborrowings for respective items, with an optional filter for a\nparticular person.\n","fileTypesAndContributionMap":{"functional-code":{"insertions":89,"deletions":0}}},{"hash":"431b0f13f61893689ff197f94817285942fd1d6f","messageTitle":"Add ListOverdueBorrowings Parser and Command","messageBody":"ListOverdueBorrowingsCommand lists the overdue borrowings for all items\nin the inventory, with an optional filter for a borrower\u0027s name.\n","fileTypesAndContributionMap":{"functional-code":{"insertions":88,"deletions":0}}},{"hash":"80d1eceffee08e6db8a35b53f310c6d3a2963bc6","messageTitle":"Update InputParser Class","messageBody":"Unable to compile the methods due to absence of classes. Let\u0027s remove\nthe methods.\n","fileTypesAndContributionMap":{"functional-code":{"insertions":0,"deletions":6}}},{"hash":"bc0bf98f27eaac8c32b4fdc7d23c97b1762d2311","messageTitle":"Update InputParser Class","messageBody":"Added case for ListFutureBorrowingsCommand\n","fileTypesAndContributionMap":{"functional-code":{"insertions":4,"deletions":0}}},{"hash":"43c47412bc683b6537cb9a2b7954799fdd95cc05","messageTitle":"Update InputParser Class","messageBody":"Added case for ListOverdueBorrowingsCommand\n","fileTypesAndContributionMap":{"functional-code":{"insertions":4,"deletions":0}}},{"hash":"8bcaab2a87363e7c8c455a8c9ca5679be883d1dc","messageTitle":"Update ListOverdueBorrowingsCommand Class","messageBody":"Minor checkstyle bugfixes\n","fileTypesAndContributionMap":{"functional-code":{"insertions":2,"deletions":1}}},{"hash":"647779b2c0a67a9b762e103de1558cd2fb94d495","messageTitle":"Update src/main/java/seedu/duke/commands/ListOverdueBorrowingsCommand.java","messageBody":"Included .get() for name that is in Optional Class.\n\nCo-authored-by: Lester Sim \u003clester.sim@u.nus.edu\u003e","fileTypesAndContributionMap":{"functional-code":{"insertions":1,"deletions":1}}},{"hash":"3b074b4a46b6d0eb5d387a503c8bb0a05b0cf4ba","messageTitle":"Update ListFutureBorrowingsCommand.java","messageBody":"Minor changes to execute method.\n","fileTypesAndContributionMap":{"functional-code":{"insertions":3,"deletions":1}}},{"hash":"05ee10f425cd1332d3469a36bf09c6cfb47c910e","messageTitle":"Add BorrowRecordStubs.java","messageBody":"BorrowRecordStubs can be used for testing where items with borrowing\nstatus are needed.\n","fileTypesAndContributionMap":{"test-code":{"insertions":76,"deletions":0}}},{"hash":"6ff4fd1d972f2a798f3920c5ac90eb97f7b27446","messageTitle":"Update UserGuide.md","messageBody":"Minor updates regarding listfb and listob command.\n","fileTypesAndContributionMap":{"docs":{"insertions":18,"deletions":18}}}]}],"chihyingho":[{"date":"2022-03-10","commitResults":[{"hash":"3cdf55c91b07509c2e07e2ce6c4ba07ba708f601","messageTitle":"Edited docs/AboutUs.md to include personal profile","messageBody":"","fileTypesAndContributionMap":{"docs":{"insertions":2,"deletions":2}}}]},{"date":"2022-03-16","commitResults":[{"hash":"e8da884945f1baa7f544b48f6ed547846b818345","messageTitle":"Modified Ui class and added common package and Messages class to store common messages to be displayed","messageBody":"","fileTypesAndContributionMap":{"functional-code":{"insertions":43,"deletions":21}}},{"hash":"1af83b128fc14d72bc456583821ea2e21ab2ccab","messageTitle":"Added HelpCommand that displays the functionalities of Inventory Manager and how to call them","messageBody":"Added unique help messages to each exisitng command class which are used in the HelpCommand.\n","fileTypesAndContributionMap":{"functional-code":{"insertions":31,"deletions":1}}},{"hash":"13f77e0cc70a3b32af89120cb032e1998551dccc","messageTitle":"Modified Main class and added isExit attribute and get methods to Command class","messageBody":"","fileTypesAndContributionMap":{"functional-code":{"insertions":40,"deletions":8}}}]},{"date":"2022-03-17","commitResults":[{"hash":"a2b1aa1fb843c12d882586e4236599334349deed","messageTitle":"Deleted HiCommand and fixed bugs","messageBody":"","fileTypesAndContributionMap":{"functional-code":{"insertions":4,"deletions":15}}},{"hash":"b92bb850dce0095e3700262036937368f4475108","messageTitle":"Fixed #11.","messageBody":"","fileTypesAndContributionMap":{"functional-code":{"insertions":9,"deletions":2}}},{"hash":"ac7cb3c41b3f112778fef09a7d8f78aadb127c8d","messageTitle":"Modifies HelpCommand class to include additional functions","messageBody":"","fileTypesAndContributionMap":{"functional-code":{"insertions":22,"deletions":1}}},{"hash":"efe31d8c8664b0f28d1f92dcc2e6abf48d21f8d3","messageTitle":"Reformats code","messageBody":"","fileTypesAndContributionMap":{"functional-code":{"insertions":12,"deletions":12}}},{"hash":"761b7e766ea8702a2f33d5949bc4a90d738d9216","messageTitle":"Add assertions to InvMgr class","messageBody":"","fileTypesAndContributionMap":{"functional-code":{"insertions":3,"deletions":1}}},{"hash":"5568423423f0f7cc6416cca2a8543ab3958ece29","messageTitle":"Adds assertions to Ui class","messageBody":"","fileTypesAndContributionMap":{"functional-code":{"insertions":1,"deletions":0}}}]},{"date":"2022-03-24","commitResults":[{"hash":"b1d02d4a2e935fb16693487774488d97763a366b","messageTitle":"Adds UI.puml file","messageBody":"","fileTypesAndContributionMap":{"docs":{"insertions":4,"deletions":0}}},{"hash":"8a7d157e00556f7a09786ee9574a74b1d9e265cc","messageTitle":"Updates DeveloperGuide.md and adds UiClassDiagram.puml and UiClassDiagram.png files","messageBody":"Updates DeveloperGuide.md with information on Ui component\n","fileTypesAndContributionMap":{"functional-code":{"insertions":1,"deletions":1},"docs":{"insertions":44,"deletions":3}}}]}],"lestersimjj":[{"date":"2022-03-05","commitResults":[{"hash":"0d5e355b25c2aa22f60b50c670a8c4418e57095b","messageTitle":"Updated docs/AboutUs with Lester\u0027s details","messageBody":"","fileTypesAndContributionMap":{"docs":{"insertions":7,"deletions":7}}}]},{"date":"2022-03-16","commitResults":[{"hash":"00b2b61168e99335fef4954b64d22d78e4043491","messageTitle":"Update Command abstract class.","messageBody":"Renamed ByeCommand to ExitCommand.\nUpdate InvMgr, HiCommand, ExitCommand to match Command abstract class required parameters\n","fileTypesAndContributionMap":{"functional-code":{"insertions":48,"deletions":19}}},{"hash":"0d09873659c9fcef4a3bd511b0aa8bfe32138523","messageTitle":"Update Command comments","messageBody":"","fileTypesAndContributionMap":{"functional-code":{"insertions":1,"deletions":1}}},{"hash":"d01e5b009e6c5f62ec3496c17ca45f32e34d2896","messageTitle":"Update Command Javadoc comments to match checkstyle","messageBody":"","fileTypesAndContributionMap":{"functional-code":{"insertions":4,"deletions":4}}},{"hash":"4476812334d3f75ddd42d1c30e20e4162e6fc4ee","messageTitle":"Update Item class","messageBody":"","fileTypesAndContributionMap":{"functional-code":{"insertions":13,"deletions":7}}},{"hash":"4246ba4de8c2cce59a0342822d28c9dba3321589","messageTitle":"Add DescCommand Class","messageBody":"Update Item class with .contains method to match an item\u0027s name with search term for DescCommand\nUpdate ItemList class with .contains method to find item in ItemList for DescCommand\n","fileTypesAndContributionMap":{"functional-code":{"insertions":68,"deletions":1}}},{"hash":"114ee6d3f2b68e04f88b570202a4b118f5aa4bd9","messageTitle":"Update DescCommand to match checkstyle standards","messageBody":"","fileTypesAndContributionMap":{"functional-code":{"insertions":2,"deletions":2}}},{"hash":"59ef6aa5ccd21b9b03aa99e99305cfa953982fb4","messageTitle":"Fixed #7.","messageBody":"Resolved the issue of: As a user who has not seen items physically, I want to get the description of a particular item.\n","fileTypesAndContributionMap":{"functional-code":{"insertions":1,"deletions":1}}},{"hash":"5d422ac3e45f038f621b171fe73f40cac8a68712","messageTitle":"Update Command Class.","messageBody":"Removed storage parameter.\n","fileTypesAndContributionMap":{"functional-code":{"insertions":4,"deletions":5}}},{"hash":"27ac8b130b3e64d30787a910cb12b509cf330ff3","messageTitle":"Update DescCommand Class","messageBody":"Changed the user input to search from a search string to an index\n","fileTypesAndContributionMap":{"functional-code":{"insertions":6,"deletions":24}}},{"hash":"018848c1a30cfc5a20d1f04a42af3e1d90108e1b","messageTitle":"Update DescCommand Class","messageBody":"Edited to include getItem from itemList\n","fileTypesAndContributionMap":{"functional-code":{"insertions":1,"deletions":1}}},{"hash":"24df6be02543be4856ecc64d21fd54435af11f3a","messageTitle":"Update DescCommand Class","messageBody":"Remove try, catch block\n","fileTypesAndContributionMap":{"functional-code":{"insertions":7,"deletions":11}}}]},{"date":"2022-03-17","commitResults":[{"hash":"bc92ca10dac8a6b47d84e586f65792018184d710","messageTitle":"Updated Item Class","messageBody":"Added getters for name and quantity of an Item\n","fileTypesAndContributionMap":{"functional-code":{"insertions":8,"deletions":0}}},{"hash":"ea197edf57289cd8315068357c06edab75ba9307","messageTitle":"Update DescCommand Class","messageBody":"Replace item.toString() with item.getName() method\n","fileTypesAndContributionMap":{"functional-code":{"insertions":1,"deletions":1}}},{"hash":"19fd5032ad41cdbe371d9d2cd66c02c1d049ffc9","messageTitle":"Add DescCommandTest","messageBody":"JUnit Test\n","fileTypesAndContributionMap":{"test-code":{"insertions":26,"deletions":0}}},{"hash":"e13baafcc439a062a828ad8cbc5535a72866384a","messageTitle":"Update DescCommand","messageBody":"Used item.getDescription() instead\n","fileTypesAndContributionMap":{"functional-code":{"insertions":1,"deletions":4}}},{"hash":"190faf865337ca7b8480625231af8a4e91000359","messageTitle":"Update DescCommandTest","messageBody":"Add assertEquals statements to test item methods are called correctly\n","fileTypesAndContributionMap":{"test-code":{"insertions":2,"deletions":9}}},{"hash":"71f448ad8ddbb4ef57d80bfcefe07db9807b24d8","messageTitle":"Update DescCommandTest","messageBody":"Removed unused libraries\n","fileTypesAndContributionMap":{"test-code":{"insertions":0,"deletions":4}}},{"hash":"c5072efac233bb0ab4d953769e1660beadf17601","messageTitle":"Add ItemTest Class as part of JUnit tests","messageBody":"","fileTypesAndContributionMap":{"test-code":{"insertions":21,"deletions":0}}},{"hash":"15ed52404fcf3c684096e768e88bddeb74b5875a","messageTitle":"Update ItemTest. Remove extra spacing in the last assertEquals statement","messageBody":"","fileTypesAndContributionMap":{"test-code":{"insertions":1,"deletions":1}}}]},{"date":"2022-03-24","commitResults":[{"hash":"d8d63aa5ac306a604adb32dd2e938cf8e41fde61","messageTitle":"Create diagrams and img directory in docs folder.","messageBody":"Create CommandDiagram\n","fileTypesAndContributionMap":{"docs":{"insertions":3,"deletions":0}}},{"hash":"89f67ea8e1d940da1e9394f99f229585614406c9","messageTitle":"Rename CommandSequenceDiagram and generate sample img","messageBody":"","fileTypesAndContributionMap":{"docs":{"insertions":9,"deletions":3}}},{"hash":"c2de035d594108208f74c69ac4af1260d05dc0b2","messageTitle":"Update user stories on DeveloperGuide docs","messageBody":"","fileTypesAndContributionMap":{"docs":{"insertions":9,"deletions":4}}},{"hash":"c443109e931d752d601a4f5ec51fd18ac281e7e3","messageTitle":"Add DescCommandSequenceDiagram","messageBody":"Remove CommandSequenceDiagram\n","fileTypesAndContributionMap":{"docs":{"insertions":39,"deletions":9}}},{"hash":"ec6d46027537d7f76dad8ee45fffe90f1c0ddbf6","messageTitle":"Update DescCommandSequenceDiagram to add parameter types","messageBody":"","fileTypesAndContributionMap":{"docs":{"insertions":7,"deletions":5}}},{"hash":"d1502d54a36d3d1201fd0766b954881e04fa60bb","messageTitle":"Replace CommandSequenceDiagram with CommandClassDiagram","messageBody":"","fileTypesAndContributionMap":{"docs":{"insertions":45,"deletions":0}}},{"hash":"6506a1c9015a8849af581b68533a9f5c78168fdb","messageTitle":"Update to DeveloperGuide","messageBody":"Add guide on Command and DescCommand\n","fileTypesAndContributionMap":{"docs":{"insertions":12,"deletions":1}}}]},{"date":"2022-03-30","commitResults":[{"hash":"a2ea38ac42231261bdf0d8134198995da97ec01b","messageTitle":"Update UserGuide","messageBody":"Add desc and borrow\n","fileTypesAndContributionMap":{"docs":{"insertions":42,"deletions":5}}},{"hash":"3373eb9826564a3f44d6d4db4e86aa9fea29f675","messageTitle":"Update UserGuide on borrow and list commands","messageBody":"","fileTypesAndContributionMap":{"docs":{"insertions":61,"deletions":9}}},{"hash":"a22dead6887eef3e350ef0d16d630f5b786ef78d","messageTitle":"Update UserGuide. Reorder flow of commands on UserGuide.","messageBody":"","fileTypesAndContributionMap":{"docs":{"insertions":50,"deletions":51}}},{"hash":"81d889573210aa49d542221c83996cb502b8abc6","messageTitle":"Add BorrowCommand","messageBody":"","fileTypesAndContributionMap":{"functional-code":{"insertions":27,"deletions":0}}},{"hash":"f3a52bb2d6227a76d2b5da9c74266431449f83d0","messageTitle":"Add BorrowRecord","messageBody":"","fileTypesAndContributionMap":{"functional-code":{"insertions":13,"deletions":0}}},{"hash":"942eb2241c87de6f492b8ccfcbc5988e5f9a7586","messageTitle":"Update BorrowCommand","messageBody":"","fileTypesAndContributionMap":{"functional-code":{"insertions":4,"deletions":2}}},{"hash":"f2a266ba34198729114a739dd246849e1922dd91","messageTitle":"Update ItemList and Item to allow adding of borrow records","messageBody":"","fileTypesAndContributionMap":{"functional-code":{"insertions":20,"deletions":2}}},{"hash":"d81d39a2956eddc1f23bb59e939d9e02d473e7ea","messageTitle":"Update Item. Initialise borrowRecords.","messageBody":"","fileTypesAndContributionMap":{"functional-code":{"insertions":1,"deletions":1}}},{"hash":"e67189a7ab9fe1b442278c955847079246b2dd76","messageTitle":"Add BorrowCommandTest","messageBody":"","fileTypesAndContributionMap":{"test-code":{"insertions":26,"deletions":0}}},{"hash":"c8de7916c094de60e29614ee40956278b4874633","messageTitle":"Update date type from String to LocalDate","messageBody":"","fileTypesAndContributionMap":{"functional-code":{"insertions":10,"deletions":7},"test-code":{"insertions":1,"deletions":1}}},{"hash":"1d8e42d812b513fbd5e9c2fdf733c0c4eb488622","messageTitle":"Update UserGuide for Borrow dates to match format YYYY-MM-DD","messageBody":"","fileTypesAndContributionMap":{"docs":{"insertions":8,"deletions":8}}},{"hash":"3753e0374f7389eb567c3d21628ee21513221609","messageTitle":"Update to match checkstyle requirements","messageBody":"","fileTypesAndContributionMap":{"functional-code":{"insertions":5,"deletions":5}}},{"hash":"c2e330635fde59e0c6bfc0ea2a5800e70ce68766","messageTitle":"Renamed variables to match checkstyle requirements","messageBody":"","fileTypesAndContributionMap":{"functional-code":{"insertions":9,"deletions":9}}},{"hash":"e9f3ceab1125540958f0a134aef09c6043966771","messageTitle":"Update BorrowCommand to match checkstyle requirements","messageBody":"","fileTypesAndContributionMap":{"functional-code":{"insertions":3,"deletions":3}}},{"hash":"c736b3f976d0b321494b4bbd0f80a3dfc5dafc0a","messageTitle":"Update BorrowRecord to meet checkstyle requirements.","messageBody":"","fileTypesAndContributionMap":{"functional-code":{"insertions":3,"deletions":3}}},{"hash":"63cba4abe809c44854ed3c1e359dc550235d1b26","messageTitle":"Update StorageTest to reflect new directory","messageBody":"","fileTypesAndContributionMap":{"test-code":{"insertions":3,"deletions":3}}},{"hash":"27cdf9a555e6c78df63512a61fff42f690753a0d","messageTitle":"Refactor writeData_ test methods to saveData_","messageBody":"","fileTypesAndContributionMap":{"test-code":{"insertions":2,"deletions":2}}}]},{"date":"2022-03-31","commitResults":[{"hash":"abd3395c95ea7d9965517cd09b780a42b3e09dc4","messageTitle":"Update BorrowRecord to include BorrowStatus","messageBody":"","fileTypesAndContributionMap":{"functional-code":{"insertions":23,"deletions":2},"test-code":{"insertions":2,"deletions":1}}},{"hash":"3e908dfd3f03f61fcd8c15511ca9556a7fa8e186","messageTitle":"Add string constants to BorrowCommand","messageBody":"","fileTypesAndContributionMap":{"functional-code":{"insertions":7,"deletions":0}}},{"hash":"4f109c67199f8f1f00a01c2bd83d546c84bff2b4","messageTitle":"Add BorrowCommand into InputParser","messageBody":"","fileTypesAndContributionMap":{"functional-code":{"insertions":4,"deletions":0}}},{"hash":"0caa7ae146ef75cfce692a33fad5a34ae3aca20c","messageTitle":"Update to CliSyntax for borrow command","messageBody":"","fileTypesAndContributionMap":{"functional-code":{"insertions":3,"deletions":0}}},{"hash":"375d1b636ec56d7eba17645deaeea50e25c3f51c","messageTitle":"Override equals method for BorrowCommand.","messageBody":"Add to BorrowCommandTest to test for equality too.\n","fileTypesAndContributionMap":{"functional-code":{"insertions":10,"deletions":1},"test-code":{"insertions":9,"deletions":1}}},{"hash":"1b9253f7303bf37f642925ffd90dfc7c4e4a09af","messageTitle":"Add itemIndex to CliSyntax to detect user input","messageBody":"","fileTypesAndContributionMap":{"functional-code":{"insertions":1,"deletions":0}}},{"hash":"abc4462f8e24fc4fac762d23cabaa6fe61c529dd","messageTitle":"Add BorrowCommandParser","messageBody":"","fileTypesAndContributionMap":{"functional-code":{"insertions":45,"deletions":0}}},{"hash":"2e59b990bc25858197ba8702db3ab3f9dbd2bdd9","messageTitle":"Add BorrowCommandParserTest.","messageBody":"Add static variables to ParserStubs to support testing for borrowing.\n","fileTypesAndContributionMap":{"test-code":{"insertions":30,"deletions":1}}},{"hash":"32c5c585049ab0df1a94d988ff280e1707a33dbe","messageTitle":"Edit CliSyntax prefix from \"/n\" to \"n/\"","messageBody":"","fileTypesAndContributionMap":{"functional-code":{"insertions":8,"deletions":8}}},{"hash":"980ff87dcb577974edc1617c0d8f3636ccc323b5","messageTitle":"Update BorrowCommandParserTest.","messageBody":"Removed unnecessary imports.\n","fileTypesAndContributionMap":{"test-code":{"insertions":0,"deletions":1}}},{"hash":"578e5a1cedef2b924fe9506a0decc06144cd71f0","messageTitle":"Update UserGuide for Borrow and List Current Borrowings commands","messageBody":"","fileTypesAndContributionMap":{"docs":{"insertions":8,"deletions":8}}},{"hash":"b111913a9c004a991b79ad454f507b1eb462535a","messageTitle":"Update UserGuide for List Current Borrowings command","messageBody":"","fileTypesAndContributionMap":{"docs":{"insertions":7,"deletions":7}}},{"hash":"76b710bf377a23755df5c8f55d6a7bcddea6514a","messageTitle":"Update BorrowCommand to print output","messageBody":"","fileTypesAndContributionMap":{"functional-code":{"insertions":15,"deletions":5}}},{"hash":"b8f32801d01bfa7e2b58900f59dc1b1daee480c7","messageTitle":"Update BorrowCommand and BorrowCommandParser to follow checkstyle requirements.","messageBody":"","fileTypesAndContributionMap":{"functional-code":{"insertions":18,"deletions":6}}},{"hash":"b02ada46e0f7cb1a274bae39b46d7fd07df16f7f","messageTitle":"Update BorrowCommand to follow checkstyle requirements","messageBody":"","fileTypesAndContributionMap":{"functional-code":{"insertions":4,"deletions":4}}},{"hash":"c14f5dc7e8db93094f6d498a3e592ae6543896a9","messageTitle":"Update UserGuide on date format to be YYYY-MM-DD","messageBody":"","fileTypesAndContributionMap":{"docs":{"insertions":14,"deletions":14}}},{"hash":"7008737a1719921e488c92a4cb71ab0942e492e7","messageTitle":"Update print format of BorrowCommand","messageBody":"","fileTypesAndContributionMap":{"functional-code":{"insertions":1,"deletions":2}}},{"hash":"0f1417b6dca8d0ba76b8be7335ae2d5bda7f1619","messageTitle":"Update BorrowCommand, BorrowCommandParser to ensure date is in correct format","messageBody":"Date format: YYYY-MM-DD\n","fileTypesAndContributionMap":{"functional-code":{"insertions":29,"deletions":10},"test-code":{"insertions":15,"deletions":7}}},{"hash":"b0af6492c0c8e7967fe4dce6c91968918027fbf6","messageTitle":"Update BorrowRecord to include spaces for getBorrowDuration method","messageBody":"","fileTypesAndContributionMap":{"functional-code":{"insertions":1,"deletions":1}}},{"hash":"cf6176d37781f19ff095686fc704d69921ddfae2","messageTitle":"Update ParserUtils to follow checkstyle requirements","messageBody":"","fileTypesAndContributionMap":{"functional-code":{"insertions":1,"deletions":2}}},{"hash":"68bc1f0e5af93b65c6bf7db1ce4e97660250f501","messageTitle":"Update BorrowCommand to utilise methods in BorrowRecord for Ui","messageBody":"","fileTypesAndContributionMap":{"functional-code":{"insertions":2,"deletions":2}}},{"hash":"817f37034c51e246d1cfac8c87e155f4fd04a30c","messageTitle":"Add ListCurrentBorrowingsCommand, ListCurrentBorrowingsCommandTest","messageBody":"","fileTypesAndContributionMap":{"functional-code":{"insertions":52,"deletions":0},"test-code":{"insertions":21,"deletions":0}}},{"hash":"1d5aed83c4eb3351c041ecd08d50022801ae43d3","messageTitle":"Update ListCurrentBorrowingsCommand, ListCurrentBorrowingsCommandTest","messageBody":"","fileTypesAndContributionMap":{"functional-code":{"insertions":3,"deletions":2},"test-code":{"insertions":21,"deletions":5}}}]}],"cheshire-doge":[{"date":"2022-03-10","commitResults":[{"hash":"45af901bede1e5ed867b3c9a305622ebe7688509","messageTitle":"Changed Clarence\u0027s AboutUs","messageBody":"","fileTypesAndContributionMap":{"docs":{"insertions":1,"deletions":1}}},{"hash":"654dec11ebae8b2d70dad34461c8bd99095055cb","messageTitle":"Revert \"Changed Clarence\u0027s AboutUs\"","messageBody":"This reverts commit 45af901bede1e5ed867b3c9a305622ebe7688509.\n","fileTypesAndContributionMap":{"docs":{"insertions":1,"deletions":1}}},{"hash":"ae6bbcac3f9a48dfbac61447452cd724a5f14a4b","messageTitle":"Updated docs/AboutUs with Clarence\u0027s details","messageBody":"","fileTypesAndContributionMap":{"docs":{"insertions":1,"deletions":1}}},{"hash":"c7d12107ead1715b61991c6897f5965120a175bd","messageTitle":"Resolve merge conflict with Clarence\u0027s AboutUs","messageBody":"","fileTypesAndContributionMap":{"docs":{"insertions":1,"deletions":1}}}]},{"date":"2022-03-16","commitResults":[{"hash":"f31cebd8bfa7292c2f7509fc74fbfb0d64b44119","messageTitle":"Modified Parser Class to take in various user commands","messageBody":"","fileTypesAndContributionMap":{"functional-code":{"insertions":51,"deletions":3}}},{"hash":"b59fd7d7399171fbc50030b04ab7563bbedbee4b","messageTitle":"Added ListCommand","messageBody":"","fileTypesAndContributionMap":{"functional-code":{"insertions":23,"deletions":0}}},{"hash":"447f36cf70a1b2cf39792705f863a0ed1bf11754","messageTitle":"Modified ListCommand for ItemList getItem and getSize methods","messageBody":"","fileTypesAndContributionMap":{"functional-code":{"insertions":2,"deletions":2}}}]},{"date":"2022-03-17","commitResults":[{"hash":"27c45722c7d6f7cf236456d941d04ebbc3196bbf","messageTitle":"Modified ListCommand","messageBody":"","fileTypesAndContributionMap":{"functional-code":{"insertions":1,"deletions":1}}},{"hash":"8edd496ec1b35647fcf6270c32656ea60d8fad8f","messageTitle":"Modified Parser Class to remove error from ListCommand","messageBody":"","fileTypesAndContributionMap":{"functional-code":{"insertions":0,"deletions":1}}},{"hash":"a483229f14465f0de1bfb9fc46acc689cfc3cf95","messageTitle":"Resolved further issues with Parser","messageBody":"","fileTypesAndContributionMap":{"functional-code":{"insertions":1,"deletions":11}}},{"hash":"4b55b932462400ff9f528345fddeed69dac31216","messageTitle":"Modify Parser, Messages, InvMgr and ListCommand to deal with invalid user commands","messageBody":"","fileTypesAndContributionMap":{"functional-code":{"insertions":18,"deletions":11}}},{"hash":"497aa9b8d0a45dc037f7c3c263395f83ab29753b","messageTitle":"Add JavaDocs to ListCommand and Parser","messageBody":"","fileTypesAndContributionMap":{"functional-code":{"insertions":49,"deletions":4}}},{"hash":"740a6712a1886b9b450973e79c7478d022bac7bd","messageTitle":"Modify JavaDocs for Parser","messageBody":"","fileTypesAndContributionMap":{"functional-code":{"insertions":0,"deletions":4}}},{"hash":"ec13503eed2eda21a348d6fa7c8795dc49c51428","messageTitle":"Further edit to Parser","messageBody":"","fileTypesAndContributionMap":{"functional-code":{"insertions":1,"deletions":1}}},{"hash":"3a24bdb7e0f337488db867b5e43e7d8316410ae9","messageTitle":"Add assertions into Parser","messageBody":"","fileTypesAndContributionMap":{"functional-code":{"insertions":25,"deletions":3}}},{"hash":"cbc5bce64bf7566d1d782ff4bb180c56ae61613f","messageTitle":"Fixes #44 getDesc method in Parser","messageBody":"","fileTypesAndContributionMap":{"functional-code":{"insertions":1,"deletions":1}}}]},{"date":"2022-03-24","commitResults":[{"hash":"8b525ca5c5f8c8a03b1f9dd9c7ab71bbbb9bd599","messageTitle":"Add Parser Component to DG with ParserClassDiagram","messageBody":"","fileTypesAndContributionMap":{"docs":{"insertions":50,"deletions":0}}},{"hash":"edd5fedc91686cb088e9ec5285ab94203c428668","messageTitle":"Add ListCommand to DG with ListCommandSequenceDiagram","messageBody":"","fileTypesAndContributionMap":{"docs":{"insertions":59,"deletions":3}}},{"hash":"34a65a086dff9a02852d804be43928ead64ada9b","messageTitle":"Deconflict merging branch to master","messageBody":"","fileTypesAndContributionMap":{"docs":{"insertions":21,"deletions":21}}}]}]},"authorFileTypeContributionMap":{"IncompetentDev":{"docs":401,"functional-code":1124,"test-code":718,"other":4},"quitejasper":{"docs":213,"functional-code":277,"test-code":118},"chihyingho":{"docs":36,"functional-code":122,"test-code":0},"lestersimjj":{"docs":217,"functional-code":347,"test-code":149},"cheshire-doge":{"docs":106,"functional-code":34,"test-code":0}},"authorContributionVariance":{"IncompetentDev":37329.355,"quitejasper":3306.7214,"chihyingho":675.6696,"lestersimjj":9438.192,"cheshire-doge":1063.4263},"authorDisplayNameMap":{"IncompetentDev":"CS2113-F10-2 KANG..HERN","quitejasper":"CS2113-F10-2 JASP..-EAN","chihyingho":"CS2113-F10-2 HO C..YING","lestersimjj":"CS2113-F10-2 LEST.. JUN","cheshire-doge":"CS2113-F10-2 CLAR.. HOW"}}
