{"authorDailyContributionsMap":{"IncompetentDev":[{"date":"2022-03-04","commitResults":[{"hash":"336e48e8d3be66b9e92aae3893d28df93783db75","messageTitle":"Updated docs/aboutus.md","messageBody":"","fileTypesAndContributionMap":{"docs":{"insertions":4,"deletions":4}}}]},{"date":"2022-03-09","commitResults":[{"hash":"259f087476ab908f42c6c60ef5b70563eea35a9e","messageTitle":"Added Github profile information and name","messageBody":"","fileTypesAndContributionMap":{"docs":{"insertions":7,"deletions":7}}}]},{"date":"2022-03-15","commitResults":[{"hash":"697056c12dee89b1dbb7b3fe563e6659eed4c632","messageTitle":"Added skeleton for application","messageBody":"Added GSON to build.gradle dependencies; Created various skeleton files for the application\n","fileTypesAndContributionMap":{"functional-code":{"insertions":176,"deletions":11},"other":{"insertions":1,"deletions":0}}},{"hash":"bdd26e0e4cbe2fb71d1dfdeab32855dcc8969aa0","messageTitle":"Packaged files and renamed Duke to InvMgr","messageBody":"","fileTypesAndContributionMap":{"functional-code":{"insertions":6,"deletions":6},"other":{"insertions":18,"deletions":10}}},{"hash":"e64c47cd18909601a6032b398cf5fb2c560cdc85","messageTitle":"Added execute statement for Commands in InvMgr","messageBody":"","fileTypesAndContributionMap":{"functional-code":{"insertions":1,"deletions":0}}},{"hash":"6bff43c3dcf47cbb8eff4a7db6487aaf9782f556","messageTitle":"Changed main class name in gradle build file; Updated test inputs and outputs","messageBody":"","fileTypesAndContributionMap":{"other":{"insertions":2,"deletions":2}}}]}],"quitejasper":[{"date":"2022-03-04","commitResults":[{"hash":"3054f668294beb41775895701473f9b78f4fc7a8","messageTitle":"[AboutUs.md] editted first line of members with Jasper","messageBody":"","fileTypesAndContributionMap":{"docs":{"insertions":7,"deletions":7}}},{"hash":"de6dbbf2ea30e1a330f9a542834d4bc995d3a816","messageTitle":"Revert \"[AboutUs.md] editted first line of members with Jasper\"","messageBody":"This reverts commit 3054f668294beb41775895701473f9b78f4fc7a8.\n","fileTypesAndContributionMap":{"docs":{"insertions":7,"deletions":7}}}]},{"date":"2022-03-05","commitResults":[{"hash":"5af9f3270bec72cd03ea232c334fcf4b96c05b36","messageTitle":"Updated first row of AboutUs.md with Jasper\u0027s details","messageBody":"","fileTypesAndContributionMap":{"docs":{"insertions":7,"deletions":7}}}]},{"date":"2022-03-10","commitResults":[{"hash":"b42906753738cf96162be5caa9a11f3114e669e6","messageTitle":"Update AboutUs.md","messageBody":"","fileTypesAndContributionMap":{"docs":{"insertions":1,"deletions":1}}}]}],"chihyingho":[{"date":"2022-03-10","commitResults":[{"hash":"3cdf55c91b07509c2e07e2ce6c4ba07ba708f601","messageTitle":"Edited docs/AboutUs.md to include personal profile","messageBody":"","fileTypesAndContributionMap":{"docs":{"insertions":2,"deletions":2}}}]}],"lestersimjj":[{"date":"2022-03-05","commitResults":[{"hash":"0d5e355b25c2aa22f60b50c670a8c4418e57095b","messageTitle":"Updated docs/AboutUs with Lester\u0027s details","messageBody":"","fileTypesAndContributionMap":{"docs":{"insertions":7,"deletions":7}}}]}],"cheshire-doge":[{"date":"2022-03-10","commitResults":[{"hash":"45af901bede1e5ed867b3c9a305622ebe7688509","messageTitle":"Changed Clarence\u0027s AboutUs","messageBody":"","fileTypesAndContributionMap":{"docs":{"insertions":1,"deletions":1}}},{"hash":"654dec11ebae8b2d70dad34461c8bd99095055cb","messageTitle":"Revert \"Changed Clarence\u0027s AboutUs\"","messageBody":"This reverts commit 45af901bede1e5ed867b3c9a305622ebe7688509.\n","fileTypesAndContributionMap":{"docs":{"insertions":1,"deletions":1}}},{"hash":"ae6bbcac3f9a48dfbac61447452cd724a5f14a4b","messageTitle":"Updated docs/AboutUs with Clarence\u0027s details","messageBody":"","fileTypesAndContributionMap":{"docs":{"insertions":1,"deletions":1}}},{"hash":"c7d12107ead1715b61991c6897f5965120a175bd","messageTitle":"Resolve merge conflict with Clarence\u0027s AboutUs","messageBody":"","fileTypesAndContributionMap":{"docs":{"insertions":1,"deletions":1}}}]}]},"authorFileTypeContributionMap":{"IncompetentDev":{"docs":4,"functional-code":187,"test-code":0,"other":3},"quitejasper":{"docs":2,"functional-code":0,"test-code":0},"chihyingho":{"docs":1,"functional-code":0,"test-code":0},"lestersimjj":{"docs":0,"functional-code":0,"test-code":0},"cheshire-doge":{"docs":1,"functional-code":0,"test-code":0}},"authorContributionVariance":{"IncompetentDev":2001.8477,"quitejasper":34.982243,"chihyingho":0.5917159,"lestersimjj":7.248523,"cheshire-doge":2.3668635},"authorDisplayNameMap":{"IncompetentDev":"CS2113-F10-2 KANG..HERN","quitejasper":"CS2113-F10-2 JASP..-EAN","chihyingho":"CS2113-F10-2 HO C..YING","lestersimjj":"CS2113-F10-2 LEST.. JUN","cheshire-doge":"CS2113-F10-2 CLAR.. HOW"}}
