{"authorDailyContributionsMap":{"IncompetentDev":[],"quitejasper":[],"chihyingho":[],"lestersimjj":[],"cheshire-doge":[]},"authorFileTypeContributionMap":{"IncompetentDev":{"docs":0,"functional-code":0,"test-code":0},"quitejasper":{"docs":0,"functional-code":0,"test-code":0},"chihyingho":{"docs":0,"functional-code":0,"test-code":0},"lestersimjj":{"docs":0,"functional-code":0,"test-code":0},"cheshire-doge":{"docs":0,"functional-code":0,"test-code":0}},"authorContributionVariance":{"IncompetentDev":0.0,"quitejasper":0.0,"chihyingho":0.0,"lestersimjj":0.0,"cheshire-doge":0.0},"authorDisplayNameMap":{"IncompetentDev":"CS2113-F10-2 KANG..HERN","quitejasper":"CS2113-F10-2 JASP..-EAN","chihyingho":"CS2113-F10-2 HO C..YING","lestersimjj":"CS2113-F10-2 LEST.. JUN","cheshire-doge":"CS2113-F10-2 CLAR.. HOW"}}
