{"authorDailyContributionsMap":{"IncompetentDev":[{"date":"2022-03-04","commitResults":[{"hash":"336e48e8d3be66b9e92aae3893d28df93783db75","messageTitle":"Updated docs/aboutus.md","messageBody":"","fileTypesAndContributionMap":{"docs":{"insertions":4,"deletions":4}}}]},{"date":"2022-03-09","commitResults":[{"hash":"259f087476ab908f42c6c60ef5b70563eea35a9e","messageTitle":"Added Github profile information and name","messageBody":"","fileTypesAndContributionMap":{"docs":{"insertions":7,"deletions":7}}}]},{"date":"2022-03-15","commitResults":[{"hash":"697056c12dee89b1dbb7b3fe563e6659eed4c632","messageTitle":"Added skeleton for application","messageBody":"Added GSON to build.gradle dependencies; Created various skeleton files for the application\n","fileTypesAndContributionMap":{"functional-code":{"insertions":176,"deletions":11},"other":{"insertions":1,"deletions":0}}},{"hash":"bdd26e0e4cbe2fb71d1dfdeab32855dcc8969aa0","messageTitle":"Packaged files and renamed Duke to InvMgr","messageBody":"","fileTypesAndContributionMap":{"functional-code":{"insertions":6,"deletions":6},"other":{"insertions":18,"deletions":10}}},{"hash":"e64c47cd18909601a6032b398cf5fb2c560cdc85","messageTitle":"Added execute statement for Commands in InvMgr","messageBody":"","fileTypesAndContributionMap":{"functional-code":{"insertions":1,"deletions":0}}},{"hash":"6bff43c3dcf47cbb8eff4a7db6487aaf9782f556","messageTitle":"Changed main class name in gradle build file; Updated test inputs and outputs","messageBody":"","fileTypesAndContributionMap":{"other":{"insertions":2,"deletions":2}}}]},{"date":"2022-03-16","commitResults":[{"hash":"9783c2ec7894cd9b89bb7de781459e162dd730e8","messageTitle":"Storage class: add ability to store inventory list","messageBody":"","fileTypesAndContributionMap":{"functional-code":{"insertions":99,"deletions":7},"test-code":{"insertions":2,"deletions":0}}},{"hash":"723b4dca9c6592d943894e7a1d2e9c20760c172f","messageTitle":"Command: Fix execute function signature","messageBody":"","fileTypesAndContributionMap":{"functional-code":{"insertions":5,"deletions":4}}},{"hash":"eee8198bc2125bd3f2b8e1456f2dd34c56e08a35","messageTitle":"Implement JUnit tests for writing to datafile","messageBody":"","fileTypesAndContributionMap":{"functional-code":{"insertions":5,"deletions":1},"test-code":{"insertions":62,"deletions":1}}},{"hash":"3440791e8421162f8133adbacc1e8aa292b1e496","messageTitle":"Storage: Add load from Json file StorageTest: Add JUnit test for loading Json file","messageBody":"","fileTypesAndContributionMap":{"functional-code":{"insertions":56,"deletions":16},"test-code":{"insertions":55,"deletions":7}}}]},{"date":"2022-03-17","commitResults":[{"hash":"fd01b740ee2de6ea6f8041b287027d74bbc7fc67","messageTitle":"Fixed checkstyle errors","messageBody":"","fileTypesAndContributionMap":{"functional-code":{"insertions":0,"deletions":1},"test-code":{"insertions":9,"deletions":9}}},{"hash":"57074ca23684ff8eaf0e7ab62f11e1d87b8899a2","messageTitle":"Fix coding violations Fixes #32","messageBody":"","fileTypesAndContributionMap":{"functional-code":{"insertions":22,"deletions":16}}},{"hash":"aa021e1d51115a86c9318e9de0952c1fe751779a","messageTitle":"Remove some unused imports","messageBody":"","fileTypesAndContributionMap":{"functional-code":{"insertions":0,"deletions":4},"test-code":{"insertions":0,"deletions":4}}},{"hash":"e056007470f1e9b37606b0e8a0048b761bf5e54b","messageTitle":"StorageTest: Fix typos in function name and data types","messageBody":"","fileTypesAndContributionMap":{"test-code":{"insertions":5,"deletions":5}}},{"hash":"476f63350bbb0420b69e30b9d7bb4296bc86fa84","messageTitle":"Add storing items after each execution loop Create getItemArrayList in ItemList to pass into Storage","messageBody":"","fileTypesAndContributionMap":{"functional-code":{"insertions":12,"deletions":8}}},{"hash":"ee3a892d020815fb55c315c5ae6a1852cba65d34","messageTitle":"Update issue templates","messageBody":"","fileTypesAndContributionMap":{"docs":{"insertions":27,"deletions":0}}}]},{"date":"2022-03-24","commitResults":[{"hash":"290f940e162277c8bb2dd331c3c4e4e1cd028530","messageTitle":"Refactor writeData() and loadData() methods to save() and load() respectively","messageBody":"","fileTypesAndContributionMap":{"functional-code":{"insertions":4,"deletions":4}}},{"hash":"aeec68fd8d71e91050d60e4c46a8d20534622a17","messageTitle":"Commit test files after refactor","messageBody":"","fileTypesAndContributionMap":{"test-code":{"insertions":5,"deletions":5}}},{"hash":"291ad44bdbd41315dae7601f821f48d9bb319bf3","messageTitle":"Refractor getAbsolutePath() to validatePathExists()","messageBody":"","fileTypesAndContributionMap":{"functional-code":{"insertions":3,"deletions":3}}},{"hash":"04436b1998dd8384c948f577d5bb6d485749fc2c","messageTitle":"Add Storage sequence diagrams","messageBody":"","fileTypesAndContributionMap":{"docs":{"insertions":79,"deletions":0}}},{"hash":"c4e03c7ece6ec341ae6b7d84b195e334aa2b7cce","messageTitle":"Add Storage class diagrams","messageBody":"","fileTypesAndContributionMap":{"docs":{"insertions":27,"deletions":0}}},{"hash":"5c493409646f19c7a3d417c1478093454aa2202d","messageTitle":"Hide icon in class diagram","messageBody":"","fileTypesAndContributionMap":{"docs":{"insertions":1,"deletions":0}}},{"hash":"16253b52055c67ce5d4461fca5f0aecf1b684667","messageTitle":"Add documentation for Storage Fix return data type of save() in UML diagram StorageSaveSequenceDiagram","messageBody":"","fileTypesAndContributionMap":{"docs":{"insertions":39,"deletions":3}}},{"hash":"1342fa3e8166358be3f510382e9ed03e46d039ef","messageTitle":"Fix missing information in DevGuide","messageBody":"","fileTypesAndContributionMap":{"docs":{"insertions":5,"deletions":1}}}]},{"date":"2022-03-25","commitResults":[{"hash":"6ae892d873cc6b667c4fc2f31b4d417aab33395b","messageTitle":"Add Storage class diagram Add Storage component under DeveloperGuide for design Fix dataype for StorageSaveSequenceDiagram","messageBody":"","fileTypesAndContributionMap":{"docs":{"insertions":30,"deletions":8}}},{"hash":"87f3f8953c3f167894981332dce3147e738a6e89","messageTitle":"Add application launch diagrams and documentation","messageBody":"","fileTypesAndContributionMap":{"docs":{"insertions":70,"deletions":0}}},{"hash":"61a885131b36ed7336e3f525fcb4772afd596a70","messageTitle":"Fix formatting error for devguide","messageBody":"","fileTypesAndContributionMap":{"docs":{"insertions":1,"deletions":0}}}]},{"date":"2022-03-29","commitResults":[{"hash":"4bdf158438af91daca037f0cbee9559e7c9a077c","messageTitle":"Enable assertions on Gradle-built jar","messageBody":"","fileTypesAndContributionMap":{"other":{"insertions":1,"deletions":0}}},{"hash":"5ae9de783d404477b3d79e73fb1896dbcc7703e0","messageTitle":"Adopt AB3 Parser code into InvMgr","messageBody":"Parser does not allow for variable number of arguments.\n\nThis prevents edit/search commands from being meaningful.\n\nLet\u0027s,\n- Allow Parser to parse variable number of arguments\n- Make arguments order-insensitive for user convenience\n","fileTypesAndContributionMap":{"functional-code":{"insertions":517,"deletions":115}}},{"hash":"2d489c2bf4aa0e22d2d9cf7038a7bd0829d11644","messageTitle":"Fix checkstyle errors","messageBody":"","fileTypesAndContributionMap":{"functional-code":{"insertions":13,"deletions":15}}},{"hash":"2355b6fbf8b83eef34762c5212c6439721c77276","messageTitle":"Fix COMMAND_WORD for ExitCommand","messageBody":"","fileTypesAndContributionMap":{"functional-code":{"insertions":1,"deletions":1}}}]},{"date":"2022-03-30","commitResults":[{"hash":"7e0549d995a2cbfe92ea61584d537feb2a7e279f","messageTitle":"Add Edit Command","messageBody":"","fileTypesAndContributionMap":{"functional-code":{"insertions":163,"deletions":28}}},{"hash":"aa9da3f4578411e03c24577fc361a8b971e6de09","messageTitle":"Fix checkstyle errors","messageBody":"","fileTypesAndContributionMap":{"functional-code":{"insertions":23,"deletions":15}}},{"hash":"da91d45a40fecda8ba7429722cb9fed4e8223b39","messageTitle":"Add Search Command","messageBody":"","fileTypesAndContributionMap":{"functional-code":{"insertions":100,"deletions":0}}},{"hash":"b5d5ece4c50f6813856c19075415ef9a154cc3b0","messageTitle":"Fix checkstyle errors","messageBody":"","fileTypesAndContributionMap":{"functional-code":{"insertions":4,"deletions":6}}}]}],"quitejasper":[{"date":"2022-03-04","commitResults":[{"hash":"3054f668294beb41775895701473f9b78f4fc7a8","messageTitle":"[AboutUs.md] editted first line of members with Jasper","messageBody":"","fileTypesAndContributionMap":{"docs":{"insertions":7,"deletions":7}}},{"hash":"de6dbbf2ea30e1a330f9a542834d4bc995d3a816","messageTitle":"Revert \"[AboutUs.md] editted first line of members with Jasper\"","messageBody":"This reverts commit 3054f668294beb41775895701473f9b78f4fc7a8.\n","fileTypesAndContributionMap":{"docs":{"insertions":7,"deletions":7}}}]},{"date":"2022-03-05","commitResults":[{"hash":"5af9f3270bec72cd03ea232c334fcf4b96c05b36","messageTitle":"Updated first row of AboutUs.md with Jasper\u0027s details","messageBody":"","fileTypesAndContributionMap":{"docs":{"insertions":7,"deletions":7}}}]},{"date":"2022-03-10","commitResults":[{"hash":"b42906753738cf96162be5caa9a11f3114e669e6","messageTitle":"Update AboutUs.md","messageBody":"","fileTypesAndContributionMap":{"docs":{"insertions":1,"deletions":1}}}]},{"date":"2022-03-16","commitResults":[{"hash":"289cb315b2a8383bf671704a8f4291c0987c3b79","messageTitle":"Add AddCommand Class","messageBody":"AddCommand Class is a subclass of Command Class, created only when a\nuser uses the keyword \"add\" at the front of his input.\n\nAddCommand will converse with ItemList to add an item into the itemList\nattribute, and will then converse with Ui to show an output.\n\nResolves: #8\n","fileTypesAndContributionMap":{"functional-code":{"insertions":22,"deletions":0}}},{"hash":"6e7c6603b61b92358397c421b50dc40b1b86b245","messageTitle":"Add DeleteCommand Class","messageBody":"DeleteCommand Class is a subclass of Command Class, created only when a\nuser uses the keyword \"delete\" at the front of his input.\n\nDeleteCommand will converse with ItemList to remove an item from the\nitemList attribute, and will then converse with Ui to show an output.\n\nResolves: #10\n","fileTypesAndContributionMap":{"functional-code":{"insertions":22,"deletions":0}}},{"hash":"236187944923c9f283a7100d2f6bfaddba75a657","messageTitle":"Update DeleteCommand Class","messageBody":"Minor change in curly braces which failed CI/CD format checks\n","fileTypesAndContributionMap":{"functional-code":{"insertions":1,"deletions":1}}},{"hash":"408ab925e0e57448fa900706a6d9da721b9e130b","messageTitle":"Update JavaDoc","messageBody":"Added documentation for AddCommand Class.\n","fileTypesAndContributionMap":{"functional-code":{"insertions":7,"deletions":0}}},{"hash":"b27d4066dee3b9207386ccecaf9e87f37b39d899","messageTitle":"Update JavaDoc","messageBody":"Added documentation for DeleteCommand Class\n","fileTypesAndContributionMap":{"functional-code":{"insertions":7,"deletions":0}}},{"hash":"337ede4f34e1207a40ce936b3c9c164e5d6540c3","messageTitle":"Update AddCommand Class","messageBody":"Parameters for execute method were in reverse.\n\nLet\u0027s reorder the parameters to follow that of abstract execute method\nin Command Class\n","fileTypesAndContributionMap":{"functional-code":{"insertions":1,"deletions":1}}},{"hash":"51acc6da09f24235aef9ef4473aa17272c6a2789","messageTitle":"Update DeleteCommand Class","messageBody":"Parameters for execute method were in reverse.\n\nLet\u0027s reorder the parameters to follow that of execute abstract method\nin Command class.\n","fileTypesAndContributionMap":{"functional-code":{"insertions":1,"deletions":1}}},{"hash":"b41c53fb72d4e9d44dd8a0b2205e082142d2dbf5","messageTitle":"Update ItemList Class","messageBody":"Created new methods getItem() and getSize().\n","fileTypesAndContributionMap":{"functional-code":{"insertions":8,"deletions":0}}}]},{"date":"2022-03-17","commitResults":[{"hash":"b1e72427b3f4cea19f91ab33a0b479221b3c2e8f","messageTitle":"Add AddCommandTest","messageBody":"AddCommandTest is a JUnit Test for AddCommandClass.\n","fileTypesAndContributionMap":{"test-code":{"insertions":41,"deletions":0}}},{"hash":"3e65055cb5224dc41973e5b19cd1492277995c65","messageTitle":"Update DeleteCommand Class","messageBody":"Added assertions to ensure input for index is within range.\n","fileTypesAndContributionMap":{"functional-code":{"insertions":5,"deletions":0}}},{"hash":"1dd4aa9b4e1701670b7926b43bcfaf175468ee5f","messageTitle":"Update DeleteCommand Class","messageBody":"Minor fix with illegal \"\\\" character misplaced in code.\n","fileTypesAndContributionMap":{"functional-code":{"insertions":1,"deletions":1}}},{"hash":"d2d2f58179d33249f398b479b4c8f5024cae2700","messageTitle":"Update AddCommandTest","messageBody":"Minor checkstyle fixes.\n","fileTypesAndContributionMap":{"test-code":{"insertions":3,"deletions":2}}},{"hash":"3978d7b86e03335b09a277c98f7af31176d99eb8","messageTitle":"Update DeleteCommand Class","messageBody":"Assertions should be used to indicate where the programmer messed up,\nrather than the user environment.\n\nLet\u0027s remove the assertions implemented in DeleteCommand Class.\n","fileTypesAndContributionMap":{"functional-code":{"insertions":0,"deletions":5}}},{"hash":"a5c7d784a97d71ea7f821e73975ddbd351238947","messageTitle":"Update DeleteCommand Class","messageBody":"DeleteCommand needed to handle scenarios where user would input index\nvalues that were out of range.\n\nLet\u0027s\n* Implement an assert statement to show if index indicated by the user\nwas 0\n* Create a new INVALID_INDEX message in Messages Class for higher\ncohesion\n","fileTypesAndContributionMap":{"functional-code":{"insertions":12,"deletions":3}}}]},{"date":"2022-03-18","commitResults":[{"hash":"16dbfa829c7efb317d73cad651bf6ea9efadb1b1","messageTitle":"Update ListCommand Class","messageBody":"Minor language issue.\n\nLet\u0027s change \"tasks\" to \"items\"\n","fileTypesAndContributionMap":{"functional-code":{"insertions":1,"deletions":1}}}]},{"date":"2022-03-24","commitResults":[{"hash":"f2a51c6cc0e44886833b05201de019155a0a49d4","messageTitle":"Add AddCommandSequenceDiagram","messageBody":"AddCommandSequenceDiagram is a PlantUML diagram showing the sequence\ndiagram of AddCommand in relation to the other entities in the\nprogramme.\n","fileTypesAndContributionMap":{"docs":{"insertions":51,"deletions":0}}},{"hash":"36be521fa25d675577d0889fcf15b928dc9b6bd1","messageTitle":"Update docs/DeveloperGuide","messageBody":"AddCommand implementation written in the Developer Guide.\n","fileTypesAndContributionMap":{"docs":{"insertions":13,"deletions":0}}},{"hash":"f43c69156b00c6350d166ddc5ad5437878b8716e","messageTitle":"Add DeleteCommandSequenceDiagram","messageBody":"DeleteCommandSequenceDiagram is a PlantUML sequence diagram of\nDeleteCommand in relation to other entities.\n","fileTypesAndContributionMap":{"docs":{"insertions":40,"deletions":0}}},{"hash":"4e1f1d2a2e455d740c3e74f9d327904ec89193a0","messageTitle":"Update docs/DeveloperGuide","messageBody":"Added DeleteCommand implementation\n","fileTypesAndContributionMap":{"docs":{"insertions":13,"deletions":0}}}]},{"date":"2022-03-25","commitResults":[{"hash":"63b290218e26385ca11a0374477f3b2b3fc5e608","messageTitle":"Update docs/DeveloperGuide.md","messageBody":"Minor touches with regard to order of items and typography.\n","fileTypesAndContributionMap":{"docs":{"insertions":11,"deletions":11}}},{"hash":"e44e593deb30418f1fafd420f4cb6dee425c37fa","messageTitle":"Update dpcs/DeveloperGuide","messageBody":"Updated Target User Profile and Value Proposition\n","fileTypesAndContributionMap":{"docs":{"insertions":4,"deletions":2}}}]}],"chihyingho":[{"date":"2022-03-10","commitResults":[{"hash":"3cdf55c91b07509c2e07e2ce6c4ba07ba708f601","messageTitle":"Edited docs/AboutUs.md to include personal profile","messageBody":"","fileTypesAndContributionMap":{"docs":{"insertions":2,"deletions":2}}}]},{"date":"2022-03-16","commitResults":[{"hash":"e8da884945f1baa7f544b48f6ed547846b818345","messageTitle":"Modified Ui class and added common package and Messages class to store common messages to be displayed","messageBody":"","fileTypesAndContributionMap":{"functional-code":{"insertions":43,"deletions":21}}},{"hash":"1af83b128fc14d72bc456583821ea2e21ab2ccab","messageTitle":"Added HelpCommand that displays the functionalities of Inventory Manager and how to call them","messageBody":"Added unique help messages to each exisitng command class which are used in the HelpCommand.\n","fileTypesAndContributionMap":{"functional-code":{"insertions":31,"deletions":1}}},{"hash":"13f77e0cc70a3b32af89120cb032e1998551dccc","messageTitle":"Modified Main class and added isExit attribute and get methods to Command class","messageBody":"","fileTypesAndContributionMap":{"functional-code":{"insertions":40,"deletions":8}}}]},{"date":"2022-03-17","commitResults":[{"hash":"a2b1aa1fb843c12d882586e4236599334349deed","messageTitle":"Deleted HiCommand and fixed bugs","messageBody":"","fileTypesAndContributionMap":{"functional-code":{"insertions":4,"deletions":15}}},{"hash":"b92bb850dce0095e3700262036937368f4475108","messageTitle":"Fixed #11.","messageBody":"","fileTypesAndContributionMap":{"functional-code":{"insertions":9,"deletions":2}}},{"hash":"ac7cb3c41b3f112778fef09a7d8f78aadb127c8d","messageTitle":"Modifies HelpCommand class to include additional functions","messageBody":"","fileTypesAndContributionMap":{"functional-code":{"insertions":22,"deletions":1}}},{"hash":"efe31d8c8664b0f28d1f92dcc2e6abf48d21f8d3","messageTitle":"Reformats code","messageBody":"","fileTypesAndContributionMap":{"functional-code":{"insertions":12,"deletions":12}}},{"hash":"761b7e766ea8702a2f33d5949bc4a90d738d9216","messageTitle":"Add assertions to InvMgr class","messageBody":"","fileTypesAndContributionMap":{"functional-code":{"insertions":3,"deletions":1}}},{"hash":"5568423423f0f7cc6416cca2a8543ab3958ece29","messageTitle":"Adds assertions to Ui class","messageBody":"","fileTypesAndContributionMap":{"functional-code":{"insertions":1,"deletions":0}}}]},{"date":"2022-03-24","commitResults":[{"hash":"b1d02d4a2e935fb16693487774488d97763a366b","messageTitle":"Adds UI.puml file","messageBody":"","fileTypesAndContributionMap":{"docs":{"insertions":4,"deletions":0}}},{"hash":"8a7d157e00556f7a09786ee9574a74b1d9e265cc","messageTitle":"Updates DeveloperGuide.md and adds UiClassDiagram.puml and UiClassDiagram.png files","messageBody":"Updates DeveloperGuide.md with information on Ui component\n","fileTypesAndContributionMap":{"functional-code":{"insertions":1,"deletions":1},"docs":{"insertions":44,"deletions":3}}}]}],"lestersimjj":[{"date":"2022-03-05","commitResults":[{"hash":"0d5e355b25c2aa22f60b50c670a8c4418e57095b","messageTitle":"Updated docs/AboutUs with Lester\u0027s details","messageBody":"","fileTypesAndContributionMap":{"docs":{"insertions":7,"deletions":7}}}]},{"date":"2022-03-16","commitResults":[{"hash":"00b2b61168e99335fef4954b64d22d78e4043491","messageTitle":"Update Command abstract class.","messageBody":"Renamed ByeCommand to ExitCommand.\nUpdate InvMgr, HiCommand, ExitCommand to match Command abstract class required parameters\n","fileTypesAndContributionMap":{"functional-code":{"insertions":48,"deletions":19}}},{"hash":"0d09873659c9fcef4a3bd511b0aa8bfe32138523","messageTitle":"Update Command comments","messageBody":"","fileTypesAndContributionMap":{"functional-code":{"insertions":1,"deletions":1}}},{"hash":"d01e5b009e6c5f62ec3496c17ca45f32e34d2896","messageTitle":"Update Command Javadoc comments to match checkstyle","messageBody":"","fileTypesAndContributionMap":{"functional-code":{"insertions":4,"deletions":4}}},{"hash":"4476812334d3f75ddd42d1c30e20e4162e6fc4ee","messageTitle":"Update Item class","messageBody":"","fileTypesAndContributionMap":{"functional-code":{"insertions":13,"deletions":7}}},{"hash":"4246ba4de8c2cce59a0342822d28c9dba3321589","messageTitle":"Add DescCommand Class","messageBody":"Update Item class with .contains method to match an item\u0027s name with search term for DescCommand\nUpdate ItemList class with .contains method to find item in ItemList for DescCommand\n","fileTypesAndContributionMap":{"functional-code":{"insertions":68,"deletions":1}}},{"hash":"114ee6d3f2b68e04f88b570202a4b118f5aa4bd9","messageTitle":"Update DescCommand to match checkstyle standards","messageBody":"","fileTypesAndContributionMap":{"functional-code":{"insertions":2,"deletions":2}}},{"hash":"59ef6aa5ccd21b9b03aa99e99305cfa953982fb4","messageTitle":"Fixed #7.","messageBody":"Resolved the issue of: As a user who has not seen items physically, I want to get the description of a particular item.\n","fileTypesAndContributionMap":{"functional-code":{"insertions":1,"deletions":1}}},{"hash":"5d422ac3e45f038f621b171fe73f40cac8a68712","messageTitle":"Update Command Class.","messageBody":"Removed storage parameter.\n","fileTypesAndContributionMap":{"functional-code":{"insertions":4,"deletions":5}}},{"hash":"27ac8b130b3e64d30787a910cb12b509cf330ff3","messageTitle":"Update DescCommand Class","messageBody":"Changed the user input to search from a search string to an index\n","fileTypesAndContributionMap":{"functional-code":{"insertions":6,"deletions":24}}},{"hash":"018848c1a30cfc5a20d1f04a42af3e1d90108e1b","messageTitle":"Update DescCommand Class","messageBody":"Edited to include getItem from itemList\n","fileTypesAndContributionMap":{"functional-code":{"insertions":1,"deletions":1}}},{"hash":"24df6be02543be4856ecc64d21fd54435af11f3a","messageTitle":"Update DescCommand Class","messageBody":"Remove try, catch block\n","fileTypesAndContributionMap":{"functional-code":{"insertions":7,"deletions":11}}}]},{"date":"2022-03-17","commitResults":[{"hash":"bc92ca10dac8a6b47d84e586f65792018184d710","messageTitle":"Updated Item Class","messageBody":"Added getters for name and quantity of an Item\n","fileTypesAndContributionMap":{"functional-code":{"insertions":8,"deletions":0}}},{"hash":"ea197edf57289cd8315068357c06edab75ba9307","messageTitle":"Update DescCommand Class","messageBody":"Replace item.toString() with item.getName() method\n","fileTypesAndContributionMap":{"functional-code":{"insertions":1,"deletions":1}}},{"hash":"19fd5032ad41cdbe371d9d2cd66c02c1d049ffc9","messageTitle":"Add DescCommandTest","messageBody":"JUnit Test\n","fileTypesAndContributionMap":{"test-code":{"insertions":26,"deletions":0}}},{"hash":"e13baafcc439a062a828ad8cbc5535a72866384a","messageTitle":"Update DescCommand","messageBody":"Used item.getDescription() instead\n","fileTypesAndContributionMap":{"functional-code":{"insertions":1,"deletions":4}}},{"hash":"190faf865337ca7b8480625231af8a4e91000359","messageTitle":"Update DescCommandTest","messageBody":"Add assertEquals statements to test item methods are called correctly\n","fileTypesAndContributionMap":{"test-code":{"insertions":2,"deletions":9}}},{"hash":"71f448ad8ddbb4ef57d80bfcefe07db9807b24d8","messageTitle":"Update DescCommandTest","messageBody":"Removed unused libraries\n","fileTypesAndContributionMap":{"test-code":{"insertions":0,"deletions":4}}},{"hash":"c5072efac233bb0ab4d953769e1660beadf17601","messageTitle":"Add ItemTest Class as part of JUnit tests","messageBody":"","fileTypesAndContributionMap":{"test-code":{"insertions":21,"deletions":0}}},{"hash":"15ed52404fcf3c684096e768e88bddeb74b5875a","messageTitle":"Update ItemTest. Remove extra spacing in the last assertEquals statement","messageBody":"","fileTypesAndContributionMap":{"test-code":{"insertions":1,"deletions":1}}}]},{"date":"2022-03-24","commitResults":[{"hash":"d8d63aa5ac306a604adb32dd2e938cf8e41fde61","messageTitle":"Create diagrams and img directory in docs folder.","messageBody":"Create CommandDiagram\n","fileTypesAndContributionMap":{"docs":{"insertions":3,"deletions":0}}},{"hash":"89f67ea8e1d940da1e9394f99f229585614406c9","messageTitle":"Rename CommandSequenceDiagram and generate sample img","messageBody":"","fileTypesAndContributionMap":{"docs":{"insertions":9,"deletions":3}}},{"hash":"c2de035d594108208f74c69ac4af1260d05dc0b2","messageTitle":"Update user stories on DeveloperGuide docs","messageBody":"","fileTypesAndContributionMap":{"docs":{"insertions":9,"deletions":4}}},{"hash":"c443109e931d752d601a4f5ec51fd18ac281e7e3","messageTitle":"Add DescCommandSequenceDiagram","messageBody":"Remove CommandSequenceDiagram\n","fileTypesAndContributionMap":{"docs":{"insertions":39,"deletions":9}}},{"hash":"ec6d46027537d7f76dad8ee45fffe90f1c0ddbf6","messageTitle":"Update DescCommandSequenceDiagram to add parameter types","messageBody":"","fileTypesAndContributionMap":{"docs":{"insertions":7,"deletions":5}}},{"hash":"d1502d54a36d3d1201fd0766b954881e04fa60bb","messageTitle":"Replace CommandSequenceDiagram with CommandClassDiagram","messageBody":"","fileTypesAndContributionMap":{"docs":{"insertions":45,"deletions":0}}},{"hash":"6506a1c9015a8849af581b68533a9f5c78168fdb","messageTitle":"Update to DeveloperGuide","messageBody":"Add guide on Command and DescCommand\n","fileTypesAndContributionMap":{"docs":{"insertions":12,"deletions":1}}}]},{"date":"2022-03-30","commitResults":[{"hash":"a2ea38ac42231261bdf0d8134198995da97ec01b","messageTitle":"Update UserGuide","messageBody":"Add desc and borrow\n","fileTypesAndContributionMap":{"docs":{"insertions":42,"deletions":5}}},{"hash":"3373eb9826564a3f44d6d4db4e86aa9fea29f675","messageTitle":"Update UserGuide on borrow and list commands","messageBody":"","fileTypesAndContributionMap":{"docs":{"insertions":61,"deletions":9}}},{"hash":"a22dead6887eef3e350ef0d16d630f5b786ef78d","messageTitle":"Update UserGuide. Reorder flow of commands on UserGuide.","messageBody":"","fileTypesAndContributionMap":{"docs":{"insertions":50,"deletions":51}}}]}],"cheshire-doge":[{"date":"2022-03-10","commitResults":[{"hash":"45af901bede1e5ed867b3c9a305622ebe7688509","messageTitle":"Changed Clarence\u0027s AboutUs","messageBody":"","fileTypesAndContributionMap":{"docs":{"insertions":1,"deletions":1}}},{"hash":"654dec11ebae8b2d70dad34461c8bd99095055cb","messageTitle":"Revert \"Changed Clarence\u0027s AboutUs\"","messageBody":"This reverts commit 45af901bede1e5ed867b3c9a305622ebe7688509.\n","fileTypesAndContributionMap":{"docs":{"insertions":1,"deletions":1}}},{"hash":"ae6bbcac3f9a48dfbac61447452cd724a5f14a4b","messageTitle":"Updated docs/AboutUs with Clarence\u0027s details","messageBody":"","fileTypesAndContributionMap":{"docs":{"insertions":1,"deletions":1}}},{"hash":"c7d12107ead1715b61991c6897f5965120a175bd","messageTitle":"Resolve merge conflict with Clarence\u0027s AboutUs","messageBody":"","fileTypesAndContributionMap":{"docs":{"insertions":1,"deletions":1}}}]},{"date":"2022-03-16","commitResults":[{"hash":"f31cebd8bfa7292c2f7509fc74fbfb0d64b44119","messageTitle":"Modified Parser Class to take in various user commands","messageBody":"","fileTypesAndContributionMap":{"functional-code":{"insertions":51,"deletions":3}}},{"hash":"b59fd7d7399171fbc50030b04ab7563bbedbee4b","messageTitle":"Added ListCommand","messageBody":"","fileTypesAndContributionMap":{"functional-code":{"insertions":23,"deletions":0}}},{"hash":"447f36cf70a1b2cf39792705f863a0ed1bf11754","messageTitle":"Modified ListCommand for ItemList getItem and getSize methods","messageBody":"","fileTypesAndContributionMap":{"functional-code":{"insertions":2,"deletions":2}}}]},{"date":"2022-03-17","commitResults":[{"hash":"27c45722c7d6f7cf236456d941d04ebbc3196bbf","messageTitle":"Modified ListCommand","messageBody":"","fileTypesAndContributionMap":{"functional-code":{"insertions":1,"deletions":1}}},{"hash":"8edd496ec1b35647fcf6270c32656ea60d8fad8f","messageTitle":"Modified Parser Class to remove error from ListCommand","messageBody":"","fileTypesAndContributionMap":{"functional-code":{"insertions":0,"deletions":1}}},{"hash":"a483229f14465f0de1bfb9fc46acc689cfc3cf95","messageTitle":"Resolved further issues with Parser","messageBody":"","fileTypesAndContributionMap":{"functional-code":{"insertions":1,"deletions":11}}},{"hash":"4b55b932462400ff9f528345fddeed69dac31216","messageTitle":"Modify Parser, Messages, InvMgr and ListCommand to deal with invalid user commands","messageBody":"","fileTypesAndContributionMap":{"functional-code":{"insertions":18,"deletions":11}}},{"hash":"497aa9b8d0a45dc037f7c3c263395f83ab29753b","messageTitle":"Add JavaDocs to ListCommand and Parser","messageBody":"","fileTypesAndContributionMap":{"functional-code":{"insertions":49,"deletions":4}}},{"hash":"740a6712a1886b9b450973e79c7478d022bac7bd","messageTitle":"Modify JavaDocs for Parser","messageBody":"","fileTypesAndContributionMap":{"functional-code":{"insertions":0,"deletions":4}}},{"hash":"ec13503eed2eda21a348d6fa7c8795dc49c51428","messageTitle":"Further edit to Parser","messageBody":"","fileTypesAndContributionMap":{"functional-code":{"insertions":1,"deletions":1}}},{"hash":"3a24bdb7e0f337488db867b5e43e7d8316410ae9","messageTitle":"Add assertions into Parser","messageBody":"","fileTypesAndContributionMap":{"functional-code":{"insertions":25,"deletions":3}}},{"hash":"cbc5bce64bf7566d1d782ff4bb180c56ae61613f","messageTitle":"Fixes #44 getDesc method in Parser","messageBody":"","fileTypesAndContributionMap":{"functional-code":{"insertions":1,"deletions":1}}}]},{"date":"2022-03-24","commitResults":[{"hash":"8b525ca5c5f8c8a03b1f9dd9c7ab71bbbb9bd599","messageTitle":"Add Parser Component to DG with ParserClassDiagram","messageBody":"","fileTypesAndContributionMap":{"docs":{"insertions":50,"deletions":0}}},{"hash":"edd5fedc91686cb088e9ec5285ab94203c428668","messageTitle":"Add ListCommand to DG with ListCommandSequenceDiagram","messageBody":"","fileTypesAndContributionMap":{"docs":{"insertions":59,"deletions":3}}},{"hash":"34a65a086dff9a02852d804be43928ead64ada9b","messageTitle":"Deconflict merging branch to master","messageBody":"","fileTypesAndContributionMap":{"docs":{"insertions":21,"deletions":21}}}]}]},"authorFileTypeContributionMap":{"IncompetentDev":{"docs":271,"functional-code":1012,"test-code":107,"other":4},"quitejasper":{"docs":132,"functional-code":73,"test-code":42},"chihyingho":{"docs":36,"functional-code":122,"test-code":0},"lestersimjj":{"docs":206,"functional-code":92,"test-code":36},"cheshire-doge":{"docs":106,"functional-code":35,"test-code":0}},"authorContributionVariance":{"IncompetentDev":16437.76,"quitejasper":566.3522,"chihyingho":691.01514,"lestersimjj":2855.9277,"cheshire-doge":1087.3608},"authorDisplayNameMap":{"IncompetentDev":"CS2113-F10-2 KANG..HERN","quitejasper":"CS2113-F10-2 JASP..-EAN","chihyingho":"CS2113-F10-2 HO C..YING","lestersimjj":"CS2113-F10-2 LEST.. JUN","cheshire-doge":"CS2113-F10-2 CLAR.. HOW"}}
