[{"path":"docs/AboutUs.md","fileType":"docs","lines":[{"lineNumber":1,"author":{"gitId":"-"},"content":"# About us","lastModifiedDate":"2020-05-24"},{"lineNumber":2,"author":{"gitId":"-"},"content":"","lastModifiedDate":"2020-05-24"},{"lineNumber":3,"author":{"gitId":"-"},"content":"Display |   Name   |               Github Profile                | Portfolio ","lastModifiedDate":"2020-05-24"},{"lineNumber":4,"author":{"gitId":"ivanaitzliddat"},"content":"--------|:--------:|:-------------------------------------------:|:---------:","lastModifiedDate":"2022-03-03"},{"lineNumber":5,"author":{"gitId":"ivanaitzliddat"},"content":"![](https://via.placeholder.com/100.png?text\u003dPhoto) |   Ivan   | [Github](https://github.com/ivanaitzliddat) | [Portfolio](docs/team/johndoe.md)","lastModifiedDate":"2022-03-03"},{"lineNumber":6,"author":{"gitId":"matheril"},"content":"![](https://via.placeholder.com/100.png?text\u003dPhoto) | Saurav  |    [Github](https://github.com/matheril)    | [Portfolio](docs/team/johndoe.md)","lastModifiedDate":"2022-03-03"},{"lineNumber":7,"author":{"gitId":"-"},"content":"![](https://via.placeholder.com/100.png?text\u003dPhoto) | Ron John |        [Github](https://github.com/)        | [Portfolio](docs/team/johndoe.md)","lastModifiedDate":"2020-05-24"},{"lineNumber":8,"author":{"gitId":"froststein"},"content":"![](https://via.placeholder.com/100.png?text\u003dPhoto) | Roy Tang |        [Github](https://github.com/froststein)        | [Portfolio](docs/team/johndoe.md)","lastModifiedDate":"2022-03-03"},{"lineNumber":9,"author":{"gitId":"warrencxw"},"content":"![](https://via.placeholder.com/100.png?text\u003dPhoto) | Warren Chong Xu Wei |   [Github](https://github.com/warrencxw)    | [Portfolio](docs/team/johndoe.md)","lastModifiedDate":"2022-03-03"}],"authorContributionMap":{"ivanaitzliddat":2,"warrencxw":1,"-":4,"froststein":1,"matheril":1}},{"path":"src/main/java/seedu/duke/Duke.java","fileType":"functional-code","lines":[{"lineNumber":1,"author":{"gitId":"-"},"content":"package seedu.duke;","lastModifiedDate":"2020-05-24"},{"lineNumber":2,"author":{"gitId":"-"},"content":"","lastModifiedDate":"2020-05-24"},{"lineNumber":3,"author":{"gitId":"-"},"content":"import java.util.Scanner;","lastModifiedDate":"2020-05-24"},{"lineNumber":4,"author":{"gitId":"-"},"content":"","lastModifiedDate":"2020-05-24"},{"lineNumber":5,"author":{"gitId":"-"},"content":"public class Duke {","lastModifiedDate":"2019-07-29"},{"lineNumber":6,"author":{"gitId":"-"},"content":"    /**","lastModifiedDate":"2020-05-24"},{"lineNumber":7,"author":{"gitId":"-"},"content":"     * Main entry-point for the java.duke.Duke application.","lastModifiedDate":"2020-05-24"},{"lineNumber":8,"author":{"gitId":"-"},"content":"     */","lastModifiedDate":"2020-05-24"},{"lineNumber":9,"author":{"gitId":"-"},"content":"    public static void main(String[] args) {","lastModifiedDate":"2019-07-29"},{"lineNumber":10,"author":{"gitId":"matheril"},"content":"        //test","lastModifiedDate":"2022-03-03"},{"lineNumber":11,"author":{"gitId":"-"},"content":"        String logo \u003d \" ____        _        \\n\"","lastModifiedDate":"2019-07-29"},{"lineNumber":12,"author":{"gitId":"-"},"content":"                + \"|  _ \\\\ _   _| | _____ \\n\"","lastModifiedDate":"2019-07-29"},{"lineNumber":13,"author":{"gitId":"-"},"content":"                + \"| | | | | | | |/ / _ \\\\\\n\"","lastModifiedDate":"2019-07-29"},{"lineNumber":14,"author":{"gitId":"-"},"content":"                + \"| |_| | |_| |   \u003c  __/\\n\"","lastModifiedDate":"2019-07-29"},{"lineNumber":15,"author":{"gitId":"-"},"content":"                + \"|____/ \\\\__,_|_|\\\\_\\\\___|\\n\";","lastModifiedDate":"2019-07-29"},{"lineNumber":16,"author":{"gitId":"-"},"content":"        System.out.println(\"Hello from\\n\" + logo);","lastModifiedDate":"2019-07-29"},{"lineNumber":17,"author":{"gitId":"-"},"content":"        System.out.println(\"What is your name?\");","lastModifiedDate":"2020-05-24"},{"lineNumber":18,"author":{"gitId":"-"},"content":"","lastModifiedDate":"2020-05-24"},{"lineNumber":19,"author":{"gitId":"-"},"content":"        Scanner in \u003d new Scanner(System.in);","lastModifiedDate":"2020-05-24"},{"lineNumber":20,"author":{"gitId":"-"},"content":"        System.out.println(\"Hello \" + in.nextLine());","lastModifiedDate":"2020-05-24"},{"lineNumber":21,"author":{"gitId":"-"},"content":"    }","lastModifiedDate":"2019-07-29"},{"lineNumber":22,"author":{"gitId":"-"},"content":"}","lastModifiedDate":"2019-07-29"}],"authorContributionMap":{"-":21,"matheril":1}},{"path":"src/main/java/seedu/duke/command/Command.java","fileType":"functional-code","lines":[{"lineNumber":1,"author":{"gitId":"warrencxw"},"content":"package seedu.duke.command;","lastModifiedDate":"2022-03-03"},{"lineNumber":2,"author":{"gitId":"warrencxw"},"content":"","lastModifiedDate":"2022-03-03"},{"lineNumber":3,"author":{"gitId":"warrencxw"},"content":"public abstract class Command {","lastModifiedDate":"2022-03-03"},{"lineNumber":4,"author":{"gitId":"warrencxw"},"content":"}","lastModifiedDate":"2022-03-03"}],"authorContributionMap":{"warrencxw":4}},{"path":"src/main/java/seedu/duke/data/Profile.java","fileType":"functional-code","lines":[{"lineNumber":1,"author":{"gitId":"froststein"},"content":"package seedu.duke.data;","lastModifiedDate":"2022-03-03"},{"lineNumber":2,"author":{"gitId":"froststein"},"content":"","lastModifiedDate":"2022-03-03"},{"lineNumber":3,"author":{"gitId":"froststein"},"content":"import java.util.ArrayList;","lastModifiedDate":"2022-03-03"},{"lineNumber":4,"author":{"gitId":"froststein"},"content":"","lastModifiedDate":"2022-03-03"},{"lineNumber":5,"author":{"gitId":"froststein"},"content":"public class Profile {","lastModifiedDate":"2022-03-03"},{"lineNumber":6,"author":{"gitId":"froststein"},"content":"    // To be completed when Warren pushes","lastModifiedDate":"2022-03-03"},{"lineNumber":7,"author":{"gitId":"froststein"},"content":"    private ArrayList\u003cSession\u003e sessionList;","lastModifiedDate":"2022-03-03"},{"lineNumber":8,"author":{"gitId":"froststein"},"content":"    private int sessionIdTracker;","lastModifiedDate":"2022-03-03"},{"lineNumber":9,"author":{"gitId":"froststein"},"content":"    private int activityCount;","lastModifiedDate":"2022-03-03"},{"lineNumber":10,"author":{"gitId":"froststein"},"content":"}","lastModifiedDate":"2022-03-03"}],"authorContributionMap":{"froststein":10}},{"path":"src/main/java/seedu/duke/data/Session.java","fileType":"functional-code","lines":[{"lineNumber":1,"author":{"gitId":"warrencxw"},"content":"package seedu.duke.data;","lastModifiedDate":"2022-03-03"},{"lineNumber":2,"author":{"gitId":"warrencxw"},"content":"","lastModifiedDate":"2022-03-03"},{"lineNumber":3,"author":{"gitId":"warrencxw"},"content":"import java.time.LocalDate;","lastModifiedDate":"2022-03-03"},{"lineNumber":4,"author":{"gitId":"warrencxw"},"content":"import java.util.ArrayList;","lastModifiedDate":"2022-03-03"},{"lineNumber":5,"author":{"gitId":"warrencxw"},"content":"","lastModifiedDate":"2022-03-03"},{"lineNumber":6,"author":{"gitId":"warrencxw"},"content":"public class Session {","lastModifiedDate":"2022-03-03"},{"lineNumber":7,"author":{"gitId":"warrencxw"},"content":"    // To be completed when Activity, Person and Group classes are added","lastModifiedDate":"2022-03-03"},{"lineNumber":8,"author":{"gitId":"warrencxw"},"content":"    private String sessionName;","lastModifiedDate":"2022-03-03"},{"lineNumber":9,"author":{"gitId":"warrencxw"},"content":"    private int sessionId;","lastModifiedDate":"2022-03-03"},{"lineNumber":10,"author":{"gitId":"warrencxw"},"content":"    private LocalDate dateCreated;","lastModifiedDate":"2022-03-03"},{"lineNumber":11,"author":{"gitId":"warrencxw"},"content":"    // private ArrayList\u003cActivity\u003e activityList;","lastModifiedDate":"2022-03-03"},{"lineNumber":12,"author":{"gitId":"warrencxw"},"content":"    // private ArrayList\u003cPerson\u003e personList;","lastModifiedDate":"2022-03-03"},{"lineNumber":13,"author":{"gitId":"warrencxw"},"content":"    // private Group group;","lastModifiedDate":"2022-03-03"},{"lineNumber":14,"author":{"gitId":"warrencxw"},"content":"}","lastModifiedDate":"2022-03-03"}],"authorContributionMap":{"warrencxw":14}},{"path":"src/main/java/seedu/duke/parser/Parser.java","fileType":"functional-code","lines":[{"lineNumber":1,"author":{"gitId":"warrencxw"},"content":"package seedu.duke.parser;","lastModifiedDate":"2022-03-03"},{"lineNumber":2,"author":{"gitId":"warrencxw"},"content":"","lastModifiedDate":"2022-03-03"},{"lineNumber":3,"author":{"gitId":"warrencxw"},"content":"public class Parser {","lastModifiedDate":"2022-03-03"},{"lineNumber":4,"author":{"gitId":"warrencxw"},"content":"}","lastModifiedDate":"2022-03-03"}],"authorContributionMap":{"warrencxw":4}}]
