{"authorDailyContributionsMap":{"lelerer":[{"date":"2022-03-03","commitResults":[{"hash":"6583a23b60f94fec4ea3c5b2a54731504ce6666e","messageTitle":"Change AboutUs using Tianle\u0027s profile","messageBody":"","fileTypesAndContributionMap":{"docs":{"insertions":1,"deletions":1}}}]},{"date":"2022-03-05","commitResults":[{"hash":"42622b983f576fe845d5df6eccf7ccb3c63dac7f","messageTitle":"Add ActivityListCommand","messageBody":"","fileTypesAndContributionMap":{"functional-code":{"insertions":29,"deletions":0}}},{"hash":"1a839ab6deb19de9c8cd472d4a10cd7d5f258d1a","messageTitle":"Add Javadoc","messageBody":"","fileTypesAndContributionMap":{"functional-code":{"insertions":5,"deletions":1}}},{"hash":"659d34b4f717f3de54f889c12c02cb0186792e18","messageTitle":"Standardise COMMAND_FORMAT","messageBody":"","fileTypesAndContributionMap":{"functional-code":{"insertions":1,"deletions":1}}},{"hash":"ed6f33a032756f2eaa603a4902850f24b98eafe9","messageTitle":"Remove new line between the Javadoc for the class and the start of the class. Change from \"Run\" to \"Runs\"","messageBody":"","fileTypesAndContributionMap":{"functional-code":{"insertions":3,"deletions":3}}},{"hash":"ebaee488b95ab0bd7705df5326c6f7282c3d888a","messageTitle":"Change output content","messageBody":"","fileTypesAndContributionMap":{"functional-code":{"insertions":1,"deletions":1}}},{"hash":"d0936934f1523c762013310c9cd4c324bcde2186","messageTitle":"Add ActivityViewCommand","messageBody":"","fileTypesAndContributionMap":{"functional-code":{"insertions":28,"deletions":0}}},{"hash":"4228e9bd996cc89584950f76c2f256bf0b502c06","messageTitle":"Add Javadoc","messageBody":"","fileTypesAndContributionMap":{"functional-code":{"insertions":5,"deletions":0}}},{"hash":"fb3b1e6c4a9240bc1978e500ada68349bb5ee1fb","messageTitle":"Edit comment","messageBody":"","fileTypesAndContributionMap":{"functional-code":{"insertions":2,"deletions":1}}},{"hash":"55c3a774ee1f76ec49534664abf3aae4c207317c","messageTitle":"Edit comment","messageBody":"","fileTypesAndContributionMap":{"functional-code":{"insertions":1,"deletions":1}}},{"hash":"4503ab117795a4e473293e08b2f36b662b2974c7","messageTitle":"Edit comment","messageBody":"","fileTypesAndContributionMap":{"functional-code":{"insertions":1,"deletions":1}}},{"hash":"42f40eb2ebdb36f06fb9c4f5381ff79ae1f398d2","messageTitle":"Edit comment","messageBody":"","fileTypesAndContributionMap":{"functional-code":{"insertions":2,"deletions":1}}},{"hash":"144038bdb3f8e271cec14f68ee4c730c5b7faedf","messageTitle":"Correct grammar mistake","messageBody":"","fileTypesAndContributionMap":{"functional-code":{"insertions":1,"deletions":2}}}]}],"ivanaitzliddat":[{"date":"2022-03-03","commitResults":[{"hash":"19b0079f4785408055b8c41838b457e7bf43a734","messageTitle":"Add my name lmao","messageBody":"","fileTypesAndContributionMap":{"docs":{"insertions":7,"deletions":7}}}]},{"date":"2022-03-04","commitResults":[{"hash":"6554ad65f0b9b758a51b5252d752169d6f875cd9","messageTitle":"Add Activity class","messageBody":"","fileTypesAndContributionMap":{"functional-code":{"insertions":9,"deletions":0}}},{"hash":"6862b7148095e8cf38488632cbaa2e933e767240","messageTitle":"Add attributes to Activity class","messageBody":"","fileTypesAndContributionMap":{"functional-code":{"insertions":8,"deletions":3}}},{"hash":"c5e76705684fe1c0eb37bcc4a5f7a9dc75b5d3e2","messageTitle":"Add ActivityCreateCommand class","messageBody":"","fileTypesAndContributionMap":{"functional-code":{"insertions":4,"deletions":0}}},{"hash":"47b44eeb0d392d1d6d5ac1868013edf331028bdd","messageTitle":"Add attributes and constructor to ActivityCreateCommand class","messageBody":"","fileTypesAndContributionMap":{"functional-code":{"insertions":38,"deletions":1}}},{"hash":"92ba9c1939fa08ba222e60b53686a3e077fca10d","messageTitle":"Add Javadoc for ActivityCreateCommand class and the constructor","messageBody":"","fileTypesAndContributionMap":{"functional-code":{"insertions":15,"deletions":0}}}]},{"date":"2022-03-05","commitResults":[{"hash":"d17e4a8e37452df4ab948722c26c0db39e1c0700","messageTitle":"Add constructor to Activity class","messageBody":"","fileTypesAndContributionMap":{"functional-code":{"insertions":12,"deletions":2}}},{"hash":"8f9778d0fbc3911b9d346bf6ba9fbd6f847ccf84","messageTitle":"Add Javadoc for Activity class","messageBody":"","fileTypesAndContributionMap":{"functional-code":{"insertions":3,"deletions":0}}},{"hash":"ec50dbc3e2e4d53582ae3f1db3bf81b629c10f3e","messageTitle":"Add Javadoc for constructor of Activity class","messageBody":"","fileTypesAndContributionMap":{"functional-code":{"insertions":13,"deletions":3}}},{"hash":"e24eb8d74279706ff6c2d2f0529686ad13da45c9","messageTitle":"Updated constructor to fulfil style requirement","messageBody":"","fileTypesAndContributionMap":{"functional-code":{"insertions":1,"deletions":1}}},{"hash":"ad6cafa2481f46fe737cd981c7d91cb7cf124204","messageTitle":"Remove sessionId as an attribute from Activity class","messageBody":"","fileTypesAndContributionMap":{"functional-code":{"insertions":2,"deletions":5}}},{"hash":"e79123e83eebe8d5dea395472e07829bfddc0dab","messageTitle":"Update cost to totalCost for better clarity in Activity class","messageBody":"","fileTypesAndContributionMap":{"functional-code":{"insertions":5,"deletions":5}}}]},{"date":"2022-03-06","commitResults":[{"hash":"1a8d8974b1f6ccd161e63a81526a1c46e4bd9302","messageTitle":"Add ActivityDeleteCommand class","messageBody":"","fileTypesAndContributionMap":{"functional-code":{"insertions":4,"deletions":0}}},{"hash":"ad605abba0e2c6e995928d707a973be01c14f6b5","messageTitle":"Add attributes to ActivityDeleteCommand class","messageBody":"","fileTypesAndContributionMap":{"functional-code":{"insertions":14,"deletions":1}}},{"hash":"5bbe764d9b85434ee1141ec5f6244ff70aae0755","messageTitle":"Add constructor in ActivityDeleteCommand class","messageBody":"","fileTypesAndContributionMap":{"functional-code":{"insertions":6,"deletions":1}}},{"hash":"c0033dcaad203ee5e3543fb29223278f7bf763d6","messageTitle":"Add Javadoc for ActivityDeleteCommand class","messageBody":"","fileTypesAndContributionMap":{"functional-code":{"insertions":3,"deletions":0}}},{"hash":"d9d4811231844040de5bb8c4ee554e6097d878b7","messageTitle":"Add Javadoc for constructor in ActivityDeleteCommand class","messageBody":"","fileTypesAndContributionMap":{"functional-code":{"insertions":6,"deletions":0}}}]}],"warrencxw":[{"date":"2022-03-03","commitResults":[{"hash":"d5ace3ed69db47a12c2192b7757c2f25b1a80d52","messageTitle":"Update About Us page to include Warren\u0027s profile","messageBody":"","fileTypesAndContributionMap":{"docs":{"insertions":7,"deletions":7}}},{"hash":"ca522ce7acc1bffbe6e7478d924f51c8cec699d8","messageTitle":"Add command package and Command class","messageBody":"","fileTypesAndContributionMap":{"functional-code":{"insertions":4,"deletions":0}}},{"hash":"7e33c678b6dc87ae6dc14d56444ceb48c72c5f19","messageTitle":"Add Session class","messageBody":"","fileTypesAndContributionMap":{"functional-code":{"insertions":4,"deletions":0}}},{"hash":"48a29d53e4750f4c135102d274b0d30439dc96c4","messageTitle":"Add attributes to Session class","messageBody":"","fileTypesAndContributionMap":{"functional-code":{"insertions":10,"deletions":0}}},{"hash":"d6e0a856d9c77a295d479b27fda0ede727fa67b0","messageTitle":"Add parser package and Parser class","messageBody":"","fileTypesAndContributionMap":{"functional-code":{"insertions":4,"deletions":0}}},{"hash":"253ed371b64fdbd8f623ff6a95c2183bbbf704a8","messageTitle":"Fix continuous integration violating lines","messageBody":"","fileTypesAndContributionMap":{"functional-code":{"insertions":3,"deletions":3}}},{"hash":"9e8d549d19fa61ff9c3fb89b8f618cd0d66141bc","messageTitle":"Add delimiter constants to Parser class","messageBody":"","fileTypesAndContributionMap":{"functional-code":{"insertions":13,"deletions":0}}}]},{"date":"2022-03-04","commitResults":[{"hash":"c23184aedfa49a51a25aa876a183ef3d9919406e","messageTitle":"Add abstract run method to run any Command objects","messageBody":"","fileTypesAndContributionMap":{"functional-code":{"insertions":4,"deletions":0}}},{"hash":"7792b1b1d5b8bdebcb808ea9f0624f4ca5a58a88","messageTitle":"Add JavaDocs comment to Command class","messageBody":"","fileTypesAndContributionMap":{"functional-code":{"insertions":5,"deletions":0}}},{"hash":"19596b99873afdecb76500bd8a4f35417fe2847b","messageTitle":"Add JavaDocs comment to run method in Command class","messageBody":"","fileTypesAndContributionMap":{"functional-code":{"insertions":7,"deletions":0}}},{"hash":"cce80103ab0812bafcd56222ee595bf0be2132da","messageTitle":"Add newline at end of Command class","messageBody":"","fileTypesAndContributionMap":{"functional-code":{"insertions":1,"deletions":1}}},{"hash":"0d845d33da62feb0bec05215bf7ccedf932f6122","messageTitle":"Add error messages required by Parser class into Message class","messageBody":"","fileTypesAndContributionMap":{"functional-code":{"insertions":5,"deletions":0}}},{"hash":"9b9d7aad7867038ebe0dd18b246c29be0de0ac65","messageTitle":"Add JavaDocs comment to outline Parser class","messageBody":"Add additional constants needed by Parser class\n","fileTypesAndContributionMap":{"functional-code":{"insertions":9,"deletions":0}}},{"hash":"c4e71ea0290138093bab0669bcd98f875a524768","messageTitle":"Add supporting error message methods to Parser class","messageBody":"","fileTypesAndContributionMap":{"functional-code":{"insertions":11,"deletions":0}}},{"hash":"86f5c8510e36edbb88f59b090eeefbb1c7ebbd80","messageTitle":"Add critical supporting method to Parser class","messageBody":"getArgumentFromDelimiter() method parses input by given delimiter\n","fileTypesAndContributionMap":{"functional-code":{"insertions":21,"deletions":0}}},{"hash":"1411140c55800df26892877cb1729b2cdb3ecbe6","messageTitle":"Add more error messages required by Parser class to Message class","messageBody":"","fileTypesAndContributionMap":{"functional-code":{"insertions":10,"deletions":2}}},{"hash":"28909b120a63b3c33e4a6d1751ee77cb3caeeeb8","messageTitle":"Add more supporting error reporting methods to Parser class","messageBody":"Add additional constants for supporting other methods\n","fileTypesAndContributionMap":{"functional-code":{"insertions":23,"deletions":2}}},{"hash":"39e3861f9e1dbb2be6eed2860b42e7f3c6a74f09","messageTitle":"Add other critical supporting methods to Parser class","messageBody":"","fileTypesAndContributionMap":{"functional-code":{"insertions":16,"deletions":0}}}]},{"date":"2022-03-05","commitResults":[{"hash":"6593bd518b4c01199c4721fbcf178107a46bfeed","messageTitle":"Add name parsing to Parser class","messageBody":"","fileTypesAndContributionMap":{"functional-code":{"insertions":20,"deletions":1}}},{"hash":"dacc3bce024349b0afd6f23afbf59f685895fda4","messageTitle":"Add SessionId and ActivityId parsing to Parser class","messageBody":"","fileTypesAndContributionMap":{"functional-code":{"insertions":10,"deletions":0}}},{"hash":"96aec1e3974df858bac8dc83f632e336dde141b3","messageTitle":"Add date parsing to Parser class","messageBody":"","fileTypesAndContributionMap":{"functional-code":{"insertions":16,"deletions":0}}},{"hash":"1ecdcece7f35328b51754db6e3c7286783b274ff","messageTitle":"Add cost parsing to Parser class","messageBody":"","fileTypesAndContributionMap":{"functional-code":{"insertions":15,"deletions":0}}},{"hash":"8ea11876ab15adfca918e50f9c3091874401f84a","messageTitle":"Add GST and Service charge parsing to Parser class","messageBody":"","fileTypesAndContributionMap":{"functional-code":{"insertions":26,"deletions":0}}},{"hash":"cff8c7f2ef1a4e4c3f6269f8212de14a34906f5a","messageTitle":"Add missing method to Parser class","messageBody":"delimiterExists() function was previously undefined\n","fileTypesAndContributionMap":{"functional-code":{"insertions":5,"deletions":0}}},{"hash":"326989d8e87d3d8e387905d2ff11cdb7d57c417c","messageTitle":"Refactor code to inline constant into method in Parser class","messageBody":"","fileTypesAndContributionMap":{"functional-code":{"insertions":6,"deletions":6}}},{"hash":"ede2d13cae4999d920f98816e2ae9660efba369b","messageTitle":"Add command preparation methods to Parser class","messageBody":"","fileTypesAndContributionMap":{"functional-code":{"insertions":20,"deletions":0}}},{"hash":"baa8d12a84acadd28e4fdbe9e1759eb7e03d1f13","messageTitle":"Add prototype getCommand() method for parsing user input","messageBody":"","fileTypesAndContributionMap":{"functional-code":{"insertions":19,"deletions":0}}},{"hash":"df6834316c66f123660684a0b1083c022f3c7ac9","messageTitle":"Add several getter methods to Session class","messageBody":"","fileTypesAndContributionMap":{"functional-code":{"insertions":15,"deletions":0}}},{"hash":"40bf7aeab4f86d98d03eacac92e4069ed9e0808e","messageTitle":"Add JavaDoc comments to Session class","messageBody":"","fileTypesAndContributionMap":{"functional-code":{"insertions":29,"deletions":0}}},{"hash":"102560b6ea04ad77f53e562e1cf6694d6b7d5c49","messageTitle":"Add new line between JavaDoc class summary and @author annotation","messageBody":"","fileTypesAndContributionMap":{"functional-code":{"insertions":1,"deletions":0}}},{"hash":"07c6a7b818b973f8bb7c7ff3cc06d68c887da5fd","messageTitle":"Add SessionSummaryCommand class","messageBody":"Add class member attributes and constructors\nAdd JavaDoc comments to the class and methods\n","fileTypesAndContributionMap":{"functional-code":{"insertions":38,"deletions":0}}},{"hash":"81ff3445e9d20a3c131e3ba12e3b7b02dbb58f9e","messageTitle":"Amend JavaDocs comment of SessionSummaryCommand class","messageBody":"","fileTypesAndContributionMap":{"functional-code":{"insertions":1,"deletions":1}}}]},{"date":"2022-03-06","commitResults":[{"hash":"82aff8cc914d40b924605e349fa232ebf42ce92d","messageTitle":"Add error messages to Message class for Parser class","messageBody":"","fileTypesAndContributionMap":{"functional-code":{"insertions":4,"deletions":0}}},{"hash":"df52e99aab36cf2ef65317bdbc5da34133ef036e","messageTitle":"Rectify issue in getCommandType() method","messageBody":"Rectify issue where certain commands are incorrectly parsed\n","fileTypesAndContributionMap":{"functional-code":{"insertions":5,"deletions":5}}},{"hash":"f87a23a727fc6b9e5af92fb43dc2c6546fab062f","messageTitle":"Rename delimiterExist() method to hasDelimiter()","messageBody":"","fileTypesAndContributionMap":{"functional-code":{"insertions":4,"deletions":4}}},{"hash":"4c83fd853c121c7d700e54c9b37f93d3a7f55700","messageTitle":"Add supporting methods to detect invalid delimiters in input","messageBody":"","fileTypesAndContributionMap":{"functional-code":{"insertions":49,"deletions":0}}},{"hash":"286f754fd4d107a291b1b31216cf95c9f1e22b7b","messageTitle":"Improve getCommand() checking logic","messageBody":"Add error message to specific invalid commands\nAdd detection of invalid delimiters\nAdd error message for empty input\nAdd temporary handling of command types\n","fileTypesAndContributionMap":{"functional-code":{"insertions":25,"deletions":2}}},{"hash":"da36f4ea9888898de5d799794017b88452feb65e","messageTitle":"Add HelpCommand class","messageBody":"","fileTypesAndContributionMap":{"functional-code":{"insertions":4,"deletions":0}}},{"hash":"09501c29b7037dffea9473806c506837c8fd8211","messageTitle":"Implement functionality of HelpCommand class","messageBody":"Add run method\nAdd member attributes\nAdd printHelpMenu() method to TextUI class\nAdd prototype help message to Message class\n","fileTypesAndContributionMap":{"functional-code":{"insertions":18,"deletions":1}}},{"hash":"8a11be8df36b71a60081cf9ca9f3faa61db81b4c","messageTitle":"Add JavaDocs comment to HelpCommand class","messageBody":"","fileTypesAndContributionMap":{"functional-code":{"insertions":13,"deletions":0}}},{"hash":"460d0606cc484187c7cef1d5180703b1170b778e","messageTitle":"Integrate changes in Command class and work with Manager class","messageBody":"Change method signature of run method in HelpCommand\n","fileTypesAndContributionMap":{"functional-code":{"insertions":4,"deletions":7}}},{"hash":"1b2621009e8bd43c0b194d562770f374ac4a80fb","messageTitle":"Integrate HelpCommand to Parser getCommand() method","messageBody":"","fileTypesAndContributionMap":{"functional-code":{"insertions":3,"deletions":0}}}]}],"froststein":[{"date":"2022-03-03","commitResults":[{"hash":"25c09e88b9014c2531b72f0247d6bcc74938dd4b","messageTitle":"Add name for about us page","messageBody":"","fileTypesAndContributionMap":{"docs":{"insertions":5,"deletions":5}}},{"hash":"860d7cd627da5e8c112d5c9c5bc64b9216d16b8d","messageTitle":"Add data package and profile class","messageBody":"","fileTypesAndContributionMap":{"functional-code":{"insertions":5,"deletions":0}}},{"hash":"6e014ec9a2db954beba3799a22bab845ea747d5a","messageTitle":"Add attributes for profile class","messageBody":"","fileTypesAndContributionMap":{"functional-code":{"insertions":6,"deletions":1}}},{"hash":"7b0e2274b50cc973047bfa8f67356f62e89b0090","messageTitle":"Add constructor for profile class","messageBody":"","fileTypesAndContributionMap":{"functional-code":{"insertions":5,"deletions":0}}},{"hash":"2a6bd008a70c7f8689f5ccc144af94fb940f43b4","messageTitle":"Add getter and setter methods for profile class","messageBody":"","fileTypesAndContributionMap":{"functional-code":{"insertions":23,"deletions":0}}},{"hash":"386bc9e239d018e9f2dd8bb12990217b414ac51c","messageTitle":"Edit existing constructor","messageBody":"","fileTypesAndContributionMap":{"functional-code":{"insertions":3,"deletions":1}}},{"hash":"7121854b465e306b48923178f61fe76092b3cd4f","messageTitle":"Update current constructor to initialize activityIdTracker attribute","messageBody":"","fileTypesAndContributionMap":{"functional-code":{"insertions":1,"deletions":1}}},{"hash":"9bdc5bb1c9487652a89ae887314bcc7801c12c61","messageTitle":"Remove existing getter and setter methods to fit to backend requirements","messageBody":"","fileTypesAndContributionMap":{"functional-code":{"insertions":0,"deletions":11}}},{"hash":"1895b926b98ab7e4dba8eaccbcbca03398c312d0","messageTitle":"Add new getter and setter methods to fit to backend requirements","messageBody":"","fileTypesAndContributionMap":{"functional-code":{"insertions":10,"deletions":1}}},{"hash":"1ded82cc720eb9f56c0fa6873a59e120ce709468","messageTitle":"Add Javadocs for existing constructors, getter and setter functions in profile class","messageBody":"","fileTypesAndContributionMap":{"functional-code":{"insertions":30,"deletions":1}}},{"hash":"e12fbe3c2f9343d3e368b40db478de467af425fd","messageTitle":"Change javadoc for profile class to adhere to grade script checker","messageBody":"","fileTypesAndContributionMap":{"functional-code":{"insertions":4,"deletions":8}}},{"hash":"de1dff2064caa180f9fa657f9d9f44f52b4b1d2d","messageTitle":"Change initialization values for trackesr to be 1","messageBody":"","fileTypesAndContributionMap":{"functional-code":{"insertions":2,"deletions":2}}},{"hash":"9217cf3716cff4ae57c89c474c98c6e0001e6454","messageTitle":"Amend code logic for retrieval of new activity and session id","messageBody":"","fileTypesAndContributionMap":{"functional-code":{"insertions":11,"deletions":21}}},{"hash":"50988d166ab4599fff61d645b28ca54e77bc68cb","messageTitle":"Remove template code from duke main class","messageBody":"","fileTypesAndContributionMap":{"functional-code":{"insertions":0,"deletions":14}}},{"hash":"017d12bce72059b7d15e3f6ef9ab74c166576c77","messageTitle":"Add ui and profile attributes to be initialized by main class","messageBody":"","fileTypesAndContributionMap":{"functional-code":{"insertions":8,"deletions":0}}},{"hash":"5327bcd0b3c33f53482e5008b8e69e4ee1b3ba39","messageTitle":"Add driver functions for main class","messageBody":"","fileTypesAndContributionMap":{"functional-code":{"insertions":19,"deletions":0}}},{"hash":"231a5ea16fd64ab2c121642de32b21ec71ada9f8","messageTitle":"Add javadocs for main class","messageBody":"","fileTypesAndContributionMap":{"functional-code":{"insertions":15,"deletions":0}}},{"hash":"73447e7e044953b634c0230c0b287ce1c5059d30","messageTitle":"Amend javadocs according to gradle script feedback","messageBody":"","fileTypesAndContributionMap":{"functional-code":{"insertions":1,"deletions":1}}},{"hash":"0ed8d4d84547bfe4c456b2fa13e3c382526cd3c8","messageTitle":"Update text ui test case","messageBody":"","fileTypesAndContributionMap":{"functional-code":{"insertions":12,"deletions":12}}}]},{"date":"2022-03-04","commitResults":[{"hash":"73e18be17603fd14820c44481fa24b7900aed63a","messageTitle":"Add SessionCreateCommand.java","messageBody":"","fileTypesAndContributionMap":{"functional-code":{"insertions":2,"deletions":0}}},{"hash":"6c8ae08417b58a3ad1ac43c28af8ecbc1497c3b1","messageTitle":"Add attributes for SessionCreateCommand class","messageBody":"","fileTypesAndContributionMap":{"functional-code":{"insertions":17,"deletions":0}}},{"hash":"8e7ca387481ca69130af84c343171ead7370ce7b","messageTitle":"Add getter functions for SessionCreateCommand class","messageBody":"","fileTypesAndContributionMap":{"functional-code":{"insertions":9,"deletions":1}}},{"hash":"097099cf978928f9cbbe0436b320cf2c8397c096","messageTitle":"Add constructor for SessionCreateCommand class","messageBody":"","fileTypesAndContributionMap":{"functional-code":{"insertions":7,"deletions":0}}},{"hash":"5dec91f36c3e79acc2fe246b4c62099b604e9405","messageTitle":"Add Javadocs for functions in SessionCreateCommand class","messageBody":"","fileTypesAndContributionMap":{"functional-code":{"insertions":26,"deletions":0}}},{"hash":"9bec446d9e5269d8c516560102d76f4ac5722e7d","messageTitle":"Add command_text and command_format strings for SessionCreateCommand class","messageBody":"","fileTypesAndContributionMap":{"functional-code":{"insertions":4,"deletions":0}}},{"hash":"21fc15eb293b90602c656e685c283b3c324c5aad","messageTitle":"Update javadocs to include line break in between description and params","messageBody":"","fileTypesAndContributionMap":{"functional-code":{"insertions":5,"deletions":0}}},{"hash":"b20b1a03fdeeec5b23dae4cf1b603fccb3992ff8","messageTitle":"Update class javadocs","messageBody":"","fileTypesAndContributionMap":{"functional-code":{"insertions":2,"deletions":2}}},{"hash":"f10484cfb379b020f91186e4bc5b0c588301571a","messageTitle":"Add SessionDeleteCommand class","messageBody":"","fileTypesAndContributionMap":{"functional-code":{"insertions":9,"deletions":0}}},{"hash":"949ce90cb0a042eaba30e944f561064c794d338c","messageTitle":"Add attributes, constructor and getter function for SessionDeleteCommand class","messageBody":"","fileTypesAndContributionMap":{"functional-code":{"insertions":14,"deletions":0}}},{"hash":"3ec9dc2a7c71372e630ffef5d9454245c2c042c9","messageTitle":"Add javadocs for SessionDeleteCommand class","messageBody":"","fileTypesAndContributionMap":{"functional-code":{"insertions":22,"deletions":1}}},{"hash":"47836e8aeca3999b95d583acc88c960b6650928c","messageTitle":"Change command_format in SessionDeleteCommand and SessionCreateCommand","messageBody":"","fileTypesAndContributionMap":{"functional-code":{"insertions":2,"deletions":10}}}]},{"date":"2022-03-05","commitResults":[{"hash":"01624d29e925ed97fa3db83ab44f66d797b122fa","messageTitle":"Add ExitCommand class","messageBody":"","fileTypesAndContributionMap":{"functional-code":{"insertions":8,"deletions":0}}},{"hash":"46a1472ad001ac8875f2c09af56eefe83b230179","messageTitle":"Add command_text and command_format for ExitCommand class","messageBody":"","fileTypesAndContributionMap":{"functional-code":{"insertions":7,"deletions":0}}},{"hash":"2913457462eb555ce01e6043c0d427d8e746c0e7","messageTitle":"Add javadocs for ExitCommand class","messageBody":"","fileTypesAndContributionMap":{"functional-code":{"insertions":12,"deletions":0}}},{"hash":"f58132633b8376c8a353bc030aaec6ae17299296","messageTitle":"Integrate exit command into parser class","messageBody":"","fileTypesAndContributionMap":{"functional-code":{"insertions":7,"deletions":0}}},{"hash":"74669503d78db2942432ea0b90b09b551a6e70bd","messageTitle":"Integrate exit command into main class","messageBody":"","fileTypesAndContributionMap":{"functional-code":{"insertions":6,"deletions":3}}},{"hash":"d1b024bdf29d5ea13bf5c55902c7d24884dcd3f0","messageTitle":"Change existing showFarewellMessage function to exitApplication","messageBody":"","fileTypesAndContributionMap":{"functional-code":{"insertions":6,"deletions":5}}},{"hash":"c008b4207b70d51f07100b2f50a81fa01ddafc77","messageTitle":"Add static function to check if command is exitCommand","messageBody":"","fileTypesAndContributionMap":{"functional-code":{"insertions":3,"deletions":0}}},{"hash":"ec6e521cb45e4923b92891bb18276c22fdae7800","messageTitle":"Update run function","messageBody":"","fileTypesAndContributionMap":{"functional-code":{"insertions":1,"deletions":1}}},{"hash":"444e0623df757fe48b84d732a17cc114f8afab18","messageTitle":"Add javadocs for ExitCommand class","messageBody":"Add javadocs for isExitCommand function\nUpdate javadocs for run function\n","fileTypesAndContributionMap":{"functional-code":{"insertions":8,"deletions":2}}},{"hash":"6c6669eeb3d3b1d66e4496ba5f6e99554e86282e","messageTitle":"Move isExitCommand into Command class","messageBody":"","fileTypesAndContributionMap":{"functional-code":{"insertions":11,"deletions":11}}}]},{"date":"2022-03-06","commitResults":[{"hash":"c0dd472b135495cdbe9165ba6217629d11c3d96c","messageTitle":"Add Manager class","messageBody":"","fileTypesAndContributionMap":{"functional-code":{"insertions":8,"deletions":0}}},{"hash":"4aadc860c7ffbea8f8f463334c2dab041f4a037b","messageTitle":"Add attributes for Manager class","messageBody":"","fileTypesAndContributionMap":{"functional-code":{"insertions":2,"deletions":0}}},{"hash":"b4a6c4970903f8990f6e0efe713c913b99ffe5d5","messageTitle":"Add constructor and getter functions for Manager class","messageBody":"","fileTypesAndContributionMap":{"functional-code":{"insertions":9,"deletions":0}}},{"hash":"9dc6533db033d2ea469d66f4db0c3b80661efe0c","messageTitle":"Add javadocs for Manager class","messageBody":"","fileTypesAndContributionMap":{"functional-code":{"insertions":17,"deletions":1}}},{"hash":"7f109b5bfe0ba9c5f5f0ebebdf17c557c24dc81e","messageTitle":"Add whitespaces for javadocs in Manager Class","messageBody":"","fileTypesAndContributionMap":{"functional-code":{"insertions":2,"deletions":0}}},{"hash":"a33719995da8e250dd47b19288640fb1eb568049","messageTitle":"Amend javadocs for manager class","messageBody":"","fileTypesAndContributionMap":{"functional-code":{"insertions":1,"deletions":1}}},{"hash":"3fd4aa58f98d1ef3c74b8a9ad031508f612c20b2","messageTitle":"Integrate manager class into main class","messageBody":"","fileTypesAndContributionMap":{"functional-code":{"insertions":6,"deletions":7}}},{"hash":"39d225aebcf2d66ef7b8bb30c8b36755474af27f","messageTitle":"Change function signature of run function for all command type classes","messageBody":"","fileTypesAndContributionMap":{"functional-code":{"insertions":10,"deletions":3}}},{"hash":"edb9d00ab96d9e9040054b71935d9e13ee169c36","messageTitle":"Update InvalidCommand class to use manager class","messageBody":"","fileTypesAndContributionMap":{"functional-code":{"insertions":2,"deletions":3}}},{"hash":"f4ff367facc33160cde88e9dd019e8d45a9512a8","messageTitle":"Update ExtiCommand class to use manager class","messageBody":"","fileTypesAndContributionMap":{"functional-code":{"insertions":1,"deletions":0}}},{"hash":"b5e301047aac30f325bdff7339e592d935161b14","messageTitle":"Amend javadocs for all command type classes","messageBody":"","fileTypesAndContributionMap":{"functional-code":{"insertions":16,"deletions":43}}},{"hash":"8630f9550c329bbc25c0cfd5ace7e939aa25f1ee","messageTitle":"Add SessionListCommand class","messageBody":"","fileTypesAndContributionMap":{"functional-code":{"insertions":8,"deletions":0}}},{"hash":"486270217a7ad25176be18c562f8c2086d2dd0c3","messageTitle":"Add command_text and command_format for SessionListCommand","messageBody":"","fileTypesAndContributionMap":{"functional-code":{"insertions":5,"deletions":0}}},{"hash":"ad925b53a097b46de6f46e869a189b5f6e01c327","messageTitle":"Add javadocs for SessionListCommand class","messageBody":"","fileTypesAndContributionMap":{"functional-code":{"insertions":13,"deletions":1}}},{"hash":"571d727af0b9bc242824d1a34962c7cce543f7ae","messageTitle":"Integrate SessionListCommand with Parser class","messageBody":"","fileTypesAndContributionMap":{"functional-code":{"insertions":3,"deletions":0}}}]}],"matheril":[{"date":"2022-03-03","commitResults":[{"hash":"fdab3aa809c9353b3d1b1fe49b8ac95dfc672794","messageTitle":"test","messageBody":"","fileTypesAndContributionMap":{"functional-code":{"insertions":1,"deletions":0}}},{"hash":"1cfe0ef87af08b289b72215fe93a6a0b3b88e0ea","messageTitle":"Add my name","messageBody":"","fileTypesAndContributionMap":{"docs":{"insertions":2,"deletions":2}}},{"hash":"575b9b302b690a504f81113aab4f4c55657ed84d","messageTitle":"Merge upstream into local master","messageBody":"","fileTypesAndContributionMap":{"functional-code":{"insertions":0,"deletions":1}}},{"hash":"4b7f218376db9f7c5d263e923ad04b27a8b1cfce","messageTitle":"Add TextUI class","messageBody":"","fileTypesAndContributionMap":{"functional-code":{"insertions":16,"deletions":0}}},{"hash":"aa8a88e795d8a5c5c800579aec77c24a29eb5038","messageTitle":"Enable TextUI message printing function","messageBody":"printlnMessage(String message) can now be used to print messages to the\ninterface.\n","fileTypesAndContributionMap":{"functional-code":{"insertions":4,"deletions":0}}},{"hash":"c5f0d4fc7b8ebb357989bc39d46e1fdccb89b6f3","messageTitle":"Add input reading function to TextUI","messageBody":"readNextLine() can now be used to read input from the user interface as\na String.\n","fileTypesAndContributionMap":{"functional-code":{"insertions":4,"deletions":0}}},{"hash":"1784e34f4484774625da67cf447ec10862ffb2bf","messageTitle":"Add welcome, farewell and divider print functions","messageBody":"The user interface can now print welcome and goodbye messages with\nprintWelcome() and printFarewell().\nprintDivider() prints a divider line to the interface.\n","fileTypesAndContributionMap":{"functional-code":{"insertions":31,"deletions":0}}},{"hash":"8e3cd57cabedf6cac7b7ab153515fd05a9458c3a","messageTitle":"Add @author comment","messageBody":"","fileTypesAndContributionMap":{"functional-code":{"insertions":3,"deletions":0}}},{"hash":"5a4e17771bd4e95cd01f90e22165fd6784618b28","messageTitle":"Add default constructor to TextUI","messageBody":"stdin and stdout are used by default if no parameters are specified.\n","fileTypesAndContributionMap":{"functional-code":{"insertions":5,"deletions":0}}},{"hash":"e35cc8761fed7f71e2666aed23b8e52a499adae2","messageTitle":"Add Summary JavaDoc","messageBody":"","fileTypesAndContributionMap":{"functional-code":{"insertions":2,"deletions":0}}},{"hash":"fac3ba2eec3a0d51661a7beecca6aaf2b9564a61","messageTitle":"Add Message class","messageBody":"Message holds hardcoded strings such as error codes.\n","fileTypesAndContributionMap":{"functional-code":{"insertions":9,"deletions":0}}},{"hash":"8447b0f9a83459e4f29cfee6fdf7a4cd644190c7","messageTitle":"Change Message class to abstract","messageBody":"Message shouldn\u0027t be instantiated.\n","fileTypesAndContributionMap":{"functional-code":{"insertions":1,"deletions":1}}},{"hash":"bb8d440ce9493764a345eb24262eac180bc944b6","messageTitle":"Change Message Strings to final","messageBody":"","fileTypesAndContributionMap":{"functional-code":{"insertions":1,"deletions":1}}},{"hash":"27a0cacca12d68875bf28819e624a0ff69f89153","messageTitle":"Add exceptions package and InvalidDataException","messageBody":"","fileTypesAndContributionMap":{"functional-code":{"insertions":23,"deletions":0}}},{"hash":"5fa81321a112bb9d1ff949570d3d2a374dbc4fa9","messageTitle":"Add constructor to InvalidDataException","messageBody":"This constructor takes in just a String instead of a String and a\nthrowable.\n","fileTypesAndContributionMap":{"functional-code":{"insertions":10,"deletions":0}}},{"hash":"4a3b0f326289e733c8e89b25a67e6d568bf6e13f","messageTitle":"Add default constructor to InvalidDataException","messageBody":"Takes in no parameters.\n","fileTypesAndContributionMap":{"functional-code":{"insertions":8,"deletions":0}}},{"hash":"28f0ee071ea131914db3cc23329d9d7d8851dd4d","messageTitle":"Add getters and setters to InvalidDataException","messageBody":"","fileTypesAndContributionMap":{"functional-code":{"insertions":8,"deletions":0}}},{"hash":"40c5976ccb45948f682ca4831c6c3ce8997ac7a0","messageTitle":"Make final InvalidDataException variables","messageBody":"","fileTypesAndContributionMap":{"functional-code":{"insertions":2,"deletions":2}}},{"hash":"9d7e2c3ed3f5ce5ad1f729e8da51b01778a468bf","messageTitle":"Make InvalidDataException JavaDoc clearer","messageBody":"Edited @param message for clarity.\n","fileTypesAndContributionMap":{"functional-code":{"insertions":1,"deletions":1}}}]},{"date":"2022-03-04","commitResults":[{"hash":"84a0ca14f19fa8090cc703e5a75f7465c2bbc5bd","messageTitle":"Add InvalidFormatException class","messageBody":"Throw this exception when encountering format-related errors such as\ninvalid input.\nIncludes documentation on each constructor.\n","fileTypesAndContributionMap":{"functional-code":{"insertions":47,"deletions":0}}},{"hash":"6c2c251fab535b3c99425c5ad44ddca940536597","messageTitle":"Add newline before InvalidFormatException def","messageBody":"Add newline after import statements to satisfy Checkstyle test\n","fileTypesAndContributionMap":{"functional-code":{"insertions":1,"deletions":0}}},{"hash":"c927053805d6195ea787f0da1d7dd8c48e5e54f6","messageTitle":"Add ActivityCost class","messageBody":"Represents an activity and its cost.\nCurrently stores activityId and cost of the activity.\nCurrently contains constructor only, accepting activityId and cost.\n","fileTypesAndContributionMap":{"functional-code":{"insertions":25,"deletions":0}}},{"hash":"2830c1d3068f621a4ffb6704a15a7e678b811738","messageTitle":"Add getters/setters to ActivityCost","messageBody":"getters/setters for activityId and cost\n","fileTypesAndContributionMap":{"functional-code":{"insertions":16,"deletions":0}}},{"hash":"de59381fc8323cf2b82d1c3f03d76a6e23647ebf","messageTitle":"Add zero-cost constructor to ActivityCost","messageBody":"Constructor can now take in just an int as a parameter, which constructs\nan ActivityCost with cost \u003d 0.\n","fileTypesAndContributionMap":{"functional-code":{"insertions":15,"deletions":0}}},{"hash":"78bf3a301845a2dca83b420bf53e3c035f20fc10","messageTitle":"Add default constructor to ActivityCost","messageBody":"Default constructor takes in no parameters and sets activityId to -1 to\navoid conflict with other activityIds and cost to 0.\n","fileTypesAndContributionMap":{"functional-code":{"insertions":8,"deletions":0}}},{"hash":"6bcfa4e511a4a62465bd77eda1c145a559b57bd7","messageTitle":"Clarify ActivityCost documentation","messageBody":"Added \"Assumption: All fields are non-negative\" to constructor JavaDocs\nfor clarity.\n","fileTypesAndContributionMap":{"functional-code":{"insertions":5,"deletions":3}}},{"hash":"e14b98c22ec311c59b6419f7d88db0d10ff4d75b","messageTitle":"Fix ASCII alignment","messageBody":"Adds padding to the first line of the ASCII art displayed as a welcome\nmessage.\n","fileTypesAndContributionMap":{"functional-code":{"insertions":1,"deletions":1}}},{"hash":"6558c98fcb247fffd38f57ee95e978ab814d2580","messageTitle":"Make InvalidFormatException fields final","messageBody":"","fileTypesAndContributionMap":{"functional-code":{"insertions":2,"deletions":2}}},{"hash":"cc94ddb0707e7804fed41947a45822deae75c030","messageTitle":"Add InvalidCommand class","messageBody":"","fileTypesAndContributionMap":{"functional-code":{"insertions":22,"deletions":0}}},{"hash":"32a0af02d90a8068fabc4205fb8310f91a67443d","messageTitle":"Try removing dos2unix command from text-ui-test","messageBody":"","fileTypesAndContributionMap":{"other":{"insertions":1,"deletions":1}}},{"hash":"98608c5f3436f14f94ad7b16190b4091ad6f6c20","messageTitle":"Fix text-ui-test expected outcome","messageBody":"New ASCII art reflected in EXPECTED.TXT\n","fileTypesAndContributionMap":{"functional-code":{"insertions":13,"deletions":16},"other":{"insertions":2,"deletions":2}}},{"hash":"b8b573dceaf5e8b46190fca20e2ef8dd61b6037f","messageTitle":"Add Person class","messageBody":"Constructor takes in name as a String.\n","fileTypesAndContributionMap":{"functional-code":{"insertions":19,"deletions":0}}},{"hash":"4626771d66758ce3cb4911cffcae13a4092cf05e","messageTitle":"Add addActivityCost method to Person","messageBody":"Adds an activityCost object to a Person. Stores it in a list.\n","fileTypesAndContributionMap":{"functional-code":{"insertions":8,"deletions":0}}},{"hash":"6d74dfaec0a0b2bc0248558ad456bc519d8ccbd7","messageTitle":"Add getters and setters and documentation to Person","messageBody":"","fileTypesAndContributionMap":{"functional-code":{"insertions":24,"deletions":1}}},{"hash":"cc70006013e017e3ed8420ef41f22262c7106889","messageTitle":"Add documentation to Person constructor","messageBody":"","fileTypesAndContributionMap":{"functional-code":{"insertions":5,"deletions":0}}},{"hash":"6cade38a1a4e4e7026e12f837312d0dcad89bc52","messageTitle":"Remove error checking in Person constructor","messageBody":"","fileTypesAndContributionMap":{"functional-code":{"insertions":1,"deletions":8}}},{"hash":"e58e53ac6b0051c38ccaff472182fcd60fbb966f","messageTitle":"Rephrase Person constructor documentation","messageBody":"","fileTypesAndContributionMap":{"functional-code":{"insertions":1,"deletions":1}}},{"hash":"3ba3f13b828354b9c1dd0cff12164bb9a0741373","messageTitle":"Rephrase Person addActivityCost documentation","messageBody":"","fileTypesAndContributionMap":{"functional-code":{"insertions":1,"deletions":1}}},{"hash":"24d6ef02ec6c41de779860a1a1d7d63830c52eea","messageTitle":"Remove error checking from ActivityCost","messageBody":"ActivityCost no longer checks for invalid input or throws exceptions.\nThe Parser should handle invalid input\n","fileTypesAndContributionMap":{"functional-code":{"insertions":2,"deletions":12}}},{"hash":"84e2e2487c9e02dc47313b0c5fd27a572a3651c5","messageTitle":"Update documentation","messageBody":"Add newline between description and @params\n","fileTypesAndContributionMap":{"functional-code":{"insertions":14,"deletions":0}}},{"hash":"7cca1b6c3416a800753da6ccfd5e1e26546e26dc","messageTitle":"Fix checkstyle error in ActivityCost","messageBody":"Newline was in the wrong location.\n","fileTypesAndContributionMap":{"functional-code":{"insertions":1,"deletions":1}}},{"hash":"a5cb5fe3376b4a9db2377e7c594957779c334c3c","messageTitle":"Add newlinew to JavaDocs","messageBody":"Newlines now separate description from @params in JavaDocs.\n","fileTypesAndContributionMap":{"functional-code":{"insertions":13,"deletions":0}}}]}]},"authorFileTypeContributionMap":{"lelerer":{"docs":1,"functional-code":57,"test-code":0},"ivanaitzliddat":{"docs":2,"functional-code":118,"test-code":0},"warrencxw":{"docs":1,"functional-code":457,"test-code":0},"froststein":{"docs":1,"functional-code":316,"test-code":0},"matheril":{"docs":1,"functional-code":304,"test-code":0,"other":1}},"authorContributionVariance":{"lelerer":457.4256,"ivanaitzliddat":489.6609,"warrencxw":4313.502,"froststein":5079.8267,"matheril":5635.6543},"authorDisplayNameMap":{"lelerer":"CS2113T-T10-1 REN ..ANLE","ivanaitzliddat":"CS2113T-T10-1 TAN ..IVAN","warrencxw":"CS2113T-T10-1 CHON.. WEI","froststein":"CS2113T-T10-1 ROY ..LONG","matheril":"CS2113T-T10-1 SAUR..ERIL"}}
