[{"path":"README.md","fileType":"docs","lines":[{"lineNumber":1,"author":{"gitId":"-"},"content":"# Duke project template","lastModifiedDate":"2020-05-25"},{"lineNumber":2,"author":{"gitId":"-"},"content":"","lastModifiedDate":"2020-05-25"},{"lineNumber":3,"author":{"gitId":"glendonnotglen"},"content":"This is a project template for a greenfield Java project. It\u0027s named after the Java mascot _Duke_. Given below are instructions on how to use it","lastModifiedDate":"2022-03-03"},{"lineNumber":4,"author":{"gitId":"-"},"content":"","lastModifiedDate":"2020-05-25"},{"lineNumber":5,"author":{"gitId":"-"},"content":"## Setting up in Intellij","lastModifiedDate":"2020-05-25"},{"lineNumber":6,"author":{"gitId":"-"},"content":"","lastModifiedDate":"2020-05-25"},{"lineNumber":7,"author":{"gitId":"-"},"content":"Prerequisites: JDK 11 (use the exact version), update Intellij to the most recent version.","lastModifiedDate":"2020-05-24"},{"lineNumber":8,"author":{"gitId":"-"},"content":"","lastModifiedDate":"2020-05-24"},{"lineNumber":9,"author":{"gitId":"-"},"content":"1. **Ensure Intellij JDK 11 is defined as an SDK**, as described [here](https://www.jetbrains.com/help/idea/sdk.html#set-up-jdk) -- this step is not needed if you have used JDK 11 in a previous Intellij project.","lastModifiedDate":"2020-05-24"},{"lineNumber":10,"author":{"gitId":"-"},"content":"   * In the same dialog, you _may have to set the Project language level_ field to the SDK default option.","lastModifiedDate":"2022-02-11"},{"lineNumber":11,"author":{"gitId":"-"},"content":"2. **Import the project _as a Gradle project_**, as described [here](https://se-education.org/guides/tutorials/intellijImportGradleProject.html).","lastModifiedDate":"2022-02-11"},{"lineNumber":12,"author":{"gitId":"-"},"content":"3. **Verify the set up**: After the importing is complete, locate the `src/main/java/seedu/duke/Duke.java` file, right-click it, and choose `Run Duke.main()`. If the setup is correct, you should see something like the below:","lastModifiedDate":"2022-02-11"},{"lineNumber":13,"author":{"gitId":"-"},"content":"   ```","lastModifiedDate":"2020-05-25"},{"lineNumber":14,"author":{"gitId":"-"},"content":"   \u003e Task :compileJava","lastModifiedDate":"2020-05-24"},{"lineNumber":15,"author":{"gitId":"-"},"content":"   \u003e Task :processResources NO-SOURCE","lastModifiedDate":"2020-05-24"},{"lineNumber":16,"author":{"gitId":"-"},"content":"   \u003e Task :classes","lastModifiedDate":"2020-05-24"},{"lineNumber":17,"author":{"gitId":"-"},"content":"   ","lastModifiedDate":"2020-05-24"},{"lineNumber":18,"author":{"gitId":"-"},"content":"   \u003e Task :Duke.main()","lastModifiedDate":"2020-05-24"},{"lineNumber":19,"author":{"gitId":"-"},"content":"   Hello from","lastModifiedDate":"2020-05-25"},{"lineNumber":20,"author":{"gitId":"-"},"content":"    ____        _        ","lastModifiedDate":"2020-05-25"},{"lineNumber":21,"author":{"gitId":"-"},"content":"   |  _ \\ _   _| | _____ ","lastModifiedDate":"2020-05-25"},{"lineNumber":22,"author":{"gitId":"-"},"content":"   | | | | | | | |/ / _ \\","lastModifiedDate":"2020-05-25"},{"lineNumber":23,"author":{"gitId":"-"},"content":"   | |_| | |_| |   \u003c  __/","lastModifiedDate":"2020-05-25"},{"lineNumber":24,"author":{"gitId":"-"},"content":"   |____/ \\__,_|_|\\_\\___|","lastModifiedDate":"2020-05-25"},{"lineNumber":25,"author":{"gitId":"-"},"content":"   ","lastModifiedDate":"2020-05-24"},{"lineNumber":26,"author":{"gitId":"-"},"content":"   What is your name?","lastModifiedDate":"2020-05-24"},{"lineNumber":27,"author":{"gitId":"-"},"content":"   ```","lastModifiedDate":"2020-05-25"},{"lineNumber":28,"author":{"gitId":"-"},"content":"   Type some word and press enter to let the execution proceed to the end.","lastModifiedDate":"2020-05-24"},{"lineNumber":29,"author":{"gitId":"-"},"content":"","lastModifiedDate":"2020-05-24"},{"lineNumber":30,"author":{"gitId":"-"},"content":"## Build automation using Gradle","lastModifiedDate":"2020-05-24"},{"lineNumber":31,"author":{"gitId":"-"},"content":"","lastModifiedDate":"2020-05-24"},{"lineNumber":32,"author":{"gitId":"-"},"content":"* This project uses Gradle for build automation and dependency management. It includes a basic build script as well (i.e. the `build.gradle` file).","lastModifiedDate":"2020-05-24"},{"lineNumber":33,"author":{"gitId":"-"},"content":"* If you are new to Gradle, refer to the [Gradle Tutorial at se-education.org/guides](https://se-education.org/guides/tutorials/gradle.html).","lastModifiedDate":"2020-05-24"},{"lineNumber":34,"author":{"gitId":"-"},"content":"","lastModifiedDate":"2020-05-24"},{"lineNumber":35,"author":{"gitId":"-"},"content":"## Testing","lastModifiedDate":"2020-05-24"},{"lineNumber":36,"author":{"gitId":"-"},"content":"","lastModifiedDate":"2020-05-24"},{"lineNumber":37,"author":{"gitId":"-"},"content":"### I/O redirection tests","lastModifiedDate":"2020-05-24"},{"lineNumber":38,"author":{"gitId":"-"},"content":"","lastModifiedDate":"2020-05-24"},{"lineNumber":39,"author":{"gitId":"-"},"content":"* To run _I/O redirection_ tests (aka _Text UI tests_), navigate to the `text-ui-test` and run the `runtest(.bat/.sh)` script.","lastModifiedDate":"2020-05-24"},{"lineNumber":40,"author":{"gitId":"-"},"content":"","lastModifiedDate":"2020-05-24"},{"lineNumber":41,"author":{"gitId":"-"},"content":"### JUnit tests","lastModifiedDate":"2020-05-24"},{"lineNumber":42,"author":{"gitId":"-"},"content":"","lastModifiedDate":"2020-05-24"},{"lineNumber":43,"author":{"gitId":"-"},"content":"* A skeleton JUnit test (`src/test/java/seedu/duke/DukeTest.java`) is provided with this project template. ","lastModifiedDate":"2020-05-24"},{"lineNumber":44,"author":{"gitId":"-"},"content":"* If you are new to JUnit, refer to the [JUnit Tutorial at se-education.org/guides](https://se-education.org/guides/tutorials/junit.html).","lastModifiedDate":"2020-05-24"},{"lineNumber":45,"author":{"gitId":"-"},"content":"","lastModifiedDate":"2020-05-24"},{"lineNumber":46,"author":{"gitId":"-"},"content":"## Checkstyle","lastModifiedDate":"2020-05-24"},{"lineNumber":47,"author":{"gitId":"-"},"content":"","lastModifiedDate":"2020-05-24"},{"lineNumber":48,"author":{"gitId":"-"},"content":"* A sample CheckStyle rule configuration is provided in this project.","lastModifiedDate":"2020-05-24"},{"lineNumber":49,"author":{"gitId":"-"},"content":"* If you are new to Checkstyle, refer to the [Checkstyle Tutorial at se-education.org/guides](https://se-education.org/guides/tutorials/checkstyle.html).","lastModifiedDate":"2020-05-24"},{"lineNumber":50,"author":{"gitId":"-"},"content":"","lastModifiedDate":"2020-05-24"},{"lineNumber":51,"author":{"gitId":"-"},"content":"## CI using GitHub Actions","lastModifiedDate":"2020-05-24"},{"lineNumber":52,"author":{"gitId":"-"},"content":"","lastModifiedDate":"2020-05-24"},{"lineNumber":53,"author":{"gitId":"-"},"content":"The project uses [GitHub actions](https://github.com/features/actions) for CI. When you push a commit to this repo or PR against it, GitHub actions will run automatically to build and verify the code as updated by the commit/PR.","lastModifiedDate":"2020-05-24"},{"lineNumber":54,"author":{"gitId":"-"},"content":"","lastModifiedDate":"2020-05-24"},{"lineNumber":55,"author":{"gitId":"-"},"content":"## Documentation","lastModifiedDate":"2020-05-24"},{"lineNumber":56,"author":{"gitId":"-"},"content":"","lastModifiedDate":"2020-05-24"},{"lineNumber":57,"author":{"gitId":"-"},"content":"`/docs` folder contains a skeleton version of the project documentation.","lastModifiedDate":"2020-05-24"},{"lineNumber":58,"author":{"gitId":"-"},"content":"","lastModifiedDate":"2020-05-24"},{"lineNumber":59,"author":{"gitId":"-"},"content":"Steps for publishing documentation to the public: ","lastModifiedDate":"2020-05-24"},{"lineNumber":60,"author":{"gitId":"-"},"content":"1. If you are using this project template for an individual project, go your fork on GitHub.\u003cbr\u003e","lastModifiedDate":"2020-05-24"},{"lineNumber":61,"author":{"gitId":"-"},"content":"   If you are using this project template for a team project, go to the team fork on GitHub.","lastModifiedDate":"2020-05-24"},{"lineNumber":62,"author":{"gitId":"-"},"content":"1. Click on the `settings` tab.","lastModifiedDate":"2020-05-24"},{"lineNumber":63,"author":{"gitId":"-"},"content":"1. Scroll down to the `GitHub Pages` section.","lastModifiedDate":"2020-05-24"},{"lineNumber":64,"author":{"gitId":"-"},"content":"1. Set the `source` as `master branch /docs folder`.","lastModifiedDate":"2020-05-24"},{"lineNumber":65,"author":{"gitId":"-"},"content":"1. Optionally, use the `choose a theme` button to choose a theme for your documentation.","lastModifiedDate":"2020-05-24"}],"authorContributionMap":{"glendonnotglen":1,"-":64}},{"path":"build.gradle","fileType":"other","lines":[{"lineNumber":1,"author":{"gitId":"-"},"content":"plugins {","lastModifiedDate":"2020-05-25"},{"lineNumber":2,"author":{"gitId":"-"},"content":"    id \u0027java\u0027","lastModifiedDate":"2020-05-25"},{"lineNumber":3,"author":{"gitId":"-"},"content":"    id \u0027application\u0027","lastModifiedDate":"2020-05-25"},{"lineNumber":4,"author":{"gitId":"-"},"content":"    id \u0027checkstyle\u0027","lastModifiedDate":"2020-05-25"},{"lineNumber":5,"author":{"gitId":"-"},"content":"    id \u0027com.github.johnrengelman.shadow\u0027 version \u00275.1.0\u0027","lastModifiedDate":"2020-05-25"},{"lineNumber":6,"author":{"gitId":"-"},"content":"}","lastModifiedDate":"2020-05-25"},{"lineNumber":7,"author":{"gitId":"-"},"content":"","lastModifiedDate":"2020-05-25"},{"lineNumber":8,"author":{"gitId":"-"},"content":"repositories {","lastModifiedDate":"2020-05-25"},{"lineNumber":9,"author":{"gitId":"-"},"content":"    mavenCentral()","lastModifiedDate":"2020-05-25"},{"lineNumber":10,"author":{"gitId":"-"},"content":"}","lastModifiedDate":"2020-05-25"},{"lineNumber":11,"author":{"gitId":"-"},"content":"","lastModifiedDate":"2020-05-25"},{"lineNumber":12,"author":{"gitId":"-"},"content":"dependencies {","lastModifiedDate":"2020-05-25"},{"lineNumber":13,"author":{"gitId":"-"},"content":"    testImplementation group: \u0027org.junit.jupiter\u0027, name: \u0027junit-jupiter-api\u0027, version: \u00275.5.0\u0027","lastModifiedDate":"2020-05-25"},{"lineNumber":14,"author":{"gitId":"-"},"content":"    testRuntimeOnly group: \u0027org.junit.jupiter\u0027, name: \u0027junit-jupiter-engine\u0027, version: \u00275.5.0\u0027","lastModifiedDate":"2020-05-25"},{"lineNumber":15,"author":{"gitId":"-"},"content":"}","lastModifiedDate":"2020-05-25"},{"lineNumber":16,"author":{"gitId":"-"},"content":"","lastModifiedDate":"2020-05-25"},{"lineNumber":17,"author":{"gitId":"-"},"content":"test {","lastModifiedDate":"2020-05-25"},{"lineNumber":18,"author":{"gitId":"-"},"content":"    useJUnitPlatform()","lastModifiedDate":"2020-05-25"},{"lineNumber":19,"author":{"gitId":"-"},"content":"","lastModifiedDate":"2020-05-25"},{"lineNumber":20,"author":{"gitId":"-"},"content":"    testLogging {","lastModifiedDate":"2020-05-25"},{"lineNumber":21,"author":{"gitId":"-"},"content":"        events \"passed\", \"skipped\", \"failed\"","lastModifiedDate":"2020-05-25"},{"lineNumber":22,"author":{"gitId":"-"},"content":"","lastModifiedDate":"2020-05-25"},{"lineNumber":23,"author":{"gitId":"-"},"content":"        showExceptions true","lastModifiedDate":"2020-05-25"},{"lineNumber":24,"author":{"gitId":"-"},"content":"        exceptionFormat \"full\"","lastModifiedDate":"2020-05-25"},{"lineNumber":25,"author":{"gitId":"-"},"content":"        showCauses true","lastModifiedDate":"2020-05-25"},{"lineNumber":26,"author":{"gitId":"-"},"content":"        showStackTraces true","lastModifiedDate":"2020-05-25"},{"lineNumber":27,"author":{"gitId":"-"},"content":"        showStandardStreams \u003d false","lastModifiedDate":"2020-05-25"},{"lineNumber":28,"author":{"gitId":"-"},"content":"    }","lastModifiedDate":"2020-05-25"},{"lineNumber":29,"author":{"gitId":"-"},"content":"}","lastModifiedDate":"2020-05-25"},{"lineNumber":30,"author":{"gitId":"-"},"content":"","lastModifiedDate":"2020-05-25"},{"lineNumber":31,"author":{"gitId":"-"},"content":"application {","lastModifiedDate":"2020-05-25"},{"lineNumber":32,"author":{"gitId":"khseah"},"content":"    mainClassName \u003d \"seedu.mindmymoney.MindMyMoney\"","lastModifiedDate":"2022-03-09"},{"lineNumber":33,"author":{"gitId":"-"},"content":"}","lastModifiedDate":"2020-05-25"},{"lineNumber":34,"author":{"gitId":"-"},"content":"","lastModifiedDate":"2020-05-25"},{"lineNumber":35,"author":{"gitId":"-"},"content":"shadowJar {","lastModifiedDate":"2020-05-25"},{"lineNumber":36,"author":{"gitId":"-"},"content":"    archiveBaseName \u003d \"duke\"","lastModifiedDate":"2020-05-25"},{"lineNumber":37,"author":{"gitId":"-"},"content":"    archiveClassifier \u003d null","lastModifiedDate":"2020-05-25"},{"lineNumber":38,"author":{"gitId":"-"},"content":"}","lastModifiedDate":"2020-05-25"},{"lineNumber":39,"author":{"gitId":"-"},"content":"","lastModifiedDate":"2020-05-25"},{"lineNumber":40,"author":{"gitId":"-"},"content":"checkstyle {","lastModifiedDate":"2020-05-25"},{"lineNumber":41,"author":{"gitId":"-"},"content":"    toolVersion \u003d \u00278.23\u0027","lastModifiedDate":"2020-05-25"},{"lineNumber":42,"author":{"gitId":"-"},"content":"}","lastModifiedDate":"2020-05-25"},{"lineNumber":43,"author":{"gitId":"-"},"content":"","lastModifiedDate":"2020-05-25"},{"lineNumber":44,"author":{"gitId":"-"},"content":"run{","lastModifiedDate":"2020-05-25"},{"lineNumber":45,"author":{"gitId":"-"},"content":"    standardInput \u003d System.in","lastModifiedDate":"2020-05-25"},{"lineNumber":46,"author":{"gitId":"-"},"content":"}","lastModifiedDate":"2020-05-25"}],"authorContributionMap":{"khseah":1,"-":45}},{"path":"docs/AboutUs.md","fileType":"docs","lines":[{"lineNumber":1,"author":{"gitId":"-"},"content":"# About us","lastModifiedDate":"2020-05-24"},{"lineNumber":2,"author":{"gitId":"-"},"content":"","lastModifiedDate":"2020-05-24"},{"lineNumber":3,"author":{"gitId":"khseah"},"content":"|                      Display                       | Name            |               Github Profile                |             Portfolio             |","lastModifiedDate":"2022-03-09"},{"lineNumber":4,"author":{"gitId":"khseah"},"content":"|:--------------------------------------------------:|:----------------|:-------------------------------------------:|:---------------------------------:|","lastModifiedDate":"2022-03-09"},{"lineNumber":5,"author":{"gitId":"khseah"},"content":"| [](https://via.placeholder.com/100.png?text\u003dPhoto) | Dan Baterisna   |  [Github](https://github.com/danbaterisna)  | [Portfolio](docs/team/johndoe.md) |","lastModifiedDate":"2022-03-09"},{"lineNumber":6,"author":{"gitId":"khseah"},"content":"| [](https://via.placeholder.com/100.png?text\u003dPhoto) | Glendon Ng      | [Github](https://github.com/GlendonNotGlen) | [Portfolio](docs/team/johndoe.md) |","lastModifiedDate":"2022-03-09"},{"lineNumber":7,"author":{"gitId":"khseah"},"content":"| [](https://via.placeholder.com/100.png?text\u003dPhoto) | Lim Jie Rui     |   [Github](https://github.com/limjierui)    | [Portfolio](docs/team/johndoe.md) |","lastModifiedDate":"2022-03-09"},{"lineNumber":8,"author":{"gitId":"khseah"},"content":"| [](https://via.placeholder.com/100.png?text\u003dPhoto) | Seah Kit Han    |     [Github](https://github.com/khseah)     | [Portfolio](docs/team/johndoe.md) |","lastModifiedDate":"2022-03-09"},{"lineNumber":9,"author":{"gitId":"khseah"},"content":"| [](https://via.placeholder.com/100.png?text\u003dPhoto) | Sean Ho Wen Bin |    [Github](https://github.com/SeanHoWB)    | [Portfolio](docs/team/johndoe.md) |","lastModifiedDate":"2022-03-09"}],"authorContributionMap":{"khseah":7,"-":2}},{"path":"src/main/java/seedu/mindmymoney/MindMyMoney.java","fileType":"functional-code","lines":[{"lineNumber":1,"author":{"gitId":"khseah"},"content":"package seedu.mindmymoney;","lastModifiedDate":"2022-03-09"},{"lineNumber":2,"author":{"gitId":"khseah"},"content":"","lastModifiedDate":"2022-03-09"},{"lineNumber":3,"author":{"gitId":"khseah"},"content":"import seedu.mindmymoney.command.Command;","lastModifiedDate":"2022-03-09"},{"lineNumber":4,"author":{"gitId":"khseah"},"content":"","lastModifiedDate":"2022-03-09"},{"lineNumber":5,"author":{"gitId":"khseah"},"content":"/**","lastModifiedDate":"2022-03-09"},{"lineNumber":6,"author":{"gitId":"khseah"},"content":" * Represents the entry point of the MindMyMoney program. Initializes the program and starts interaction with the","lastModifiedDate":"2022-03-09"},{"lineNumber":7,"author":{"gitId":"khseah"},"content":" * user.","lastModifiedDate":"2022-03-09"},{"lineNumber":8,"author":{"gitId":"khseah"},"content":" */","lastModifiedDate":"2022-03-09"},{"lineNumber":9,"author":{"gitId":"khseah"},"content":"public class MindMyMoney {","lastModifiedDate":"2022-03-09"},{"lineNumber":10,"author":{"gitId":"khseah"},"content":"    private final Ui ui;","lastModifiedDate":"2022-03-09"},{"lineNumber":11,"author":{"gitId":"khseah"},"content":"","lastModifiedDate":"2022-03-09"},{"lineNumber":12,"author":{"gitId":"khseah"},"content":"    public MindMyMoney() {","lastModifiedDate":"2022-03-09"},{"lineNumber":13,"author":{"gitId":"khseah"},"content":"        ui \u003d new Ui();","lastModifiedDate":"2022-03-09"},{"lineNumber":14,"author":{"gitId":"khseah"},"content":"    }","lastModifiedDate":"2022-03-09"},{"lineNumber":15,"author":{"gitId":"khseah"},"content":"","lastModifiedDate":"2022-03-09"},{"lineNumber":16,"author":{"gitId":"khseah"},"content":"    public void run() {","lastModifiedDate":"2022-03-09"},{"lineNumber":17,"author":{"gitId":"khseah"},"content":"        ui.printIntro();","lastModifiedDate":"2022-03-09"},{"lineNumber":18,"author":{"gitId":"khseah"},"content":"","lastModifiedDate":"2022-03-09"},{"lineNumber":19,"author":{"gitId":"khseah"},"content":"        while (true) {","lastModifiedDate":"2022-03-09"},{"lineNumber":20,"author":{"gitId":"limjierui"},"content":"            try {","lastModifiedDate":"2022-03-10"},{"lineNumber":21,"author":{"gitId":"khseah"},"content":"                String input \u003d ui.readInput();","lastModifiedDate":"2022-03-09"},{"lineNumber":22,"author":{"gitId":"khseah"},"content":"                Parser p \u003d new Parser(input);","lastModifiedDate":"2022-03-09"},{"lineNumber":23,"author":{"gitId":"khseah"},"content":"                Command c \u003d p.parseCommand();","lastModifiedDate":"2022-03-09"},{"lineNumber":24,"author":{"gitId":"khseah"},"content":"                c.executeCommand();","lastModifiedDate":"2022-03-09"},{"lineNumber":25,"author":{"gitId":"limjierui"},"content":"            } catch (MindMyMoneyException e) {","lastModifiedDate":"2022-03-10"},{"lineNumber":26,"author":{"gitId":"limjierui"},"content":"                System.out.println(e.getMessage());","lastModifiedDate":"2022-03-10"},{"lineNumber":27,"author":{"gitId":"limjierui"},"content":"            }","lastModifiedDate":"2022-03-10"},{"lineNumber":28,"author":{"gitId":"khseah"},"content":"        }","lastModifiedDate":"2022-03-09"},{"lineNumber":29,"author":{"gitId":"khseah"},"content":"    }","lastModifiedDate":"2022-03-09"},{"lineNumber":30,"author":{"gitId":"khseah"},"content":"","lastModifiedDate":"2022-03-09"},{"lineNumber":31,"author":{"gitId":"khseah"},"content":"    public static void main(String[] args) {","lastModifiedDate":"2022-03-09"},{"lineNumber":32,"author":{"gitId":"khseah"},"content":"        new MindMyMoney().run();","lastModifiedDate":"2022-03-09"},{"lineNumber":33,"author":{"gitId":"khseah"},"content":"    }","lastModifiedDate":"2022-03-09"},{"lineNumber":34,"author":{"gitId":"khseah"},"content":"}","lastModifiedDate":"2022-03-09"}],"authorContributionMap":{"khseah":30,"limjierui":4}},{"path":"src/main/java/seedu/mindmymoney/MindMyMoneyException.java","fileType":"functional-code","lines":[{"lineNumber":1,"author":{"gitId":"limjierui"},"content":"package seedu.mindmymoney;","lastModifiedDate":"2022-03-10"},{"lineNumber":2,"author":{"gitId":"limjierui"},"content":"","lastModifiedDate":"2022-03-10"},{"lineNumber":3,"author":{"gitId":"limjierui"},"content":"/**","lastModifiedDate":"2022-03-10"},{"lineNumber":4,"author":{"gitId":"limjierui"},"content":" * Represents exceptions that are exclusive to MindMyMoney program.","lastModifiedDate":"2022-03-10"},{"lineNumber":5,"author":{"gitId":"limjierui"},"content":" */","lastModifiedDate":"2022-03-10"},{"lineNumber":6,"author":{"gitId":"limjierui"},"content":"public class MindMyMoneyException extends Exception {","lastModifiedDate":"2022-03-10"},{"lineNumber":7,"author":{"gitId":"limjierui"},"content":"    public MindMyMoneyException(String errorMessage) {","lastModifiedDate":"2022-03-10"},{"lineNumber":8,"author":{"gitId":"limjierui"},"content":"        super(errorMessage);","lastModifiedDate":"2022-03-10"},{"lineNumber":9,"author":{"gitId":"limjierui"},"content":"    }","lastModifiedDate":"2022-03-10"},{"lineNumber":10,"author":{"gitId":"limjierui"},"content":"}","lastModifiedDate":"2022-03-10"}],"authorContributionMap":{"limjierui":10}},{"path":"src/main/java/seedu/mindmymoney/Parser.java","fileType":"functional-code","lines":[{"lineNumber":1,"author":{"gitId":"khseah"},"content":"package seedu.mindmymoney;","lastModifiedDate":"2022-03-09"},{"lineNumber":2,"author":{"gitId":"khseah"},"content":"","lastModifiedDate":"2022-03-09"},{"lineNumber":3,"author":{"gitId":"khseah"},"content":"import seedu.mindmymoney.command.Command;","lastModifiedDate":"2022-03-09"},{"lineNumber":4,"author":{"gitId":"khseah"},"content":"import seedu.mindmymoney.command.HelpCommand;","lastModifiedDate":"2022-03-09"},{"lineNumber":5,"author":{"gitId":"danbaterisna"},"content":"import seedu.mindmymoney.command.UpdateCommand;","lastModifiedDate":"2022-03-10"},{"lineNumber":6,"author":{"gitId":"limjierui"},"content":"import seedu.mindmymoney.command.AddCommand;","lastModifiedDate":"2022-03-10"},{"lineNumber":7,"author":{"gitId":"glendonnotglen"},"content":"import seedu.mindmymoney.command.ListCommand;","lastModifiedDate":"2022-03-10"},{"lineNumber":8,"author":{"gitId":"limjierui"},"content":"import seedu.mindmymoney.command.DeleteCommand;","lastModifiedDate":"2022-03-10"},{"lineNumber":9,"author":{"gitId":"SeanHoWB"},"content":"import seedu.mindmymoney.constants.Indexes;","lastModifiedDate":"2022-03-09"},{"lineNumber":10,"author":{"gitId":"SeanHoWB"},"content":"import seedu.mindmymoney.helper.Functions;","lastModifiedDate":"2022-03-09"},{"lineNumber":11,"author":{"gitId":"khseah"},"content":"","lastModifiedDate":"2022-03-09"},{"lineNumber":12,"author":{"gitId":"khseah"},"content":"/**","lastModifiedDate":"2022-03-09"},{"lineNumber":13,"author":{"gitId":"khseah"},"content":" * Represents the input parser and deals with making sense of user commands.","lastModifiedDate":"2022-03-09"},{"lineNumber":14,"author":{"gitId":"khseah"},"content":" */","lastModifiedDate":"2022-03-09"},{"lineNumber":15,"author":{"gitId":"khseah"},"content":"public class Parser {","lastModifiedDate":"2022-03-09"},{"lineNumber":16,"author":{"gitId":"khseah"},"content":"    public static final int SPLIT_LIMIT \u003d 2;","lastModifiedDate":"2022-03-09"},{"lineNumber":17,"author":{"gitId":"khseah"},"content":"","lastModifiedDate":"2022-03-09"},{"lineNumber":18,"author":{"gitId":"khseah"},"content":"    protected String inputCommand;","lastModifiedDate":"2022-03-09"},{"lineNumber":19,"author":{"gitId":"khseah"},"content":"","lastModifiedDate":"2022-03-09"},{"lineNumber":20,"author":{"gitId":"khseah"},"content":"    public Parser(String inputCommand) {","lastModifiedDate":"2022-03-09"},{"lineNumber":21,"author":{"gitId":"khseah"},"content":"        this.inputCommand \u003d inputCommand;","lastModifiedDate":"2022-03-09"},{"lineNumber":22,"author":{"gitId":"khseah"},"content":"    }","lastModifiedDate":"2022-03-09"},{"lineNumber":23,"author":{"gitId":"khseah"},"content":"","lastModifiedDate":"2022-03-09"},{"lineNumber":24,"author":{"gitId":"khseah"},"content":"    /**","lastModifiedDate":"2022-03-09"},{"lineNumber":25,"author":{"gitId":"khseah"},"content":"     * Returns a Command object with respect to their input. The command object can then be executed to perform","lastModifiedDate":"2022-03-09"},{"lineNumber":26,"author":{"gitId":"khseah"},"content":"     * the said command.","lastModifiedDate":"2022-03-09"},{"lineNumber":27,"author":{"gitId":"khseah"},"content":"     *","lastModifiedDate":"2022-03-09"},{"lineNumber":28,"author":{"gitId":"khseah"},"content":"     * @return Command object with respect to user\u0027s input.","lastModifiedDate":"2022-03-09"},{"lineNumber":29,"author":{"gitId":"khseah"},"content":"     */","lastModifiedDate":"2022-03-09"},{"lineNumber":30,"author":{"gitId":"khseah"},"content":"    public Command parseCommand() {","lastModifiedDate":"2022-03-09"},{"lineNumber":31,"author":{"gitId":"SeanHoWB"},"content":"        try {","lastModifiedDate":"2022-03-10"},{"lineNumber":32,"author":{"gitId":"SeanHoWB"},"content":"            String[] parsedInput \u003d Functions.parseInput(inputCommand);","lastModifiedDate":"2022-03-09"},{"lineNumber":33,"author":{"gitId":"limjierui"},"content":"            switch (parsedInput[Indexes.INDEX_OF_FIRST_ITEM_IN_STRING].toLowerCase()) {","lastModifiedDate":"2022-03-10"},{"lineNumber":34,"author":{"gitId":"khseah"},"content":"            case \"help\":","lastModifiedDate":"2022-03-09"},{"lineNumber":35,"author":{"gitId":"khseah"},"content":"                return new HelpCommand(true);","lastModifiedDate":"2022-03-09"},{"lineNumber":36,"author":{"gitId":"khseah"},"content":"            case \"bye\":","lastModifiedDate":"2022-03-09"},{"lineNumber":37,"author":{"gitId":"khseah"},"content":"                System.out.println(\"Goodbye!\");","lastModifiedDate":"2022-03-09"},{"lineNumber":38,"author":{"gitId":"khseah"},"content":"                System.exit(0);","lastModifiedDate":"2022-03-09"},{"lineNumber":39,"author":{"gitId":"SeanHoWB"},"content":"                return new HelpCommand(false); //solving fall through issue, need return something leh","lastModifiedDate":"2022-03-09"},{"lineNumber":40,"author":{"gitId":"SeanHoWB"},"content":"            case \"add\":","lastModifiedDate":"2022-03-09"},{"lineNumber":41,"author":{"gitId":"SeanHoWB"},"content":"                return new AddCommand(parsedInput[Indexes.INDEX_OF_SECOND_ITEM_IN_STRING]);","lastModifiedDate":"2022-03-09"},{"lineNumber":42,"author":{"gitId":"danbaterisna"},"content":"            case \"update\":","lastModifiedDate":"2022-03-10"},{"lineNumber":43,"author":{"gitId":"danbaterisna"},"content":"                return new UpdateCommand(parsedInput[Indexes.INDEX_OF_SECOND_ITEM_IN_STRING]);","lastModifiedDate":"2022-03-10"},{"lineNumber":44,"author":{"gitId":"glendonnotglen"},"content":"            case \"list\":","lastModifiedDate":"2022-03-10"},{"lineNumber":45,"author":{"gitId":"glendonnotglen"},"content":"                return new ListCommand();","lastModifiedDate":"2022-03-10"},{"lineNumber":46,"author":{"gitId":"limjierui"},"content":"            case \"delete\":","lastModifiedDate":"2022-03-10"},{"lineNumber":47,"author":{"gitId":"limjierui"},"content":"                return new DeleteCommand(inputCommand);","lastModifiedDate":"2022-03-10"},{"lineNumber":48,"author":{"gitId":"khseah"},"content":"            default:","lastModifiedDate":"2022-03-09"},{"lineNumber":49,"author":{"gitId":"khseah"},"content":"                return new HelpCommand(false);","lastModifiedDate":"2022-03-09"},{"lineNumber":50,"author":{"gitId":"khseah"},"content":"            }","lastModifiedDate":"2022-03-09"},{"lineNumber":51,"author":{"gitId":"SeanHoWB"},"content":"        } catch (ArrayIndexOutOfBoundsException e) {","lastModifiedDate":"2022-03-10"},{"lineNumber":52,"author":{"gitId":"SeanHoWB"},"content":"            System.out.println(\"Missing input after command!\");","lastModifiedDate":"2022-03-10"},{"lineNumber":53,"author":{"gitId":"SeanHoWB"},"content":"        }","lastModifiedDate":"2022-03-10"},{"lineNumber":54,"author":{"gitId":"SeanHoWB"},"content":"        return new HelpCommand(false);","lastModifiedDate":"2022-03-10"},{"lineNumber":55,"author":{"gitId":"khseah"},"content":"    }","lastModifiedDate":"2022-03-09"},{"lineNumber":56,"author":{"gitId":"khseah"},"content":"}","lastModifiedDate":"2022-03-09"}],"authorContributionMap":{"SeanHoWB":11,"khseah":34,"limjierui":5,"glendonnotglen":3,"danbaterisna":3}},{"path":"src/main/java/seedu/mindmymoney/Ui.java","fileType":"functional-code","lines":[{"lineNumber":1,"author":{"gitId":"khseah"},"content":"package seedu.mindmymoney;","lastModifiedDate":"2022-03-09"},{"lineNumber":2,"author":{"gitId":"khseah"},"content":"","lastModifiedDate":"2022-03-09"},{"lineNumber":3,"author":{"gitId":"khseah"},"content":"import java.util.Scanner;","lastModifiedDate":"2022-03-09"},{"lineNumber":4,"author":{"gitId":"khseah"},"content":"","lastModifiedDate":"2022-03-09"},{"lineNumber":5,"author":{"gitId":"khseah"},"content":"/**","lastModifiedDate":"2022-03-09"},{"lineNumber":6,"author":{"gitId":"khseah"},"content":" * Deals with interactions with the user.","lastModifiedDate":"2022-03-09"},{"lineNumber":7,"author":{"gitId":"khseah"},"content":" */","lastModifiedDate":"2022-03-09"},{"lineNumber":8,"author":{"gitId":"khseah"},"content":"public class Ui {","lastModifiedDate":"2022-03-09"},{"lineNumber":9,"author":{"gitId":"khseah"},"content":"    public static final String PROMPT \u003d \"\u003e \";","lastModifiedDate":"2022-03-09"},{"lineNumber":10,"author":{"gitId":"khseah"},"content":"","lastModifiedDate":"2022-03-09"},{"lineNumber":11,"author":{"gitId":"khseah"},"content":"    private final Scanner in;","lastModifiedDate":"2022-03-09"},{"lineNumber":12,"author":{"gitId":"khseah"},"content":"","lastModifiedDate":"2022-03-09"},{"lineNumber":13,"author":{"gitId":"khseah"},"content":"    public Ui() {","lastModifiedDate":"2022-03-09"},{"lineNumber":14,"author":{"gitId":"khseah"},"content":"        this.in \u003d new Scanner(System.in);","lastModifiedDate":"2022-03-09"},{"lineNumber":15,"author":{"gitId":"khseah"},"content":"    }","lastModifiedDate":"2022-03-09"},{"lineNumber":16,"author":{"gitId":"khseah"},"content":"","lastModifiedDate":"2022-03-09"},{"lineNumber":17,"author":{"gitId":"khseah"},"content":"    /**","lastModifiedDate":"2022-03-09"},{"lineNumber":18,"author":{"gitId":"khseah"},"content":"     * Prints logo and welcome message at startup.","lastModifiedDate":"2022-03-09"},{"lineNumber":19,"author":{"gitId":"khseah"},"content":"     */","lastModifiedDate":"2022-03-09"},{"lineNumber":20,"author":{"gitId":"khseah"},"content":"    public void printIntro() {","lastModifiedDate":"2022-03-09"},{"lineNumber":21,"author":{"gitId":"khseah"},"content":"        String logo \u003d \" __  __ _         _ __  __      __  __\\n\"","lastModifiedDate":"2022-03-09"},{"lineNumber":22,"author":{"gitId":"khseah"},"content":"                + \"|  \\\\/  (_)_ _  __| |  \\\\/  |_  _|  \\\\/  |___ _ _  ___ _  _\\n\"","lastModifiedDate":"2022-03-09"},{"lineNumber":23,"author":{"gitId":"khseah"},"content":"                + \"| |\\\\/| | | \u0027 \\\\/ _` | |\\\\/| | || | |\\\\/| / _ \\\\ \u0027 \\\\/ -_) || |\\n\"","lastModifiedDate":"2022-03-09"},{"lineNumber":24,"author":{"gitId":"khseah"},"content":"                + \"|_|  |_|_|_||_\\\\__,_|_|  |_|\\\\_, |_|  |_\\\\___/_||_\\\\___|\\\\_, |\\n\"","lastModifiedDate":"2022-03-09"},{"lineNumber":25,"author":{"gitId":"khseah"},"content":"                + \"                           |__/                     |__/\";","lastModifiedDate":"2022-03-09"},{"lineNumber":26,"author":{"gitId":"khseah"},"content":"","lastModifiedDate":"2022-03-09"},{"lineNumber":27,"author":{"gitId":"khseah"},"content":"        System.out.print(System.lineSeparator());","lastModifiedDate":"2022-03-09"},{"lineNumber":28,"author":{"gitId":"khseah"},"content":"        System.out.println(logo);","lastModifiedDate":"2022-03-09"},{"lineNumber":29,"author":{"gitId":"khseah"},"content":"        System.out.println(\"Welcome to MindMyMoney\");","lastModifiedDate":"2022-03-09"},{"lineNumber":30,"author":{"gitId":"khseah"},"content":"        System.out.println(\"What can I do for you?\" + System.lineSeparator());","lastModifiedDate":"2022-03-09"},{"lineNumber":31,"author":{"gitId":"khseah"},"content":"    }","lastModifiedDate":"2022-03-09"},{"lineNumber":32,"author":{"gitId":"khseah"},"content":"","lastModifiedDate":"2022-03-09"},{"lineNumber":33,"author":{"gitId":"khseah"},"content":"    /**","lastModifiedDate":"2022-03-09"},{"lineNumber":34,"author":{"gitId":"khseah"},"content":"     * Prints the prompt and reads user\u0027s input.","lastModifiedDate":"2022-03-09"},{"lineNumber":35,"author":{"gitId":"khseah"},"content":"     *","lastModifiedDate":"2022-03-09"},{"lineNumber":36,"author":{"gitId":"khseah"},"content":"     * @return User\u0027s input.","lastModifiedDate":"2022-03-09"},{"lineNumber":37,"author":{"gitId":"khseah"},"content":"     */","lastModifiedDate":"2022-03-09"},{"lineNumber":38,"author":{"gitId":"khseah"},"content":"    public String readInput() {","lastModifiedDate":"2022-03-09"},{"lineNumber":39,"author":{"gitId":"khseah"},"content":"        System.out.print(PROMPT);","lastModifiedDate":"2022-03-09"},{"lineNumber":40,"author":{"gitId":"khseah"},"content":"        String input \u003d in.nextLine();","lastModifiedDate":"2022-03-09"},{"lineNumber":41,"author":{"gitId":"khseah"},"content":"        return input;","lastModifiedDate":"2022-03-09"},{"lineNumber":42,"author":{"gitId":"khseah"},"content":"    }","lastModifiedDate":"2022-03-09"},{"lineNumber":43,"author":{"gitId":"khseah"},"content":"}","lastModifiedDate":"2022-03-09"}],"authorContributionMap":{"khseah":43}},{"path":"src/main/java/seedu/mindmymoney/command/AddCommand.java","fileType":"functional-code","lines":[{"lineNumber":1,"author":{"gitId":"SeanHoWB"},"content":"package seedu.mindmymoney.command;","lastModifiedDate":"2022-03-09"},{"lineNumber":2,"author":{"gitId":"SeanHoWB"},"content":"","lastModifiedDate":"2022-03-09"},{"lineNumber":3,"author":{"gitId":"SeanHoWB"},"content":"import seedu.mindmymoney.constants.Indexes;","lastModifiedDate":"2022-03-09"},{"lineNumber":4,"author":{"gitId":"SeanHoWB"},"content":"import seedu.mindmymoney.constants.PrintStrings;","lastModifiedDate":"2022-03-09"},{"lineNumber":5,"author":{"gitId":"SeanHoWB"},"content":"import seedu.mindmymoney.data.Lists;","lastModifiedDate":"2022-03-09"},{"lineNumber":6,"author":{"gitId":"SeanHoWB"},"content":"import seedu.mindmymoney.helper.Functions;","lastModifiedDate":"2022-03-09"},{"lineNumber":7,"author":{"gitId":"SeanHoWB"},"content":"import seedu.mindmymoney.userfinancial.Expenditure;","lastModifiedDate":"2022-03-09"},{"lineNumber":8,"author":{"gitId":"SeanHoWB"},"content":"","lastModifiedDate":"2022-03-09"},{"lineNumber":9,"author":{"gitId":"SeanHoWB"},"content":"/**","lastModifiedDate":"2022-03-09"},{"lineNumber":10,"author":{"gitId":"SeanHoWB"},"content":" * Represents the Add command.","lastModifiedDate":"2022-03-09"},{"lineNumber":11,"author":{"gitId":"SeanHoWB"},"content":" */","lastModifiedDate":"2022-03-09"},{"lineNumber":12,"author":{"gitId":"SeanHoWB"},"content":"public class AddCommand extends Command {","lastModifiedDate":"2022-03-09"},{"lineNumber":13,"author":{"gitId":"SeanHoWB"},"content":"    private String addInput;","lastModifiedDate":"2022-03-09"},{"lineNumber":14,"author":{"gitId":"SeanHoWB"},"content":"","lastModifiedDate":"2022-03-09"},{"lineNumber":15,"author":{"gitId":"SeanHoWB"},"content":"    public AddCommand(String addInput) {","lastModifiedDate":"2022-03-09"},{"lineNumber":16,"author":{"gitId":"SeanHoWB"},"content":"        this.addInput \u003d addInput;","lastModifiedDate":"2022-03-09"},{"lineNumber":17,"author":{"gitId":"SeanHoWB"},"content":"    }","lastModifiedDate":"2022-03-09"},{"lineNumber":18,"author":{"gitId":"SeanHoWB"},"content":"","lastModifiedDate":"2022-03-09"},{"lineNumber":19,"author":{"gitId":"SeanHoWB"},"content":"    /**","lastModifiedDate":"2022-03-09"},{"lineNumber":20,"author":{"gitId":"SeanHoWB"},"content":"     * Sets the DESCRIPTION and AMOUNT fields in the users\u0027 expenditure and adds it into the list.","lastModifiedDate":"2022-03-09"},{"lineNumber":21,"author":{"gitId":"SeanHoWB"},"content":"     */","lastModifiedDate":"2022-03-09"},{"lineNumber":22,"author":{"gitId":"SeanHoWB"},"content":"    public void executeCommand() {","lastModifiedDate":"2022-03-09"},{"lineNumber":23,"author":{"gitId":"SeanHoWB"},"content":"        try {","lastModifiedDate":"2022-03-09"},{"lineNumber":24,"author":{"gitId":"SeanHoWB"},"content":"            System.out.print(PrintStrings.LINE);","lastModifiedDate":"2022-03-09"},{"lineNumber":25,"author":{"gitId":"SeanHoWB"},"content":"            String[] parseAddInput \u003d Functions.parseInput(addInput);","lastModifiedDate":"2022-03-09"},{"lineNumber":26,"author":{"gitId":"SeanHoWB"},"content":"            String description \u003d parseAddInput[Indexes.INDEX_OF_FIRST_ITEM_IN_STRING];","lastModifiedDate":"2022-03-09"},{"lineNumber":27,"author":{"gitId":"SeanHoWB"},"content":"            int amount \u003d Integer.parseInt(parseAddInput[Indexes.INDEX_OF_SECOND_ITEM_IN_STRING]);","lastModifiedDate":"2022-03-09"},{"lineNumber":28,"author":{"gitId":"SeanHoWB"},"content":"            Lists.expenditures.add(new Expenditure(description, amount));","lastModifiedDate":"2022-03-09"},{"lineNumber":29,"author":{"gitId":"SeanHoWB"},"content":"            System.out.println(\"Successfully added \" + description + \" of $\" + amount + \" into the account\");","lastModifiedDate":"2022-03-09"},{"lineNumber":30,"author":{"gitId":"SeanHoWB"},"content":"        } catch (ArrayIndexOutOfBoundsException e) {","lastModifiedDate":"2022-03-09"},{"lineNumber":31,"author":{"gitId":"SeanHoWB"},"content":"            System.out.println(\"Did you forget to input DESCRIPTION or AMOUNT?\");","lastModifiedDate":"2022-03-09"},{"lineNumber":32,"author":{"gitId":"SeanHoWB"},"content":"        } catch (NumberFormatException e) {","lastModifiedDate":"2022-03-09"},{"lineNumber":33,"author":{"gitId":"SeanHoWB"},"content":"            System.out.println(\"AMOUNT must be a number\");","lastModifiedDate":"2022-03-09"},{"lineNumber":34,"author":{"gitId":"SeanHoWB"},"content":"        }","lastModifiedDate":"2022-03-09"},{"lineNumber":35,"author":{"gitId":"SeanHoWB"},"content":"        System.out.print(PrintStrings.LINE);","lastModifiedDate":"2022-03-09"},{"lineNumber":36,"author":{"gitId":"SeanHoWB"},"content":"    }","lastModifiedDate":"2022-03-09"},{"lineNumber":37,"author":{"gitId":"SeanHoWB"},"content":"}","lastModifiedDate":"2022-03-09"}],"authorContributionMap":{"SeanHoWB":37}},{"path":"src/main/java/seedu/mindmymoney/command/Command.java","fileType":"functional-code","lines":[{"lineNumber":1,"author":{"gitId":"khseah"},"content":"package seedu.mindmymoney.command;","lastModifiedDate":"2022-03-09"},{"lineNumber":2,"author":{"gitId":"khseah"},"content":"","lastModifiedDate":"2022-03-09"},{"lineNumber":3,"author":{"gitId":"limjierui"},"content":"import seedu.mindmymoney.MindMyMoneyException;","lastModifiedDate":"2022-03-10"},{"lineNumber":4,"author":{"gitId":"limjierui"},"content":"","lastModifiedDate":"2022-03-10"},{"lineNumber":5,"author":{"gitId":"khseah"},"content":"/**","lastModifiedDate":"2022-03-09"},{"lineNumber":6,"author":{"gitId":"khseah"},"content":" * Represents an executable command. This class cannot be instantiated and serves as a Parent class for specific","lastModifiedDate":"2022-03-09"},{"lineNumber":7,"author":{"gitId":"khseah"},"content":" * Command classes to inherit from.","lastModifiedDate":"2022-03-09"},{"lineNumber":8,"author":{"gitId":"khseah"},"content":" */","lastModifiedDate":"2022-03-09"},{"lineNumber":9,"author":{"gitId":"khseah"},"content":"public abstract class Command {","lastModifiedDate":"2022-03-09"},{"lineNumber":10,"author":{"gitId":"khseah"},"content":"","lastModifiedDate":"2022-03-09"},{"lineNumber":11,"author":{"gitId":"khseah"},"content":"    /**","lastModifiedDate":"2022-03-09"},{"lineNumber":12,"author":{"gitId":"khseah"},"content":"     * Executes the given command. This method is to be implemented by child classes.","lastModifiedDate":"2022-03-09"},{"lineNumber":13,"author":{"gitId":"khseah"},"content":"     */","lastModifiedDate":"2022-03-09"},{"lineNumber":14,"author":{"gitId":"limjierui"},"content":"    public abstract void executeCommand() throws MindMyMoneyException;","lastModifiedDate":"2022-03-10"},{"lineNumber":15,"author":{"gitId":"khseah"},"content":"}","lastModifiedDate":"2022-03-09"}],"authorContributionMap":{"khseah":12,"limjierui":3}},{"path":"src/main/java/seedu/mindmymoney/command/DeleteCommand.java","fileType":"functional-code","lines":[{"lineNumber":1,"author":{"gitId":"limjierui"},"content":"package seedu.mindmymoney.command;","lastModifiedDate":"2022-03-10"},{"lineNumber":2,"author":{"gitId":"limjierui"},"content":"","lastModifiedDate":"2022-03-10"},{"lineNumber":3,"author":{"gitId":"limjierui"},"content":"import seedu.mindmymoney.MindMyMoneyException;","lastModifiedDate":"2022-03-10"},{"lineNumber":4,"author":{"gitId":"limjierui"},"content":"import seedu.mindmymoney.constants.PrintStrings;","lastModifiedDate":"2022-03-10"},{"lineNumber":5,"author":{"gitId":"limjierui"},"content":"import seedu.mindmymoney.data.Lists;","lastModifiedDate":"2022-03-10"},{"lineNumber":6,"author":{"gitId":"limjierui"},"content":"","lastModifiedDate":"2022-03-10"},{"lineNumber":7,"author":{"gitId":"limjierui"},"content":"/**","lastModifiedDate":"2022-03-10"},{"lineNumber":8,"author":{"gitId":"limjierui"},"content":" * Represents the Delete command.","lastModifiedDate":"2022-03-10"},{"lineNumber":9,"author":{"gitId":"limjierui"},"content":" */","lastModifiedDate":"2022-03-10"},{"lineNumber":10,"author":{"gitId":"limjierui"},"content":"public class DeleteCommand extends Command {","lastModifiedDate":"2022-03-10"},{"lineNumber":11,"author":{"gitId":"limjierui"},"content":"    private String input;","lastModifiedDate":"2022-03-10"},{"lineNumber":12,"author":{"gitId":"limjierui"},"content":"","lastModifiedDate":"2022-03-10"},{"lineNumber":13,"author":{"gitId":"limjierui"},"content":"    public DeleteCommand(String input) {","lastModifiedDate":"2022-03-10"},{"lineNumber":14,"author":{"gitId":"limjierui"},"content":"        this.input \u003d input;","lastModifiedDate":"2022-03-10"},{"lineNumber":15,"author":{"gitId":"limjierui"},"content":"    }","lastModifiedDate":"2022-03-10"},{"lineNumber":16,"author":{"gitId":"limjierui"},"content":"","lastModifiedDate":"2022-03-10"},{"lineNumber":17,"author":{"gitId":"limjierui"},"content":"    /**","lastModifiedDate":"2022-03-10"},{"lineNumber":18,"author":{"gitId":"limjierui"},"content":"     * Removes the item from the expenditure list.","lastModifiedDate":"2022-03-10"},{"lineNumber":19,"author":{"gitId":"limjierui"},"content":"     */","lastModifiedDate":"2022-03-10"},{"lineNumber":20,"author":{"gitId":"limjierui"},"content":"    public void executeCommand() throws MindMyMoneyException {","lastModifiedDate":"2022-03-10"},{"lineNumber":21,"author":{"gitId":"limjierui"},"content":"        try {","lastModifiedDate":"2022-03-10"},{"lineNumber":22,"author":{"gitId":"limjierui"},"content":"            if (Lists.expenditures.isEmpty()) {","lastModifiedDate":"2022-03-10"},{"lineNumber":23,"author":{"gitId":"limjierui"},"content":"                throw new MindMyMoneyException(PrintStrings.LINE + System.lineSeparator()","lastModifiedDate":"2022-03-10"},{"lineNumber":24,"author":{"gitId":"limjierui"},"content":"                        + \"Please add something to the list first:)\"","lastModifiedDate":"2022-03-10"},{"lineNumber":25,"author":{"gitId":"limjierui"},"content":"                        + System.lineSeparator() + PrintStrings.LINE);","lastModifiedDate":"2022-03-10"},{"lineNumber":26,"author":{"gitId":"limjierui"},"content":"            }","lastModifiedDate":"2022-03-10"},{"lineNumber":27,"author":{"gitId":"limjierui"},"content":"            String[] splitMessage \u003d input.split(\" \");","lastModifiedDate":"2022-03-10"},{"lineNumber":28,"author":{"gitId":"limjierui"},"content":"            if (splitMessage.length !\u003d 2) {","lastModifiedDate":"2022-03-10"},{"lineNumber":29,"author":{"gitId":"limjierui"},"content":"                throw new MindMyMoneyException(PrintStrings.LINE + System.lineSeparator() + \"Please input a number\\n\"","lastModifiedDate":"2022-03-10"},{"lineNumber":30,"author":{"gitId":"limjierui"},"content":"                        + \"For eg. \u0027delete 2\u0027\\n\" + PrintStrings.LINE);","lastModifiedDate":"2022-03-10"},{"lineNumber":31,"author":{"gitId":"limjierui"},"content":"            }","lastModifiedDate":"2022-03-10"},{"lineNumber":32,"author":{"gitId":"limjierui"},"content":"            String getNumber \u003d splitMessage[1];","lastModifiedDate":"2022-03-10"},{"lineNumber":33,"author":{"gitId":"limjierui"},"content":"            int positionToDelete \u003d Integer.parseInt(getNumber) - 1;","lastModifiedDate":"2022-03-10"},{"lineNumber":34,"author":{"gitId":"limjierui"},"content":"            if (positionToDelete + 1 \u003c\u003d 0 | positionToDelete + 1 \u003e Lists.expenditures.size()) {","lastModifiedDate":"2022-03-10"},{"lineNumber":35,"author":{"gitId":"limjierui"},"content":"                throw new MindMyMoneyException(\"Please input a valid index\");","lastModifiedDate":"2022-03-10"},{"lineNumber":36,"author":{"gitId":"limjierui"},"content":"            } else {","lastModifiedDate":"2022-03-10"},{"lineNumber":37,"author":{"gitId":"limjierui"},"content":"                System.out.println(PrintStrings.LINE + \"I have removed \"","lastModifiedDate":"2022-03-10"},{"lineNumber":38,"author":{"gitId":"limjierui"},"content":"                        + Lists.expenditures.get(positionToDelete).getDescription()","lastModifiedDate":"2022-03-10"},{"lineNumber":39,"author":{"gitId":"limjierui"},"content":"                        + \" of $\" + Lists.expenditures.get(positionToDelete).getAmount()","lastModifiedDate":"2022-03-10"},{"lineNumber":40,"author":{"gitId":"limjierui"},"content":"                        + \" from the account\" + System.lineSeparator() + PrintStrings.LINE);","lastModifiedDate":"2022-03-10"},{"lineNumber":41,"author":{"gitId":"limjierui"},"content":"                Lists.expenditures.remove(positionToDelete);","lastModifiedDate":"2022-03-10"},{"lineNumber":42,"author":{"gitId":"limjierui"},"content":"","lastModifiedDate":"2022-03-10"},{"lineNumber":43,"author":{"gitId":"limjierui"},"content":"            }","lastModifiedDate":"2022-03-10"},{"lineNumber":44,"author":{"gitId":"limjierui"},"content":"        } catch (NumberFormatException e) {","lastModifiedDate":"2022-03-10"},{"lineNumber":45,"author":{"gitId":"limjierui"},"content":"            System.out.println(\"INDEX must be a number\");","lastModifiedDate":"2022-03-10"},{"lineNumber":46,"author":{"gitId":"limjierui"},"content":"        }","lastModifiedDate":"2022-03-10"},{"lineNumber":47,"author":{"gitId":"limjierui"},"content":"    }","lastModifiedDate":"2022-03-10"},{"lineNumber":48,"author":{"gitId":"limjierui"},"content":"","lastModifiedDate":"2022-03-10"},{"lineNumber":49,"author":{"gitId":"limjierui"},"content":"}","lastModifiedDate":"2022-03-10"}],"authorContributionMap":{"limjierui":49}},{"path":"src/main/java/seedu/mindmymoney/command/HelpCommand.java","fileType":"functional-code","lines":[{"lineNumber":1,"author":{"gitId":"khseah"},"content":"package seedu.mindmymoney.command;","lastModifiedDate":"2022-03-09"},{"lineNumber":2,"author":{"gitId":"khseah"},"content":"","lastModifiedDate":"2022-03-09"},{"lineNumber":3,"author":{"gitId":"khseah"},"content":"/**","lastModifiedDate":"2022-03-09"},{"lineNumber":4,"author":{"gitId":"khseah"},"content":" * Represents the Help command. This class also serves as a dummy class to return when an invalid command is","lastModifiedDate":"2022-03-09"},{"lineNumber":5,"author":{"gitId":"khseah"},"content":" * received.","lastModifiedDate":"2022-03-09"},{"lineNumber":6,"author":{"gitId":"khseah"},"content":" */","lastModifiedDate":"2022-03-09"},{"lineNumber":7,"author":{"gitId":"khseah"},"content":"public class HelpCommand extends Command {","lastModifiedDate":"2022-03-09"},{"lineNumber":8,"author":{"gitId":"khseah"},"content":"    protected boolean isFromUser;","lastModifiedDate":"2022-03-09"},{"lineNumber":9,"author":{"gitId":"khseah"},"content":"","lastModifiedDate":"2022-03-09"},{"lineNumber":10,"author":{"gitId":"khseah"},"content":"    public HelpCommand(boolean isFromUser) {","lastModifiedDate":"2022-03-09"},{"lineNumber":11,"author":{"gitId":"khseah"},"content":"        this.isFromUser \u003d isFromUser;","lastModifiedDate":"2022-03-09"},{"lineNumber":12,"author":{"gitId":"khseah"},"content":"    }","lastModifiedDate":"2022-03-09"},{"lineNumber":13,"author":{"gitId":"khseah"},"content":"","lastModifiedDate":"2022-03-09"},{"lineNumber":14,"author":{"gitId":"khseah"},"content":"    /**","lastModifiedDate":"2022-03-09"},{"lineNumber":15,"author":{"gitId":"khseah"},"content":"     * Prints out the help page if the user requested for it. If not, it means an invalid command was received,","lastModifiedDate":"2022-03-09"},{"lineNumber":16,"author":{"gitId":"khseah"},"content":"     * and prints out an error message.","lastModifiedDate":"2022-03-09"},{"lineNumber":17,"author":{"gitId":"khseah"},"content":"     */","lastModifiedDate":"2022-03-09"},{"lineNumber":18,"author":{"gitId":"khseah"},"content":"    public void executeCommand() {","lastModifiedDate":"2022-03-09"},{"lineNumber":19,"author":{"gitId":"khseah"},"content":"        if (isFromUser) {","lastModifiedDate":"2022-03-09"},{"lineNumber":20,"author":{"gitId":"khseah"},"content":"            String helpPage \u003d \"------------------------------------Help Page------------------------------------\\n\"","lastModifiedDate":"2022-03-09"},{"lineNumber":21,"author":{"gitId":"khseah"},"content":"                    + \"1. Listing all Expenditures: list\\n\"","lastModifiedDate":"2022-03-09"},{"lineNumber":22,"author":{"gitId":"khseah"},"content":"                    + \"2. Adding an Expenditure entry: add [DESCRIPTION] [AMOUNT]\\n\"","lastModifiedDate":"2022-03-09"},{"lineNumber":23,"author":{"gitId":"khseah"},"content":"                    + \"3. Updating an Expenditure entry: update [INDEX] [NEW_DESCRIPTION] [NEW_AMOUNT]\\n\"","lastModifiedDate":"2022-03-09"},{"lineNumber":24,"author":{"gitId":"khseah"},"content":"                    + \"4. Removing an Expenditure entry: delete [INDEX]\\n\"","lastModifiedDate":"2022-03-09"},{"lineNumber":25,"author":{"gitId":"khseah"},"content":"                    + \"5. Exiting the program: bye\\n\"","lastModifiedDate":"2022-03-09"},{"lineNumber":26,"author":{"gitId":"khseah"},"content":"                    + \"---------------------------------------------------------------------------------\\n\";","lastModifiedDate":"2022-03-09"},{"lineNumber":27,"author":{"gitId":"khseah"},"content":"","lastModifiedDate":"2022-03-09"},{"lineNumber":28,"author":{"gitId":"khseah"},"content":"            System.out.println(helpPage);","lastModifiedDate":"2022-03-09"},{"lineNumber":29,"author":{"gitId":"khseah"},"content":"        } else {","lastModifiedDate":"2022-03-09"},{"lineNumber":30,"author":{"gitId":"khseah"},"content":"            System.out.println(\"Invalid command! Type \\\"help\\\" to see the list of supported commands\"","lastModifiedDate":"2022-03-09"},{"lineNumber":31,"author":{"gitId":"khseah"},"content":"                    + System.lineSeparator());","lastModifiedDate":"2022-03-09"},{"lineNumber":32,"author":{"gitId":"khseah"},"content":"        }","lastModifiedDate":"2022-03-09"},{"lineNumber":33,"author":{"gitId":"khseah"},"content":"    }","lastModifiedDate":"2022-03-09"},{"lineNumber":34,"author":{"gitId":"khseah"},"content":"}","lastModifiedDate":"2022-03-09"}],"authorContributionMap":{"khseah":34}},{"path":"src/main/java/seedu/mindmymoney/command/ListCommand.java","fileType":"functional-code","lines":[{"lineNumber":1,"author":{"gitId":"glendonnotglen"},"content":"package seedu.mindmymoney.command;","lastModifiedDate":"2022-03-10"},{"lineNumber":2,"author":{"gitId":"glendonnotglen"},"content":"","lastModifiedDate":"2022-03-10"},{"lineNumber":3,"author":{"gitId":"glendonnotglen"},"content":"import seedu.mindmymoney.constants.PrintStrings;","lastModifiedDate":"2022-03-10"},{"lineNumber":4,"author":{"gitId":"glendonnotglen"},"content":"import seedu.mindmymoney.data.Lists;","lastModifiedDate":"2022-03-10"},{"lineNumber":5,"author":{"gitId":"glendonnotglen"},"content":"import seedu.mindmymoney.userfinancial.Expenditure;","lastModifiedDate":"2022-03-10"},{"lineNumber":6,"author":{"gitId":"glendonnotglen"},"content":"","lastModifiedDate":"2022-03-10"},{"lineNumber":7,"author":{"gitId":"glendonnotglen"},"content":"public class ListCommand extends Command {","lastModifiedDate":"2022-03-10"},{"lineNumber":8,"author":{"gitId":"glendonnotglen"},"content":"    public ListCommand() {","lastModifiedDate":"2022-03-10"},{"lineNumber":9,"author":{"gitId":"glendonnotglen"},"content":"    }","lastModifiedDate":"2022-03-10"},{"lineNumber":10,"author":{"gitId":"glendonnotglen"},"content":"","lastModifiedDate":"2022-03-10"},{"lineNumber":11,"author":{"gitId":"glendonnotglen"},"content":"    /**","lastModifiedDate":"2022-03-10"},{"lineNumber":12,"author":{"gitId":"glendonnotglen"},"content":"     * Prints user\u0027s current list of expenditures.","lastModifiedDate":"2022-03-10"},{"lineNumber":13,"author":{"gitId":"glendonnotglen"},"content":"     */","lastModifiedDate":"2022-03-10"},{"lineNumber":14,"author":{"gitId":"glendonnotglen"},"content":"    @Override","lastModifiedDate":"2022-03-10"},{"lineNumber":15,"author":{"gitId":"glendonnotglen"},"content":"    public void executeCommand() {","lastModifiedDate":"2022-03-10"},{"lineNumber":16,"author":{"gitId":"glendonnotglen"},"content":"        if (Lists.expenditures.size() \u003d\u003d 0) {","lastModifiedDate":"2022-03-10"},{"lineNumber":17,"author":{"gitId":"glendonnotglen"},"content":"            System.out.println(PrintStrings.LINE","lastModifiedDate":"2022-03-10"},{"lineNumber":18,"author":{"gitId":"glendonnotglen"},"content":"                    + \"Your list is currently empty! Try adding expenditures first using the add command\"","lastModifiedDate":"2022-03-10"},{"lineNumber":19,"author":{"gitId":"glendonnotglen"},"content":"                    + System.lineSeparator() + PrintStrings.LINE);","lastModifiedDate":"2022-03-10"},{"lineNumber":20,"author":{"gitId":"glendonnotglen"},"content":"        } else {","lastModifiedDate":"2022-03-10"},{"lineNumber":21,"author":{"gitId":"glendonnotglen"},"content":"            System.out.println(PrintStrings.LINE);","lastModifiedDate":"2022-03-10"},{"lineNumber":22,"author":{"gitId":"glendonnotglen"},"content":"            Integer indexOfList \u003d 1;","lastModifiedDate":"2022-03-10"},{"lineNumber":23,"author":{"gitId":"glendonnotglen"},"content":"            for (Expenditure i : Lists.expenditures) {","lastModifiedDate":"2022-03-10"},{"lineNumber":24,"author":{"gitId":"glendonnotglen"},"content":"                System.out.println(indexOfList + \". $\" + i.getAmount() + \" on \" + i.getDescription());","lastModifiedDate":"2022-03-10"},{"lineNumber":25,"author":{"gitId":"glendonnotglen"},"content":"                indexOfList++;","lastModifiedDate":"2022-03-10"},{"lineNumber":26,"author":{"gitId":"glendonnotglen"},"content":"            }","lastModifiedDate":"2022-03-10"},{"lineNumber":27,"author":{"gitId":"glendonnotglen"},"content":"            System.out.println(PrintStrings.LINE);","lastModifiedDate":"2022-03-10"},{"lineNumber":28,"author":{"gitId":"glendonnotglen"},"content":"        }","lastModifiedDate":"2022-03-10"},{"lineNumber":29,"author":{"gitId":"glendonnotglen"},"content":"    }","lastModifiedDate":"2022-03-10"},{"lineNumber":30,"author":{"gitId":"glendonnotglen"},"content":"}","lastModifiedDate":"2022-03-10"}],"authorContributionMap":{"glendonnotglen":30}},{"path":"src/main/java/seedu/mindmymoney/command/UpdateCommand.java","fileType":"functional-code","lines":[{"lineNumber":1,"author":{"gitId":"danbaterisna"},"content":"package seedu.mindmymoney.command;","lastModifiedDate":"2022-03-10"},{"lineNumber":2,"author":{"gitId":"danbaterisna"},"content":"","lastModifiedDate":"2022-03-10"},{"lineNumber":3,"author":{"gitId":"danbaterisna"},"content":"import seedu.mindmymoney.constants.Indexes;","lastModifiedDate":"2022-03-10"},{"lineNumber":4,"author":{"gitId":"danbaterisna"},"content":"import seedu.mindmymoney.constants.PrintStrings;","lastModifiedDate":"2022-03-10"},{"lineNumber":5,"author":{"gitId":"danbaterisna"},"content":"import seedu.mindmymoney.data.Lists;","lastModifiedDate":"2022-03-10"},{"lineNumber":6,"author":{"gitId":"danbaterisna"},"content":"import seedu.mindmymoney.userfinancial.Expenditure;","lastModifiedDate":"2022-03-10"},{"lineNumber":7,"author":{"gitId":"danbaterisna"},"content":"","lastModifiedDate":"2022-03-10"},{"lineNumber":8,"author":{"gitId":"danbaterisna"},"content":"/**","lastModifiedDate":"2022-03-10"},{"lineNumber":9,"author":{"gitId":"danbaterisna"},"content":" * Class for managing update commands.","lastModifiedDate":"2022-03-10"},{"lineNumber":10,"author":{"gitId":"danbaterisna"},"content":" */","lastModifiedDate":"2022-03-10"},{"lineNumber":11,"author":{"gitId":"danbaterisna"},"content":"public class UpdateCommand extends Command {","lastModifiedDate":"2022-03-10"},{"lineNumber":12,"author":{"gitId":"danbaterisna"},"content":"    private final String updateInput;","lastModifiedDate":"2022-03-10"},{"lineNumber":13,"author":{"gitId":"danbaterisna"},"content":"","lastModifiedDate":"2022-03-10"},{"lineNumber":14,"author":{"gitId":"danbaterisna"},"content":"    public UpdateCommand(String updateInput) {","lastModifiedDate":"2022-03-10"},{"lineNumber":15,"author":{"gitId":"danbaterisna"},"content":"        this.updateInput \u003d updateInput;","lastModifiedDate":"2022-03-10"},{"lineNumber":16,"author":{"gitId":"danbaterisna"},"content":"    }","lastModifiedDate":"2022-03-10"},{"lineNumber":17,"author":{"gitId":"danbaterisna"},"content":"","lastModifiedDate":"2022-03-10"},{"lineNumber":18,"author":{"gitId":"danbaterisna"},"content":"    /**","lastModifiedDate":"2022-03-10"},{"lineNumber":19,"author":{"gitId":"danbaterisna"},"content":"     * Executes the given update command. Parses its input, and prints","lastModifiedDate":"2022-03-10"},{"lineNumber":20,"author":{"gitId":"danbaterisna"},"content":"     * feedback to standard output.","lastModifiedDate":"2022-03-10"},{"lineNumber":21,"author":{"gitId":"danbaterisna"},"content":"     */","lastModifiedDate":"2022-03-10"},{"lineNumber":22,"author":{"gitId":"danbaterisna"},"content":"    @Override","lastModifiedDate":"2022-03-10"},{"lineNumber":23,"author":{"gitId":"danbaterisna"},"content":"    public void executeCommand() {","lastModifiedDate":"2022-03-10"},{"lineNumber":24,"author":{"gitId":"danbaterisna"},"content":"        try {","lastModifiedDate":"2022-03-10"},{"lineNumber":25,"author":{"gitId":"danbaterisna"},"content":"            System.out.print(PrintStrings.LINE);","lastModifiedDate":"2022-03-10"},{"lineNumber":26,"author":{"gitId":"danbaterisna"},"content":"            String[] parseUpdateInput \u003d updateInput.split(\" \", Indexes.SPLIT_LIMIT);","lastModifiedDate":"2022-03-10"},{"lineNumber":27,"author":{"gitId":"danbaterisna"},"content":"","lastModifiedDate":"2022-03-10"},{"lineNumber":28,"author":{"gitId":"danbaterisna"},"content":"            // get the index to update, amount, description","lastModifiedDate":"2022-03-10"},{"lineNumber":29,"author":{"gitId":"danbaterisna"},"content":"            String indexString \u003d parseUpdateInput[Indexes.INDEX_OF_FIRST_ITEM_IN_STRING];","lastModifiedDate":"2022-03-10"},{"lineNumber":30,"author":{"gitId":"danbaterisna"},"content":"            String expenditureDescription \u003d parseUpdateInput[Indexes.INDEX_OF_SECOND_ITEM_IN_STRING];","lastModifiedDate":"2022-03-10"},{"lineNumber":31,"author":{"gitId":"danbaterisna"},"content":"            int divisionIndex \u003d expenditureDescription.lastIndexOf(\" \");","lastModifiedDate":"2022-03-10"},{"lineNumber":32,"author":{"gitId":"danbaterisna"},"content":"            String description \u003d expenditureDescription.substring(Indexes.INDEX_OF_FIRST_ITEM_IN_STRING,","lastModifiedDate":"2022-03-10"},{"lineNumber":33,"author":{"gitId":"danbaterisna"},"content":"                    divisionIndex).strip();","lastModifiedDate":"2022-03-10"},{"lineNumber":34,"author":{"gitId":"danbaterisna"},"content":"            String amountString \u003d expenditureDescription.substring(divisionIndex).strip();","lastModifiedDate":"2022-03-10"},{"lineNumber":35,"author":{"gitId":"danbaterisna"},"content":"","lastModifiedDate":"2022-03-10"},{"lineNumber":36,"author":{"gitId":"danbaterisna"},"content":"            int indexToUpdate \u003d Integer.parseInt(indexString) + Indexes.LIST_INDEX_CORRECTION;","lastModifiedDate":"2022-03-10"},{"lineNumber":37,"author":{"gitId":"danbaterisna"},"content":"            Expenditure newExpenditure \u003d new Expenditure(description, Integer.parseInt(amountString));","lastModifiedDate":"2022-03-10"},{"lineNumber":38,"author":{"gitId":"danbaterisna"},"content":"            Lists.expenditures.set(indexToUpdate, newExpenditure);","lastModifiedDate":"2022-03-10"},{"lineNumber":39,"author":{"gitId":"danbaterisna"},"content":"","lastModifiedDate":"2022-03-10"},{"lineNumber":40,"author":{"gitId":"danbaterisna"},"content":"            System.out.printf(\"Successfully set expenditure %d to %s\\n\",","lastModifiedDate":"2022-03-10"},{"lineNumber":41,"author":{"gitId":"danbaterisna"},"content":"                    indexToUpdate - Indexes.LIST_INDEX_CORRECTION, newExpenditure);","lastModifiedDate":"2022-03-10"},{"lineNumber":42,"author":{"gitId":"danbaterisna"},"content":"        } catch (ArrayIndexOutOfBoundsException e) {","lastModifiedDate":"2022-03-10"},{"lineNumber":43,"author":{"gitId":"danbaterisna"},"content":"            System.out.println(\"Did you forget to input INDEX, DESCRIPTION or AMOUNT?\");","lastModifiedDate":"2022-03-10"},{"lineNumber":44,"author":{"gitId":"danbaterisna"},"content":"        } catch (NumberFormatException e) {","lastModifiedDate":"2022-03-10"},{"lineNumber":45,"author":{"gitId":"danbaterisna"},"content":"            System.out.println(\"AMOUNT and INDEX must be a number\");","lastModifiedDate":"2022-03-10"},{"lineNumber":46,"author":{"gitId":"danbaterisna"},"content":"        } finally {","lastModifiedDate":"2022-03-10"},{"lineNumber":47,"author":{"gitId":"danbaterisna"},"content":"            System.out.print(PrintStrings.LINE);","lastModifiedDate":"2022-03-10"},{"lineNumber":48,"author":{"gitId":"danbaterisna"},"content":"        }","lastModifiedDate":"2022-03-10"},{"lineNumber":49,"author":{"gitId":"danbaterisna"},"content":"    }","lastModifiedDate":"2022-03-10"},{"lineNumber":50,"author":{"gitId":"danbaterisna"},"content":"}","lastModifiedDate":"2022-03-10"}],"authorContributionMap":{"danbaterisna":50}},{"path":"src/main/java/seedu/mindmymoney/constants/CommandList.java","fileType":"functional-code","lines":[{"lineNumber":1,"author":{"gitId":"SeanHoWB"},"content":"package seedu.mindmymoney.constants;","lastModifiedDate":"2022-03-09"},{"lineNumber":2,"author":{"gitId":"SeanHoWB"},"content":"","lastModifiedDate":"2022-03-09"},{"lineNumber":3,"author":{"gitId":"SeanHoWB"},"content":"/**","lastModifiedDate":"2022-03-09"},{"lineNumber":4,"author":{"gitId":"SeanHoWB"},"content":" * Container for user commands.","lastModifiedDate":"2022-03-09"},{"lineNumber":5,"author":{"gitId":"SeanHoWB"},"content":" */","lastModifiedDate":"2022-03-09"},{"lineNumber":6,"author":{"gitId":"SeanHoWB"},"content":"public enum CommandList {","lastModifiedDate":"2022-03-09"},{"lineNumber":7,"author":{"gitId":"SeanHoWB"},"content":"    add,","lastModifiedDate":"2022-03-09"},{"lineNumber":8,"author":{"gitId":"SeanHoWB"},"content":"    help,","lastModifiedDate":"2022-03-09"},{"lineNumber":9,"author":{"gitId":"SeanHoWB"},"content":"    bye,","lastModifiedDate":"2022-03-09"},{"lineNumber":10,"author":{"gitId":"SeanHoWB"},"content":"}","lastModifiedDate":"2022-03-09"}],"authorContributionMap":{"SeanHoWB":10}},{"path":"src/main/java/seedu/mindmymoney/constants/Indexes.java","fileType":"functional-code","lines":[{"lineNumber":1,"author":{"gitId":"SeanHoWB"},"content":"package seedu.mindmymoney.constants;","lastModifiedDate":"2022-03-09"},{"lineNumber":2,"author":{"gitId":"SeanHoWB"},"content":"","lastModifiedDate":"2022-03-09"},{"lineNumber":3,"author":{"gitId":"SeanHoWB"},"content":"/**","lastModifiedDate":"2022-03-09"},{"lineNumber":4,"author":{"gitId":"SeanHoWB"},"content":" * Container for indexes used by handlers.","lastModifiedDate":"2022-03-09"},{"lineNumber":5,"author":{"gitId":"SeanHoWB"},"content":" */","lastModifiedDate":"2022-03-09"},{"lineNumber":6,"author":{"gitId":"SeanHoWB"},"content":"public class Indexes {","lastModifiedDate":"2022-03-09"},{"lineNumber":7,"author":{"gitId":"SeanHoWB"},"content":"    public static final int INDEX_OF_FIRST_ITEM_IN_STRING \u003d 0;","lastModifiedDate":"2022-03-09"},{"lineNumber":8,"author":{"gitId":"SeanHoWB"},"content":"    public static final int INDEX_OF_SECOND_ITEM_IN_STRING \u003d 1;","lastModifiedDate":"2022-03-09"},{"lineNumber":9,"author":{"gitId":"SeanHoWB"},"content":"    public static final int SPLIT_LIMIT \u003d 2;","lastModifiedDate":"2022-03-09"},{"lineNumber":10,"author":{"gitId":"SeanHoWB"},"content":"    public static final int LIST_INDEX_CORRECTION \u003d -1;","lastModifiedDate":"2022-03-09"},{"lineNumber":11,"author":{"gitId":"SeanHoWB"},"content":"}","lastModifiedDate":"2022-03-09"}],"authorContributionMap":{"SeanHoWB":11}},{"path":"src/main/java/seedu/mindmymoney/constants/PrintStrings.java","fileType":"functional-code","lines":[{"lineNumber":1,"author":{"gitId":"SeanHoWB"},"content":"package seedu.mindmymoney.constants;","lastModifiedDate":"2022-03-09"},{"lineNumber":2,"author":{"gitId":"SeanHoWB"},"content":"","lastModifiedDate":"2022-03-09"},{"lineNumber":3,"author":{"gitId":"SeanHoWB"},"content":"/**","lastModifiedDate":"2022-03-09"},{"lineNumber":4,"author":{"gitId":"SeanHoWB"},"content":" * Container for indexes used by handlers.","lastModifiedDate":"2022-03-09"},{"lineNumber":5,"author":{"gitId":"SeanHoWB"},"content":" */","lastModifiedDate":"2022-03-09"},{"lineNumber":6,"author":{"gitId":"SeanHoWB"},"content":"public class PrintStrings {","lastModifiedDate":"2022-03-09"},{"lineNumber":7,"author":{"gitId":"SeanHoWB"},"content":"    private PrintStrings() {","lastModifiedDate":"2022-03-09"},{"lineNumber":8,"author":{"gitId":"SeanHoWB"},"content":"    }","lastModifiedDate":"2022-03-09"},{"lineNumber":9,"author":{"gitId":"SeanHoWB"},"content":"","lastModifiedDate":"2022-03-09"},{"lineNumber":10,"author":{"gitId":"glendonnotglen"},"content":"    public static final String LINE \u003d \"---------------------------------------\"","lastModifiedDate":"2022-03-10"},{"lineNumber":11,"author":{"gitId":"glendonnotglen"},"content":"            + \"------------------------------------------\" + System.lineSeparator();","lastModifiedDate":"2022-03-10"},{"lineNumber":12,"author":{"gitId":"SeanHoWB"},"content":"}","lastModifiedDate":"2022-03-09"}],"authorContributionMap":{"SeanHoWB":10,"glendonnotglen":2}},{"path":"src/main/java/seedu/mindmymoney/data/Lists.java","fileType":"functional-code","lines":[{"lineNumber":1,"author":{"gitId":"SeanHoWB"},"content":"package seedu.mindmymoney.data;","lastModifiedDate":"2022-03-09"},{"lineNumber":2,"author":{"gitId":"SeanHoWB"},"content":"","lastModifiedDate":"2022-03-09"},{"lineNumber":3,"author":{"gitId":"SeanHoWB"},"content":"import seedu.mindmymoney.userfinancial.Expenditure;","lastModifiedDate":"2022-03-09"},{"lineNumber":4,"author":{"gitId":"SeanHoWB"},"content":"","lastModifiedDate":"2022-03-09"},{"lineNumber":5,"author":{"gitId":"SeanHoWB"},"content":"import java.util.ArrayList;","lastModifiedDate":"2022-03-09"},{"lineNumber":6,"author":{"gitId":"SeanHoWB"},"content":"","lastModifiedDate":"2022-03-09"},{"lineNumber":7,"author":{"gitId":"SeanHoWB"},"content":"/**","lastModifiedDate":"2022-03-09"},{"lineNumber":8,"author":{"gitId":"SeanHoWB"},"content":" * Container for lists.","lastModifiedDate":"2022-03-09"},{"lineNumber":9,"author":{"gitId":"SeanHoWB"},"content":" */","lastModifiedDate":"2022-03-09"},{"lineNumber":10,"author":{"gitId":"SeanHoWB"},"content":"public class Lists {","lastModifiedDate":"2022-03-09"},{"lineNumber":11,"author":{"gitId":"SeanHoWB"},"content":"    public static final ArrayList\u003cExpenditure\u003e expenditures \u003d new ArrayList\u003c\u003e();","lastModifiedDate":"2022-03-09"},{"lineNumber":12,"author":{"gitId":"SeanHoWB"},"content":"}","lastModifiedDate":"2022-03-09"}],"authorContributionMap":{"SeanHoWB":12}},{"path":"src/main/java/seedu/mindmymoney/helper/Functions.java","fileType":"functional-code","lines":[{"lineNumber":1,"author":{"gitId":"SeanHoWB"},"content":"package seedu.mindmymoney.helper;","lastModifiedDate":"2022-03-09"},{"lineNumber":2,"author":{"gitId":"SeanHoWB"},"content":"","lastModifiedDate":"2022-03-09"},{"lineNumber":3,"author":{"gitId":"SeanHoWB"},"content":"import seedu.mindmymoney.constants.Indexes;","lastModifiedDate":"2022-03-09"},{"lineNumber":4,"author":{"gitId":"SeanHoWB"},"content":"","lastModifiedDate":"2022-03-09"},{"lineNumber":5,"author":{"gitId":"SeanHoWB"},"content":"public class Functions {","lastModifiedDate":"2022-03-09"},{"lineNumber":6,"author":{"gitId":"SeanHoWB"},"content":"    /**","lastModifiedDate":"2022-03-09"},{"lineNumber":7,"author":{"gitId":"SeanHoWB"},"content":"     * Separates the user input into the command and description for easy reference.","lastModifiedDate":"2022-03-09"},{"lineNumber":8,"author":{"gitId":"SeanHoWB"},"content":"     *","lastModifiedDate":"2022-03-09"},{"lineNumber":9,"author":{"gitId":"SeanHoWB"},"content":"     * @return String array of user input.","lastModifiedDate":"2022-03-09"},{"lineNumber":10,"author":{"gitId":"SeanHoWB"},"content":"     */","lastModifiedDate":"2022-03-09"},{"lineNumber":11,"author":{"gitId":"SeanHoWB"},"content":"    public static String[] parseInput(String inputCommand) {","lastModifiedDate":"2022-03-09"},{"lineNumber":12,"author":{"gitId":"SeanHoWB"},"content":"        String[] inputAsArray \u003d inputCommand.split(\" \", Indexes.SPLIT_LIMIT);","lastModifiedDate":"2022-03-09"},{"lineNumber":13,"author":{"gitId":"SeanHoWB"},"content":"        return inputAsArray;","lastModifiedDate":"2022-03-09"},{"lineNumber":14,"author":{"gitId":"SeanHoWB"},"content":"    }","lastModifiedDate":"2022-03-09"},{"lineNumber":15,"author":{"gitId":"SeanHoWB"},"content":"","lastModifiedDate":"2022-03-09"},{"lineNumber":16,"author":{"gitId":"SeanHoWB"},"content":"}","lastModifiedDate":"2022-03-09"}],"authorContributionMap":{"SeanHoWB":16}},{"path":"src/main/java/seedu/mindmymoney/userfinancial/Expenditure.java","fileType":"functional-code","lines":[{"lineNumber":1,"author":{"gitId":"SeanHoWB"},"content":"package seedu.mindmymoney.userfinancial;","lastModifiedDate":"2022-03-09"},{"lineNumber":2,"author":{"gitId":"SeanHoWB"},"content":"","lastModifiedDate":"2022-03-09"},{"lineNumber":3,"author":{"gitId":"SeanHoWB"},"content":"/**","lastModifiedDate":"2022-03-09"},{"lineNumber":4,"author":{"gitId":"SeanHoWB"},"content":" * Represents user\u0027s expenditure.","lastModifiedDate":"2022-03-09"},{"lineNumber":5,"author":{"gitId":"SeanHoWB"},"content":" */","lastModifiedDate":"2022-03-09"},{"lineNumber":6,"author":{"gitId":"SeanHoWB"},"content":"public class Expenditure {","lastModifiedDate":"2022-03-09"},{"lineNumber":7,"author":{"gitId":"SeanHoWB"},"content":"    private String description;","lastModifiedDate":"2022-03-09"},{"lineNumber":8,"author":{"gitId":"SeanHoWB"},"content":"    private int amount;","lastModifiedDate":"2022-03-09"},{"lineNumber":9,"author":{"gitId":"SeanHoWB"},"content":"","lastModifiedDate":"2022-03-09"},{"lineNumber":10,"author":{"gitId":"SeanHoWB"},"content":"    public Expenditure(String description, int amount) {","lastModifiedDate":"2022-03-09"},{"lineNumber":11,"author":{"gitId":"SeanHoWB"},"content":"        setDescription(description);","lastModifiedDate":"2022-03-09"},{"lineNumber":12,"author":{"gitId":"SeanHoWB"},"content":"        setAmount(amount);","lastModifiedDate":"2022-03-09"},{"lineNumber":13,"author":{"gitId":"SeanHoWB"},"content":"    }","lastModifiedDate":"2022-03-09"},{"lineNumber":14,"author":{"gitId":"SeanHoWB"},"content":"","lastModifiedDate":"2022-03-09"},{"lineNumber":15,"author":{"gitId":"SeanHoWB"},"content":"    public void setAmount(int amount) {","lastModifiedDate":"2022-03-09"},{"lineNumber":16,"author":{"gitId":"SeanHoWB"},"content":"        this.amount \u003d amount;","lastModifiedDate":"2022-03-09"},{"lineNumber":17,"author":{"gitId":"SeanHoWB"},"content":"    }","lastModifiedDate":"2022-03-09"},{"lineNumber":18,"author":{"gitId":"SeanHoWB"},"content":"","lastModifiedDate":"2022-03-09"},{"lineNumber":19,"author":{"gitId":"SeanHoWB"},"content":"    public int getAmount() {","lastModifiedDate":"2022-03-09"},{"lineNumber":20,"author":{"gitId":"SeanHoWB"},"content":"        return amount;","lastModifiedDate":"2022-03-09"},{"lineNumber":21,"author":{"gitId":"SeanHoWB"},"content":"    }","lastModifiedDate":"2022-03-09"},{"lineNumber":22,"author":{"gitId":"SeanHoWB"},"content":"","lastModifiedDate":"2022-03-09"},{"lineNumber":23,"author":{"gitId":"SeanHoWB"},"content":"    public void setDescription(String description) {","lastModifiedDate":"2022-03-09"},{"lineNumber":24,"author":{"gitId":"SeanHoWB"},"content":"        this.description \u003d description;","lastModifiedDate":"2022-03-09"},{"lineNumber":25,"author":{"gitId":"SeanHoWB"},"content":"    }","lastModifiedDate":"2022-03-09"},{"lineNumber":26,"author":{"gitId":"SeanHoWB"},"content":"","lastModifiedDate":"2022-03-09"},{"lineNumber":27,"author":{"gitId":"SeanHoWB"},"content":"    public String getDescription() {","lastModifiedDate":"2022-03-09"},{"lineNumber":28,"author":{"gitId":"SeanHoWB"},"content":"        return description;","lastModifiedDate":"2022-03-09"},{"lineNumber":29,"author":{"gitId":"SeanHoWB"},"content":"    }","lastModifiedDate":"2022-03-09"},{"lineNumber":30,"author":{"gitId":"SeanHoWB"},"content":"","lastModifiedDate":"2022-03-09"},{"lineNumber":31,"author":{"gitId":"SeanHoWB"},"content":"    @Override","lastModifiedDate":"2022-03-09"},{"lineNumber":32,"author":{"gitId":"SeanHoWB"},"content":"    public String toString() {","lastModifiedDate":"2022-03-09"},{"lineNumber":33,"author":{"gitId":"SeanHoWB"},"content":"        return getDescription() + \" of $\" + getAmount();","lastModifiedDate":"2022-03-09"},{"lineNumber":34,"author":{"gitId":"SeanHoWB"},"content":"    }","lastModifiedDate":"2022-03-09"},{"lineNumber":35,"author":{"gitId":"SeanHoWB"},"content":"}","lastModifiedDate":"2022-03-09"}],"authorContributionMap":{"SeanHoWB":35}},{"path":"src/test/java/seedu/mindmymoney/MindMyMoneyTest.java","fileType":"test-code","lines":[{"lineNumber":1,"author":{"gitId":"khseah"},"content":"package seedu.mindmymoney;","lastModifiedDate":"2022-03-09"},{"lineNumber":2,"author":{"gitId":"-"},"content":"","lastModifiedDate":"2022-03-09"},{"lineNumber":3,"author":{"gitId":"-"},"content":"import static org.junit.jupiter.api.Assertions.assertTrue;","lastModifiedDate":"2022-03-09"},{"lineNumber":4,"author":{"gitId":"-"},"content":"","lastModifiedDate":"2022-03-09"},{"lineNumber":5,"author":{"gitId":"-"},"content":"import org.junit.jupiter.api.Test;","lastModifiedDate":"2022-03-09"},{"lineNumber":6,"author":{"gitId":"-"},"content":"","lastModifiedDate":"2022-03-09"},{"lineNumber":7,"author":{"gitId":"khseah"},"content":"class MindMyMoneyTest {","lastModifiedDate":"2022-03-09"},{"lineNumber":8,"author":{"gitId":"-"},"content":"    @Test","lastModifiedDate":"2022-03-09"},{"lineNumber":9,"author":{"gitId":"-"},"content":"    public void sampleTest() {","lastModifiedDate":"2022-03-09"},{"lineNumber":10,"author":{"gitId":"-"},"content":"        assertTrue(true);","lastModifiedDate":"2022-03-09"},{"lineNumber":11,"author":{"gitId":"-"},"content":"    }","lastModifiedDate":"2022-03-09"},{"lineNumber":12,"author":{"gitId":"-"},"content":"}","lastModifiedDate":"2022-03-09"}],"authorContributionMap":{"khseah":2,"-":10}},{"path":"src/test/java/seedu/mindmymoney/command/AddCommandTest.java","fileType":"test-code","lines":[{"lineNumber":1,"author":{"gitId":"SeanHoWB"},"content":"package seedu.mindmymoney.command;","lastModifiedDate":"2022-03-10"},{"lineNumber":2,"author":{"gitId":"SeanHoWB"},"content":"","lastModifiedDate":"2022-03-10"},{"lineNumber":3,"author":{"gitId":"SeanHoWB"},"content":"import org.junit.jupiter.api.Test;","lastModifiedDate":"2022-03-10"},{"lineNumber":4,"author":{"gitId":"SeanHoWB"},"content":"import seedu.mindmymoney.data.Lists;","lastModifiedDate":"2022-03-10"},{"lineNumber":5,"author":{"gitId":"SeanHoWB"},"content":"import seedu.mindmymoney.userfinancial.Expenditure;","lastModifiedDate":"2022-03-10"},{"lineNumber":6,"author":{"gitId":"SeanHoWB"},"content":"","lastModifiedDate":"2022-03-10"},{"lineNumber":7,"author":{"gitId":"SeanHoWB"},"content":"import java.util.ArrayList;","lastModifiedDate":"2022-03-10"},{"lineNumber":8,"author":{"gitId":"SeanHoWB"},"content":"","lastModifiedDate":"2022-03-10"},{"lineNumber":9,"author":{"gitId":"SeanHoWB"},"content":"import static org.junit.jupiter.api.Assertions.assertEquals;","lastModifiedDate":"2022-03-10"},{"lineNumber":10,"author":{"gitId":"SeanHoWB"},"content":"","lastModifiedDate":"2022-03-10"},{"lineNumber":11,"author":{"gitId":"SeanHoWB"},"content":"class AddCommandTest {","lastModifiedDate":"2022-03-10"},{"lineNumber":12,"author":{"gitId":"SeanHoWB"},"content":"","lastModifiedDate":"2022-03-10"},{"lineNumber":13,"author":{"gitId":"SeanHoWB"},"content":"    @Test","lastModifiedDate":"2022-03-10"},{"lineNumber":14,"author":{"gitId":"SeanHoWB"},"content":"    void addCommand_oneInput_expectListUpdated() {","lastModifiedDate":"2022-03-10"},{"lineNumber":15,"author":{"gitId":"SeanHoWB"},"content":"        String inputString \u003d \"expenditure 12345\";","lastModifiedDate":"2022-03-10"},{"lineNumber":16,"author":{"gitId":"SeanHoWB"},"content":"        ArrayList\u003cExpenditure\u003e testList \u003d Lists.expenditures;","lastModifiedDate":"2022-03-10"},{"lineNumber":17,"author":{"gitId":"SeanHoWB"},"content":"        new AddCommand(inputString);","lastModifiedDate":"2022-03-10"},{"lineNumber":18,"author":{"gitId":"SeanHoWB"},"content":"        testList.add(new Expenditure(\"expenditure\", 12345));","lastModifiedDate":"2022-03-10"},{"lineNumber":19,"author":{"gitId":"SeanHoWB"},"content":"        assertEquals(Lists.expenditures, testList);","lastModifiedDate":"2022-03-10"},{"lineNumber":20,"author":{"gitId":"SeanHoWB"},"content":"    }","lastModifiedDate":"2022-03-10"},{"lineNumber":21,"author":{"gitId":"SeanHoWB"},"content":"","lastModifiedDate":"2022-03-10"},{"lineNumber":22,"author":{"gitId":"SeanHoWB"},"content":"    @Test","lastModifiedDate":"2022-03-10"},{"lineNumber":23,"author":{"gitId":"SeanHoWB"},"content":"    void addCommand_missingInput_expectOriginalList() {","lastModifiedDate":"2022-03-10"},{"lineNumber":24,"author":{"gitId":"SeanHoWB"},"content":"        String inputString \u003d \"\";","lastModifiedDate":"2022-03-10"},{"lineNumber":25,"author":{"gitId":"SeanHoWB"},"content":"        ArrayList\u003cExpenditure\u003e testList \u003d Lists.expenditures;","lastModifiedDate":"2022-03-10"},{"lineNumber":26,"author":{"gitId":"SeanHoWB"},"content":"        new AddCommand(inputString);","lastModifiedDate":"2022-03-10"},{"lineNumber":27,"author":{"gitId":"SeanHoWB"},"content":"        assertEquals(Lists.expenditures, testList);","lastModifiedDate":"2022-03-10"},{"lineNumber":28,"author":{"gitId":"SeanHoWB"},"content":"    }","lastModifiedDate":"2022-03-10"},{"lineNumber":29,"author":{"gitId":"SeanHoWB"},"content":"","lastModifiedDate":"2022-03-10"},{"lineNumber":30,"author":{"gitId":"SeanHoWB"},"content":"    @Test","lastModifiedDate":"2022-03-10"},{"lineNumber":31,"author":{"gitId":"SeanHoWB"},"content":"    void addCommand_nonIntAmount_expectOriginalList() {","lastModifiedDate":"2022-03-10"},{"lineNumber":32,"author":{"gitId":"SeanHoWB"},"content":"        String inputString \u003d \"expenditure deadbeef\";","lastModifiedDate":"2022-03-10"},{"lineNumber":33,"author":{"gitId":"SeanHoWB"},"content":"        ArrayList\u003cExpenditure\u003e testList \u003d Lists.expenditures;","lastModifiedDate":"2022-03-10"},{"lineNumber":34,"author":{"gitId":"SeanHoWB"},"content":"        new AddCommand(inputString);","lastModifiedDate":"2022-03-10"},{"lineNumber":35,"author":{"gitId":"SeanHoWB"},"content":"        assertEquals(Lists.expenditures, testList);","lastModifiedDate":"2022-03-10"},{"lineNumber":36,"author":{"gitId":"SeanHoWB"},"content":"    }","lastModifiedDate":"2022-03-10"},{"lineNumber":37,"author":{"gitId":"SeanHoWB"},"content":"}","lastModifiedDate":"2022-03-10"}],"authorContributionMap":{"SeanHoWB":37}}]
