{"authorDailyContributionsMap":{"SeanHoWB":[{"date":"2022-03-03","commitResults":[{"hash":"56293ec1cf95a8faed0f497d75c9c0310ee2e7f0","messageTitle":"Update AboutUs.md","messageBody":"","fileTypesAndContributionMap":{"docs":{"insertions":4,"deletions":4}}},{"hash":"265d07935384ae5a97becaa7d256a56e31213473","messageTitle":"Update AboutUs.md","messageBody":"","fileTypesAndContributionMap":{"docs":{"insertions":1,"deletions":1}}},{"hash":"04b57b1a7aaf518ebb97d4caba2fa7e37544891b","messageTitle":"Update AboutUs.md","messageBody":"","fileTypesAndContributionMap":{"docs":{"insertions":2,"deletions":2}}}]},{"date":"2022-03-09","commitResults":[{"hash":"4e60db67176f9cebb4c25aed850d221d53eaf2cd","messageTitle":"Added add command","messageBody":"","fileTypesAndContributionMap":{"functional-code":{"insertions":147,"deletions":14}}},{"hash":"296d37f8f5a4101d4a5f6ee6f58080e44171ede8","messageTitle":"Fix buildcheck errors","messageBody":"","fileTypesAndContributionMap":{"functional-code":{"insertions":5,"deletions":4}}},{"hash":"43693631d2910d3b489b9029d9f2ba2cf3769928","messageTitle":"Update Functions.java","messageBody":"","fileTypesAndContributionMap":{"functional-code":{"insertions":5,"deletions":6}}}]},{"date":"2022-03-10","commitResults":[{"hash":"d89fb7de0c01f85991d4b253f821e46b2d95a900","messageTitle":"Added JUnit tests for Add Command","messageBody":"","fileTypesAndContributionMap":{"functional-code":{"insertions":23,"deletions":18},"test-code":{"insertions":38,"deletions":0}}},{"hash":"1dd8ebfde52ebfebf799e80c989212827f89f372","messageTitle":"Added JUnit tests for Add Command","messageBody":"","fileTypesAndContributionMap":{"test-code":{"insertions":4,"deletions":4}}},{"hash":"c618cb9113d3314f62b6728883c14585d73185dc","messageTitle":"Added newline in AddCommandTest.java","messageBody":"","fileTypesAndContributionMap":{"test-code":{"insertions":1,"deletions":2}}}]},{"date":"2022-03-11","commitResults":[{"hash":"75747479475c5c106ba071e206d7b4a97c19dbe5","messageTitle":"Updated AddCommandTest","messageBody":"","fileTypesAndContributionMap":{"other":{"insertions":1,"deletions":0},"test-code":{"insertions":41,"deletions":11}}},{"hash":"78d8b8c35def208c2748eeeb154a2130613e859e","messageTitle":"Updated AddCommandTest","messageBody":"","fileTypesAndContributionMap":{"test-code":{"insertions":2,"deletions":2}}},{"hash":"448c88cbc5177311e533d00a15d2e636fd55c6d5","messageTitle":"Update build.gradle","messageBody":"","fileTypesAndContributionMap":{"other":{"insertions":0,"deletions":1}}},{"hash":"0021659bf186a4055cfafafebf0fb727ab423151","messageTitle":"Fixes to AddCommandTetst","messageBody":"","fileTypesAndContributionMap":{"test-code":{"insertions":6,"deletions":0}}}]},{"date":"2022-03-16","commitResults":[{"hash":"c683389e45b19835b80e396804929a1fe4c5f5a0","messageTitle":"Added categories for addcommand","messageBody":"","fileTypesAndContributionMap":{"functional-code":{"insertions":68,"deletions":15},"test-code":{"insertions":2,"deletions":2}}},{"hash":"e347fab8d74857ba9667978e85f2d99fc0c07397","messageTitle":"Added assertions to AddCommand","messageBody":"","fileTypesAndContributionMap":{"functional-code":{"insertions":8,"deletions":5}}},{"hash":"83a007822006fce900c76b8a807c363db22b25da","messageTitle":"Added assertions to AddCommand","messageBody":"","fileTypesAndContributionMap":{"functional-code":{"insertions":3,"deletions":4}}},{"hash":"ea29aade543938c5fdadf50d22e3f7c489f723d9","messageTitle":"Added assertions to AddCommand","messageBody":"","fileTypesAndContributionMap":{"test-code":{"insertions":6,"deletions":3}}}]},{"date":"2022-03-20","commitResults":[{"hash":"a0c3beea2b1e069812d0b2eff40ec7ab6598c990","messageTitle":"editted delete cmd test","messageBody":"","fileTypesAndContributionMap":{"test-code":{"insertions":1,"deletions":1}}}]},{"date":"2022-03-21","commitResults":[{"hash":"1b81d44367847c025a78fe5e85e9adf0a6901a23","messageTitle":"Added more fields to Add command","messageBody":"","fileTypesAndContributionMap":{"functional-code":{"insertions":378,"deletions":72},"test-code":{"insertions":4,"deletions":4}}},{"hash":"c9a509b7e6fec563fbe682a29ea8bce7660ff733","messageTitle":"Added JavaDocs for Add Command and Calculate Command","messageBody":"","fileTypesAndContributionMap":{"functional-code":{"insertions":87,"deletions":8}}},{"hash":"24272041d68cb287ab3ea231cdb0db59df5b7a0a","messageTitle":"Added CreditCard class","messageBody":"","fileTypesAndContributionMap":{"functional-code":{"insertions":170,"deletions":19},"test-code":{"insertions":29,"deletions":20}}},{"hash":"0db7d1b4b53b7e0a8e400397e2f7795aa9771302","messageTitle":"Editted test cases to fit new add command","messageBody":"","fileTypesAndContributionMap":{"functional-code":{"insertions":3,"deletions":3},"test-code":{"insertions":27,"deletions":17}}},{"hash":"19bdcc49f73fd0e37c8f330fef0ed763def38a27","messageTitle":"Editted help command to reflect new add command","messageBody":"","fileTypesAndContributionMap":{"functional-code":{"insertions":3,"deletions":2},"test-code":{"insertions":3,"deletions":2}}},{"hash":"099e7fd04a21b87eb49d6960bc4a0d2406eb0d34","messageTitle":"Fixed gradle check errors","messageBody":"","fileTypesAndContributionMap":{"functional-code":{"insertions":29,"deletions":29}}},{"hash":"493e724bef3f73bddf0f93ca1556d161534270a5","messageTitle":"Fixed gradle check errors","messageBody":"","fileTypesAndContributionMap":{"functional-code":{"insertions":1,"deletions":1}}},{"hash":"301da2f14c718f3316464afec262aca3a2fc905e","messageTitle":"Fixed indentations","messageBody":"","fileTypesAndContributionMap":{"test-code":{"insertions":12,"deletions":12}}},{"hash":"65c57b35b8ec4456c1c58b10f88d2f3131285a71","messageTitle":"Fixed indentations part 2","messageBody":"","fileTypesAndContributionMap":{"test-code":{"insertions":3,"deletions":1}}},{"hash":"026876ffd376f36723f6bbe3cc256e76a7488e8e","messageTitle":"Fixed indentations part 2","messageBody":"","fileTypesAndContributionMap":{"test-code":{"insertions":4,"deletions":3}}}]},{"date":"2022-03-23","commitResults":[{"hash":"1c21d6d45647de09943810dfd46506de86e6b804","messageTitle":"Fixed errors suggested by glendon","messageBody":"","fileTypesAndContributionMap":{"functional-code":{"insertions":42,"deletions":28},"docs":{"insertions":85,"deletions":1}}},{"hash":"3a28b293bd6dcb63a61e5ead17dd93f88ce62ae6","messageTitle":"Added fullstop","messageBody":"","fileTypesAndContributionMap":{"functional-code":{"insertions":1,"deletions":1}}},{"hash":"df80a73c857863234c9096209a4599396170d63a","messageTitle":"Update docs/DeveloperGuide.md","messageBody":"Co-authored-by: khseah \u003c69412944+khseah@users.noreply.github.com\u003e","fileTypesAndContributionMap":{"docs":{"insertions":2,"deletions":2}}},{"hash":"2b99f7ccc43d312e319650dd0258f9f9c187d592","messageTitle":"Update src/main/java/seedu/mindmymoney/Parser.java","messageBody":"Co-authored-by: khseah \u003c69412944+khseah@users.noreply.github.com\u003e","fileTypesAndContributionMap":{"functional-code":{"insertions":1,"deletions":1}}},{"hash":"69f499c3bab85b46da88b1569c144a711d44fbb8","messageTitle":"Fixes based on KH recommendation","messageBody":"","fileTypesAndContributionMap":{"functional-code":{"insertions":111,"deletions":31}}},{"hash":"31440284a3462dd6d4ba70270455ea2146436d63","messageTitle":"Fixes to worship Gradle God","messageBody":"","fileTypesAndContributionMap":{"functional-code":{"insertions":5,"deletions":1}}},{"hash":"47ec47d956de0922dfedac7f97a7355dc4e1770d","messageTitle":"Fixes to worship Gradle Goddess","messageBody":"","fileTypesAndContributionMap":{"functional-code":{"insertions":0,"deletions":5}}},{"hash":"696c97dba4c3678bbb7231bc6bd7dfb5958f37ac","messageTitle":"Refactorings","messageBody":"","fileTypesAndContributionMap":{"functional-code":{"insertions":36,"deletions":41},"other":{"insertions":2,"deletions":2}}}]},{"date":"2022-03-24","commitResults":[{"hash":"2e016a49734a57388bbc682fe20169b783674521","messageTitle":"Editted based on Dans comments","messageBody":"","fileTypesAndContributionMap":{"docs":{"insertions":8,"deletions":8}}}]},{"date":"2022-03-27","commitResults":[{"hash":"51dfa41bf60a61db1875764181750183adcb205e","messageTitle":"Editted UserGuide","messageBody":"","fileTypesAndContributionMap":{"functional-code":{"insertions":36,"deletions":15},"other":{"insertions":1,"deletions":1},"docs":{"insertions":129,"deletions":48}}},{"hash":"a0069daff3ee9b204950ec28a54206d75bba304c","messageTitle":"Added JUnit test for AddCommand","messageBody":"","fileTypesAndContributionMap":{"docs":{"insertions":11,"deletions":9},"test-code":{"insertions":128,"deletions":8}}},{"hash":"a7d4e2ec13c6e222193e0d0ee86d68c0d3c5bff9","messageTitle":"Added JUnit test for CalculateInputCommand","messageBody":"","fileTypesAndContributionMap":{"functional-code":{"insertions":45,"deletions":27},"test-code":{"insertions":194,"deletions":0}}},{"hash":"c1e0074c1a07be514bf75985f3d76e2d06a4d1bf","messageTitle":"Edit UG","messageBody":"","fileTypesAndContributionMap":{"docs":{"insertions":2,"deletions":2}}},{"hash":"368d0cb3287df55160186b188d51268f149e24b8","messageTitle":"Added jcenter in build.gradle","messageBody":"","fileTypesAndContributionMap":{"other":{"insertions":1,"deletions":0}}},{"hash":"f8a16ac7963c10cef00b7ea7da894e280fa3bcda","messageTitle":"Removed jcenter in build.gradle","messageBody":"","fileTypesAndContributionMap":{"other":{"insertions":0,"deletions":1}}},{"hash":"59e86ad026cf33b8236f5a56f76c7e9815f8633a","messageTitle":"typo","messageBody":"","fileTypesAndContributionMap":{"docs":{"insertions":1,"deletions":1}}},{"hash":"56d8cab82fcabfb989a9ba8fb062e616c39482e9","messageTitle":"Fixes to gradle errors","messageBody":"","fileTypesAndContributionMap":{"functional-code":{"insertions":12,"deletions":7},"other":{"insertions":1,"deletions":1}}},{"hash":"d5456173333b94e838a1c8e489e60c5ca94efc32","messageTitle":"Update merge error","messageBody":"","fileTypesAndContributionMap":{"functional-code":{"insertions":1,"deletions":1}}},{"hash":"bdf9833c41b2f25e150eb633d22d942c4b4b37c9","messageTitle":"Update AddCommand.java","messageBody":"","fileTypesAndContributionMap":{"functional-code":{"insertions":0,"deletions":1}}},{"hash":"a3c19e4bfa21be2dbf57b0a19625d6b950e05e0d","messageTitle":"Fixed merge errors","messageBody":"","fileTypesAndContributionMap":{"functional-code":{"insertions":1,"deletions":1},"docs":{"insertions":3,"deletions":1},"test-code":{"insertions":48,"deletions":44}}}]}],"khseah":[{"date":"2022-03-03","commitResults":[{"hash":"98f9dbd976618989b75f7ef758f5df8c137becbc","messageTitle":"Update README","messageBody":"","fileTypesAndContributionMap":{"docs":{"insertions":7,"deletions":7}}}]},{"date":"2022-03-09","commitResults":[{"hash":"f29cc0a9a4374055ed06d8027ca12fa0905bb849","messageTitle":"Format table for better readability","messageBody":"","fileTypesAndContributionMap":{"docs":{"insertions":7,"deletions":7}}},{"hash":"e8e22d3629f143f8dec72427180fe002f260de10","messageTitle":"Rename mainClassName to MindMyMoney","messageBody":"","fileTypesAndContributionMap":{"functional-code":{"insertions":0,"deletions":21},"other":{"insertions":1,"deletions":1},"test-code":{"insertions":0,"deletions":12}}},{"hash":"13ce0d600658da3166e3fccff70b892b23621a51","messageTitle":"Rename test class to MindMyMoney","messageBody":"","fileTypesAndContributionMap":{"test-code":{"insertions":12,"deletions":0}}},{"hash":"95299ec85603ab58022b3985d7683d53843a5683","messageTitle":"Add Help command","messageBody":"","fileTypesAndContributionMap":{"functional-code":{"insertions":47,"deletions":0}}},{"hash":"939fa72a6a714fb52a33671317c44f1c722a75a4","messageTitle":"Add Ui class","messageBody":"","fileTypesAndContributionMap":{"functional-code":{"insertions":43,"deletions":0}}},{"hash":"a73a0785a5d07e886a61804116288d174564c4d0","messageTitle":"Add Parser class","messageBody":"","fileTypesAndContributionMap":{"functional-code":{"insertions":48,"deletions":0}}},{"hash":"d41a360da269895e73af1dcfff51a7aff426e767","messageTitle":"Update main class","messageBody":"","fileTypesAndContributionMap":{"functional-code":{"insertions":30,"deletions":0}}},{"hash":"4755f03aa1f0faf7f1423f5604c173493e99965f","messageTitle":"Refactor code to follow guidelines","messageBody":"","fileTypesAndContributionMap":{"functional-code":{"insertions":1,"deletions":1}}}]},{"date":"2022-03-11","commitResults":[{"hash":"fe03131a8012946c8161e0fcb1c49acdb638073e","messageTitle":"Refactor code to make improve readability","messageBody":"Instead of importing Indexes, import the Indexes.constant directly. Then we don\u0027t have to always add \"Indexes.\" infront.\n","fileTypesAndContributionMap":{"functional-code":{"insertions":19,"deletions":16},"test-code":{"insertions":3,"deletions":4}}},{"hash":"51c83c30aff21079717d713b5981c6e6e0165a03","messageTitle":"Add JUnit test for Help command","messageBody":"","fileTypesAndContributionMap":{"test-code":{"insertions":57,"deletions":0}}},{"hash":"04625083d1286b50609ed4ac1f8c27a4738d3b9f","messageTitle":"Add whitespace to follow coding standards","messageBody":"","fileTypesAndContributionMap":{"test-code":{"insertions":1,"deletions":1}}},{"hash":"2769a120d4b0d7bfb5e526071724e4f76d0dfe66","messageTitle":"Refactor code to comply with coding standards","messageBody":"","fileTypesAndContributionMap":{"functional-code":{"insertions":4,"deletions":1}}}]},{"date":"2022-03-16","commitResults":[{"hash":"7c9f836eadafe4fe2944691e258ed6a669df7697","messageTitle":"Add assertion to Parser class","messageBody":"","fileTypesAndContributionMap":{"functional-code":{"insertions":2,"deletions":0}}},{"hash":"04dfdf65bc8191da09867adb68f98b5cd78bafd0","messageTitle":"Add tips at startup","messageBody":"","fileTypesAndContributionMap":{"functional-code":{"insertions":58,"deletions":1}}},{"hash":"f2ca558d3e0efada7135a7c96fc4460441b89ed7","messageTitle":"Add message to assertion","messageBody":"","fileTypesAndContributionMap":{"functional-code":{"insertions":2,"deletions":2}}},{"hash":"73a8f5871e7cc3dd6407963c59f38fb9f63d86cf","messageTitle":"Refactor code indents to adhere to Gradle CheckStyle","messageBody":"","fileTypesAndContributionMap":{"functional-code":{"insertions":48,"deletions":48}}},{"hash":"00cceb5b11aee138a8a804941f9427ae5c244f97","messageTitle":"Edit tips message to pass Gradle tests","messageBody":"","fileTypesAndContributionMap":{"functional-code":{"insertions":1,"deletions":1}}},{"hash":"47e9fdbdffdb7cac16fa05fcc20da1cc3a659ba4","messageTitle":"Refactor code to pass gradle tests","messageBody":"","fileTypesAndContributionMap":{"functional-code":{"insertions":2,"deletions":2}}},{"hash":"22c16a900d20230f67bd10d03f17c153780c26cb","messageTitle":"Add assertion for randomIndex","messageBody":"","fileTypesAndContributionMap":{"functional-code":{"insertions":3,"deletions":2}}},{"hash":"3992ac1adf4091339b38abdfb4576cbf91bf0887","messageTitle":"Edit runtest.bat file","messageBody":"","fileTypesAndContributionMap":{"other":{"insertions":0,"deletions":2}}},{"hash":"04159e22c4759a5fe0c9a09138f3eeef5b3cdb97","messageTitle":"Edit runtest.sh file","messageBody":"","fileTypesAndContributionMap":{"other":{"insertions":0,"deletions":2}}},{"hash":"b1b1820b17b0526ec4bba95de1c07613143dcece","messageTitle":"Edit test files","messageBody":"","fileTypesAndContributionMap":{"other":{"insertions":2,"deletions":14}}}]},{"date":"2022-03-17","commitResults":[{"hash":"6f8de0711d83bba3fc5bf88fa53a63752f33f898","messageTitle":"Resolve merge conflicts","messageBody":"","fileTypesAndContributionMap":{"functional-code":{"insertions":1,"deletions":2},"test-code":{"insertions":2,"deletions":2}}},{"hash":"26ca81c8f1dc91bc0efda742122ec3c6fbaa052c","messageTitle":"Update gitignore to ignore data and manifest files","messageBody":"","fileTypesAndContributionMap":{"other":{"insertions":2,"deletions":1}}},{"hash":"9d5e988e7af71963e94481c472841c70dbd88150","messageTitle":"Resolve build errors","messageBody":"","fileTypesAndContributionMap":{"test-code":{"insertions":1,"deletions":1}}}]},{"date":"2022-03-19","commitResults":[{"hash":"348eec67659ff4edbb500d8300d0fc6b4e07acb0","messageTitle":"Shorten LINE separator","messageBody":"as the items in the list will not be very long, thus we don\u0027t need such a long LINE separator\n","fileTypesAndContributionMap":{"functional-code":{"insertions":2,"deletions":2}}},{"hash":"d36234c55f6b007fe372024919255d3d035eba72","messageTitle":"Refactor code to throw exceptions instead of just printing","messageBody":"","fileTypesAndContributionMap":{"functional-code":{"insertions":14,"deletions":14}}},{"hash":"9e6d29101e961278399cb60c14576d7429d05f38","messageTitle":"Remove LINE separator to improve readability","messageBody":"","fileTypesAndContributionMap":{"functional-code":{"insertions":14,"deletions":18}}},{"hash":"bbecb4455492e23179bc698be294092bce7f372b","messageTitle":"Update JUnit tests","messageBody":"","fileTypesAndContributionMap":{"test-code":{"insertions":13,"deletions":17}}},{"hash":"ac45f0ffe1135979df1e3a6443926b69662dcca4","messageTitle":"Refactor code to comply with checkstyle","messageBody":"","fileTypesAndContributionMap":{"functional-code":{"insertions":2,"deletions":1}}},{"hash":"55165540ed924bcebaa9fac8fce908dadde80517","messageTitle":"Refactor code to comply with checkstyle","messageBody":"","fileTypesAndContributionMap":{"test-code":{"insertions":3,"deletions":3}}}]},{"date":"2022-03-22","commitResults":[{"hash":"1e603ff38fb3b57e1ba9af13a6c3dfaa382f4039","messageTitle":"Update Design portion of DG","messageBody":"","fileTypesAndContributionMap":{"functional-code":{"insertions":1,"deletions":1},"docs":{"insertions":62,"deletions":2}}}]},{"date":"2022-03-27","commitResults":[{"hash":"2dd1999722acb0de42590054458a5f4aabe77aec","messageTitle":"Enable assertions in gradle","messageBody":"","fileTypesAndContributionMap":{"other":{"insertions":1,"deletions":0}}}]},{"date":"2022-03-28","commitResults":[{"hash":"dce0fb9259c6bf3ecd6f4b839346977cae515322","messageTitle":"Add User class","messageBody":"","fileTypesAndContributionMap":{"functional-code":{"insertions":33,"deletions":0}}},{"hash":"1234949de68c0dbced5963c4486b4564dc7653ea","messageTitle":"Refactor code to incorporate User class","messageBody":"","fileTypesAndContributionMap":{"functional-code":{"insertions":66,"deletions":50}}},{"hash":"9b01bf98450702f91058bb7478c10455969e6e9a","messageTitle":"Update tests to reflect the new User class","messageBody":"","fileTypesAndContributionMap":{"test-code":{"insertions":130,"deletions":55}}},{"hash":"718a25ccda2c3cc37a2b31d99ab621924a490d63","messageTitle":"Add and incorporate Income into existing commands","messageBody":"","fileTypesAndContributionMap":{"functional-code":{"insertions":435,"deletions":102}}},{"hash":"a09522557e7df1be47a4027ff30e5384df84caa2","messageTitle":"Update constants","messageBody":"","fileTypesAndContributionMap":{"functional-code":{"insertions":6,"deletions":4}}},{"hash":"15b1037cc2db05fb0e326ba4b5b6b48179ea2e9a","messageTitle":"Add support to track Income","messageBody":"","fileTypesAndContributionMap":{"functional-code":{"insertions":112,"deletions":0},"other":{"insertions":2,"deletions":2}}},{"hash":"0d59a45b32aa88ee43725bddf0bb0419be4800ce","messageTitle":"Update JUnit tests to test CRUD functionalities of Income","messageBody":"","fileTypesAndContributionMap":{"test-code":{"insertions":216,"deletions":55}}},{"hash":"a2610679b0c5747e367dd8c14481a648fb70eb04","messageTitle":"Update some Javadoc comments","messageBody":"","fileTypesAndContributionMap":{"functional-code":{"insertions":24,"deletions":22}}},{"hash":"b24b0aa1253c6dbc5aa6f57a3e99086e1f43db18","messageTitle":"Update code to incorporate Income functionalities","messageBody":"","fileTypesAndContributionMap":{"functional-code":{"insertions":73,"deletions":20}}},{"hash":"36c98e2e296f1130ecf5774fab8830c0db7477e9","messageTitle":"Refactor code to comply with Gradle checkstyle","messageBody":"","fileTypesAndContributionMap":{"functional-code":{"insertions":7,"deletions":13}}},{"hash":"a9ce10152282a7898659184ea9b3bda2132d62c9","messageTitle":"Refactor code to comply with Gradle checkstyle","messageBody":"","fileTypesAndContributionMap":{"test-code":{"insertions":3,"deletions":3}}},{"hash":"3e3eaffdc9bccbf0e9234a4cb8ca81eba5fa3fb6","messageTitle":"Update Junit helpCommand test","messageBody":"","fileTypesAndContributionMap":{"test-code":{"insertions":1,"deletions":1}}},{"hash":"b65e635a4596fb896882631514f483598dc8f555","messageTitle":"Refactor code to comply with gradle checkstyle","messageBody":"","fileTypesAndContributionMap":{"test-code":{"insertions":2,"deletions":1}}}]},{"date":"2022-03-29","commitResults":[{"hash":"9cbf3e7ab303d88126839b19b2a335115d9f8dd3","messageTitle":"Refactor code based on PR reviews","messageBody":"","fileTypesAndContributionMap":{"functional-code":{"insertions":47,"deletions":16}}}]}],"glendonnotglen":[{"date":"2022-03-03","commitResults":[{"hash":"9f5a80a3de92c422460498d38516959680ccb119","messageTitle":"Update README","messageBody":"","fileTypesAndContributionMap":{"docs":{"insertions":1,"deletions":1}}},{"hash":"29d11b8c7f1eba53bd21f69c887be2c7ff875032","messageTitle":"Add Glendon inside AboutUs.md","messageBody":"","fileTypesAndContributionMap":{"docs":{"insertions":7,"deletions":7}}}]},{"date":"2022-03-10","commitResults":[{"hash":"747137356b8693f57b0f7cee9bf04eff81eafe5f","messageTitle":"Add list command","messageBody":"","fileTypesAndContributionMap":{"functional-code":{"insertions":33,"deletions":6}}},{"hash":"35c47d38733c90e81060fd6eda1dec1c3b78c971","messageTitle":"Amend to coding standards","messageBody":"Fixes #7\n","fileTypesAndContributionMap":{"functional-code":{"insertions":6,"deletions":7}}},{"hash":"a450d77f07c7623886f38282205a8b0caec4f488","messageTitle":"Amend RightCurlyAlone formatting","messageBody":"","fileTypesAndContributionMap":{"functional-code":{"insertions":2,"deletions":1}}}]},{"date":"2022-03-11","commitResults":[{"hash":"5477851b722f2d34dcd3a867629618f5657f00d9","messageTitle":"Add JUnit test for MindMyMoney exception for empty list listcommand","messageBody":"","fileTypesAndContributionMap":{"functional-code":{"insertions":4,"deletions":4},"test-code":{"insertions":17,"deletions":0}}},{"hash":"e9d8ad24c04e5881b5fa0de838894ebc729fe0e2","messageTitle":"Fix to adhere to coding standards","messageBody":"","fileTypesAndContributionMap":{"test-code":{"insertions":1,"deletions":2}}},{"hash":"36f3c94185c39159e5daf55ed90a57d11fc2d662","messageTitle":"Remove unused imports and functions","messageBody":"","fileTypesAndContributionMap":{"test-code":{"insertions":0,"deletions":16}}},{"hash":"ef74fa4c798f2c56611601a86dc3852415aeaa89","messageTitle":"Add happy path JUnit test","messageBody":"","fileTypesAndContributionMap":{"functional-code":{"insertions":13,"deletions":7},"test-code":{"insertions":14,"deletions":2}}}]},{"date":"2022-03-15","commitResults":[{"hash":"b0fecede1a2a237b44c5eb05e0c2b02fac391432","messageTitle":"Add documentations and renamed method for clarity","messageBody":"","fileTypesAndContributionMap":{"functional-code":{"insertions":1,"deletions":1},"test-code":{"insertions":9,"deletions":1}}}]},{"date":"2022-03-16","commitResults":[{"hash":"6ff39f5b4f00755ac7d17e982006dcdde90eb7cc","messageTitle":"Update User Guide and Read Me with details of our application","messageBody":"","fileTypesAndContributionMap":{"docs":{"insertions":76,"deletions":32}}},{"hash":"ec6324c0f048746ba38fff1d65d79b91a3cbd13f","messageTitle":"Change minor details in README and User Guide","messageBody":"","fileTypesAndContributionMap":{"docs":{"insertions":6,"deletions":7}}},{"hash":"eef999c755b866ba9350c914dbfd61e087ee495e","messageTitle":"Add JUnit testing for Parser class","messageBody":"","fileTypesAndContributionMap":{"test-code":{"insertions":49,"deletions":0}}},{"hash":"fa87f59e3dbf0c80a81d7b712c952a3c1c110c25","messageTitle":"Changes to fit coding standards","messageBody":"","fileTypesAndContributionMap":{"test-code":{"insertions":8,"deletions":6}}}]},{"date":"2022-03-18","commitResults":[{"hash":"6d030b117afd5ccffd0a4acdb063182e450d2aee","messageTitle":"Add assert for ParserTest","messageBody":"","fileTypesAndContributionMap":{"test-code":{"insertions":2,"deletions":0}}},{"hash":"4797a0bf67d7249557a66e25d692999b704790ca","messageTitle":"Refactor to fit coding standard","messageBody":"","fileTypesAndContributionMap":{"test-code":{"insertions":2,"deletions":2}}},{"hash":"a6d902865d858b921888abcce2b6d0c24577af13","messageTitle":"Add assert in list command","messageBody":"","fileTypesAndContributionMap":{"functional-code":{"insertions":1,"deletions":0}}}]},{"date":"2022-03-24","commitResults":[{"hash":"af7f4588a627b99b3422318a1a1fa1a5fac25b61","messageTitle":"Add List Command section on Developer\u0027s Guide","messageBody":"","fileTypesAndContributionMap":{"docs":{"insertions":72,"deletions":0}}}]},{"date":"2022-03-25","commitResults":[{"hash":"609651c1e7e26c392245ec3d3428cd84018d4918","messageTitle":"Add Create, Updated, Delete commands for Credit Cards. Reading credit cards incomplete","messageBody":"","fileTypesAndContributionMap":{"functional-code":{"insertions":196,"deletions":22},"test-code":{"insertions":2,"deletions":2}}},{"hash":"32d0cd2d2592ad96a0967b8901162f0476a98982","messageTitle":"Update list command for credit card list","messageBody":"","fileTypesAndContributionMap":{"functional-code":{"insertions":50,"deletions":3}}},{"hash":"06fb40c19d63ae6df21fd27867d78d350ed7b8f9","messageTitle":"Update help command to separate into expenditure commands and credit card commands","messageBody":"","fileTypesAndContributionMap":{"functional-code":{"insertions":55,"deletions":7}}},{"hash":"f653a094221ed4cefc43d557735e2f117ba2fc38","messageTitle":"Minor changes to conform coding standards","messageBody":"","fileTypesAndContributionMap":{"functional-code":{"insertions":11,"deletions":6}}},{"hash":"fee6425f5e6d3d3f9025f3b5d918443f33b50ba0","messageTitle":"Update JUnit test parameters with Credit Card test list","messageBody":"","fileTypesAndContributionMap":{"test-code":{"insertions":19,"deletions":14}}}]},{"date":"2022-03-27","commitResults":[{"hash":"4964d9b19501e44cbabd01674443b8e0c8c5bb46","messageTitle":"Change magic literals in Delete Command","messageBody":"","fileTypesAndContributionMap":{"functional-code":{"insertions":17,"deletions":10},"test-code":{"insertions":29,"deletions":29}}}]},{"date":"2022-03-29","commitResults":[{"hash":"1a9166cac46e4aa07aebd2e187a4894b989ee229","messageTitle":"Update User Guide","messageBody":"","fileTypesAndContributionMap":{"docs":{"insertions":274,"deletions":55}}},{"hash":"c234517cfde88f847ae10c9e87ba6296cf842edb","messageTitle":"Remove drop down bar","messageBody":"","fileTypesAndContributionMap":{"docs":{"insertions":18,"deletions":66}}},{"hash":"e1ab27310a8ec91f266288dd67192c4730b6e1a2","messageTitle":"Update Table of Contents","messageBody":"","fileTypesAndContributionMap":{"docs":{"insertions":0,"deletions":14}}},{"hash":"0981481a229e0e210cbbc435665d53ed990df82d","messageTitle":"update update /cc command in User Guide","messageBody":"","fileTypesAndContributionMap":{"docs":{"insertions":3,"deletions":4}}}]},{"date":"2022-03-30","commitResults":[{"hash":"8f8bf39cb7a8d1c1f501458f1e7d74c669408ff2","messageTitle":"Update User Guide based on consultation feedback","messageBody":"","fileTypesAndContributionMap":{"docs":{"insertions":76,"deletions":75}}},{"hash":"6b9086d4754b8763826286afbfe15917e8ab70b4","messageTitle":"Update Update Expenses command","messageBody":"","fileTypesAndContributionMap":{"functional-code":{"insertions":71,"deletions":70},"test-code":{"insertions":1,"deletions":1}}},{"hash":"401ae426dd338771c2d39e08395406c155a1780a","messageTitle":"Update import headers","messageBody":"","fileTypesAndContributionMap":{"functional-code":{"insertions":23,"deletions":3}}},{"hash":"52b6e601ff3ef35091afcfc99ff9a9eda54534b1","messageTitle":"Update for Gradle checks","messageBody":"","fileTypesAndContributionMap":{"functional-code":{"insertions":5,"deletions":4}}},{"hash":"e163d3ee0778d1ae540ea3dbae1e5e30c45fa0cb","messageTitle":"Update help command and update JUnit testing for Gradle","messageBody":"","fileTypesAndContributionMap":{"functional-code":{"insertions":16,"deletions":2},"test-code":{"insertions":16,"deletions":16}}},{"hash":"a696030fd002f704407ddab277d6b4d9c53e3416","messageTitle":"Update HelpCommandJUnit test","messageBody":"","fileTypesAndContributionMap":{"functional-code":{"insertions":2,"deletions":2},"test-code":{"insertions":8,"deletions":7}}},{"hash":"5fcd7fea5c9bb741d1cccec7c42c7a75782e75b1","messageTitle":"Update JUnit testing for new payment method flag and remove optional category flag in Update Command","messageBody":"","fileTypesAndContributionMap":{"functional-code":{"insertions":10,"deletions":22},"test-code":{"insertions":19,"deletions":19}}},{"hash":"263054305e91fe3aa5b7194bae9faaf1c5bc37d4","messageTitle":"Update for Gradle check","messageBody":"","fileTypesAndContributionMap":{"functional-code":{"insertions":2,"deletions":2}}},{"hash":"0edb2e452c29b54c01a2b4418bbaa2f1eeaaf2a1","messageTitle":"Update List Command JUnit test","messageBody":"","fileTypesAndContributionMap":{"test-code":{"insertions":3,"deletions":3}}}]}],"limjierui":[{"date":"2022-03-03","commitResults":[{"hash":"87a02e8b30ecec26cc60a74d24b9ca7e31c3705c","messageTitle":"Add limjierui to AboutUs.md","messageBody":"","fileTypesAndContributionMap":{"docs":{"insertions":7,"deletions":7}}}]},{"date":"2022-03-10","commitResults":[{"hash":"eceb6f3631d5a6a2e0459846fdbb40b5d00907db","messageTitle":"Added DeleteCommand","messageBody":"","fileTypesAndContributionMap":{"functional-code":{"insertions":71,"deletions":10}}},{"hash":"c139f967201b49e78eaf2839b513191cddc220ed","messageTitle":"Fixed Coding standards","messageBody":"","fileTypesAndContributionMap":{"functional-code":{"insertions":15,"deletions":8}}},{"hash":"9a1c4bf7558c0914290543628bb59a1ae3abdcf8","messageTitle":"Added JUnit Tests for Delete Command","messageBody":"","fileTypesAndContributionMap":{"functional-code":{"insertions":2,"deletions":2},"test-code":{"insertions":86,"deletions":0}}},{"hash":"072b9aeec56bb862868a322c7c04288164fd2487","messageTitle":"Fixed Coding Standards for DeleteCommandTest","messageBody":"","fileTypesAndContributionMap":{"test-code":{"insertions":6,"deletions":12}}},{"hash":"c256f34102131302bda7a520b69af62bdf6848df","messageTitle":"Fixed coding standards #2 for DeleteCommandTest","messageBody":"","fileTypesAndContributionMap":{"test-code":{"insertions":1,"deletions":1}}},{"hash":"c2bdef6bd604985d656d6db6f440d05051060c42","messageTitle":"Fix coding standard 3 for DeleteCommandTest","messageBody":"","fileTypesAndContributionMap":{"test-code":{"insertions":1,"deletions":1}}},{"hash":"36798e12d263e59ee5d9cf21fb38229887be9f33","messageTitle":"Remove AddCommandTest file","messageBody":"","fileTypesAndContributionMap":{"test-code":{"insertions":0,"deletions":37}}}]},{"date":"2022-03-11","commitResults":[{"hash":"07847e46db5bbf8e2499c28ba6c76befcde8adb8","messageTitle":"Add newline to end of file for DeleteCommandTest","messageBody":"","fileTypesAndContributionMap":{"test-code":{"insertions":1,"deletions":1}}},{"hash":"cb89be460a5176f58b9f0c3b508e67c960fc6005","messageTitle":"Change method name and logic of deleteCommand_addToEmptyList_expectException function","messageBody":"","fileTypesAndContributionMap":{"test-code":{"insertions":7,"deletions":8}}},{"hash":"1eeb1a07c4322aa73b0f20f08216e799601679e0","messageTitle":"Edit DeleteCommandTest file","messageBody":"","fileTypesAndContributionMap":{"test-code":{"insertions":5,"deletions":3}}}]},{"date":"2022-03-15","commitResults":[{"hash":"537becd92110b6b0b40cd3cf497e654f3a803b44","messageTitle":"Add more OOP, Refactor code to remove usage of global list","messageBody":"","fileTypesAndContributionMap":{"functional-code":{"insertions":99,"deletions":27},"test-code":{"insertions":35,"deletions":34}}},{"hash":"5971256137406819febca18ac68e6e77177c3f14","messageTitle":"Edit code to match Coding Standards","messageBody":"","fileTypesAndContributionMap":{"test-code":{"insertions":12,"deletions":8}}},{"hash":"1c31e4258aa1d559acecdb9cca3d893e0a57bbc1","messageTitle":"Edit code to match Coding Standards 2","messageBody":"","fileTypesAndContributionMap":{"test-code":{"insertions":9,"deletions":15}}}]},{"date":"2022-03-16","commitResults":[{"hash":"9927251b7fb7faab52217446b81fc26b25db1470","messageTitle":"Fix coding standards","messageBody":"","fileTypesAndContributionMap":{"functional-code":{"insertions":40,"deletions":31},"other":{"insertions":12,"deletions":12},"test-code":{"insertions":40,"deletions":34}}},{"hash":"6b270040e679588a6838b978611bdd04069355d1","messageTitle":"Fix lambda indents","messageBody":"","fileTypesAndContributionMap":{"test-code":{"insertions":6,"deletions":6}}},{"hash":"33c39f946a84d7539faeebe2f0c55cb5a27ada81","messageTitle":"Add Bye Command","messageBody":"","fileTypesAndContributionMap":{"functional-code":{"insertions":80,"deletions":12}}},{"hash":"68ad1b23722e48bcfc53e4647d7b7db35a4df358","messageTitle":"Fix errors shown on pull request","messageBody":"","fileTypesAndContributionMap":{"functional-code":{"insertions":8,"deletions":1}}},{"hash":"03770493656cd6c8f2e07568ec8c2857540d635a","messageTitle":"Edit Expected.txt","messageBody":"","fileTypesAndContributionMap":{"functional-code":{"insertions":1,"deletions":1}}}]},{"date":"2022-03-17","commitResults":[{"hash":"e2cc20584ffcb0e3697bad951b0d9cde4ddfa894","messageTitle":"Add assert for deletecommand","messageBody":"","fileTypesAndContributionMap":{"functional-code":{"insertions":1,"deletions":0}}},{"hash":"71903ba411fd84e68c6190c6448aa256f7f8a112","messageTitle":"Edit assertion in delete command","messageBody":"","fileTypesAndContributionMap":{"functional-code":{"insertions":1,"deletions":1}}}]},{"date":"2022-03-23","commitResults":[{"hash":"6e9ba3a8a5a0bed8f0b58e8e3484e35cac723894","messageTitle":"Add DG for Command and Storage component","messageBody":"","fileTypesAndContributionMap":{"docs":{"insertions":32,"deletions":2}}}]},{"date":"2022-03-24","commitResults":[{"hash":"8166f8f3fcec0d01e696a090d166c12feaaf775a","messageTitle":"Fix DG comments","messageBody":"","fileTypesAndContributionMap":{"docs":{"insertions":9,"deletions":11}}}]},{"date":"2022-03-28","commitResults":[{"hash":"17c0828874f15dd11cdbc007ae2b31337cd94682","messageTitle":"Add calculate functions to show percentage spent for each month","messageBody":"","fileTypesAndContributionMap":{"functional-code":{"insertions":112,"deletions":19},"docs":{"insertions":127,"deletions":39}}},{"hash":"0f60e4557e40a795fb4e27e235ff3c42bec4a6a1","messageTitle":"Resolve coding standards","messageBody":"","fileTypesAndContributionMap":{"functional-code":{"insertions":12,"deletions":12}}},{"hash":"0fdfdd7a58698d33b41908c3547dc18500d52cb0","messageTitle":"Resolve coding standards no.2","messageBody":"","fileTypesAndContributionMap":{"functional-code":{"insertions":4,"deletions":2}}},{"hash":"1b138f99c3ef5f21f40be914bea3b253281c5d54","messageTitle":"Edit test for calculate input","messageBody":"","fileTypesAndContributionMap":{"test-code":{"insertions":22,"deletions":2}}},{"hash":"ad3ba03901b87f7e0805e55265aa08a3b3528061","messageTitle":"Fix coding standards","messageBody":"","fileTypesAndContributionMap":{"test-code":{"insertions":2,"deletions":2}}},{"hash":"77c58ce766ebb8e479df7199f02f414dc889206e","messageTitle":"Fix JunitTests","messageBody":"","fileTypesAndContributionMap":{"test-code":{"insertions":7,"deletions":6}}}]},{"date":"2022-03-29","commitResults":[{"hash":"99520ba646eb270049450798d12f1274b2b63709","messageTitle":"Fix comments given by group members","messageBody":"","fileTypesAndContributionMap":{"functional-code":{"insertions":5,"deletions":7}}},{"hash":"6072041f6e5e18e07d3d091fbd5cd43a721331be","messageTitle":"Add assertion","messageBody":"","fileTypesAndContributionMap":{"functional-code":{"insertions":2,"deletions":2}}},{"hash":"05ab744a139776d1cad1b1c383c4e19274686bc4","messageTitle":"Fix assertion placement","messageBody":"","fileTypesAndContributionMap":{"functional-code":{"insertions":1,"deletions":1}}}]}],"danbaterisna":[{"date":"2022-03-03","commitResults":[{"hash":"f238897be2e9410755f397747f64a82579a05062","messageTitle":"Update AboutUs.md","messageBody":"","fileTypesAndContributionMap":{"docs":{"insertions":1,"deletions":1}}}]},{"date":"2022-03-10","commitResults":[{"hash":"b62987b993b04367dd51b529b4cf2479558f9c99","messageTitle":"Implement update command","messageBody":"","fileTypesAndContributionMap":{"functional-code":{"insertions":53,"deletions":0}}}]},{"date":"2022-03-16","commitResults":[{"hash":"443f356c465c93d0f0d090db07448b426972bd07","messageTitle":"Add save and load functionality","messageBody":"This implements a Storage class to handle saving to and loading from storage, and adds a human-readable serialization/deserialization interface for Expenditures. The main MindMyMoney loop is also modified to save the expenditure list after a successful command is run.\n","fileTypesAndContributionMap":{"functional-code":{"insertions":143,"deletions":2}}},{"hash":"926642192a06ba8e51a2a43d3127ce65de636d76","messageTitle":"Add tests","messageBody":"This implements basic tests for Expenditure and Storage. It also modifies the two classes to make them more testable.\n","fileTypesAndContributionMap":{"functional-code":{"insertions":21,"deletions":4},"test-code":{"insertions":81,"deletions":0}}}]}]},"authorFileTypeContributionMap":{"SeanHoWB":{"docs":159,"functional-code":759,"test-code":342},"khseah":{"docs":67,"functional-code":935,"test-code":363,"other":5},"glendonnotglen":{"docs":150,"functional-code":382,"test-code":106},"limjierui":{"docs":82,"functional-code":277,"test-code":103},"danbaterisna":{"docs":0,"functional-code":178,"test-code":75}},"authorContributionVariance":{"SeanHoWB":37992.47,"khseah":50432.305,"glendonnotglen":13240.078,"limjierui":7349.289,"danbaterisna":1549.5172},"authorDisplayNameMap":{"SeanHoWB":"CS2113T-T10-4 HO W..SEAN","khseah":"CS2113T-T10-4 SEAH.. HAN","glendonnotglen":"CS2113T-T10-4 NG Z..NDON","limjierui":"CS2113T-T10-4 LIM .. RUI","danbaterisna":"CS2113T-T10-4 BATE..OBIA"}}
