{"authorDailyContributionsMap":{"SeanHoWB":[{"date":"2022-03-03","commitResults":[{"hash":"56293ec1cf95a8faed0f497d75c9c0310ee2e7f0","messageTitle":"Update AboutUs.md","messageBody":"","fileTypesAndContributionMap":{"docs":{"insertions":4,"deletions":4}}},{"hash":"265d07935384ae5a97becaa7d256a56e31213473","messageTitle":"Update AboutUs.md","messageBody":"","fileTypesAndContributionMap":{"docs":{"insertions":1,"deletions":1}}},{"hash":"04b57b1a7aaf518ebb97d4caba2fa7e37544891b","messageTitle":"Update AboutUs.md","messageBody":"","fileTypesAndContributionMap":{"docs":{"insertions":2,"deletions":2}}}]},{"date":"2022-03-09","commitResults":[{"hash":"4e60db67176f9cebb4c25aed850d221d53eaf2cd","messageTitle":"Added add command","messageBody":"","fileTypesAndContributionMap":{"functional-code":{"insertions":147,"deletions":14}}},{"hash":"296d37f8f5a4101d4a5f6ee6f58080e44171ede8","messageTitle":"Fix buildcheck errors","messageBody":"","fileTypesAndContributionMap":{"functional-code":{"insertions":5,"deletions":4}}},{"hash":"43693631d2910d3b489b9029d9f2ba2cf3769928","messageTitle":"Update Functions.java","messageBody":"","fileTypesAndContributionMap":{"functional-code":{"insertions":5,"deletions":6}}}]},{"date":"2022-03-10","commitResults":[{"hash":"d89fb7de0c01f85991d4b253f821e46b2d95a900","messageTitle":"Added JUnit tests for Add Command","messageBody":"","fileTypesAndContributionMap":{"functional-code":{"insertions":23,"deletions":18},"test-code":{"insertions":38,"deletions":0}}},{"hash":"1dd8ebfde52ebfebf799e80c989212827f89f372","messageTitle":"Added JUnit tests for Add Command","messageBody":"","fileTypesAndContributionMap":{"test-code":{"insertions":4,"deletions":4}}},{"hash":"c618cb9113d3314f62b6728883c14585d73185dc","messageTitle":"Added newline in AddCommandTest.java","messageBody":"","fileTypesAndContributionMap":{"test-code":{"insertions":1,"deletions":2}}}]},{"date":"2022-03-11","commitResults":[{"hash":"75747479475c5c106ba071e206d7b4a97c19dbe5","messageTitle":"Updated AddCommandTest","messageBody":"","fileTypesAndContributionMap":{"other":{"insertions":1,"deletions":0},"test-code":{"insertions":41,"deletions":11}}},{"hash":"78d8b8c35def208c2748eeeb154a2130613e859e","messageTitle":"Updated AddCommandTest","messageBody":"","fileTypesAndContributionMap":{"test-code":{"insertions":2,"deletions":2}}},{"hash":"448c88cbc5177311e533d00a15d2e636fd55c6d5","messageTitle":"Update build.gradle","messageBody":"","fileTypesAndContributionMap":{"other":{"insertions":0,"deletions":1}}},{"hash":"0021659bf186a4055cfafafebf0fb727ab423151","messageTitle":"Fixes to AddCommandTetst","messageBody":"","fileTypesAndContributionMap":{"test-code":{"insertions":6,"deletions":0}}}]},{"date":"2022-03-16","commitResults":[{"hash":"c683389e45b19835b80e396804929a1fe4c5f5a0","messageTitle":"Added categories for addcommand","messageBody":"","fileTypesAndContributionMap":{"functional-code":{"insertions":68,"deletions":15},"test-code":{"insertions":2,"deletions":2}}},{"hash":"e347fab8d74857ba9667978e85f2d99fc0c07397","messageTitle":"Added assertions to AddCommand","messageBody":"","fileTypesAndContributionMap":{"functional-code":{"insertions":8,"deletions":5}}},{"hash":"83a007822006fce900c76b8a807c363db22b25da","messageTitle":"Added assertions to AddCommand","messageBody":"","fileTypesAndContributionMap":{"functional-code":{"insertions":3,"deletions":4}}},{"hash":"ea29aade543938c5fdadf50d22e3f7c489f723d9","messageTitle":"Added assertions to AddCommand","messageBody":"","fileTypesAndContributionMap":{"test-code":{"insertions":6,"deletions":3}}}]},{"date":"2022-03-20","commitResults":[{"hash":"a0c3beea2b1e069812d0b2eff40ec7ab6598c990","messageTitle":"editted delete cmd test","messageBody":"","fileTypesAndContributionMap":{"test-code":{"insertions":1,"deletions":1}}}]},{"date":"2022-03-21","commitResults":[{"hash":"1b81d44367847c025a78fe5e85e9adf0a6901a23","messageTitle":"Added more fields to Add command","messageBody":"","fileTypesAndContributionMap":{"functional-code":{"insertions":378,"deletions":72},"test-code":{"insertions":4,"deletions":4}}},{"hash":"c9a509b7e6fec563fbe682a29ea8bce7660ff733","messageTitle":"Added JavaDocs for Add Command and Calculate Command","messageBody":"","fileTypesAndContributionMap":{"functional-code":{"insertions":87,"deletions":8}}},{"hash":"24272041d68cb287ab3ea231cdb0db59df5b7a0a","messageTitle":"Added CreditCard class","messageBody":"","fileTypesAndContributionMap":{"functional-code":{"insertions":170,"deletions":19},"test-code":{"insertions":29,"deletions":20}}},{"hash":"0db7d1b4b53b7e0a8e400397e2f7795aa9771302","messageTitle":"Editted test cases to fit new add command","messageBody":"","fileTypesAndContributionMap":{"functional-code":{"insertions":3,"deletions":3},"test-code":{"insertions":27,"deletions":17}}},{"hash":"19bdcc49f73fd0e37c8f330fef0ed763def38a27","messageTitle":"Editted help command to reflect new add command","messageBody":"","fileTypesAndContributionMap":{"functional-code":{"insertions":3,"deletions":2},"test-code":{"insertions":3,"deletions":2}}},{"hash":"099e7fd04a21b87eb49d6960bc4a0d2406eb0d34","messageTitle":"Fixed gradle check errors","messageBody":"","fileTypesAndContributionMap":{"functional-code":{"insertions":29,"deletions":29}}},{"hash":"493e724bef3f73bddf0f93ca1556d161534270a5","messageTitle":"Fixed gradle check errors","messageBody":"","fileTypesAndContributionMap":{"functional-code":{"insertions":1,"deletions":1}}},{"hash":"301da2f14c718f3316464afec262aca3a2fc905e","messageTitle":"Fixed indentations","messageBody":"","fileTypesAndContributionMap":{"test-code":{"insertions":12,"deletions":12}}},{"hash":"65c57b35b8ec4456c1c58b10f88d2f3131285a71","messageTitle":"Fixed indentations part 2","messageBody":"","fileTypesAndContributionMap":{"test-code":{"insertions":3,"deletions":1}}},{"hash":"026876ffd376f36723f6bbe3cc256e76a7488e8e","messageTitle":"Fixed indentations part 2","messageBody":"","fileTypesAndContributionMap":{"test-code":{"insertions":4,"deletions":3}}}]},{"date":"2022-03-23","commitResults":[{"hash":"1c21d6d45647de09943810dfd46506de86e6b804","messageTitle":"Fixed errors suggested by glendon","messageBody":"","fileTypesAndContributionMap":{"functional-code":{"insertions":42,"deletions":28},"docs":{"insertions":85,"deletions":1}}},{"hash":"3a28b293bd6dcb63a61e5ead17dd93f88ce62ae6","messageTitle":"Added fullstop","messageBody":"","fileTypesAndContributionMap":{"functional-code":{"insertions":1,"deletions":1}}},{"hash":"df80a73c857863234c9096209a4599396170d63a","messageTitle":"Update docs/DeveloperGuide.md","messageBody":"Co-authored-by: khseah \u003c69412944+khseah@users.noreply.github.com\u003e","fileTypesAndContributionMap":{"docs":{"insertions":2,"deletions":2}}},{"hash":"2b99f7ccc43d312e319650dd0258f9f9c187d592","messageTitle":"Update src/main/java/seedu/mindmymoney/Parser.java","messageBody":"Co-authored-by: khseah \u003c69412944+khseah@users.noreply.github.com\u003e","fileTypesAndContributionMap":{"functional-code":{"insertions":1,"deletions":1}}},{"hash":"69f499c3bab85b46da88b1569c144a711d44fbb8","messageTitle":"Fixes based on KH recommendation","messageBody":"","fileTypesAndContributionMap":{"functional-code":{"insertions":111,"deletions":31}}},{"hash":"31440284a3462dd6d4ba70270455ea2146436d63","messageTitle":"Fixes to worship Gradle God","messageBody":"","fileTypesAndContributionMap":{"functional-code":{"insertions":5,"deletions":1}}},{"hash":"47ec47d956de0922dfedac7f97a7355dc4e1770d","messageTitle":"Fixes to worship Gradle Goddess","messageBody":"","fileTypesAndContributionMap":{"functional-code":{"insertions":0,"deletions":5}}},{"hash":"696c97dba4c3678bbb7231bc6bd7dfb5958f37ac","messageTitle":"Refactorings","messageBody":"","fileTypesAndContributionMap":{"functional-code":{"insertions":36,"deletions":41},"other":{"insertions":2,"deletions":2}}}]},{"date":"2022-03-24","commitResults":[{"hash":"2e016a49734a57388bbc682fe20169b783674521","messageTitle":"Editted based on Dans comments","messageBody":"","fileTypesAndContributionMap":{"docs":{"insertions":8,"deletions":8}}}]},{"date":"2022-03-27","commitResults":[{"hash":"51dfa41bf60a61db1875764181750183adcb205e","messageTitle":"Editted UserGuide","messageBody":"","fileTypesAndContributionMap":{"functional-code":{"insertions":36,"deletions":15},"other":{"insertions":1,"deletions":1},"docs":{"insertions":129,"deletions":48}}},{"hash":"a0069daff3ee9b204950ec28a54206d75bba304c","messageTitle":"Added JUnit test for AddCommand","messageBody":"","fileTypesAndContributionMap":{"docs":{"insertions":11,"deletions":9},"test-code":{"insertions":128,"deletions":8}}},{"hash":"a7d4e2ec13c6e222193e0d0ee86d68c0d3c5bff9","messageTitle":"Added JUnit test for CalculateInputCommand","messageBody":"","fileTypesAndContributionMap":{"functional-code":{"insertions":45,"deletions":27},"test-code":{"insertions":194,"deletions":0}}},{"hash":"c1e0074c1a07be514bf75985f3d76e2d06a4d1bf","messageTitle":"Edit UG","messageBody":"","fileTypesAndContributionMap":{"docs":{"insertions":2,"deletions":2}}},{"hash":"368d0cb3287df55160186b188d51268f149e24b8","messageTitle":"Added jcenter in build.gradle","messageBody":"","fileTypesAndContributionMap":{"other":{"insertions":1,"deletions":0}}},{"hash":"f8a16ac7963c10cef00b7ea7da894e280fa3bcda","messageTitle":"Removed jcenter in build.gradle","messageBody":"","fileTypesAndContributionMap":{"other":{"insertions":0,"deletions":1}}},{"hash":"59e86ad026cf33b8236f5a56f76c7e9815f8633a","messageTitle":"typo","messageBody":"","fileTypesAndContributionMap":{"docs":{"insertions":1,"deletions":1}}},{"hash":"56d8cab82fcabfb989a9ba8fb062e616c39482e9","messageTitle":"Fixes to gradle errors","messageBody":"","fileTypesAndContributionMap":{"functional-code":{"insertions":12,"deletions":7},"other":{"insertions":1,"deletions":1}}},{"hash":"d5456173333b94e838a1c8e489e60c5ca94efc32","messageTitle":"Update merge error","messageBody":"","fileTypesAndContributionMap":{"functional-code":{"insertions":1,"deletions":1}}},{"hash":"bdf9833c41b2f25e150eb633d22d942c4b4b37c9","messageTitle":"Update AddCommand.java","messageBody":"","fileTypesAndContributionMap":{"functional-code":{"insertions":0,"deletions":1}}},{"hash":"a3c19e4bfa21be2dbf57b0a19625d6b950e05e0d","messageTitle":"Fixed merge errors","messageBody":"","fileTypesAndContributionMap":{"functional-code":{"insertions":1,"deletions":1},"docs":{"insertions":3,"deletions":1},"test-code":{"insertions":48,"deletions":44}}}]},{"date":"2022-03-30","commitResults":[{"hash":"33f8c8befe2f01c04e317ca20ef99c1d55de066c","messageTitle":"Added intro for DG","messageBody":"","fileTypesAndContributionMap":{"docs":{"insertions":45,"deletions":4}}},{"hash":"51baf752ef1f8a93ef7d49015dbf6f172292efd2","messageTitle":"Added legend for UGDG","messageBody":"","fileTypesAndContributionMap":{"docs":{"insertions":41,"deletions":18}}},{"hash":"4520b85ee244a81782eb2b30decf06d4b799680a","messageTitle":"Adding add command stuff","messageBody":"","fileTypesAndContributionMap":{"docs":{"insertions":89,"deletions":19}}},{"hash":"208ede5cfa2946de41cde054b4a0e9f3205ab35c","messageTitle":"Caps MMM","messageBody":"","fileTypesAndContributionMap":{"docs":{"insertions":33,"deletions":24}}},{"hash":"44723e4720fb2e16abfa7359fcdce1d5ed559f9c","messageTitle":"Added addCreditCard() to DG","messageBody":"","fileTypesAndContributionMap":{"functional-code":{"insertions":1,"deletions":1},"docs":{"insertions":76,"deletions":10}}},{"hash":"c15c5d6312c33b998cfa6f77f1ba40fa6c37e022","messageTitle":"Fixes to DG","messageBody":"","fileTypesAndContributionMap":{"docs":{"insertions":5,"deletions":8}}},{"hash":"3e432712b87a484ca921479961a02383ec496809","messageTitle":"Added Fig 1 blah blah stuff","messageBody":"","fileTypesAndContributionMap":{"docs":{"insertions":22,"deletions":14}}},{"hash":"eba11ae44db02819dae31c26668a73ee931b5a35","messageTitle":"Update src/main/java/seedu/mindmymoney/command/HelpCommand.java","messageBody":"","fileTypesAndContributionMap":{"functional-code":{"insertions":0,"deletions":1}}},{"hash":"aec8da0841d6d203f57c0aabf1d0ebd74f73d95e","messageTitle":"Update HelpCommand.java","messageBody":"fixed my wrong commit","fileTypesAndContributionMap":{"functional-code":{"insertions":1,"deletions":1}}},{"hash":"66bd5a700894b44797f3d04af0e27980f2a23ac9","messageTitle":"Added edits","messageBody":"","fileTypesAndContributionMap":{"docs":{"insertions":61,"deletions":54}}},{"hash":"e7bf33b3c233e1b937277a552847d0f364905465","messageTitle":"Added bottom part of DG","messageBody":"","fileTypesAndContributionMap":{"docs":{"insertions":20,"deletions":10}}}]},{"date":"2022-03-31","commitResults":[{"hash":"9c3d54b448a8effd80518d254db72d6455adae7b","messageTitle":"Editted Content PAge","messageBody":"","fileTypesAndContributionMap":{"docs":{"insertions":34,"deletions":34}}}]},{"date":"2022-04-02","commitResults":[{"hash":"05494d5597a84aea3815921fbd29fea237b31062","messageTitle":"Fix code review - Sean","messageBody":"","fileTypesAndContributionMap":{"functional-code":{"insertions":42,"deletions":41}}},{"hash":"f2b8295f070a3eaf8611255a070babf51d6ea508","messageTitle":"Sean-modified UG Style","messageBody":"","fileTypesAndContributionMap":{"docs":{"insertions":46,"deletions":11}}},{"hash":"e74284b6c2f4970ad9f0b96a1d7aa49c91dc41f2","messageTitle":"Fixes UG","messageBody":"","fileTypesAndContributionMap":{"docs":{"insertions":15,"deletions":5}}},{"hash":"c7d87124be1495a98d4b989836f4d1a3b977220e","messageTitle":"Fixes UG2","messageBody":"","fileTypesAndContributionMap":{"docs":{"insertions":1,"deletions":0}}},{"hash":"92f111639d1ef65bfdbfbe032e64526ff6460aba","messageTitle":"Fixes UG3","messageBody":"","fileTypesAndContributionMap":{"docs":{"insertions":1,"deletions":1}}},{"hash":"1fb9007d0569ebd6c909a34f754fe6807c7dd7d5","messageTitle":"Fixes UG4","messageBody":"","fileTypesAndContributionMap":{"docs":{"insertions":6,"deletions":6}}},{"hash":"b124bb76c26a10d73c76a442d3fb56780b8bede7","messageTitle":"Fixes UG5","messageBody":"","fileTypesAndContributionMap":{"docs":{"insertions":62,"deletions":14}}},{"hash":"f1b83591e1561c7cf96b3408d59b3f09c4af406e","messageTitle":"Fixes UG6-till update cc","messageBody":"","fileTypesAndContributionMap":{"docs":{"insertions":107,"deletions":36}}},{"hash":"fe382fee9c069407562f5c535047834e6766a7ce","messageTitle":"Update src/test/java/seedu/mindmymoney/command/UpdateCommandTest.java","messageBody":"Co-authored-by: khseah \u003c69412944+khseah@users.noreply.github.com\u003e","fileTypesAndContributionMap":{"test-code":{"insertions":1,"deletions":1}}},{"hash":"5ff106239b72c4d3bc64c4801bb246cbfa20513e","messageTitle":"Update src/test/java/seedu/mindmymoney/command/UpdateCommandTest.java","messageBody":"Co-authored-by: khseah \u003c69412944+khseah@users.noreply.github.com\u003e","fileTypesAndContributionMap":{"test-code":{"insertions":0,"deletions":1}}},{"hash":"74987521ce0cffcc9f56360083bc872b258800d2","messageTitle":"Update src/test/java/seedu/mindmymoney/command/UpdateCommandTest.java","messageBody":"Co-authored-by: khseah \u003c69412944+khseah@users.noreply.github.com\u003e","fileTypesAndContributionMap":{"test-code":{"insertions":1,"deletions":1}}},{"hash":"db53ad9babf21bf4e0c14549bd8aee072220d19c","messageTitle":"Update src/test/java/seedu/mindmymoney/command/UpdateCommandTest.java","messageBody":"Co-authored-by: khseah \u003c69412944+khseah@users.noreply.github.com\u003e","fileTypesAndContributionMap":{"test-code":{"insertions":1,"deletions":1}}},{"hash":"5eaddede9dc54403f0c31932fe270675637005a3","messageTitle":"Update src/test/java/seedu/mindmymoney/command/UpdateCommandTest.java","messageBody":"Co-authored-by: khseah \u003c69412944+khseah@users.noreply.github.com\u003e","fileTypesAndContributionMap":{"test-code":{"insertions":1,"deletions":1}}},{"hash":"4c50c2b19089e41d7ac99363e21a7af2623438e0","messageTitle":"Update src/test/java/seedu/mindmymoney/command/UpdateCommandTest.java","messageBody":"Co-authored-by: khseah \u003c69412944+khseah@users.noreply.github.com\u003e","fileTypesAndContributionMap":{"test-code":{"insertions":1,"deletions":1}}},{"hash":"31d9d51ebeb6af9bcbb29d6bf59e15fa43032848","messageTitle":"Update src/test/java/seedu/mindmymoney/command/UpdateCommandTest.java","messageBody":"Co-authored-by: khseah \u003c69412944+khseah@users.noreply.github.com\u003e","fileTypesAndContributionMap":{"test-code":{"insertions":1,"deletions":1}}},{"hash":"e61935f54365de1bad087b2664c62ffa62e29f0d","messageTitle":"Update src/test/java/seedu/mindmymoney/command/UpdateCommandTest.java","messageBody":"Co-authored-by: khseah \u003c69412944+khseah@users.noreply.github.com\u003e","fileTypesAndContributionMap":{"test-code":{"insertions":1,"deletions":1}}}]},{"date":"2022-04-03","commitResults":[{"hash":"e4df4d421d6d5f38ccc250d6aa0d39fbfdb89a4b","messageTitle":"Fixes UG7-Updated UG formatting","messageBody":"","fileTypesAndContributionMap":{"docs":{"insertions":284,"deletions":144}}},{"hash":"656fd0aacf14c41fd615691c0d5ef6c650f08820","messageTitle":"Fixes income empty list output","messageBody":"","fileTypesAndContributionMap":{"functional-code":{"insertions":1,"deletions":1}}},{"hash":"551cc6ffe25f8810850015251ce99bc3ee69a5df","messageTitle":"Fixes list /e command","messageBody":"","fileTypesAndContributionMap":{"functional-code":{"insertions":1,"deletions":1}}},{"hash":"5e496e8e4a3d1b7c0fec59da9fea3b29145e124a","messageTitle":"Fixes UG8-Updated spacing","messageBody":"","fileTypesAndContributionMap":{"docs":{"insertions":14,"deletions":14}}},{"hash":"bf1bb0b1583d3507922b96e2a8a4bfc9a25e1b6e","messageTitle":"Fixes #123","messageBody":"","fileTypesAndContributionMap":{"functional-code":{"insertions":4,"deletions":4},"docs":{"insertions":6,"deletions":2}}},{"hash":"8bce2b846bb3a1ae956a9a61d666bb9f179e0bc8","messageTitle":"Fixed lines","messageBody":"","fileTypesAndContributionMap":{"functional-code":{"insertions":5,"deletions":8}}},{"hash":"d1a364f6d112c40081732514aa5cfd405d3d91e0","messageTitle":"Fixed lines","messageBody":"","fileTypesAndContributionMap":{"docs":{"insertions":0,"deletions":6}}},{"hash":"c220f837d50c35a5a4c31a89e567b7dc04ef801e","messageTitle":"DG1","messageBody":"","fileTypesAndContributionMap":{"docs":{"insertions":25,"deletions":25}}}]},{"date":"2022-04-05","commitResults":[{"hash":"cac65ff6202ed1c4e5bc38bc622e64f06485ee1f","messageTitle":"Halfway DG, and float now is 2dp","messageBody":"","fileTypesAndContributionMap":{"functional-code":{"insertions":3,"deletions":3},"docs":{"insertions":21,"deletions":7}}},{"hash":"c7b313995588bce7309f9d1b6d10a0fa2ba7e838","messageTitle":"Update AddCommand.java","messageBody":"","fileTypesAndContributionMap":{"functional-code":{"insertions":1,"deletions":1}}},{"hash":"13d89a4f91d6308ce5fed7af2e1050c56c068705","messageTitle":"Update ListCommand.java","messageBody":"","fileTypesAndContributionMap":{"functional-code":{"insertions":3,"deletions":3}}},{"hash":"2a68d5bc5c5262fa94e6f18e9acd954f8996bca2","messageTitle":"fixed listcmdtest","messageBody":"","fileTypesAndContributionMap":{"test-code":{"insertions":14,"deletions":14}}},{"hash":"6789e420b02b0eb01222013445d17a013286dfdc","messageTitle":"add,calc,bye tests","messageBody":"","fileTypesAndContributionMap":{"functional-code":{"insertions":1,"deletions":1},"test-code":{"insertions":192,"deletions":32}}},{"hash":"dc6727c3a93624552550c847e6f75baa87c717cd","messageTitle":"add,calc,bye tests","messageBody":"","fileTypesAndContributionMap":{"test-code":{"insertions":23,"deletions":12}}},{"hash":"dee7e2fbba11b5c2aadc036dde9256f843979278","messageTitle":"add,calc,bye tests","messageBody":"","fileTypesAndContributionMap":{"test-code":{"insertions":2,"deletions":8}}}]},{"date":"2022-04-06","commitResults":[{"hash":"754f1592b9c320041e04bdb58c558fecb60ea2ee","messageTitle":"parser tests","messageBody":"","fileTypesAndContributionMap":{"functional-code":{"insertions":1,"deletions":1},"test-code":{"insertions":73,"deletions":1}}},{"hash":"943f06e507357b0e01c700fe9ab5176c455401bb","messageTitle":"parser tests fixes","messageBody":"","fileTypesAndContributionMap":{"functional-code":{"insertions":1,"deletions":1},"test-code":{"insertions":18,"deletions":13}}},{"hash":"1358b4d5e1a815ac7c211ccae85c7252c28f1db4","messageTitle":"Update AddCommandTest.java","messageBody":"","fileTypesAndContributionMap":{"test-code":{"insertions":0,"deletions":19}}},{"hash":"e485aa48533219e88e9856b77257abca07727300","messageTitle":"GenFunc tests","messageBody":"","fileTypesAndContributionMap":{"functional-code":{"insertions":26,"deletions":36},"test-code":{"insertions":113,"deletions":0}}},{"hash":"48b4bf49a0dc35b464eeee9bcefb260c9774f4ac","messageTitle":"GenFunc tests","messageBody":"","fileTypesAndContributionMap":{"functional-code":{"insertions":1,"deletions":1},"test-code":{"insertions":2,"deletions":1}}},{"hash":"2d7aa7256b175424e78f768309a83bed9f3976b1","messageTitle":"GenFunc tests fixes","messageBody":"","fileTypesAndContributionMap":{"functional-code":{"insertions":3,"deletions":0}}},{"hash":"fd5d40f430933e8e67ad124260370ddee726ee36","messageTitle":"help tests","messageBody":"","fileTypesAndContributionMap":{"test-code":{"insertions":105,"deletions":3}}},{"hash":"cb6df1689b98cc7a4ff2db8db59b80d598c94aa7","messageTitle":"listcmd tests","messageBody":"","fileTypesAndContributionMap":{"test-code":{"insertions":147,"deletions":9}}},{"hash":"76320c9c842c5a0f6cc59356bcc41a6a54690ff8","messageTitle":"listcmd tests fixes","messageBody":"","fileTypesAndContributionMap":{"test-code":{"insertions":15,"deletions":15}}},{"hash":"902a063311ba4f497d68c24c182cd0357eeb9cc6","messageTitle":"help test fix","messageBody":"","fileTypesAndContributionMap":{"test-code":{"insertions":5,"deletions":5}}}]},{"date":"2022-04-07","commitResults":[{"hash":"611e7528e9270904009638169362ab5bada967b2","messageTitle":"del cmd","messageBody":"","fileTypesAndContributionMap":{"test-code":{"insertions":91,"deletions":9}}},{"hash":"7eed2d4beb4a405b9cb892b4302f339eea6fbdc4","messageTitle":"update cmd","messageBody":"","fileTypesAndContributionMap":{"functional-code":{"insertions":2,"deletions":2},"test-code":{"insertions":151,"deletions":21}}}]},{"date":"2022-04-08","commitResults":[{"hash":"6644c479955ccf75d9298cd51bd277221488f350","messageTitle":"Sean-PPP","messageBody":"","fileTypesAndContributionMap":{"functional-code":{"insertions":0,"deletions":27},"docs":{"insertions":112,"deletions":2}}},{"hash":"22c58762e255b34ffd0a3a39dbbf856715a5cf86","messageTitle":"Sean-PPP fixes","messageBody":"","fileTypesAndContributionMap":{"docs":{"insertions":21,"deletions":8}}},{"hash":"77ac1e0b7370d88d37e58d853d4e3e8202a23690","messageTitle":"Sean-PPP fixes","messageBody":"","fileTypesAndContributionMap":{"docs":{"insertions":40,"deletions":30}}},{"hash":"72464389c437f8e4c7ccf62bcd5cad8129082538","messageTitle":"Sean-PPP pic changes","messageBody":"","fileTypesAndContributionMap":{"docs":{"insertions":18,"deletions":29}}}]},{"date":"2022-04-09","commitResults":[{"hash":"62f1f78c5cbd5ad192b2a25cd828b36bcc5c2d48","messageTitle":"DG edits","messageBody":"","fileTypesAndContributionMap":{"functional-code":{"insertions":40,"deletions":30},"docs":{"insertions":87,"deletions":72}}},{"hash":"f25c6a9f3556588ee9bcb3e63caf32f5b5d6fed8","messageTitle":"DG edits","messageBody":"","fileTypesAndContributionMap":{"docs":{"insertions":20,"deletions":5}}},{"hash":"ebe295bc98d848ca3f84732704acd969ae98fb35","messageTitle":"formatted the print to screens to 2dp","messageBody":"","fileTypesAndContributionMap":{"functional-code":{"insertions":4,"deletions":4}}},{"hash":"9d2c1df379eae60e8da616d615dd7889f91a98dc","messageTitle":"fixes","messageBody":"","fileTypesAndContributionMap":{"functional-code":{"insertions":5,"deletions":5}}},{"hash":"3aefe4ffb38f9f0a9c5bf734fb0ec20ef5118f3d","messageTitle":"fixes pt 2","messageBody":"","fileTypesAndContributionMap":{"functional-code":{"insertions":4,"deletions":4},"test-code":{"insertions":3,"deletions":3}}}]},{"date":"2022-04-10","commitResults":[{"hash":"769f92735a9eddc9f52f9caebc0085a10ad47f37","messageTitle":"refactor checks to addcommandinputttest","messageBody":"","fileTypesAndContributionMap":{"functional-code":{"insertions":31,"deletions":24}}},{"hash":"664286861a7c04bad4809c21a9d77c83d2c159fe","messageTitle":"refactor checks to addcommandinputttest remove ugly files","messageBody":"","fileTypesAndContributionMap":{"docs":{"insertions":0,"deletions":1}}},{"hash":"0fc39c35a670e3f42ef0a1e6ebb07a8a6ae65766","messageTitle":"fixes","messageBody":"","fileTypesAndContributionMap":{"functional-code":{"insertions":8,"deletions":8}}},{"hash":"9af67a22ab94e6c4d284757023f3ba4ef6f1d682","messageTitle":"fixes","messageBody":"","fileTypesAndContributionMap":{"functional-code":{"insertions":1,"deletions":1}}}]},{"date":"2022-04-11","commitResults":[{"hash":"97ec7924f6851ade56f7203f291d1285401ae006","messageTitle":"check if cc name in list","messageBody":"","fileTypesAndContributionMap":{"functional-code":{"insertions":17,"deletions":6},"test-code":{"insertions":9,"deletions":4}}},{"hash":"b3d5a08fccba9d77a8aa434513e2555b59ef8c03","messageTitle":"check if cc name in list","messageBody":"","fileTypesAndContributionMap":{"functional-code":{"insertions":2,"deletions":2}}},{"hash":"d34c966e74cc4ebee5650b8c7ed677c77cdfbaa3","messageTitle":"Update AddCommandInputTests.java","messageBody":"","fileTypesAndContributionMap":{"functional-code":{"insertions":1,"deletions":1}}},{"hash":"6a87524852a7470150b2ef384e0c389927a9f6b4","messageTitle":"fixed credit card limit bugs","messageBody":"","fileTypesAndContributionMap":{"functional-code":{"insertions":12,"deletions":5}}},{"hash":"9c66d12e2be9c6259a083eb76fd0e5adfc795852","messageTitle":"fixed credit card limit UG","messageBody":"","fileTypesAndContributionMap":{"functional-code":{"insertions":3,"deletions":3},"docs":{"insertions":2,"deletions":0}}},{"hash":"a6135a7af959eec642e8de8935bd3af383055cb8","messageTitle":"fixed credit card limit UG","messageBody":"","fileTypesAndContributionMap":{"functional-code":{"insertions":1,"deletions":1}}},{"hash":"1c2aae1f73feeaaf46377015d5ef1fb1b1ea3a8a","messageTitle":"ppp rename","messageBody":"","fileTypesAndContributionMap":{"docs":{"insertions":1,"deletions":1}}},{"hash":"02f541b6fadffb74f33d0bced404f559cde96e29","messageTitle":"fixes to trailing whitespaces","messageBody":"","fileTypesAndContributionMap":{"functional-code":{"insertions":47,"deletions":50}}},{"hash":"eabe2127414828785e56280d0fd9e5b622585ce4","messageTitle":"fixed cashback too many dp","messageBody":"","fileTypesAndContributionMap":{"functional-code":{"insertions":10,"deletions":11},"docs":{"insertions":5,"deletions":4}}},{"hash":"77bdb76e618313f1244ecfdae654632b8e38e712","messageTitle":"fixed cashback too many dp fixes","messageBody":"","fileTypesAndContributionMap":{"functional-code":{"insertions":5,"deletions":5}}},{"hash":"42b663dd32c21ed75ded6f33ae27251e92f68a63","messageTitle":"Update docs/DeveloperGuide.md","messageBody":"Co-authored-by: limjierui \u003c69380595+limjierui@users.noreply.github.com\u003e","fileTypesAndContributionMap":{"docs":{"insertions":1,"deletions":1}}},{"hash":"56f9d2a9b2004c4dc42655ad653266cf396ce802","messageTitle":"format fixes","messageBody":"","fileTypesAndContributionMap":{"functional-code":{"insertions":2,"deletions":1}}},{"hash":"058e9000dc71827dcf60ff81adee9c2611b4e13c","messageTitle":"shorten PPP Sean","messageBody":"","fileTypesAndContributionMap":{"docs":{"insertions":16,"deletions":36}}},{"hash":"ab37db7a55f87e74f698e0634fa7ef8185db8cf0","messageTitle":"shorten PPP Sean furhter","messageBody":"","fileTypesAndContributionMap":{"docs":{"insertions":4,"deletions":11}}},{"hash":"2f28022d74edf3e3c6b6550232c006b51d17df17","messageTitle":"shorten PPP Sean furhterer","messageBody":"","fileTypesAndContributionMap":{"docs":{"insertions":8,"deletions":4}}},{"hash":"6e8b2acd85ced2f908ec28808cec18e7aaf3a102","messageTitle":"shorten PPP Sean furhterer","messageBody":"","fileTypesAndContributionMap":{"docs":{"insertions":2,"deletions":2}}},{"hash":"e13ffca1b11a12e2fd3b35153a86eaf94377be9a","messageTitle":"coming soon feature","messageBody":"","fileTypesAndContributionMap":{"docs":{"insertions":7,"deletions":0}}},{"hash":"fb0f99c6064e7b742c77e36aefb98dd95b724746","messageTitle":"changed app to application","messageBody":"","fileTypesAndContributionMap":{"docs":{"insertions":19,"deletions":17}}},{"hash":"aa783eb764c98dd1f745e2e61f233a8dba89eea0","messageTitle":"intro to Commands","messageBody":"","fileTypesAndContributionMap":{"docs":{"insertions":133,"deletions":65}}},{"hash":"6b7035ade7a28c20161bb2040d2757343ae6ae76","messageTitle":"more formatting","messageBody":"","fileTypesAndContributionMap":{"docs":{"insertions":54,"deletions":69}}},{"hash":"ada588e0647e85b2207f2f469efef2ccab67bbda","messageTitle":"more formatting of content page","messageBody":"","fileTypesAndContributionMap":{"docs":{"insertions":1,"deletions":0}}},{"hash":"d3eec6f425eb34e2de08bc26d3e3bd16f9c79678","messageTitle":"KH ask me to superscript","messageBody":"","fileTypesAndContributionMap":{"docs":{"insertions":3,"deletions":3}}},{"hash":"02525c339842ea1336952322d4d0bea1a6fe1734","messageTitle":"cont page intro to commands","messageBody":"","fileTypesAndContributionMap":{"docs":{"insertions":1,"deletions":0}}},{"hash":"b38f8c1774bec32e70f681983ab3cca170efe814","messageTitle":"null input credit card fix","messageBody":"","fileTypesAndContributionMap":{"functional-code":{"insertions":6,"deletions":1}}},{"hash":"d723b5eefcfee7e69576e06e6ad21570ffa19dc4","messageTitle":"Update docs/UserGuide.md","messageBody":"Co-authored-by: khseah \u003c69412944+khseah@users.noreply.github.com\u003e","fileTypesAndContributionMap":{"docs":{"insertions":1,"deletions":1}}},{"hash":"3768b3531106c319c4f4211bde28323822cb8272","messageTitle":"null input credit card fix fixes","messageBody":"","fileTypesAndContributionMap":{"functional-code":{"insertions":1,"deletions":1}}}]}],"khseah":[{"date":"2022-03-03","commitResults":[{"hash":"98f9dbd976618989b75f7ef758f5df8c137becbc","messageTitle":"Update README","messageBody":"","fileTypesAndContributionMap":{"docs":{"insertions":7,"deletions":7}}}]},{"date":"2022-03-09","commitResults":[{"hash":"f29cc0a9a4374055ed06d8027ca12fa0905bb849","messageTitle":"Format table for better readability","messageBody":"","fileTypesAndContributionMap":{"docs":{"insertions":7,"deletions":7}}},{"hash":"e8e22d3629f143f8dec72427180fe002f260de10","messageTitle":"Rename mainClassName to MindMyMoney","messageBody":"","fileTypesAndContributionMap":{"functional-code":{"insertions":0,"deletions":21},"other":{"insertions":1,"deletions":1},"test-code":{"insertions":0,"deletions":12}}},{"hash":"13ce0d600658da3166e3fccff70b892b23621a51","messageTitle":"Rename test class to MindMyMoney","messageBody":"","fileTypesAndContributionMap":{"test-code":{"insertions":12,"deletions":0}}},{"hash":"95299ec85603ab58022b3985d7683d53843a5683","messageTitle":"Add Help command","messageBody":"","fileTypesAndContributionMap":{"functional-code":{"insertions":47,"deletions":0}}},{"hash":"939fa72a6a714fb52a33671317c44f1c722a75a4","messageTitle":"Add Ui class","messageBody":"","fileTypesAndContributionMap":{"functional-code":{"insertions":43,"deletions":0}}},{"hash":"a73a0785a5d07e886a61804116288d174564c4d0","messageTitle":"Add Parser class","messageBody":"","fileTypesAndContributionMap":{"functional-code":{"insertions":48,"deletions":0}}},{"hash":"d41a360da269895e73af1dcfff51a7aff426e767","messageTitle":"Update main class","messageBody":"","fileTypesAndContributionMap":{"functional-code":{"insertions":30,"deletions":0}}},{"hash":"4755f03aa1f0faf7f1423f5604c173493e99965f","messageTitle":"Refactor code to follow guidelines","messageBody":"","fileTypesAndContributionMap":{"functional-code":{"insertions":1,"deletions":1}}}]},{"date":"2022-03-11","commitResults":[{"hash":"fe03131a8012946c8161e0fcb1c49acdb638073e","messageTitle":"Refactor code to make improve readability","messageBody":"Instead of importing Indexes, import the Indexes.constant directly. Then we don\u0027t have to always add \"Indexes.\" infront.\n","fileTypesAndContributionMap":{"functional-code":{"insertions":19,"deletions":16},"test-code":{"insertions":3,"deletions":4}}},{"hash":"51c83c30aff21079717d713b5981c6e6e0165a03","messageTitle":"Add JUnit test for Help command","messageBody":"","fileTypesAndContributionMap":{"test-code":{"insertions":57,"deletions":0}}},{"hash":"04625083d1286b50609ed4ac1f8c27a4738d3b9f","messageTitle":"Add whitespace to follow coding standards","messageBody":"","fileTypesAndContributionMap":{"test-code":{"insertions":1,"deletions":1}}},{"hash":"2769a120d4b0d7bfb5e526071724e4f76d0dfe66","messageTitle":"Refactor code to comply with coding standards","messageBody":"","fileTypesAndContributionMap":{"functional-code":{"insertions":4,"deletions":1}}}]},{"date":"2022-03-16","commitResults":[{"hash":"7c9f836eadafe4fe2944691e258ed6a669df7697","messageTitle":"Add assertion to Parser class","messageBody":"","fileTypesAndContributionMap":{"functional-code":{"insertions":2,"deletions":0}}},{"hash":"04dfdf65bc8191da09867adb68f98b5cd78bafd0","messageTitle":"Add tips at startup","messageBody":"","fileTypesAndContributionMap":{"functional-code":{"insertions":58,"deletions":1}}},{"hash":"f2ca558d3e0efada7135a7c96fc4460441b89ed7","messageTitle":"Add message to assertion","messageBody":"","fileTypesAndContributionMap":{"functional-code":{"insertions":2,"deletions":2}}},{"hash":"73a8f5871e7cc3dd6407963c59f38fb9f63d86cf","messageTitle":"Refactor code indents to adhere to Gradle CheckStyle","messageBody":"","fileTypesAndContributionMap":{"functional-code":{"insertions":48,"deletions":48}}},{"hash":"00cceb5b11aee138a8a804941f9427ae5c244f97","messageTitle":"Edit tips message to pass Gradle tests","messageBody":"","fileTypesAndContributionMap":{"functional-code":{"insertions":1,"deletions":1}}},{"hash":"47e9fdbdffdb7cac16fa05fcc20da1cc3a659ba4","messageTitle":"Refactor code to pass gradle tests","messageBody":"","fileTypesAndContributionMap":{"functional-code":{"insertions":2,"deletions":2}}},{"hash":"22c16a900d20230f67bd10d03f17c153780c26cb","messageTitle":"Add assertion for randomIndex","messageBody":"","fileTypesAndContributionMap":{"functional-code":{"insertions":3,"deletions":2}}},{"hash":"3992ac1adf4091339b38abdfb4576cbf91bf0887","messageTitle":"Edit runtest.bat file","messageBody":"","fileTypesAndContributionMap":{"other":{"insertions":0,"deletions":2}}},{"hash":"04159e22c4759a5fe0c9a09138f3eeef5b3cdb97","messageTitle":"Edit runtest.sh file","messageBody":"","fileTypesAndContributionMap":{"other":{"insertions":0,"deletions":2}}},{"hash":"b1b1820b17b0526ec4bba95de1c07613143dcece","messageTitle":"Edit test files","messageBody":"","fileTypesAndContributionMap":{"other":{"insertions":2,"deletions":14}}}]},{"date":"2022-03-17","commitResults":[{"hash":"6f8de0711d83bba3fc5bf88fa53a63752f33f898","messageTitle":"Resolve merge conflicts","messageBody":"","fileTypesAndContributionMap":{"functional-code":{"insertions":1,"deletions":2},"test-code":{"insertions":2,"deletions":2}}},{"hash":"26ca81c8f1dc91bc0efda742122ec3c6fbaa052c","messageTitle":"Update gitignore to ignore data and manifest files","messageBody":"","fileTypesAndContributionMap":{"other":{"insertions":2,"deletions":1}}},{"hash":"9d5e988e7af71963e94481c472841c70dbd88150","messageTitle":"Resolve build errors","messageBody":"","fileTypesAndContributionMap":{"test-code":{"insertions":1,"deletions":1}}}]},{"date":"2022-03-19","commitResults":[{"hash":"348eec67659ff4edbb500d8300d0fc6b4e07acb0","messageTitle":"Shorten LINE separator","messageBody":"as the items in the list will not be very long, thus we don\u0027t need such a long LINE separator\n","fileTypesAndContributionMap":{"functional-code":{"insertions":2,"deletions":2}}},{"hash":"d36234c55f6b007fe372024919255d3d035eba72","messageTitle":"Refactor code to throw exceptions instead of just printing","messageBody":"","fileTypesAndContributionMap":{"functional-code":{"insertions":14,"deletions":14}}},{"hash":"9e6d29101e961278399cb60c14576d7429d05f38","messageTitle":"Remove LINE separator to improve readability","messageBody":"","fileTypesAndContributionMap":{"functional-code":{"insertions":14,"deletions":18}}},{"hash":"bbecb4455492e23179bc698be294092bce7f372b","messageTitle":"Update JUnit tests","messageBody":"","fileTypesAndContributionMap":{"test-code":{"insertions":13,"deletions":17}}},{"hash":"ac45f0ffe1135979df1e3a6443926b69662dcca4","messageTitle":"Refactor code to comply with checkstyle","messageBody":"","fileTypesAndContributionMap":{"functional-code":{"insertions":2,"deletions":1}}},{"hash":"55165540ed924bcebaa9fac8fce908dadde80517","messageTitle":"Refactor code to comply with checkstyle","messageBody":"","fileTypesAndContributionMap":{"test-code":{"insertions":3,"deletions":3}}}]},{"date":"2022-03-22","commitResults":[{"hash":"1e603ff38fb3b57e1ba9af13a6c3dfaa382f4039","messageTitle":"Update Design portion of DG","messageBody":"","fileTypesAndContributionMap":{"functional-code":{"insertions":1,"deletions":1},"docs":{"insertions":62,"deletions":2}}}]},{"date":"2022-03-27","commitResults":[{"hash":"2dd1999722acb0de42590054458a5f4aabe77aec","messageTitle":"Enable assertions in gradle","messageBody":"","fileTypesAndContributionMap":{"other":{"insertions":1,"deletions":0}}}]},{"date":"2022-03-28","commitResults":[{"hash":"dce0fb9259c6bf3ecd6f4b839346977cae515322","messageTitle":"Add User class","messageBody":"","fileTypesAndContributionMap":{"functional-code":{"insertions":33,"deletions":0}}},{"hash":"1234949de68c0dbced5963c4486b4564dc7653ea","messageTitle":"Refactor code to incorporate User class","messageBody":"","fileTypesAndContributionMap":{"functional-code":{"insertions":66,"deletions":50}}},{"hash":"9b01bf98450702f91058bb7478c10455969e6e9a","messageTitle":"Update tests to reflect the new User class","messageBody":"","fileTypesAndContributionMap":{"test-code":{"insertions":130,"deletions":55}}},{"hash":"718a25ccda2c3cc37a2b31d99ab621924a490d63","messageTitle":"Add and incorporate Income into existing commands","messageBody":"","fileTypesAndContributionMap":{"functional-code":{"insertions":435,"deletions":102}}},{"hash":"a09522557e7df1be47a4027ff30e5384df84caa2","messageTitle":"Update constants","messageBody":"","fileTypesAndContributionMap":{"functional-code":{"insertions":6,"deletions":4}}},{"hash":"15b1037cc2db05fb0e326ba4b5b6b48179ea2e9a","messageTitle":"Add support to track Income","messageBody":"","fileTypesAndContributionMap":{"functional-code":{"insertions":112,"deletions":0},"other":{"insertions":2,"deletions":2}}},{"hash":"0d59a45b32aa88ee43725bddf0bb0419be4800ce","messageTitle":"Update JUnit tests to test CRUD functionalities of Income","messageBody":"","fileTypesAndContributionMap":{"test-code":{"insertions":216,"deletions":55}}},{"hash":"a2610679b0c5747e367dd8c14481a648fb70eb04","messageTitle":"Update some Javadoc comments","messageBody":"","fileTypesAndContributionMap":{"functional-code":{"insertions":24,"deletions":22}}},{"hash":"b24b0aa1253c6dbc5aa6f57a3e99086e1f43db18","messageTitle":"Update code to incorporate Income functionalities","messageBody":"","fileTypesAndContributionMap":{"functional-code":{"insertions":73,"deletions":20}}},{"hash":"36c98e2e296f1130ecf5774fab8830c0db7477e9","messageTitle":"Refactor code to comply with Gradle checkstyle","messageBody":"","fileTypesAndContributionMap":{"functional-code":{"insertions":7,"deletions":13}}},{"hash":"a9ce10152282a7898659184ea9b3bda2132d62c9","messageTitle":"Refactor code to comply with Gradle checkstyle","messageBody":"","fileTypesAndContributionMap":{"test-code":{"insertions":3,"deletions":3}}},{"hash":"3e3eaffdc9bccbf0e9234a4cb8ca81eba5fa3fb6","messageTitle":"Update Junit helpCommand test","messageBody":"","fileTypesAndContributionMap":{"test-code":{"insertions":1,"deletions":1}}},{"hash":"b65e635a4596fb896882631514f483598dc8f555","messageTitle":"Refactor code to comply with gradle checkstyle","messageBody":"","fileTypesAndContributionMap":{"test-code":{"insertions":2,"deletions":1}}}]},{"date":"2022-03-29","commitResults":[{"hash":"9cbf3e7ab303d88126839b19b2a335115d9f8dd3","messageTitle":"Refactor code based on PR reviews","messageBody":"","fileTypesAndContributionMap":{"functional-code":{"insertions":47,"deletions":16}}}]},{"date":"2022-03-31","commitResults":[{"hash":"eb24bd0597ba0c2035c15a0179803195915fe2fd","messageTitle":"Add Income part of UG","messageBody":"","fileTypesAndContributionMap":{"docs":{"insertions":120,"deletions":15}}},{"hash":"2e032250993ebe03dd0e5fdc5117d70848e8ca23","messageTitle":"Update UG to be consistent with our latest version","messageBody":"","fileTypesAndContributionMap":{"docs":{"insertions":62,"deletions":45}}}]},{"date":"2022-04-03","commitResults":[{"hash":"bfd2317220d16062aaf0eeff3f87d60142706699","messageTitle":"Update messages printed after the user adds or updates an income entry","messageBody":"","fileTypesAndContributionMap":{"functional-code":{"insertions":8,"deletions":7}}},{"hash":"068d0d16ef284f9b62a55e61f9d58efda6c0b534","messageTitle":"Refactor and incorporate new CreditCard class","messageBody":"","fileTypesAndContributionMap":{"functional-code":{"insertions":43,"deletions":68}}},{"hash":"966aff9aba6fce6f06fb693a3432de2d326e90b1","messageTitle":"Update tests to incorporate new CreditCard class","messageBody":"","fileTypesAndContributionMap":{"functional-code":{"insertions":35,"deletions":6},"test-code":{"insertions":7,"deletions":7}}},{"hash":"af24c31c4ff1334bf76e2c64f7416232a9bd7d57","messageTitle":"Update flags and constants","messageBody":"","fileTypesAndContributionMap":{"functional-code":{"insertions":1,"deletions":1}}},{"hash":"e6a6e4e06d004361d62553260601f4d0bd9e329b","messageTitle":"Refactor to comply with checkstyle","messageBody":"","fileTypesAndContributionMap":{"functional-code":{"insertions":1,"deletions":1}}}]},{"date":"2022-04-04","commitResults":[{"hash":"d9f792c4b9c779f43e0830b28fbda2db1d95c1a5","messageTitle":"Update CreditCard portion of UG","messageBody":"","fileTypesAndContributionMap":{"functional-code":{"insertions":4,"deletions":2},"docs":{"insertions":21,"deletions":20}}},{"hash":"d59211b42d41ef700c105ae7675a7b7552ec2dd0","messageTitle":"Refactor code to comply with checkstyle","messageBody":"","fileTypesAndContributionMap":{"functional-code":{"insertions":1,"deletions":1}}},{"hash":"9ae0e07c71de6ee80bb2419ee132e14d3d720693","messageTitle":"Remove extra imports","messageBody":"","fileTypesAndContributionMap":{"functional-code":{"insertions":0,"deletions":6}}},{"hash":"8a8aa04e19fe96104982b2a2225a5b8bd0b9fe7c","messageTitle":"Refactor code based on TA comments","messageBody":"","fileTypesAndContributionMap":{"functional-code":{"insertions":25,"deletions":14}}}]},{"date":"2022-04-06","commitResults":[{"hash":"a78c2d8360c380a4fdc3b1705abb2c7179f0f344","messageTitle":"Update addIncome portion of DG","messageBody":"","fileTypesAndContributionMap":{"docs":{"insertions":305,"deletions":66}}},{"hash":"0931e4b9b5aca0effa92ca05fbd147191c8ca9d9","messageTitle":"Add Kit Han PPP","messageBody":"","fileTypesAndContributionMap":{"docs":{"insertions":134,"deletions":14}}},{"hash":"27b0b7e6626276fd809454a1e7c51f5f03224066","messageTitle":"Refine PPP","messageBody":"","fileTypesAndContributionMap":{"docs":{"insertions":24,"deletions":11}}},{"hash":"3ff0fcf28e9b37236a70ba1a066f25368310f6a4","messageTitle":"Update DG","messageBody":"","fileTypesAndContributionMap":{"docs":{"insertions":6,"deletions":1}}}]},{"date":"2022-04-07","commitResults":[{"hash":"f77529c761777d2f543230978db72744cd176ef3","messageTitle":"Update AboutUs Portfolio link","messageBody":"","fileTypesAndContributionMap":{"docs":{"insertions":1,"deletions":1}}}]},{"date":"2022-04-10","commitResults":[{"hash":"95e6e28d4d9ccc3f1492b816d0a436f9ddb0faa8","messageTitle":"Remove redundant images","messageBody":"","fileTypesAndContributionMap":{"docs":{"insertions":0,"deletions":23}}},{"hash":"dfc8c2e362e8d5446e9ce066b0f7815313419328","messageTitle":"Update AboutUs","messageBody":"","fileTypesAndContributionMap":{"docs":{"insertions":12,"deletions":3}}},{"hash":"4df94fa5311c918f68383d167dc65c02dd0ba1bb","messageTitle":"Add List Command portion of DG","messageBody":"","fileTypesAndContributionMap":{"docs":{"insertions":246,"deletions":17}}},{"hash":"54cb78e1e912ec4d1a293c5fd2e60e66cc936d08","messageTitle":"Update current UML diagrams to have background","messageBody":"","fileTypesAndContributionMap":{"docs":{"insertions":6,"deletions":3}}},{"hash":"d3a28fea12c108c5636adb6c30ee5b4e63db18b6","messageTitle":"Update DG content page","messageBody":"","fileTypesAndContributionMap":{"docs":{"insertions":5,"deletions":1}}},{"hash":"694096a4774c46339cc89bb1859df7019716566a","messageTitle":"Update List Command design considerations","messageBody":"","fileTypesAndContributionMap":{"docs":{"insertions":4,"deletions":4}}}]},{"date":"2022-04-11","commitResults":[{"hash":"2c731f1bbae7e1696348a179add6715411fae94c","messageTitle":"Refine UG","messageBody":"","fileTypesAndContributionMap":{"functional-code":{"insertions":1,"deletions":1},"docs":{"insertions":148,"deletions":146}}},{"hash":"d0c7319c081bbe3eb109c077acf096f1c144a278","messageTitle":"Update ListExpenditure portion of DG","messageBody":"","fileTypesAndContributionMap":{"docs":{"insertions":23,"deletions":7}}},{"hash":"fa448e697fd4b6d242b8b54bb0c5cbc435c64b97","messageTitle":"Trim PPP to conform with page limit","messageBody":"","fileTypesAndContributionMap":{"docs":{"insertions":13,"deletions":32}}},{"hash":"76a746131fb7f28291d52abc3009800ce68b681b","messageTitle":"Trim PPP further","messageBody":"","fileTypesAndContributionMap":{"docs":{"insertions":6,"deletions":12}}},{"hash":"0c2b2306abba787d90f1a7b66d9ee570503dbe3a","messageTitle":"Trim PPP further","messageBody":"","fileTypesAndContributionMap":{"docs":{"insertions":3,"deletions":5}}},{"hash":"d381bb2a31197bafd30dae7852eecba6d72f53f5","messageTitle":"Trim PPP for the last time","messageBody":"","fileTypesAndContributionMap":{"docs":{"insertions":1,"deletions":5}}}]}],"glendonnotglen":[{"date":"2022-03-03","commitResults":[{"hash":"9f5a80a3de92c422460498d38516959680ccb119","messageTitle":"Update README","messageBody":"","fileTypesAndContributionMap":{"docs":{"insertions":1,"deletions":1}}},{"hash":"29d11b8c7f1eba53bd21f69c887be2c7ff875032","messageTitle":"Add Glendon inside AboutUs.md","messageBody":"","fileTypesAndContributionMap":{"docs":{"insertions":7,"deletions":7}}}]},{"date":"2022-03-10","commitResults":[{"hash":"747137356b8693f57b0f7cee9bf04eff81eafe5f","messageTitle":"Add list command","messageBody":"","fileTypesAndContributionMap":{"functional-code":{"insertions":33,"deletions":6}}},{"hash":"35c47d38733c90e81060fd6eda1dec1c3b78c971","messageTitle":"Amend to coding standards","messageBody":"Fixes #7\n","fileTypesAndContributionMap":{"functional-code":{"insertions":6,"deletions":7}}},{"hash":"a450d77f07c7623886f38282205a8b0caec4f488","messageTitle":"Amend RightCurlyAlone formatting","messageBody":"","fileTypesAndContributionMap":{"functional-code":{"insertions":2,"deletions":1}}}]},{"date":"2022-03-11","commitResults":[{"hash":"5477851b722f2d34dcd3a867629618f5657f00d9","messageTitle":"Add JUnit test for MindMyMoney exception for empty list listcommand","messageBody":"","fileTypesAndContributionMap":{"functional-code":{"insertions":4,"deletions":4},"test-code":{"insertions":17,"deletions":0}}},{"hash":"e9d8ad24c04e5881b5fa0de838894ebc729fe0e2","messageTitle":"Fix to adhere to coding standards","messageBody":"","fileTypesAndContributionMap":{"test-code":{"insertions":1,"deletions":2}}},{"hash":"36f3c94185c39159e5daf55ed90a57d11fc2d662","messageTitle":"Remove unused imports and functions","messageBody":"","fileTypesAndContributionMap":{"test-code":{"insertions":0,"deletions":16}}},{"hash":"ef74fa4c798f2c56611601a86dc3852415aeaa89","messageTitle":"Add happy path JUnit test","messageBody":"","fileTypesAndContributionMap":{"functional-code":{"insertions":13,"deletions":7},"test-code":{"insertions":14,"deletions":2}}}]},{"date":"2022-03-15","commitResults":[{"hash":"b0fecede1a2a237b44c5eb05e0c2b02fac391432","messageTitle":"Add documentations and renamed method for clarity","messageBody":"","fileTypesAndContributionMap":{"functional-code":{"insertions":1,"deletions":1},"test-code":{"insertions":9,"deletions":1}}}]},{"date":"2022-03-16","commitResults":[{"hash":"6ff39f5b4f00755ac7d17e982006dcdde90eb7cc","messageTitle":"Update User Guide and Read Me with details of our application","messageBody":"","fileTypesAndContributionMap":{"docs":{"insertions":76,"deletions":32}}},{"hash":"ec6324c0f048746ba38fff1d65d79b91a3cbd13f","messageTitle":"Change minor details in README and User Guide","messageBody":"","fileTypesAndContributionMap":{"docs":{"insertions":6,"deletions":7}}},{"hash":"eef999c755b866ba9350c914dbfd61e087ee495e","messageTitle":"Add JUnit testing for Parser class","messageBody":"","fileTypesAndContributionMap":{"test-code":{"insertions":49,"deletions":0}}},{"hash":"fa87f59e3dbf0c80a81d7b712c952a3c1c110c25","messageTitle":"Changes to fit coding standards","messageBody":"","fileTypesAndContributionMap":{"test-code":{"insertions":8,"deletions":6}}}]},{"date":"2022-03-18","commitResults":[{"hash":"6d030b117afd5ccffd0a4acdb063182e450d2aee","messageTitle":"Add assert for ParserTest","messageBody":"","fileTypesAndContributionMap":{"test-code":{"insertions":2,"deletions":0}}},{"hash":"4797a0bf67d7249557a66e25d692999b704790ca","messageTitle":"Refactor to fit coding standard","messageBody":"","fileTypesAndContributionMap":{"test-code":{"insertions":2,"deletions":2}}},{"hash":"a6d902865d858b921888abcce2b6d0c24577af13","messageTitle":"Add assert in list command","messageBody":"","fileTypesAndContributionMap":{"functional-code":{"insertions":1,"deletions":0}}}]},{"date":"2022-03-24","commitResults":[{"hash":"af7f4588a627b99b3422318a1a1fa1a5fac25b61","messageTitle":"Add List Command section on Developer\u0027s Guide","messageBody":"","fileTypesAndContributionMap":{"docs":{"insertions":72,"deletions":0}}}]},{"date":"2022-03-25","commitResults":[{"hash":"609651c1e7e26c392245ec3d3428cd84018d4918","messageTitle":"Add Create, Updated, Delete commands for Credit Cards. Reading credit cards incomplete","messageBody":"","fileTypesAndContributionMap":{"functional-code":{"insertions":196,"deletions":22},"test-code":{"insertions":2,"deletions":2}}},{"hash":"32d0cd2d2592ad96a0967b8901162f0476a98982","messageTitle":"Update list command for credit card list","messageBody":"","fileTypesAndContributionMap":{"functional-code":{"insertions":50,"deletions":3}}},{"hash":"06fb40c19d63ae6df21fd27867d78d350ed7b8f9","messageTitle":"Update help command to separate into expenditure commands and credit card commands","messageBody":"","fileTypesAndContributionMap":{"functional-code":{"insertions":55,"deletions":7}}},{"hash":"f653a094221ed4cefc43d557735e2f117ba2fc38","messageTitle":"Minor changes to conform coding standards","messageBody":"","fileTypesAndContributionMap":{"functional-code":{"insertions":11,"deletions":6}}},{"hash":"fee6425f5e6d3d3f9025f3b5d918443f33b50ba0","messageTitle":"Update JUnit test parameters with Credit Card test list","messageBody":"","fileTypesAndContributionMap":{"test-code":{"insertions":19,"deletions":14}}}]},{"date":"2022-03-27","commitResults":[{"hash":"4964d9b19501e44cbabd01674443b8e0c8c5bb46","messageTitle":"Change magic literals in Delete Command","messageBody":"","fileTypesAndContributionMap":{"functional-code":{"insertions":17,"deletions":10},"test-code":{"insertions":29,"deletions":29}}}]},{"date":"2022-03-29","commitResults":[{"hash":"1a9166cac46e4aa07aebd2e187a4894b989ee229","messageTitle":"Update User Guide","messageBody":"","fileTypesAndContributionMap":{"docs":{"insertions":274,"deletions":55}}},{"hash":"c234517cfde88f847ae10c9e87ba6296cf842edb","messageTitle":"Remove drop down bar","messageBody":"","fileTypesAndContributionMap":{"docs":{"insertions":18,"deletions":66}}},{"hash":"e1ab27310a8ec91f266288dd67192c4730b6e1a2","messageTitle":"Update Table of Contents","messageBody":"","fileTypesAndContributionMap":{"docs":{"insertions":0,"deletions":14}}},{"hash":"0981481a229e0e210cbbc435665d53ed990df82d","messageTitle":"update update /cc command in User Guide","messageBody":"","fileTypesAndContributionMap":{"docs":{"insertions":3,"deletions":4}}}]},{"date":"2022-03-30","commitResults":[{"hash":"8f8bf39cb7a8d1c1f501458f1e7d74c669408ff2","messageTitle":"Update User Guide based on consultation feedback","messageBody":"","fileTypesAndContributionMap":{"docs":{"insertions":76,"deletions":75}}},{"hash":"6b9086d4754b8763826286afbfe15917e8ab70b4","messageTitle":"Update Update Expenses command","messageBody":"","fileTypesAndContributionMap":{"functional-code":{"insertions":71,"deletions":70},"test-code":{"insertions":1,"deletions":1}}},{"hash":"401ae426dd338771c2d39e08395406c155a1780a","messageTitle":"Update import headers","messageBody":"","fileTypesAndContributionMap":{"functional-code":{"insertions":23,"deletions":3}}},{"hash":"52b6e601ff3ef35091afcfc99ff9a9eda54534b1","messageTitle":"Update for Gradle checks","messageBody":"","fileTypesAndContributionMap":{"functional-code":{"insertions":5,"deletions":4}}},{"hash":"e163d3ee0778d1ae540ea3dbae1e5e30c45fa0cb","messageTitle":"Update help command and update JUnit testing for Gradle","messageBody":"","fileTypesAndContributionMap":{"functional-code":{"insertions":16,"deletions":2},"test-code":{"insertions":16,"deletions":16}}},{"hash":"a696030fd002f704407ddab277d6b4d9c53e3416","messageTitle":"Update HelpCommandJUnit test","messageBody":"","fileTypesAndContributionMap":{"functional-code":{"insertions":2,"deletions":2},"test-code":{"insertions":8,"deletions":7}}},{"hash":"5fcd7fea5c9bb741d1cccec7c42c7a75782e75b1","messageTitle":"Update JUnit testing for new payment method flag and remove optional category flag in Update Command","messageBody":"","fileTypesAndContributionMap":{"functional-code":{"insertions":10,"deletions":22},"test-code":{"insertions":19,"deletions":19}}},{"hash":"263054305e91fe3aa5b7194bae9faaf1c5bc37d4","messageTitle":"Update for Gradle check","messageBody":"","fileTypesAndContributionMap":{"functional-code":{"insertions":2,"deletions":2}}},{"hash":"0edb2e452c29b54c01a2b4418bbaa2f1eeaaf2a1","messageTitle":"Update List Command JUnit test","messageBody":"","fileTypesAndContributionMap":{"test-code":{"insertions":3,"deletions":3}}},{"hash":"df6ec4a6ca95ef63ab5636c29a717854188b58f0","messageTitle":"Add calculate cashback feature when listing credit card","messageBody":"","fileTypesAndContributionMap":{"functional-code":{"insertions":82,"deletions":6}}},{"hash":"c2950c723279df828a90e10fc2c5ff7343150917","messageTitle":"Update for Gradle check","messageBody":"","fileTypesAndContributionMap":{"functional-code":{"insertions":11,"deletions":11}}},{"hash":"eedc0888e3e76ed7ae20338ce772a6b6edfdf01a","messageTitle":"Update for Gradle (again)","messageBody":"","fileTypesAndContributionMap":{"functional-code":{"insertions":1,"deletions":1}}},{"hash":"4e234f81717cc6cc9f83566de1c249fb093913fe","messageTitle":"Add Constant for magic literal","messageBody":"","fileTypesAndContributionMap":{"functional-code":{"insertions":10,"deletions":2}}}]},{"date":"2022-03-31","commitResults":[{"hash":"c5860285ef80b50431a004d46071211a5b5210ba","messageTitle":"Update update command for newtime format and tidy help command","messageBody":"","fileTypesAndContributionMap":{"functional-code":{"insertions":12,"deletions":12},"test-code":{"insertions":7,"deletions":8}}},{"hash":"e241b75ae0a77a172a0445efec82864047516e5c","messageTitle":"Update list command printing","messageBody":"","fileTypesAndContributionMap":{"functional-code":{"insertions":6,"deletions":4},"test-code":{"insertions":3,"deletions":3}}},{"hash":"bf49e312f0029c30812d0f5bbcef7a5a4b625a77","messageTitle":"Update to help command /pm flag","messageBody":"","fileTypesAndContributionMap":{"functional-code":{"insertions":3,"deletions":3}}},{"hash":"dbddf30f303446dee19df391beb8675fe458be36","messageTitle":"Update for Gradle check","messageBody":"","fileTypesAndContributionMap":{"functional-code":{"insertions":7,"deletions":2},"test-code":{"insertions":0,"deletions":2}}}]},{"date":"2022-04-03","commitResults":[{"hash":"9baddfdecaa6c70be75ad7dad3bfb43564e669a7","messageTitle":"Update code to fix Code Review by TA","messageBody":"","fileTypesAndContributionMap":{"functional-code":{"insertions":13,"deletions":13}}},{"hash":"86c8459fea97acc552ed468de10375338addf0ba","messageTitle":"Fixed error message for update command","messageBody":"","fileTypesAndContributionMap":{"functional-code":{"insertions":2,"deletions":2}}},{"hash":"2bbb778523aa50b0b5892d12c11e5f6f0b5bcd73","messageTitle":"Fixed code to conform to coding standards","messageBody":"","fileTypesAndContributionMap":{"functional-code":{"insertions":5,"deletions":4}}},{"hash":"cd6e564b107d82b21906537193fd38e788db0f95","messageTitle":"Add input validation for adding credit cards","messageBody":"","fileTypesAndContributionMap":{"functional-code":{"insertions":87,"deletions":7}}},{"hash":"946e42fd67fbd8590f644d78f57f6c84cd74d193","messageTitle":"Update code to conform to coding standards","messageBody":"","fileTypesAndContributionMap":{"functional-code":{"insertions":16,"deletions":7}}},{"hash":"8e9b286ce0b4d872434c863f7c0fb38317692040","messageTitle":"Add /e flag to every expenditure command and update JUnit testing","messageBody":"","fileTypesAndContributionMap":{"functional-code":{"insertions":76,"deletions":38},"test-code":{"insertions":63,"deletions":63}}},{"hash":"2f00c6266c0ca29d6700552f9234ff5fc0c8c7a8","messageTitle":"Update code to conform to coding standards","messageBody":"","fileTypesAndContributionMap":{"functional-code":{"insertions":4,"deletions":3}}}]},{"date":"2022-04-04","commitResults":[{"hash":"867716b98d8ba94dd79483e870eb9dedb3b82814","messageTitle":"Update User Guide","messageBody":"","fileTypesAndContributionMap":{"docs":{"insertions":28,"deletions":26}}},{"hash":"1a9539fdb14740a6c666f4b280f3bd94edd0b044","messageTitle":"Fix Merge Conflicts","messageBody":"","fileTypesAndContributionMap":{"functional-code":{"insertions":1,"deletions":1},"test-code":{"insertions":12,"deletions":29}}}]},{"date":"2022-04-05","commitResults":[{"hash":"447d06ae77dee59321943ff633caf8b8e7cb36d1","messageTitle":"Add limit to credit card cashback and refreshed User Guide document","messageBody":"","fileTypesAndContributionMap":{"functional-code":{"insertions":9,"deletions":24},"docs":{"insertions":91,"deletions":80}}},{"hash":"14d1575ef0fafa42a7d494bea87c92f5fc4d7f36","messageTitle":"Add credit card name validation and more JUnit testing for AddCommands","messageBody":"","fileTypesAndContributionMap":{"functional-code":{"insertions":12,"deletions":0},"docs":{"insertions":8,"deletions":7},"test-code":{"insertions":116,"deletions":21}}},{"hash":"ba1c53272a1d7e3161a3fc30865f91046617d6a8","messageTitle":"Refactor for coding standards","messageBody":"","fileTypesAndContributionMap":{"test-code":{"insertions":6,"deletions":12}}}]},{"date":"2022-04-06","commitResults":[{"hash":"6909d39c3461e31583209d3b72d90bfddffcb209","messageTitle":"Add JUnit test for Delete Command","messageBody":"","fileTypesAndContributionMap":{"functional-code":{"insertions":1,"deletions":11},"test-code":{"insertions":163,"deletions":40}}}]},{"date":"2022-04-10","commitResults":[{"hash":"3a1c79c91498f6a8071717f31ef66c3cb939e9a8","messageTitle":"Update AddCommandSequence, AddExpenditureCommandSequenceDiagram, CommandClassDiagram, ComponentsSequenceDiagram","messageBody":"","fileTypesAndContributionMap":{"docs":{"insertions":58,"deletions":38}}},{"hash":"e451658b4f6f836a5d1792e3b4b0f5f60a2cf89d","messageTitle":"Remove optional parameters and return values for neater sequence diagrams","messageBody":"","fileTypesAndContributionMap":{"functional-code":{"insertions":0,"deletions":1},"docs":{"insertions":67,"deletions":27}}},{"hash":"ed29c2a14672214458d34ca4640f5559678f100e","messageTitle":"Remove activation bar for calculate command sequence diagram","messageBody":"","fileTypesAndContributionMap":{"docs":{"insertions":1,"deletions":1}}},{"hash":"1bdae3a66d378aaddbc8b155c0bc9e41ae87bc2a","messageTitle":"Update sequence diagram to conform to UML standards","messageBody":"","fileTypesAndContributionMap":{"docs":{"insertions":9,"deletions":9}}},{"hash":"ebb541e0c50d495d61c784ffeadc6e1f63e1aa94","messageTitle":"Change to add credit card sequence diagram","messageBody":"","fileTypesAndContributionMap":{"docs":{"insertions":2,"deletions":2}}},{"hash":"9eba7d45701dbf6f39b004c4c0bd8c2aa83899d1","messageTitle":"Update sequence diagram to match refactored code","messageBody":"","fileTypesAndContributionMap":{"docs":{"insertions":28,"deletions":14}}},{"hash":"7eecd33c39d084c0668f19e14b8e007fbc4b45ec","messageTitle":"Add Delete Command section into DG","messageBody":"","fileTypesAndContributionMap":{"docs":{"insertions":304,"deletions":2}}},{"hash":"fbee545682263a6f781522c02716cdf0760afc74","messageTitle":"Update Sequence Diagrams","messageBody":"","fileTypesAndContributionMap":{"docs":{"insertions":7,"deletions":8}}},{"hash":"c4cc185d4d8a68d23edade616232ba06a8f6a91a","messageTitle":"Update add command sequence diagram","messageBody":"","fileTypesAndContributionMap":{"docs":{"insertions":6,"deletions":4}}},{"hash":"560325e1fb3b5195930dc65014ead7daf8928e35","messageTitle":"Refactor Sequence diagram code","messageBody":"","fileTypesAndContributionMap":{"docs":{"insertions":3,"deletions":2}}}]},{"date":"2022-04-11","commitResults":[{"hash":"59a8de74a842ffd688798faea19079c9b31a11de","messageTitle":"Update DG with Update Command and update Update Expenditure command","messageBody":"","fileTypesAndContributionMap":{"functional-code":{"insertions":124,"deletions":14},"docs":{"insertions":413,"deletions":9}}},{"hash":"4251c413ec0f1d9e3571dc25949d6363ac1a4918","messageTitle":"Update code for coding standards","messageBody":"","fileTypesAndContributionMap":{"functional-code":{"insertions":4,"deletions":4}}},{"hash":"4349b0c405fd41df92aee850bfa7f44a24850820","messageTitle":"Updated Content Table for Update Command","messageBody":"","fileTypesAndContributionMap":{"docs":{"insertions":5,"deletions":0}}},{"hash":"6c5c76022e65cb175734988e1ea5bb50c5f2e307","messageTitle":"Update docs/DeveloperGuide.md","messageBody":"Co-authored-by: Sean Ho \u003c69450377+SeanHoWB@users.noreply.github.com\u003e","fileTypesAndContributionMap":{"docs":{"insertions":1,"deletions":1}}},{"hash":"01a08509824d05ba6d1d78ab2079302c9a5e025a","messageTitle":"Update docs/DeveloperGuide.md","messageBody":"Co-authored-by: Sean Ho \u003c69450377+SeanHoWB@users.noreply.github.com\u003e","fileTypesAndContributionMap":{"docs":{"insertions":1,"deletions":1}}},{"hash":"48528fa5a188e54ad75a5d1cc805acad33ad05e6","messageTitle":"Proofread DG","messageBody":"","fileTypesAndContributionMap":{"functional-code":{"insertions":0,"deletions":4},"docs":{"insertions":31,"deletions":147}}},{"hash":"cf6845bee8fb0c0f625e5568be9175afdfa2ebf0","messageTitle":"Update sequence diagrams","messageBody":"","fileTypesAndContributionMap":{"docs":{"insertions":4,"deletions":36}}},{"hash":"7cb540409b87a9d6eee5624ef4ff9f28c418b0db","messageTitle":"Refactor code and bug fix sequence diagrams","messageBody":"","fileTypesAndContributionMap":{"docs":{"insertions":6,"deletions":6}}},{"hash":"b7f2a84a30cf0c445ed3726a632a1f356ad7be35","messageTitle":"Update Glendon PPP","messageBody":"","fileTypesAndContributionMap":{"docs":{"insertions":72,"deletions":9}}},{"hash":"e353f71ef369b089d83fcb4d5914335e61d335f8","messageTitle":"Update Glendon PPP","messageBody":"","fileTypesAndContributionMap":{"docs":{"insertions":1,"deletions":1}}},{"hash":"d8586ecdb3293bca3e99addbc59d478c58a366bf","messageTitle":"Update Update Credit Card command for duplicate card","messageBody":"","fileTypesAndContributionMap":{"functional-code":{"insertions":3,"deletions":2}}},{"hash":"f088be1890a9cdf3b2650ed57f4ab487202b1f9a","messageTitle":"Update for coding standards","messageBody":"","fileTypesAndContributionMap":{"functional-code":{"insertions":3,"deletions":1}}},{"hash":"a5a9c6329f49de1072183cf632d93059a9184546","messageTitle":"Update JUnit testing for update CC command","messageBody":"","fileTypesAndContributionMap":{"test-code":{"insertions":1,"deletions":1}}}]}],"limjierui":[{"date":"2022-03-03","commitResults":[{"hash":"87a02e8b30ecec26cc60a74d24b9ca7e31c3705c","messageTitle":"Add limjierui to AboutUs.md","messageBody":"","fileTypesAndContributionMap":{"docs":{"insertions":7,"deletions":7}}}]},{"date":"2022-03-10","commitResults":[{"hash":"eceb6f3631d5a6a2e0459846fdbb40b5d00907db","messageTitle":"Added DeleteCommand","messageBody":"","fileTypesAndContributionMap":{"functional-code":{"insertions":71,"deletions":10}}},{"hash":"c139f967201b49e78eaf2839b513191cddc220ed","messageTitle":"Fixed Coding standards","messageBody":"","fileTypesAndContributionMap":{"functional-code":{"insertions":15,"deletions":8}}},{"hash":"9a1c4bf7558c0914290543628bb59a1ae3abdcf8","messageTitle":"Added JUnit Tests for Delete Command","messageBody":"","fileTypesAndContributionMap":{"functional-code":{"insertions":2,"deletions":2},"test-code":{"insertions":86,"deletions":0}}},{"hash":"072b9aeec56bb862868a322c7c04288164fd2487","messageTitle":"Fixed Coding Standards for DeleteCommandTest","messageBody":"","fileTypesAndContributionMap":{"test-code":{"insertions":6,"deletions":12}}},{"hash":"c256f34102131302bda7a520b69af62bdf6848df","messageTitle":"Fixed coding standards #2 for DeleteCommandTest","messageBody":"","fileTypesAndContributionMap":{"test-code":{"insertions":1,"deletions":1}}},{"hash":"c2bdef6bd604985d656d6db6f440d05051060c42","messageTitle":"Fix coding standard 3 for DeleteCommandTest","messageBody":"","fileTypesAndContributionMap":{"test-code":{"insertions":1,"deletions":1}}},{"hash":"36798e12d263e59ee5d9cf21fb38229887be9f33","messageTitle":"Remove AddCommandTest file","messageBody":"","fileTypesAndContributionMap":{"test-code":{"insertions":0,"deletions":37}}}]},{"date":"2022-03-11","commitResults":[{"hash":"07847e46db5bbf8e2499c28ba6c76befcde8adb8","messageTitle":"Add newline to end of file for DeleteCommandTest","messageBody":"","fileTypesAndContributionMap":{"test-code":{"insertions":1,"deletions":1}}},{"hash":"cb89be460a5176f58b9f0c3b508e67c960fc6005","messageTitle":"Change method name and logic of deleteCommand_addToEmptyList_expectException function","messageBody":"","fileTypesAndContributionMap":{"test-code":{"insertions":7,"deletions":8}}},{"hash":"1eeb1a07c4322aa73b0f20f08216e799601679e0","messageTitle":"Edit DeleteCommandTest file","messageBody":"","fileTypesAndContributionMap":{"test-code":{"insertions":5,"deletions":3}}}]},{"date":"2022-03-15","commitResults":[{"hash":"537becd92110b6b0b40cd3cf497e654f3a803b44","messageTitle":"Add more OOP, Refactor code to remove usage of global list","messageBody":"","fileTypesAndContributionMap":{"functional-code":{"insertions":99,"deletions":27},"test-code":{"insertions":35,"deletions":34}}},{"hash":"5971256137406819febca18ac68e6e77177c3f14","messageTitle":"Edit code to match Coding Standards","messageBody":"","fileTypesAndContributionMap":{"test-code":{"insertions":12,"deletions":8}}},{"hash":"1c31e4258aa1d559acecdb9cca3d893e0a57bbc1","messageTitle":"Edit code to match Coding Standards 2","messageBody":"","fileTypesAndContributionMap":{"test-code":{"insertions":9,"deletions":15}}}]},{"date":"2022-03-16","commitResults":[{"hash":"9927251b7fb7faab52217446b81fc26b25db1470","messageTitle":"Fix coding standards","messageBody":"","fileTypesAndContributionMap":{"functional-code":{"insertions":40,"deletions":31},"other":{"insertions":12,"deletions":12},"test-code":{"insertions":40,"deletions":34}}},{"hash":"6b270040e679588a6838b978611bdd04069355d1","messageTitle":"Fix lambda indents","messageBody":"","fileTypesAndContributionMap":{"test-code":{"insertions":6,"deletions":6}}},{"hash":"33c39f946a84d7539faeebe2f0c55cb5a27ada81","messageTitle":"Add Bye Command","messageBody":"","fileTypesAndContributionMap":{"functional-code":{"insertions":80,"deletions":12}}},{"hash":"68ad1b23722e48bcfc53e4647d7b7db35a4df358","messageTitle":"Fix errors shown on pull request","messageBody":"","fileTypesAndContributionMap":{"functional-code":{"insertions":8,"deletions":1}}},{"hash":"03770493656cd6c8f2e07568ec8c2857540d635a","messageTitle":"Edit Expected.txt","messageBody":"","fileTypesAndContributionMap":{"functional-code":{"insertions":1,"deletions":1}}}]},{"date":"2022-03-17","commitResults":[{"hash":"e2cc20584ffcb0e3697bad951b0d9cde4ddfa894","messageTitle":"Add assert for deletecommand","messageBody":"","fileTypesAndContributionMap":{"functional-code":{"insertions":1,"deletions":0}}},{"hash":"71903ba411fd84e68c6190c6448aa256f7f8a112","messageTitle":"Edit assertion in delete command","messageBody":"","fileTypesAndContributionMap":{"functional-code":{"insertions":1,"deletions":1}}}]},{"date":"2022-03-23","commitResults":[{"hash":"6e9ba3a8a5a0bed8f0b58e8e3484e35cac723894","messageTitle":"Add DG for Command and Storage component","messageBody":"","fileTypesAndContributionMap":{"docs":{"insertions":32,"deletions":2}}}]},{"date":"2022-03-24","commitResults":[{"hash":"8166f8f3fcec0d01e696a090d166c12feaaf775a","messageTitle":"Fix DG comments","messageBody":"","fileTypesAndContributionMap":{"docs":{"insertions":9,"deletions":11}}}]},{"date":"2022-03-28","commitResults":[{"hash":"17c0828874f15dd11cdbc007ae2b31337cd94682","messageTitle":"Add calculate functions to show percentage spent for each month","messageBody":"","fileTypesAndContributionMap":{"functional-code":{"insertions":112,"deletions":19},"docs":{"insertions":127,"deletions":39}}},{"hash":"0f60e4557e40a795fb4e27e235ff3c42bec4a6a1","messageTitle":"Resolve coding standards","messageBody":"","fileTypesAndContributionMap":{"functional-code":{"insertions":12,"deletions":12}}},{"hash":"0fdfdd7a58698d33b41908c3547dc18500d52cb0","messageTitle":"Resolve coding standards no.2","messageBody":"","fileTypesAndContributionMap":{"functional-code":{"insertions":4,"deletions":2}}},{"hash":"1b138f99c3ef5f21f40be914bea3b253281c5d54","messageTitle":"Edit test for calculate input","messageBody":"","fileTypesAndContributionMap":{"test-code":{"insertions":22,"deletions":2}}},{"hash":"ad3ba03901b87f7e0805e55265aa08a3b3528061","messageTitle":"Fix coding standards","messageBody":"","fileTypesAndContributionMap":{"test-code":{"insertions":2,"deletions":2}}},{"hash":"77c58ce766ebb8e479df7199f02f414dc889206e","messageTitle":"Fix JunitTests","messageBody":"","fileTypesAndContributionMap":{"test-code":{"insertions":7,"deletions":6}}}]},{"date":"2022-03-29","commitResults":[{"hash":"99520ba646eb270049450798d12f1274b2b63709","messageTitle":"Fix comments given by group members","messageBody":"","fileTypesAndContributionMap":{"functional-code":{"insertions":5,"deletions":7}}},{"hash":"6072041f6e5e18e07d3d091fbd5cd43a721331be","messageTitle":"Add assertion","messageBody":"","fileTypesAndContributionMap":{"functional-code":{"insertions":2,"deletions":2}}},{"hash":"05ab744a139776d1cad1b1c383c4e19274686bc4","messageTitle":"Fix assertion placement","messageBody":"","fileTypesAndContributionMap":{"functional-code":{"insertions":1,"deletions":1}}}]},{"date":"2022-03-30","commitResults":[{"hash":"6972b868b24cf104b6b4c473fb0f10fd59749464","messageTitle":"Improve on list command to search by dd/mm/yyyy, mm/yyyy, yyyy Changed date format for add command to dd/mm/yyyy","messageBody":"","fileTypesAndContributionMap":{"functional-code":{"insertions":109,"deletions":20},"test-code":{"insertions":178,"deletions":51}}},{"hash":"50c9de2d6e1cd631fc47dd457d1ab4658dc1f2d8","messageTitle":"Fix Coding Standards","messageBody":"","fileTypesAndContributionMap":{"functional-code":{"insertions":5,"deletions":8}}},{"hash":"d8082a020683235a5fe88e7e850c84f4a0da8343","messageTitle":"Fix coding standards 2","messageBody":"","fileTypesAndContributionMap":{"functional-code":{"insertions":1,"deletions":1}}},{"hash":"afe2a38efc5d599a3193bac0e8c68ed7048d3107","messageTitle":"Fix coding standard 3","messageBody":"","fileTypesAndContributionMap":{"test-code":{"insertions":8,"deletions":9}}},{"hash":"d5001af33dec5a48d15e91b75083cebda24cf6a3","messageTitle":"Fix comments given by group members","messageBody":"","fileTypesAndContributionMap":{"functional-code":{"insertions":86,"deletions":59},"test-code":{"insertions":38,"deletions":25}}},{"hash":"df1d025f4bd19f6c55a1232dcec21724dae93644","messageTitle":"Change code to utilise imports","messageBody":"","fileTypesAndContributionMap":{"functional-code":{"insertions":8,"deletions":14}}},{"hash":"55df5b229414b8cdf56964ab8629d56d22827e2a","messageTitle":"Fix Coding Standards","messageBody":"","fileTypesAndContributionMap":{"functional-code":{"insertions":23,"deletions":17}}}]},{"date":"2022-04-02","commitResults":[{"hash":"55a0a399e88857e0194b52b51d407cd56a319449","messageTitle":"Fix weird printing outputs, added more tests for calculate command","messageBody":"","fileTypesAndContributionMap":{"functional-code":{"insertions":19,"deletions":9},"test-code":{"insertions":76,"deletions":23}}},{"hash":"faeffead55462434d099a7958d5ec9e97afbfbe7","messageTitle":"Fix coding standards","messageBody":"","fileTypesAndContributionMap":{"test-code":{"insertions":3,"deletions":3}}},{"hash":"59ed119d283503a537a72bc4fa4407ab92a37134","messageTitle":"Fix Update command to deny similar inputs.","messageBody":"Add more Junit test for update command.\n","fileTypesAndContributionMap":{"functional-code":{"insertions":79,"deletions":5},"test-code":{"insertions":131,"deletions":7}}},{"hash":"06e636811b06c256adf1ec2e12f32f6a3f78a6fc","messageTitle":"Fix Coding Standards","messageBody":"","fileTypesAndContributionMap":{"functional-code":{"insertions":6,"deletions":6}}},{"hash":"b651a634d63bf1e5ec5e414634030848a994528a","messageTitle":"Update src/test/java/seedu/mindmymoney/command/UpdateCommandTest.java","messageBody":"Co-authored-by: khseah \u003c69412944+khseah@users.noreply.github.com\u003e","fileTypesAndContributionMap":{"test-code":{"insertions":1,"deletions":1}}},{"hash":"a681de70328fec3ad0dd4d51811b887c7249fb20","messageTitle":"Update src/test/java/seedu/mindmymoney/command/UpdateCommandTest.java","messageBody":"Co-authored-by: khseah \u003c69412944+khseah@users.noreply.github.com\u003e","fileTypesAndContributionMap":{"test-code":{"insertions":1,"deletions":1}}},{"hash":"9f5286cadd4a0f9fe7cccb697020214ddfe28e4b","messageTitle":"Update src/main/java/seedu/mindmymoney/command/UpdateCommand.java","messageBody":"Co-authored-by: khseah \u003c69412944+khseah@users.noreply.github.com\u003e","fileTypesAndContributionMap":{"functional-code":{"insertions":1,"deletions":1}}},{"hash":"d7fb115c344540a69b93e228420f23daa856ccfc","messageTitle":"Update src/test/java/seedu/mindmymoney/command/CalculateInputCommandTest.java","messageBody":"Co-authored-by: khseah \u003c69412944+khseah@users.noreply.github.com\u003e","fileTypesAndContributionMap":{"test-code":{"insertions":1,"deletions":0}}},{"hash":"a81e8f61bbeaf65e5f2c2f8c55c94f6ca7bc5f1f","messageTitle":"Update src/test/java/seedu/mindmymoney/command/CalculateInputCommandTest.java","messageBody":"Co-authored-by: khseah \u003c69412944+khseah@users.noreply.github.com\u003e","fileTypesAndContributionMap":{"test-code":{"insertions":1,"deletions":0}}},{"hash":"e4c59e7c40be09ac569cd6ac6d28824638722f25","messageTitle":"Fix comments","messageBody":"","fileTypesAndContributionMap":{"functional-code":{"insertions":1,"deletions":1}}},{"hash":"756a4e807c202d4d4b946d03c0016c7af6d41d22","messageTitle":"Fix comments","messageBody":"","fileTypesAndContributionMap":{"test-code":{"insertions":1,"deletions":0}}},{"hash":"f27b47a145551636c32d354250724314b05428b0","messageTitle":"Fix coding standards","messageBody":"","fileTypesAndContributionMap":{"test-code":{"insertions":9,"deletions":11}}},{"hash":"482b29c1fcbcdafe82a2fc4fc1ee1f3fa70db9e3","messageTitle":"Fix magic literals","messageBody":"","fileTypesAndContributionMap":{"test-code":{"insertions":2,"deletions":2}}}]},{"date":"2022-04-03","commitResults":[{"hash":"4ca83115324d9e8052ffa64644825fcae08e885d","messageTitle":"Fix coding standards","messageBody":"","fileTypesAndContributionMap":{"test-code":{"insertions":4,"deletions":2}}},{"hash":"a9cf76cc54033233d980946c47d97f5545c52077","messageTitle":"Add more SLAP for kithans comments","messageBody":"","fileTypesAndContributionMap":{"functional-code":{"insertions":149,"deletions":14}}},{"hash":"d28f74d9d7642c7a8d7b795f2fa70ffb97161e6a","messageTitle":"Fix error in gradle","messageBody":"","fileTypesAndContributionMap":{"functional-code":{"insertions":1,"deletions":0}}}]},{"date":"2022-04-04","commitResults":[{"hash":"f52b5a51d6d66dfb4081c86b5f6dc844a9825e85","messageTitle":"Fix date issues.","messageBody":"Add more Junit test for Add and Update Command\n","fileTypesAndContributionMap":{"functional-code":{"insertions":70,"deletions":9},"test-code":{"insertions":70,"deletions":11}}},{"hash":"da0f8afac2ddb14cf4e6bf53bf13648568fc0878","messageTitle":"Fix coding standards","messageBody":"","fileTypesAndContributionMap":{"test-code":{"insertions":8,"deletions":8}}},{"hash":"1e7c40a3898eabaa0a518f2a263c0bbd7685e869","messageTitle":"Fix gradle errors","messageBody":"","fileTypesAndContributionMap":{"test-code":{"insertions":2,"deletions":2}}}]},{"date":"2022-04-06","commitResults":[{"hash":"b93589eb77a8b1b76365f4523c686f20730977d1","messageTitle":"Edit User Guide","messageBody":"","fileTypesAndContributionMap":{"functional-code":{"insertions":5,"deletions":5},"docs":{"insertions":43,"deletions":26}}},{"hash":"c7160caf00f3fa54209e7a2a7b2e22bcffd07783","messageTitle":"Fix help command test","messageBody":"","fileTypesAndContributionMap":{"functional-code":{"insertions":2,"deletions":2},"test-code":{"insertions":4,"deletions":4}}},{"hash":"333c4f61a58de0b874be3dc5bf815dd7143623a9","messageTitle":"Fix coding standard","messageBody":"","fileTypesAndContributionMap":{"functional-code":{"insertions":2,"deletions":2},"test-code":{"insertions":2,"deletions":2}}}]},{"date":"2022-04-09","commitResults":[{"hash":"a6dfe65c6ed8f3cb915c0036a2655d5806642065","messageTitle":"Add Storage and Command class diagrams","messageBody":"Add CalculateInputCommand sequence diagrams\n\nRefactor and shift helper methods to helper class\n","fileTypesAndContributionMap":{"functional-code":{"insertions":82,"deletions":94},"other":{"insertions":1,"deletions":1},"docs":{"insertions":163,"deletions":10}}},{"hash":"0182680db162b78e658bc0cd7adfb15665f872f5","messageTitle":"Fix coding standards","messageBody":"","fileTypesAndContributionMap":{"functional-code":{"insertions":2,"deletions":2}}},{"hash":"e481b5bcfe72f498e9f60ddf294485eb183ecf29","messageTitle":"Fix comments","messageBody":"Fix add command where invalid input crashes program\n","fileTypesAndContributionMap":{"functional-code":{"insertions":38,"deletions":36},"docs":{"insertions":13,"deletions":13}}},{"hash":"326cac7c8ec9bd11d8c1f7165368177d8a790180","messageTitle":"remove unecessary imports","messageBody":"","fileTypesAndContributionMap":{"functional-code":{"insertions":0,"deletions":10},"test-code":{"insertions":0,"deletions":10}}}]},{"date":"2022-04-10","commitResults":[{"hash":"604988eb9651483f5bceb9fca0c456fd4a908943","messageTitle":"Add limjierui PPP","messageBody":"","fileTypesAndContributionMap":{"docs":{"insertions":121,"deletions":0}}},{"hash":"47f19a5e889709e96efb9118dfee93ddaca36e63","messageTitle":"Enhance list command in UG.","messageBody":"Fix list command to be able to take in a date.\n","fileTypesAndContributionMap":{"functional-code":{"insertions":16,"deletions":24},"docs":{"insertions":75,"deletions":44},"test-code":{"insertions":42,"deletions":20}}},{"hash":"23288f3c514f5fcc816a1be072617aa907996da7","messageTitle":"Remove commented out code","messageBody":"","fileTypesAndContributionMap":{"functional-code":{"insertions":0,"deletions":2}}},{"hash":"7d60ce6e29372e48d1a212d323fbe2ca779eb049","messageTitle":"Fix coding standard.","messageBody":"","fileTypesAndContributionMap":{"test-code":{"insertions":2,"deletions":2}}},{"hash":"301bd26f00e1550be3ca1e886e9a1b53647f1ea9","messageTitle":"Fix comments","messageBody":"","fileTypesAndContributionMap":{"functional-code":{"insertions":1,"deletions":1},"docs":{"insertions":39,"deletions":47},"test-code":{"insertions":2,"deletions":2}}},{"hash":"d412c68c433c1f8b97aec2dde5eaf9a269751681","messageTitle":"Fix minor date input","messageBody":"","fileTypesAndContributionMap":{"docs":{"insertions":1,"deletions":1}}}]},{"date":"2022-04-11","commitResults":[{"hash":"a79e7474a2fc19d015f60729dfdfbe5a1e6dae4f","messageTitle":"Update docs/DeveloperGuide.md","messageBody":"Co-authored-by: khseah \u003c69412944+khseah@users.noreply.github.com\u003e","fileTypesAndContributionMap":{"docs":{"insertions":1,"deletions":1}}},{"hash":"f3b6e7a7392f5b423cc4ce6d9d0c55b46e9a8a4f","messageTitle":"Update docs/DeveloperGuide.md","messageBody":"Co-authored-by: khseah \u003c69412944+khseah@users.noreply.github.com\u003e","fileTypesAndContributionMap":{"docs":{"insertions":1,"deletions":1}}},{"hash":"32c3e182194f55347e931b971685dad3d08175d8","messageTitle":"Update docs/DeveloperGuide.md","messageBody":"Co-authored-by: khseah \u003c69412944+khseah@users.noreply.github.com\u003e","fileTypesAndContributionMap":{"docs":{"insertions":1,"deletions":1}}},{"hash":"aeae6ec52ac8e468d3e8267b45128c5d54067881","messageTitle":"Update docs/DeveloperGuide.md","messageBody":"Co-authored-by: khseah \u003c69412944+khseah@users.noreply.github.com\u003e","fileTypesAndContributionMap":{"docs":{"insertions":1,"deletions":1}}},{"hash":"3819725cd332e04546f1b71aff242f3526ee5eab","messageTitle":"Update docs/DeveloperGuide.md","messageBody":"Co-authored-by: khseah \u003c69412944+khseah@users.noreply.github.com\u003e","fileTypesAndContributionMap":{"docs":{"insertions":1,"deletions":1}}},{"hash":"0ad988c18970eb6ae5f35398575851163ee4214f","messageTitle":"Update docs/DeveloperGuide.md","messageBody":"Co-authored-by: khseah \u003c69412944+khseah@users.noreply.github.com\u003e","fileTypesAndContributionMap":{"docs":{"insertions":1,"deletions":1}}},{"hash":"82e837e4643cde4e09edb86f3ca75f31e53e4c44","messageTitle":"Update docs/DeveloperGuide.md","messageBody":"Co-authored-by: khseah \u003c69412944+khseah@users.noreply.github.com\u003e","fileTypesAndContributionMap":{"docs":{"insertions":1,"deletions":1}}},{"hash":"b8e66acf3d5ac1c88b5c2fe9280f077ff5d003cc","messageTitle":"Update docs/puml/DeserializeListSequenceDiagram.puml","messageBody":"Co-authored-by: khseah \u003c69412944+khseah@users.noreply.github.com\u003e","fileTypesAndContributionMap":{"docs":{"insertions":1,"deletions":1}}},{"hash":"5cb6f8060c17dbf40ac075cb0b68a8e8f15e8e82","messageTitle":"Update docs/puml/SerializeListSequenceDiagram.puml","messageBody":"Co-authored-by: khseah \u003c69412944+khseah@users.noreply.github.com\u003e","fileTypesAndContributionMap":{"docs":{"insertions":1,"deletions":0}}},{"hash":"cfbe10b6d2529a54148862167c595faf5c9a396f","messageTitle":"Update docs/puml/SavingSequenceDiagram.puml","messageBody":"Co-authored-by: khseah \u003c69412944+khseah@users.noreply.github.com\u003e","fileTypesAndContributionMap":{"docs":{"insertions":1,"deletions":0}}},{"hash":"1fc68ead1e560076e9b3531113fc41dbecf194f5","messageTitle":"Update docs/puml/LoadingSequenceDiagram.puml","messageBody":"Co-authored-by: khseah \u003c69412944+khseah@users.noreply.github.com\u003e","fileTypesAndContributionMap":{"docs":{"insertions":1,"deletions":0}}},{"hash":"96ab55d0efc47e1178b213c3ceba5a1a8d4ff3e6","messageTitle":"Update docs/puml/DeserializeListSequenceDiagram.puml","messageBody":"Co-authored-by: khseah \u003c69412944+khseah@users.noreply.github.com\u003e","fileTypesAndContributionMap":{"docs":{"insertions":1,"deletions":0}}},{"hash":"6be11d78d517878541a564e5aed15bdec89e7ab9","messageTitle":"Update docs/DeveloperGuide.md","messageBody":"Co-authored-by: khseah \u003c69412944+khseah@users.noreply.github.com\u003e","fileTypesAndContributionMap":{"docs":{"insertions":1,"deletions":1}}},{"hash":"c4ae21d5c2083ab9191ddd45f28ed2cb01ccaab4","messageTitle":"Update docs/DeveloperGuide.md","messageBody":"Co-authored-by: khseah \u003c69412944+khseah@users.noreply.github.com\u003e","fileTypesAndContributionMap":{"docs":{"insertions":1,"deletions":1}}},{"hash":"46228f14b1bc0b0e339b3aba22912fb706a87b82","messageTitle":"Update docs/DeveloperGuide.md","messageBody":"Co-authored-by: khseah \u003c69412944+khseah@users.noreply.github.com\u003e","fileTypesAndContributionMap":{"docs":{"insertions":1,"deletions":1}}},{"hash":"da102a3ee354e4685468c9b474fe40a3f2db54ca","messageTitle":"Update docs/DeveloperGuide.md","messageBody":"Co-authored-by: khseah \u003c69412944+khseah@users.noreply.github.com\u003e","fileTypesAndContributionMap":{"docs":{"insertions":1,"deletions":1}}},{"hash":"af7c72a507507d6360f7adf970c46fb48ce16a25","messageTitle":"Update docs/DeveloperGuide.md","messageBody":"Co-authored-by: khseah \u003c69412944+khseah@users.noreply.github.com\u003e","fileTypesAndContributionMap":{"docs":{"insertions":1,"deletions":1}}},{"hash":"ef7d0bfab15b7331432835db05b5b7480af9df2e","messageTitle":"Update docs/DeveloperGuide.md","messageBody":"Co-authored-by: khseah \u003c69412944+khseah@users.noreply.github.com\u003e","fileTypesAndContributionMap":{"docs":{"insertions":1,"deletions":1}}},{"hash":"c9b19d3c86f8af6188d288d843dfe644d1785f63","messageTitle":"Update docs/puml/LoadingSequenceDiagram.puml","messageBody":"Co-authored-by: khseah \u003c69412944+khseah@users.noreply.github.com\u003e","fileTypesAndContributionMap":{"docs":{"insertions":1,"deletions":1}}},{"hash":"4a914dfbcd3df847aae6c439d25a2983b87c2b2a","messageTitle":"Update docs/DeveloperGuide.md","messageBody":"Co-authored-by: khseah \u003c69412944+khseah@users.noreply.github.com\u003e","fileTypesAndContributionMap":{"docs":{"insertions":1,"deletions":1}}},{"hash":"81dfa8cc0891f0c64a6c781880fe9c354c2bea66","messageTitle":"Update docs/DeveloperGuide.md","messageBody":"Co-authored-by: khseah \u003c69412944+khseah@users.noreply.github.com\u003e","fileTypesAndContributionMap":{"docs":{"insertions":1,"deletions":1}}},{"hash":"0e65a0a40eda5f9add399472c038e02c75472ab8","messageTitle":"Update docs/DeveloperGuide.md","messageBody":"Co-authored-by: khseah \u003c69412944+khseah@users.noreply.github.com\u003e","fileTypesAndContributionMap":{"docs":{"insertions":1,"deletions":1}}},{"hash":"8f5be3eb7f9d8affe0415b542c3c94623cd5d096","messageTitle":"Update docs/DeveloperGuide.md","messageBody":"Co-authored-by: khseah \u003c69412944+khseah@users.noreply.github.com\u003e","fileTypesAndContributionMap":{"docs":{"insertions":1,"deletions":1}}},{"hash":"2500d5b24f2fda219744b519d6598d0cf33153d0","messageTitle":"Update docs/DeveloperGuide.md","messageBody":"Co-authored-by: khseah \u003c69412944+khseah@users.noreply.github.com\u003e","fileTypesAndContributionMap":{"docs":{"insertions":1,"deletions":1}}},{"hash":"f712f7782b479bb11164d78fabdd529db1dfac3c","messageTitle":"Update docs/DeveloperGuide.md","messageBody":"Co-authored-by: khseah \u003c69412944+khseah@users.noreply.github.com\u003e","fileTypesAndContributionMap":{"docs":{"insertions":1,"deletions":1}}},{"hash":"c50ce634986d715f434d6717422d78b4cc612127","messageTitle":"Update docs/puml/SavingSequenceDiagram.puml","messageBody":"Co-authored-by: khseah \u003c69412944+khseah@users.noreply.github.com\u003e","fileTypesAndContributionMap":{"docs":{"insertions":1,"deletions":1}}},{"hash":"2646631f9012225a78b86f414444eafea9e46137","messageTitle":"Update docs/DeveloperGuide.md","messageBody":"Co-authored-by: khseah \u003c69412944+khseah@users.noreply.github.com\u003e","fileTypesAndContributionMap":{"docs":{"insertions":1,"deletions":1}}},{"hash":"eff592d68fd76ac9b74eb3b215ce996556910c34","messageTitle":"Update docs/puml/SerializeListSequenceDiagram.puml","messageBody":"Co-authored-by: khseah \u003c69412944+khseah@users.noreply.github.com\u003e","fileTypesAndContributionMap":{"docs":{"insertions":1,"deletions":1}}},{"hash":"aee29d004742b6a355fdcc0f6a4c40bab6d59f1c","messageTitle":"Standardise border and arrow colour for diagrams in DG","messageBody":"","fileTypesAndContributionMap":{"docs":{"insertions":49,"deletions":19}}},{"hash":"83680306b8f12c4d83343593b983f76e26d64f5e","messageTitle":"Fix DG review comments","messageBody":"Edit PPP\n","fileTypesAndContributionMap":{"docs":{"insertions":14,"deletions":31}}},{"hash":"44fa2f4d8bb35592f83a15403ceb115cf41d839d","messageTitle":"Fix PPP to be within 2 page limit","messageBody":"","fileTypesAndContributionMap":{"docs":{"insertions":6,"deletions":21}}},{"hash":"57a04869ef832bfc296503a4c0c4cffa879893f8","messageTitle":"Cut PPP word count","messageBody":"","fileTypesAndContributionMap":{"docs":{"insertions":22,"deletions":35}}},{"hash":"78eae544b7f3ed772bdb7ad7f20740b00b2d12af","messageTitle":"Cut even more words in PPP","messageBody":"","fileTypesAndContributionMap":{"docs":{"insertions":20,"deletions":26}}},{"hash":"177d733d00f88062e4386ff54b4400c0b50b1ce2","messageTitle":"Final cut PPP","messageBody":"","fileTypesAndContributionMap":{"docs":{"insertions":1,"deletions":1}}}]}],"danbaterisna":[{"date":"2022-03-03","commitResults":[{"hash":"f238897be2e9410755f397747f64a82579a05062","messageTitle":"Update AboutUs.md","messageBody":"","fileTypesAndContributionMap":{"docs":{"insertions":1,"deletions":1}}}]},{"date":"2022-03-10","commitResults":[{"hash":"b62987b993b04367dd51b529b4cf2479558f9c99","messageTitle":"Implement update command","messageBody":"","fileTypesAndContributionMap":{"functional-code":{"insertions":53,"deletions":0}}}]},{"date":"2022-03-16","commitResults":[{"hash":"443f356c465c93d0f0d090db07448b426972bd07","messageTitle":"Add save and load functionality","messageBody":"This implements a Storage class to handle saving to and loading from storage, and adds a human-readable serialization/deserialization interface for Expenditures. The main MindMyMoney loop is also modified to save the expenditure list after a successful command is run.\n","fileTypesAndContributionMap":{"functional-code":{"insertions":143,"deletions":2}}},{"hash":"926642192a06ba8e51a2a43d3127ce65de636d76","messageTitle":"Add tests","messageBody":"This implements basic tests for Expenditure and Storage. It also modifies the two classes to make them more testable.\n","fileTypesAndContributionMap":{"functional-code":{"insertions":21,"deletions":4},"test-code":{"insertions":81,"deletions":0}}}]},{"date":"2022-03-30","commitResults":[{"hash":"e6725b3ad5d398f6a7e0fd75978b4b04cf55a330","messageTitle":"Update error messages","messageBody":"This fixes a few error messages that weren\u0027t updated along with the associated code. This also adds basic tests for UpdateCommands.\n","fileTypesAndContributionMap":{"functional-code":{"insertions":12,"deletions":7},"test-code":{"insertions":49,"deletions":0}}},{"hash":"d28550d869a48d7b1260019bddbe6dbcf0d1ebb4","messageTitle":"Fix tests and address comments","messageBody":"","fileTypesAndContributionMap":{"functional-code":{"insertions":2,"deletions":3},"test-code":{"insertions":3,"deletions":3}}},{"hash":"51c752a15a9c34d98efc2a55d64e472ceef34b04","messageTitle":"Update save/load to store new data","messageBody":"Fixes #87\n","fileTypesAndContributionMap":{"functional-code":{"insertions":83,"deletions":77},"test-code":{"insertions":26,"deletions":34}}}]},{"date":"2022-03-31","commitResults":[{"hash":"d33380cdf681bd73a41391bb5a1c4fd77337bf8d","messageTitle":"Implement PropertyList","messageBody":"The former implementation of save/load is coupled with the AddCommand implementation, which may create problems if information that cannot be encoded using add needs to be saved.\n\nThis commit introduces a data structure useful for self-contained serialization and deserialization algorithms.\n","fileTypesAndContributionMap":{"functional-code":{"insertions":160,"deletions":0},"test-code":{"insertions":37,"deletions":0}}},{"hash":"cc662d7faca54063bf0fd24a99cd36b4cc0a7829","messageTitle":"Implement serialization of User","messageBody":"","fileTypesAndContributionMap":{"functional-code":{"insertions":329,"deletions":72},"test-code":{"insertions":3,"deletions":2}}},{"hash":"6f563f81ce86b46509be2b7ca40336cd6e6bc186","messageTitle":"Close scanner after user load","messageBody":"This tries to fix a bug that causes Gradle tests to fail\n","fileTypesAndContributionMap":{"functional-code":{"insertions":3,"deletions":1}}},{"hash":"3446a24dcf62f1143b83e4e4894b4c1c5071b4d1","messageTitle":"Address PR comments","messageBody":"","fileTypesAndContributionMap":{"functional-code":{"insertions":17,"deletions":22},"test-code":{"insertions":8,"deletions":5}}},{"hash":"a1456da42f98e95200575884a693f7b883dbab8a","messageTitle":"Address other PR comments","messageBody":"","fileTypesAndContributionMap":{"functional-code":{"insertions":24,"deletions":11},"test-code":{"insertions":8,"deletions":3}}}]},{"date":"2022-04-05","commitResults":[{"hash":"ccc2a728ebad570476bc214b485c2f359f7ec586","messageTitle":"Add error message for missing key in PropertyList","messageBody":"Fixes #135\n","fileTypesAndContributionMap":{"functional-code":{"insertions":21,"deletions":3}}},{"hash":"53e894d52e1e7057aeedbaf59033ca378b9a58e0","messageTitle":"Break down complicated conditional statements","messageBody":"Fixes #136\n","fileTypesAndContributionMap":{"functional-code":{"insertions":14,"deletions":3}}},{"hash":"05a9f87ab20426afc20973451a66b834e406fea6","messageTitle":"Initialize lists in User constructor","messageBody":"Fixes #131\n","fileTypesAndContributionMap":{"functional-code":{"insertions":3,"deletions":0}}},{"hash":"656eafb66c471f6f62a7a3066e9d0b0b83d8f1ab","messageTitle":"Change name of save file","messageBody":"","fileTypesAndContributionMap":{"functional-code":{"insertions":1,"deletions":1}}}]},{"date":"2022-04-11","commitResults":[{"hash":"4df80a8f88698ba4af321f65f459a25b26c32dc2","messageTitle":"Add load/store descriptions in DG","messageBody":"","fileTypesAndContributionMap":{"docs":{"insertions":231,"deletions":1}}},{"hash":"d93ff00c6df3c582c6ea8048becb0fb5c88e90cc","messageTitle":"Add links to load/store in DG content page","messageBody":"","fileTypesAndContributionMap":{"docs":{"insertions":6,"deletions":2}}},{"hash":"baf0506f96cee0abb3d5d94645a78ed4223320ab","messageTitle":"Update load/store diagrams","messageBody":"Add colors to activation bars, and use the IntelliJ PlantUML plugin\nto generate diagrams\n","fileTypesAndContributionMap":{"docs":{"insertions":36,"deletions":23}}},{"hash":"6049a1ff91a227b522d5d3d7d56c46571cd2c3aa","messageTitle":"Add initial instructions for manual testing","messageBody":"","fileTypesAndContributionMap":{"docs":{"insertions":73,"deletions":1}}},{"hash":"3d091cbb09a9b7b4e7ac74466be228ae0afce44c","messageTitle":"Add more instructions for manual testing","messageBody":"","fileTypesAndContributionMap":{"docs":{"insertions":63,"deletions":11}}},{"hash":"306dd651432c1989bd2a8bfb99e95c407b637f8a","messageTitle":"Add description of save file format to UG","messageBody":"","fileTypesAndContributionMap":{"docs":{"insertions":57,"deletions":5}}},{"hash":"2a6d86634a4bb76e904fde0b9b47a6d92e288462","messageTitle":"Resolve comments on testing instructions","messageBody":"Specifies the credit limit in Adding 4.ii, separates the section for deleting data,\nand adds instructions for testing `list /e {DATE}`.\n","fileTypesAndContributionMap":{"docs":{"insertions":57,"deletions":38}}},{"hash":"17b23b97d7ac4b3c45ff6e7d1dd77d04ebe3f509","messageTitle":"Add Dan PPP","messageBody":"","fileTypesAndContributionMap":{"docs":{"insertions":62,"deletions":0}}}]}]},"authorFileTypeContributionMap":{"SeanHoWB":{"docs":816,"functional-code":790,"test-code":1126},"khseah":{"docs":863,"functional-code":937,"test-code":341,"other":5},"glendonnotglen":{"docs":888,"functional-code":618,"test-code":378},"limjierui":{"docs":382,"functional-code":691,"test-code":485},"danbaterisna":{"docs":482,"functional-code":666,"test-code":164}},"authorContributionVariance":{"SeanHoWB":53706.89,"khseah":48392.777,"glendonnotglen":35838.707,"limjierui":22982.957,"danbaterisna":19259.826},"authorDisplayNameMap":{"SeanHoWB":"CS2113T-T10-4 HO W..SEAN","khseah":"CS2113T-T10-4 SEAH.. HAN","glendonnotglen":"CS2113T-T10-4 NG Z..NDON","limjierui":"CS2113T-T10-4 LIM .. RUI","danbaterisna":"CS2113T-T10-4 BATE..OBIA"}}
