{"authorDailyContributionsMap":{"SeanHoWB":[{"date":"2022-03-03","commitResults":[{"hash":"56293ec1cf95a8faed0f497d75c9c0310ee2e7f0","messageTitle":"Update AboutUs.md","messageBody":"","fileTypesAndContributionMap":{"docs":{"insertions":4,"deletions":4}}},{"hash":"265d07935384ae5a97becaa7d256a56e31213473","messageTitle":"Update AboutUs.md","messageBody":"","fileTypesAndContributionMap":{"docs":{"insertions":1,"deletions":1}}},{"hash":"04b57b1a7aaf518ebb97d4caba2fa7e37544891b","messageTitle":"Update AboutUs.md","messageBody":"","fileTypesAndContributionMap":{"docs":{"insertions":2,"deletions":2}}}]},{"date":"2022-03-09","commitResults":[{"hash":"4e60db67176f9cebb4c25aed850d221d53eaf2cd","messageTitle":"Added add command","messageBody":"","fileTypesAndContributionMap":{"functional-code":{"insertions":147,"deletions":14}}},{"hash":"296d37f8f5a4101d4a5f6ee6f58080e44171ede8","messageTitle":"Fix buildcheck errors","messageBody":"","fileTypesAndContributionMap":{"functional-code":{"insertions":5,"deletions":4}}},{"hash":"43693631d2910d3b489b9029d9f2ba2cf3769928","messageTitle":"Update Functions.java","messageBody":"","fileTypesAndContributionMap":{"functional-code":{"insertions":5,"deletions":6}}}]},{"date":"2022-03-10","commitResults":[{"hash":"d89fb7de0c01f85991d4b253f821e46b2d95a900","messageTitle":"Added JUnit tests for Add Command","messageBody":"","fileTypesAndContributionMap":{"functional-code":{"insertions":23,"deletions":18},"test-code":{"insertions":38,"deletions":0}}},{"hash":"1dd8ebfde52ebfebf799e80c989212827f89f372","messageTitle":"Added JUnit tests for Add Command","messageBody":"","fileTypesAndContributionMap":{"test-code":{"insertions":4,"deletions":4}}},{"hash":"c618cb9113d3314f62b6728883c14585d73185dc","messageTitle":"Added newline in AddCommandTest.java","messageBody":"","fileTypesAndContributionMap":{"test-code":{"insertions":1,"deletions":2}}}]},{"date":"2022-03-11","commitResults":[{"hash":"75747479475c5c106ba071e206d7b4a97c19dbe5","messageTitle":"Updated AddCommandTest","messageBody":"","fileTypesAndContributionMap":{"other":{"insertions":1,"deletions":0},"test-code":{"insertions":41,"deletions":11}}},{"hash":"78d8b8c35def208c2748eeeb154a2130613e859e","messageTitle":"Updated AddCommandTest","messageBody":"","fileTypesAndContributionMap":{"test-code":{"insertions":2,"deletions":2}}},{"hash":"448c88cbc5177311e533d00a15d2e636fd55c6d5","messageTitle":"Update build.gradle","messageBody":"","fileTypesAndContributionMap":{"other":{"insertions":0,"deletions":1}}},{"hash":"0021659bf186a4055cfafafebf0fb727ab423151","messageTitle":"Fixes to AddCommandTetst","messageBody":"","fileTypesAndContributionMap":{"test-code":{"insertions":6,"deletions":0}}}]},{"date":"2022-03-16","commitResults":[{"hash":"c683389e45b19835b80e396804929a1fe4c5f5a0","messageTitle":"Added categories for addcommand","messageBody":"","fileTypesAndContributionMap":{"functional-code":{"insertions":68,"deletions":15},"test-code":{"insertions":2,"deletions":2}}},{"hash":"e347fab8d74857ba9667978e85f2d99fc0c07397","messageTitle":"Added assertions to AddCommand","messageBody":"","fileTypesAndContributionMap":{"functional-code":{"insertions":8,"deletions":5}}},{"hash":"83a007822006fce900c76b8a807c363db22b25da","messageTitle":"Added assertions to AddCommand","messageBody":"","fileTypesAndContributionMap":{"functional-code":{"insertions":3,"deletions":4}}},{"hash":"ea29aade543938c5fdadf50d22e3f7c489f723d9","messageTitle":"Added assertions to AddCommand","messageBody":"","fileTypesAndContributionMap":{"test-code":{"insertions":6,"deletions":3}}}]}],"khseah":[{"date":"2022-03-03","commitResults":[{"hash":"98f9dbd976618989b75f7ef758f5df8c137becbc","messageTitle":"Update README","messageBody":"","fileTypesAndContributionMap":{"docs":{"insertions":7,"deletions":7}}}]},{"date":"2022-03-09","commitResults":[{"hash":"f29cc0a9a4374055ed06d8027ca12fa0905bb849","messageTitle":"Format table for better readability","messageBody":"","fileTypesAndContributionMap":{"docs":{"insertions":7,"deletions":7}}},{"hash":"e8e22d3629f143f8dec72427180fe002f260de10","messageTitle":"Rename mainClassName to MindMyMoney","messageBody":"","fileTypesAndContributionMap":{"functional-code":{"insertions":0,"deletions":21},"other":{"insertions":1,"deletions":1},"test-code":{"insertions":0,"deletions":12}}},{"hash":"13ce0d600658da3166e3fccff70b892b23621a51","messageTitle":"Rename test class to MindMyMoney","messageBody":"","fileTypesAndContributionMap":{"test-code":{"insertions":12,"deletions":0}}},{"hash":"95299ec85603ab58022b3985d7683d53843a5683","messageTitle":"Add Help command","messageBody":"","fileTypesAndContributionMap":{"functional-code":{"insertions":47,"deletions":0}}},{"hash":"939fa72a6a714fb52a33671317c44f1c722a75a4","messageTitle":"Add Ui class","messageBody":"","fileTypesAndContributionMap":{"functional-code":{"insertions":43,"deletions":0}}},{"hash":"a73a0785a5d07e886a61804116288d174564c4d0","messageTitle":"Add Parser class","messageBody":"","fileTypesAndContributionMap":{"functional-code":{"insertions":48,"deletions":0}}},{"hash":"d41a360da269895e73af1dcfff51a7aff426e767","messageTitle":"Update main class","messageBody":"","fileTypesAndContributionMap":{"functional-code":{"insertions":30,"deletions":0}}},{"hash":"4755f03aa1f0faf7f1423f5604c173493e99965f","messageTitle":"Refactor code to follow guidelines","messageBody":"","fileTypesAndContributionMap":{"functional-code":{"insertions":1,"deletions":1}}}]},{"date":"2022-03-11","commitResults":[{"hash":"fe03131a8012946c8161e0fcb1c49acdb638073e","messageTitle":"Refactor code to make improve readability","messageBody":"Instead of importing Indexes, import the Indexes.constant directly. Then we don\u0027t have to always add \"Indexes.\" infront.\n","fileTypesAndContributionMap":{"functional-code":{"insertions":19,"deletions":16},"test-code":{"insertions":3,"deletions":4}}},{"hash":"51c83c30aff21079717d713b5981c6e6e0165a03","messageTitle":"Add JUnit test for Help command","messageBody":"","fileTypesAndContributionMap":{"test-code":{"insertions":57,"deletions":0}}},{"hash":"04625083d1286b50609ed4ac1f8c27a4738d3b9f","messageTitle":"Add whitespace to follow coding standards","messageBody":"","fileTypesAndContributionMap":{"test-code":{"insertions":1,"deletions":1}}},{"hash":"2769a120d4b0d7bfb5e526071724e4f76d0dfe66","messageTitle":"Refactor code to comply with coding standards","messageBody":"","fileTypesAndContributionMap":{"functional-code":{"insertions":4,"deletions":1}}}]},{"date":"2022-03-16","commitResults":[{"hash":"7c9f836eadafe4fe2944691e258ed6a669df7697","messageTitle":"Add assertion to Parser class","messageBody":"","fileTypesAndContributionMap":{"functional-code":{"insertions":2,"deletions":0}}},{"hash":"04dfdf65bc8191da09867adb68f98b5cd78bafd0","messageTitle":"Add tips at startup","messageBody":"","fileTypesAndContributionMap":{"functional-code":{"insertions":58,"deletions":1}}},{"hash":"f2ca558d3e0efada7135a7c96fc4460441b89ed7","messageTitle":"Add message to assertion","messageBody":"","fileTypesAndContributionMap":{"functional-code":{"insertions":2,"deletions":2}}},{"hash":"73a8f5871e7cc3dd6407963c59f38fb9f63d86cf","messageTitle":"Refactor code indents to adhere to Gradle CheckStyle","messageBody":"","fileTypesAndContributionMap":{"functional-code":{"insertions":48,"deletions":48}}},{"hash":"00cceb5b11aee138a8a804941f9427ae5c244f97","messageTitle":"Edit tips message to pass Gradle tests","messageBody":"","fileTypesAndContributionMap":{"functional-code":{"insertions":1,"deletions":1}}},{"hash":"47e9fdbdffdb7cac16fa05fcc20da1cc3a659ba4","messageTitle":"Refactor code to pass gradle tests","messageBody":"","fileTypesAndContributionMap":{"functional-code":{"insertions":2,"deletions":2}}},{"hash":"22c16a900d20230f67bd10d03f17c153780c26cb","messageTitle":"Add assertion for randomIndex","messageBody":"","fileTypesAndContributionMap":{"functional-code":{"insertions":3,"deletions":2}}},{"hash":"3992ac1adf4091339b38abdfb4576cbf91bf0887","messageTitle":"Edit runtest.bat file","messageBody":"","fileTypesAndContributionMap":{"other":{"insertions":0,"deletions":2}}},{"hash":"04159e22c4759a5fe0c9a09138f3eeef5b3cdb97","messageTitle":"Edit runtest.sh file","messageBody":"","fileTypesAndContributionMap":{"other":{"insertions":0,"deletions":2}}},{"hash":"b1b1820b17b0526ec4bba95de1c07613143dcece","messageTitle":"Edit test files","messageBody":"","fileTypesAndContributionMap":{"other":{"insertions":2,"deletions":14}}}]},{"date":"2022-03-17","commitResults":[{"hash":"6f8de0711d83bba3fc5bf88fa53a63752f33f898","messageTitle":"Resolve merge conflicts","messageBody":"","fileTypesAndContributionMap":{"functional-code":{"insertions":1,"deletions":2},"test-code":{"insertions":2,"deletions":2}}},{"hash":"26ca81c8f1dc91bc0efda742122ec3c6fbaa052c","messageTitle":"Update gitignore to ignore data and manifest files","messageBody":"","fileTypesAndContributionMap":{"other":{"insertions":2,"deletions":1}}},{"hash":"9d5e988e7af71963e94481c472841c70dbd88150","messageTitle":"Resolve build errors","messageBody":"","fileTypesAndContributionMap":{"test-code":{"insertions":1,"deletions":1}}}]}],"glendonnotglen":[{"date":"2022-03-03","commitResults":[{"hash":"9f5a80a3de92c422460498d38516959680ccb119","messageTitle":"Update README","messageBody":"","fileTypesAndContributionMap":{"docs":{"insertions":1,"deletions":1}}},{"hash":"29d11b8c7f1eba53bd21f69c887be2c7ff875032","messageTitle":"Add Glendon inside AboutUs.md","messageBody":"","fileTypesAndContributionMap":{"docs":{"insertions":7,"deletions":7}}}]},{"date":"2022-03-10","commitResults":[{"hash":"747137356b8693f57b0f7cee9bf04eff81eafe5f","messageTitle":"Add list command","messageBody":"","fileTypesAndContributionMap":{"functional-code":{"insertions":33,"deletions":6}}},{"hash":"35c47d38733c90e81060fd6eda1dec1c3b78c971","messageTitle":"Amend to coding standards","messageBody":"Fixes #7\n","fileTypesAndContributionMap":{"functional-code":{"insertions":6,"deletions":7}}},{"hash":"a450d77f07c7623886f38282205a8b0caec4f488","messageTitle":"Amend RightCurlyAlone formatting","messageBody":"","fileTypesAndContributionMap":{"functional-code":{"insertions":2,"deletions":1}}}]},{"date":"2022-03-11","commitResults":[{"hash":"5477851b722f2d34dcd3a867629618f5657f00d9","messageTitle":"Add JUnit test for MindMyMoney exception for empty list listcommand","messageBody":"","fileTypesAndContributionMap":{"functional-code":{"insertions":4,"deletions":4},"test-code":{"insertions":17,"deletions":0}}},{"hash":"e9d8ad24c04e5881b5fa0de838894ebc729fe0e2","messageTitle":"Fix to adhere to coding standards","messageBody":"","fileTypesAndContributionMap":{"test-code":{"insertions":1,"deletions":2}}},{"hash":"36f3c94185c39159e5daf55ed90a57d11fc2d662","messageTitle":"Remove unused imports and functions","messageBody":"","fileTypesAndContributionMap":{"test-code":{"insertions":0,"deletions":16}}},{"hash":"ef74fa4c798f2c56611601a86dc3852415aeaa89","messageTitle":"Add happy path JUnit test","messageBody":"","fileTypesAndContributionMap":{"functional-code":{"insertions":13,"deletions":7},"test-code":{"insertions":14,"deletions":2}}}]},{"date":"2022-03-15","commitResults":[{"hash":"b0fecede1a2a237b44c5eb05e0c2b02fac391432","messageTitle":"Add documentations and renamed method for clarity","messageBody":"","fileTypesAndContributionMap":{"functional-code":{"insertions":1,"deletions":1},"test-code":{"insertions":9,"deletions":1}}}]},{"date":"2022-03-16","commitResults":[{"hash":"6ff39f5b4f00755ac7d17e982006dcdde90eb7cc","messageTitle":"Update User Guide and Read Me with details of our application","messageBody":"","fileTypesAndContributionMap":{"docs":{"insertions":76,"deletions":32}}},{"hash":"ec6324c0f048746ba38fff1d65d79b91a3cbd13f","messageTitle":"Change minor details in README and User Guide","messageBody":"","fileTypesAndContributionMap":{"docs":{"insertions":6,"deletions":7}}},{"hash":"eef999c755b866ba9350c914dbfd61e087ee495e","messageTitle":"Add JUnit testing for Parser class","messageBody":"","fileTypesAndContributionMap":{"test-code":{"insertions":49,"deletions":0}}},{"hash":"fa87f59e3dbf0c80a81d7b712c952a3c1c110c25","messageTitle":"Changes to fit coding standards","messageBody":"","fileTypesAndContributionMap":{"test-code":{"insertions":8,"deletions":6}}}]}],"limjierui":[{"date":"2022-03-03","commitResults":[{"hash":"87a02e8b30ecec26cc60a74d24b9ca7e31c3705c","messageTitle":"Add limjierui to AboutUs.md","messageBody":"","fileTypesAndContributionMap":{"docs":{"insertions":7,"deletions":7}}}]},{"date":"2022-03-10","commitResults":[{"hash":"eceb6f3631d5a6a2e0459846fdbb40b5d00907db","messageTitle":"Added DeleteCommand","messageBody":"","fileTypesAndContributionMap":{"functional-code":{"insertions":71,"deletions":10}}},{"hash":"c139f967201b49e78eaf2839b513191cddc220ed","messageTitle":"Fixed Coding standards","messageBody":"","fileTypesAndContributionMap":{"functional-code":{"insertions":15,"deletions":8}}},{"hash":"9a1c4bf7558c0914290543628bb59a1ae3abdcf8","messageTitle":"Added JUnit Tests for Delete Command","messageBody":"","fileTypesAndContributionMap":{"functional-code":{"insertions":2,"deletions":2},"test-code":{"insertions":86,"deletions":0}}},{"hash":"072b9aeec56bb862868a322c7c04288164fd2487","messageTitle":"Fixed Coding Standards for DeleteCommandTest","messageBody":"","fileTypesAndContributionMap":{"test-code":{"insertions":6,"deletions":12}}},{"hash":"c256f34102131302bda7a520b69af62bdf6848df","messageTitle":"Fixed coding standards #2 for DeleteCommandTest","messageBody":"","fileTypesAndContributionMap":{"test-code":{"insertions":1,"deletions":1}}},{"hash":"c2bdef6bd604985d656d6db6f440d05051060c42","messageTitle":"Fix coding standard 3 for DeleteCommandTest","messageBody":"","fileTypesAndContributionMap":{"test-code":{"insertions":1,"deletions":1}}},{"hash":"36798e12d263e59ee5d9cf21fb38229887be9f33","messageTitle":"Remove AddCommandTest file","messageBody":"","fileTypesAndContributionMap":{"test-code":{"insertions":0,"deletions":37}}}]},{"date":"2022-03-11","commitResults":[{"hash":"07847e46db5bbf8e2499c28ba6c76befcde8adb8","messageTitle":"Add newline to end of file for DeleteCommandTest","messageBody":"","fileTypesAndContributionMap":{"test-code":{"insertions":1,"deletions":1}}},{"hash":"cb89be460a5176f58b9f0c3b508e67c960fc6005","messageTitle":"Change method name and logic of deleteCommand_addToEmptyList_expectException function","messageBody":"","fileTypesAndContributionMap":{"test-code":{"insertions":7,"deletions":8}}},{"hash":"1eeb1a07c4322aa73b0f20f08216e799601679e0","messageTitle":"Edit DeleteCommandTest file","messageBody":"","fileTypesAndContributionMap":{"test-code":{"insertions":5,"deletions":3}}}]},{"date":"2022-03-15","commitResults":[{"hash":"537becd92110b6b0b40cd3cf497e654f3a803b44","messageTitle":"Add more OOP, Refactor code to remove usage of global list","messageBody":"","fileTypesAndContributionMap":{"functional-code":{"insertions":99,"deletions":27},"test-code":{"insertions":35,"deletions":34}}},{"hash":"5971256137406819febca18ac68e6e77177c3f14","messageTitle":"Edit code to match Coding Standards","messageBody":"","fileTypesAndContributionMap":{"test-code":{"insertions":12,"deletions":8}}},{"hash":"1c31e4258aa1d559acecdb9cca3d893e0a57bbc1","messageTitle":"Edit code to match Coding Standards 2","messageBody":"","fileTypesAndContributionMap":{"test-code":{"insertions":9,"deletions":15}}}]},{"date":"2022-03-16","commitResults":[{"hash":"9927251b7fb7faab52217446b81fc26b25db1470","messageTitle":"Fix coding standards","messageBody":"","fileTypesAndContributionMap":{"functional-code":{"insertions":40,"deletions":31},"other":{"insertions":12,"deletions":12},"test-code":{"insertions":40,"deletions":34}}},{"hash":"6b270040e679588a6838b978611bdd04069355d1","messageTitle":"Fix lambda indents","messageBody":"","fileTypesAndContributionMap":{"test-code":{"insertions":6,"deletions":6}}},{"hash":"33c39f946a84d7539faeebe2f0c55cb5a27ada81","messageTitle":"Add Bye Command","messageBody":"","fileTypesAndContributionMap":{"functional-code":{"insertions":80,"deletions":12}}},{"hash":"68ad1b23722e48bcfc53e4647d7b7db35a4df358","messageTitle":"Fix errors shown on pull request","messageBody":"","fileTypesAndContributionMap":{"functional-code":{"insertions":8,"deletions":1}}},{"hash":"03770493656cd6c8f2e07568ec8c2857540d635a","messageTitle":"Edit Expected.txt","messageBody":"","fileTypesAndContributionMap":{"functional-code":{"insertions":1,"deletions":1}}}]},{"date":"2022-03-17","commitResults":[{"hash":"e2cc20584ffcb0e3697bad951b0d9cde4ddfa894","messageTitle":"Add assert for deletecommand","messageBody":"","fileTypesAndContributionMap":{"functional-code":{"insertions":1,"deletions":0}}},{"hash":"71903ba411fd84e68c6190c6448aa256f7f8a112","messageTitle":"Edit assertion in delete command","messageBody":"","fileTypesAndContributionMap":{"functional-code":{"insertions":1,"deletions":1}}}]}],"danbaterisna":[{"date":"2022-03-03","commitResults":[{"hash":"f238897be2e9410755f397747f64a82579a05062","messageTitle":"Update AboutUs.md","messageBody":"","fileTypesAndContributionMap":{"docs":{"insertions":1,"deletions":1}}}]},{"date":"2022-03-10","commitResults":[{"hash":"b62987b993b04367dd51b529b4cf2479558f9c99","messageTitle":"Implement update command","messageBody":"","fileTypesAndContributionMap":{"functional-code":{"insertions":53,"deletions":0}}}]},{"date":"2022-03-16","commitResults":[{"hash":"443f356c465c93d0f0d090db07448b426972bd07","messageTitle":"Add save and load functionality","messageBody":"This implements a Storage class to handle saving to and loading from storage, and adds a human-readable serialization/deserialization interface for Expenditures. The main MindMyMoney loop is also modified to save the expenditure list after a successful command is run.\n","fileTypesAndContributionMap":{"functional-code":{"insertions":143,"deletions":2}}},{"hash":"926642192a06ba8e51a2a43d3127ce65de636d76","messageTitle":"Add tests","messageBody":"This implements basic tests for Expenditure and Storage. It also modifies the two classes to make them more testable.\n","fileTypesAndContributionMap":{"functional-code":{"insertions":21,"deletions":4},"test-code":{"insertions":81,"deletions":0}}}]}]},"authorFileTypeContributionMap":{"SeanHoWB":{"docs":0,"functional-code":191,"test-code":64},"khseah":{"docs":7,"functional-code":215,"test-code":62,"other":4},"glendonnotglen":{"docs":75,"functional-code":36,"test-code":82},"limjierui":{"docs":0,"functional-code":257,"test-code":105},"danbaterisna":{"docs":0,"functional-code":197,"test-code":78}},"authorContributionVariance":{"SeanHoWB":1817.3811,"khseah":3242.8613,"glendonnotglen":1406.4529,"limjierui":6382.8115,"danbaterisna":2231.0662},"authorDisplayNameMap":{"SeanHoWB":"CS2113T-T10-4 HO W..SEAN","khseah":"CS2113T-T10-4 SEAH.. HAN","glendonnotglen":"CS2113T-T10-4 NG Z..NDON","limjierui":"CS2113T-T10-4 LIM .. RUI","danbaterisna":"CS2113T-T10-4 BATE..OBIA"}}
