{"authorDailyContributionsMap":{"BotBw":[{"date":"2022-03-03","commitResults":[{"hash":"4e8e04fd067365629c28c9c6d1b88556c9daeeb2","messageTitle":"Update docs/AboutUs.md","messageBody":"","fileTypesAndContributionMap":{"docs":{"insertions":1,"deletions":1}}}]},{"date":"2022-03-10","commitResults":[{"hash":"07eafc6e968ce4e86f9f1e7e8996c44792651490","messageTitle":"Add dish and basic function of dish manager","messageBody":"","fileTypesAndContributionMap":{"functional-code":{"insertions":76,"deletions":0}}},{"hash":"237c8bdcb2c3e42fc966c08889c395ad315a360d","messageTitle":"Format the code","messageBody":"","fileTypesAndContributionMap":{"functional-code":{"insertions":3,"deletions":3}}},{"hash":"9f426632eb76ecaa838898cc406d1876e8496c6f","messageTitle":"Add Manager directory","messageBody":"","fileTypesAndContributionMap":{"functional-code":{"insertions":1,"deletions":1},"other":{"insertions":3,"deletions":1}}},{"hash":"f1be5377e8fb439cbcde9aa0637c90146d404418","messageTitle":"Format the code and directory name","messageBody":"","fileTypesAndContributionMap":{"other":{"insertions":1,"deletions":1}}},{"hash":"440c815c3a4b367b2f37153561b9ed5677921a97","messageTitle":"Add JUnit test and javadoc","messageBody":"","fileTypesAndContributionMap":{"functional-code":{"insertions":103,"deletions":44},"test-code":{"insertions":74,"deletions":0}}},{"hash":"60b7025a4f49e075a52a08e63a58eeafc6485c37","messageTitle":"Add dish controller","messageBody":"","fileTypesAndContributionMap":{"functional-code":{"insertions":102,"deletions":0}}},{"hash":"76e70381d861d204ce1988841cf8d45f30acb72b","messageTitle":"Add getter in Dish.java","messageBody":"","fileTypesAndContributionMap":{"functional-code":{"insertions":8,"deletions":0}}},{"hash":"11dfbddb1307c6e1105415b6979e53d627b7b33f","messageTitle":"Format the code","messageBody":"","fileTypesAndContributionMap":{"functional-code":{"insertions":8,"deletions":8},"test-code":{"insertions":25,"deletions":25}}},{"hash":"7f042b09d06b4ec1fba4fe734fe19e71e006de71","messageTitle":"Format all the code","messageBody":"","fileTypesAndContributionMap":{"functional-code":{"insertions":2,"deletions":1},"test-code":{"insertions":6,"deletions":2}}},{"hash":"ab1e7c3f82b2a7d9f8ee5b20983c72adea256764","messageTitle":"Change defaultChoice to CHOICES","messageBody":"","fileTypesAndContributionMap":{"functional-code":{"insertions":2,"deletions":2}}}]}],"z0723-julie":[],"Lim-Shi-Han":[],"darylhjd":[{"date":"2022-03-09","commitResults":[{"hash":"bbef4196f93bb919aef9f26871a2bd19a737435e","messageTitle":"chore: initial implementation for getting input from user.","messageBody":"","fileTypesAndContributionMap":{"functional-code":{"insertions":193,"deletions":21},"other":{"insertions":1,"deletions":1}}},{"hash":"5b715ec723f8fab28511ed3842e17a29ab866208","messageTitle":"chore: add default case for switch statement.","messageBody":"","fileTypesAndContributionMap":{"functional-code":{"insertions":4,"deletions":0}}},{"hash":"e78a93a99730a2f55701141b345bc6aa1031693f","messageTitle":"chore: formatting","messageBody":"","fileTypesAndContributionMap":{"functional-code":{"insertions":7,"deletions":15},"test-code":{"insertions":2,"deletions":2}}},{"hash":"d30937e306424e2f728c14fbbf65634269692836","messageTitle":"chore: formatting","messageBody":"","fileTypesAndContributionMap":{"functional-code":{"insertions":5,"deletions":0}}},{"hash":"1a7d3d0d969371e5c65b46b91afcb94b87f70cf0","messageTitle":"chore: formatting","messageBody":"","fileTypesAndContributionMap":{"functional-code":{"insertions":1,"deletions":0}}},{"hash":"4d16fab1c24a9815c75f1cd29a8fe8c26eb9ca3f","messageTitle":"chore: formatting","messageBody":"","fileTypesAndContributionMap":{"functional-code":{"insertions":1,"deletions":1}}},{"hash":"f6c7e90fc739f4818898582a2f4d1071206de996","messageTitle":"chore: formatting","messageBody":"","fileTypesAndContributionMap":{"other":{"insertions":2,"deletions":2}}}]}],"wang1351":[]},"authorFileTypeContributionMap":{"BotBw":{"docs":1,"functional-code":248,"test-code":78},"z0723-julie":{"docs":0,"functional-code":0,"test-code":0},"Lim-Shi-Han":{"docs":0,"functional-code":0,"test-code":0},"darylhjd":{"docs":0,"functional-code":185,"test-code":2},"wang1351":{"docs":0,"functional-code":0,"test-code":0}},"authorContributionVariance":{"BotBw":11424.381,"z0723-julie":0.0,"Lim-Shi-Han":0.0,"darylhjd":3018.7754,"wang1351":0.0},"authorDisplayNameMap":{"BotBw":"CS2113-T11-4 WANG..XUAN","z0723-julie":"CS2113-T11-4 ZHAO..QING","Lim-Shi-Han":"CS2113-T11-4 LIM .. HAN","darylhjd":"CS2113-T11-4 HAR ..ARYL","wang1351":"CS2113-T11-4 WANG..IYAN"}}
