{"authorDailyContributionsMap":{"BotBw":[{"date":"2022-03-03","commitResults":[{"hash":"4e8e04fd067365629c28c9c6d1b88556c9daeeb2","messageTitle":"Update docs/AboutUs.md","messageBody":"","fileTypesAndContributionMap":{"docs":{"insertions":1,"deletions":1}}}]},{"date":"2022-03-10","commitResults":[{"hash":"07eafc6e968ce4e86f9f1e7e8996c44792651490","messageTitle":"Add dish and basic function of dish manager","messageBody":"","fileTypesAndContributionMap":{"functional-code":{"insertions":76,"deletions":0}}},{"hash":"237c8bdcb2c3e42fc966c08889c395ad315a360d","messageTitle":"Format the code","messageBody":"","fileTypesAndContributionMap":{"functional-code":{"insertions":3,"deletions":3}}},{"hash":"9f426632eb76ecaa838898cc406d1876e8496c6f","messageTitle":"Add Manager directory","messageBody":"","fileTypesAndContributionMap":{"functional-code":{"insertions":1,"deletions":1},"other":{"insertions":3,"deletions":1}}},{"hash":"f1be5377e8fb439cbcde9aa0637c90146d404418","messageTitle":"Format the code and directory name","messageBody":"","fileTypesAndContributionMap":{"other":{"insertions":1,"deletions":1}}},{"hash":"440c815c3a4b367b2f37153561b9ed5677921a97","messageTitle":"Add JUnit test and javadoc","messageBody":"","fileTypesAndContributionMap":{"functional-code":{"insertions":103,"deletions":44},"test-code":{"insertions":74,"deletions":0}}},{"hash":"60b7025a4f49e075a52a08e63a58eeafc6485c37","messageTitle":"Add dish controller","messageBody":"","fileTypesAndContributionMap":{"functional-code":{"insertions":102,"deletions":0}}},{"hash":"76e70381d861d204ce1988841cf8d45f30acb72b","messageTitle":"Add getter in Dish.java","messageBody":"","fileTypesAndContributionMap":{"functional-code":{"insertions":8,"deletions":0}}},{"hash":"11dfbddb1307c6e1105415b6979e53d627b7b33f","messageTitle":"Format the code","messageBody":"","fileTypesAndContributionMap":{"functional-code":{"insertions":8,"deletions":8},"test-code":{"insertions":25,"deletions":25}}},{"hash":"7f042b09d06b4ec1fba4fe734fe19e71e006de71","messageTitle":"Format all the code","messageBody":"","fileTypesAndContributionMap":{"functional-code":{"insertions":2,"deletions":1},"test-code":{"insertions":6,"deletions":2}}},{"hash":"ab1e7c3f82b2a7d9f8ee5b20983c72adea256764","messageTitle":"Change defaultChoice to CHOICES","messageBody":"","fileTypesAndContributionMap":{"functional-code":{"insertions":2,"deletions":2}}},{"hash":"4553aa2becfc4e9107389ae29ac301caf8bc8491","messageTitle":"Add getDishes() in DishManager.java","messageBody":"","fileTypesAndContributionMap":{"functional-code":{"insertions":8,"deletions":0}}}]},{"date":"2022-03-11","commitResults":[{"hash":"82d5f09e633b4954d126946fbfd98daf6d5e950b","messageTitle":"Add javadoc and missing exception","messageBody":"","fileTypesAndContributionMap":{"functional-code":{"insertions":17,"deletions":1}}}]},{"date":"2022-03-14","commitResults":[{"hash":"1fe3e9b524af30313db6932419279f3203545ecd","messageTitle":"Modify DishController.java with new InputParser.java","messageBody":"","fileTypesAndContributionMap":{"functional-code":{"insertions":38,"deletions":60}}},{"hash":"bd71b6aad9b3d5b625074e7668d8691dafc2fb2d","messageTitle":"Modify DishController.java and get input using InputParser","messageBody":"","fileTypesAndContributionMap":{"functional-code":{"insertions":34,"deletions":26}}}]},{"date":"2022-03-15","commitResults":[{"hash":"eba51ebb8c07f22deb0301e85699f02e30445e4d","messageTitle":"Move exception handling (originally in optionSwitcher) into private methods","messageBody":"","fileTypesAndContributionMap":{"functional-code":{"insertions":48,"deletions":32}}},{"hash":"da1fd05bc6473d0afe02a5c20aa91df0be852015","messageTitle":"Mofidy one method signature","messageBody":"","fileTypesAndContributionMap":{"functional-code":{"insertions":1,"deletions":1}}},{"hash":"c0db9a6782b1a44a94c759f6ccd8263344f6ace1","messageTitle":"Enable assertion in build.gradle","messageBody":"","fileTypesAndContributionMap":{"other":{"insertions":1,"deletions":0}}},{"hash":"41127d928aae7c5deb86afc68354e10df54ee23c","messageTitle":"Add logging and assertion","messageBody":"","fileTypesAndContributionMap":{"functional-code":{"insertions":16,"deletions":1}}},{"hash":"60633fdf0c7903aec766f20cbc838b167b623d5c","messageTitle":"Modify dish function","messageBody":"Format toString of Dish.java, add listDishes in DishManager.java, and reorder the options in DishManager.java.\n","fileTypesAndContributionMap":{"functional-code":{"insertions":21,"deletions":8}}},{"hash":"fed10ba05ef43eefc8d565d6aa4d9aabe5789b1a","messageTitle":"Format the code","messageBody":"","fileTypesAndContributionMap":{"functional-code":{"insertions":8,"deletions":8}}}]},{"date":"2022-03-16","commitResults":[{"hash":"dda3f0aa96312ec3ccf6478083b6521d29fa5c6a","messageTitle":"Format code","messageBody":"","fileTypesAndContributionMap":{"functional-code":{"insertions":1,"deletions":1}}},{"hash":"639f6fef3484608d2d82f1a89fa4a843541a8d5a","messageTitle":"Format code","messageBody":"","fileTypesAndContributionMap":{"functional-code":{"insertions":0,"deletions":4}}},{"hash":"846e7aa0b90ce53778b18e2e89976e56a7f24ea8","messageTitle":"Add colon","messageBody":"","fileTypesAndContributionMap":{"functional-code":{"insertions":4,"deletions":4}}}]}],"z0723-julie":[{"date":"2022-03-10","commitResults":[{"hash":"f32eb7f27b1325dd6967050d27d4de7c1e50d257","messageTitle":"Display Receipt for confirmed orders","messageBody":"","fileTypesAndContributionMap":{"functional-code":{"insertions":28,"deletions":0}}}]},{"date":"2022-03-13","commitResults":[{"hash":"b00de5bc65d9445839cb36723ee906577f3eb5a5","messageTitle":"Merge branch \u0027AY2122S2-CS2113-T11-4:master\u0027 into master","messageBody":"","fileTypesAndContributionMap":{"functional-code":{"insertions":535,"deletions":0},"docs":{"insertions":1,"deletions":1},"test-code":{"insertions":118,"deletions":0}}},{"hash":"bb702a4c49e96a3a328d996af4f4fb25b8293634","messageTitle":"Update printReceipt function","messageBody":"","fileTypesAndContributionMap":{"functional-code":{"insertions":14,"deletions":39}}},{"hash":"b7217931886f19e8a6930cc42cdb636587cf0bc2","messageTitle":"Modify the checkstyle","messageBody":"","fileTypesAndContributionMap":{"functional-code":{"insertions":3,"deletions":2}}}]},{"date":"2022-03-14","commitResults":[{"hash":"8b56a3046bf28f1f90b6a5c5786ab08631a42ade","messageTitle":"Reformat controllers","messageBody":"","fileTypesAndContributionMap":{"functional-code":{"insertions":4,"deletions":2}}}]},{"date":"2022-03-15","commitResults":[{"hash":"422d2b4d1ff3ea4301575450da1379c0a679d3c6","messageTitle":"Update Junit test: order","messageBody":"","fileTypesAndContributionMap":{"test-code":{"insertions":11,"deletions":1}}},{"hash":"4e2f554f47e4f5a4a7156b7688146912d94dae91","messageTitle":"Modify OrderController.java and get input using InputParser","messageBody":"","fileTypesAndContributionMap":{"functional-code":{"insertions":6,"deletions":14}}},{"hash":"f762ff43f061f644837e41bd520c5cc6d94efcee","messageTitle":"Reformat order controllers","messageBody":"","fileTypesAndContributionMap":{"functional-code":{"insertions":40,"deletions":20}}},{"hash":"7cd1892595813beec181ee58640bdccc02a15658","messageTitle":"Fix formatting for OrderController","messageBody":"","fileTypesAndContributionMap":{"functional-code":{"insertions":9,"deletions":11}}}]},{"date":"2022-03-16","commitResults":[{"hash":"ba57e77cced1e3e0fa275fba3d7d72d1e4ab3aaa","messageTitle":"Adjust indentation","messageBody":"","fileTypesAndContributionMap":{"functional-code":{"insertions":3,"deletions":3}}}]}],"Lim-Shi-Han":[{"date":"2022-03-11","commitResults":[{"hash":"c9e4a9268c09581571d8df908c37e16ec2a1811f","messageTitle":"Create Staff classes and create add staff functionality","messageBody":"","fileTypesAndContributionMap":{"functional-code":{"insertions":258,"deletions":0}}},{"hash":"23b8a8d31f2ce6ea9ccfc421db8c4f13241ea9a0","messageTitle":"Create JUnit test for Staff entity class","messageBody":"","fileTypesAndContributionMap":{"test-code":{"insertions":15,"deletions":0}}},{"hash":"7f9b496637919c177ce3050cf431acd1bbdafffa","messageTitle":"Chore: Formatting","messageBody":"","fileTypesAndContributionMap":{"functional-code":{"insertions":27,"deletions":22}}}]},{"date":"2022-03-14","commitResults":[{"hash":"34f10ff853f13a6d1279de12c546e09e1bac2b2c","messageTitle":"Staff: change exception handling and input parsing","messageBody":"","fileTypesAndContributionMap":{"functional-code":{"insertions":52,"deletions":37}}},{"hash":"3176965fa6974484aaf9be0c10e3bb22cfddbbc3","messageTitle":"Made changes based on PR comments and improved formatting and exception handling","messageBody":"","fileTypesAndContributionMap":{"functional-code":{"insertions":28,"deletions":43}}}]},{"date":"2022-03-15","commitResults":[{"hash":"0b498546a587ea2bbca03da289d96baaab4a1d17","messageTitle":"Fix staff test","messageBody":"","fileTypesAndContributionMap":{"functional-code":{"insertions":2,"deletions":3},"test-code":{"insertions":9,"deletions":6}}},{"hash":"9a48b467eb57eb103440f5f18ac98761234bcf85","messageTitle":"Second fix for staff test","messageBody":"","fileTypesAndContributionMap":{"functional-code":{"insertions":1,"deletions":1},"test-code":{"insertions":2,"deletions":2}}},{"hash":"fee4210f94a05d6eb175753447b70aea38b7f460","messageTitle":"Fix 3 staff test","messageBody":"","fileTypesAndContributionMap":{"test-code":{"insertions":2,"deletions":3}}},{"hash":"3fc1d8538670233f02f7eb0571d4b44136088e5f","messageTitle":"Add delete staff functionality","messageBody":"","fileTypesAndContributionMap":{"functional-code":{"insertions":46,"deletions":5}}},{"hash":"b6dbc377186a2bbe86f6c0de879ea1a5feb83c82","messageTitle":"JUnit test for StaffManager","messageBody":"","fileTypesAndContributionMap":{"functional-code":{"insertions":9,"deletions":0},"test-code":{"insertions":36,"deletions":1}}},{"hash":"bafde61852b371a8a931fb5940feb4c91fd3f513","messageTitle":"Add assertions and use logInfo method","messageBody":"","fileTypesAndContributionMap":{"functional-code":{"insertions":30,"deletions":11}}},{"hash":"acd911d13ac6abae6fdbfb97196e4af1ab44d8c4","messageTitle":"Add \"delete staff\" in CHOICES","messageBody":"","fileTypesAndContributionMap":{"functional-code":{"insertions":1,"deletions":1}}},{"hash":"b59efd9360007ecd7c0f0f6f36a6553cbb21100e","messageTitle":"Chore: Formatting","messageBody":"","fileTypesAndContributionMap":{"functional-code":{"insertions":11,"deletions":11}}},{"hash":"0754297825ad18dec8064ecb79057edf63c7e81e","messageTitle":"Update StaffManagerTest.java","messageBody":"","fileTypesAndContributionMap":{"test-code":{"insertions":4,"deletions":4}}},{"hash":"44ed473e33ed7cde9dc4c949d6134b5265224a86","messageTitle":"Fix assertion","messageBody":"","fileTypesAndContributionMap":{"functional-code":{"insertions":8,"deletions":11}}},{"hash":"d18d4ce5e861f878e4124d2273b70c205b0a6c52","messageTitle":"Fix assertions 2","messageBody":"","fileTypesAndContributionMap":{"functional-code":{"insertions":0,"deletions":4}}},{"hash":"ae70c8576fd338d267f8a9cf9674c71aae5fc57b","messageTitle":"Create logger class","messageBody":"","fileTypesAndContributionMap":{"functional-code":{"insertions":25,"deletions":22}}},{"hash":"14630ddfd12100ffc42d3280a83672b817528cf8","messageTitle":"Update StaffController.java","messageBody":"","fileTypesAndContributionMap":{"functional-code":{"insertions":0,"deletions":1}}},{"hash":"4b9a5cbd22a0f6c22584c182a6d2226e1b730c85","messageTitle":"Refactors MainLogger to loggers package","messageBody":"","fileTypesAndContributionMap":{"functional-code":{"insertions":2,"deletions":6},"other":{"insertions":1,"deletions":1}}},{"hash":"aa7d36874bb438b45bf03fc6a4d40407ea466fc7","messageTitle":"Allow logger to capture class","messageBody":"","fileTypesAndContributionMap":{"functional-code":{"insertions":13,"deletions":13}}}]}],"darylhjd":[{"date":"2022-03-09","commitResults":[{"hash":"bbef4196f93bb919aef9f26871a2bd19a737435e","messageTitle":"chore: initial implementation for getting input from user.","messageBody":"","fileTypesAndContributionMap":{"functional-code":{"insertions":193,"deletions":21},"other":{"insertions":1,"deletions":1}}},{"hash":"5b715ec723f8fab28511ed3842e17a29ab866208","messageTitle":"chore: add default case for switch statement.","messageBody":"","fileTypesAndContributionMap":{"functional-code":{"insertions":4,"deletions":0}}},{"hash":"e78a93a99730a2f55701141b345bc6aa1031693f","messageTitle":"chore: formatting","messageBody":"","fileTypesAndContributionMap":{"functional-code":{"insertions":7,"deletions":15},"test-code":{"insertions":2,"deletions":2}}},{"hash":"d30937e306424e2f728c14fbbf65634269692836","messageTitle":"chore: formatting","messageBody":"","fileTypesAndContributionMap":{"functional-code":{"insertions":5,"deletions":0}}},{"hash":"1a7d3d0d969371e5c65b46b91afcb94b87f70cf0","messageTitle":"chore: formatting","messageBody":"","fileTypesAndContributionMap":{"functional-code":{"insertions":1,"deletions":0}}},{"hash":"4d16fab1c24a9815c75f1cd29a8fe8c26eb9ca3f","messageTitle":"chore: formatting","messageBody":"","fileTypesAndContributionMap":{"functional-code":{"insertions":1,"deletions":1}}},{"hash":"f6c7e90fc739f4818898582a2f4d1071206de996","messageTitle":"chore: formatting","messageBody":"","fileTypesAndContributionMap":{"other":{"insertions":2,"deletions":2}}}]},{"date":"2022-03-12","commitResults":[{"hash":"c64fc091e15b0a62bf8c635a846594c0f6eeb770","messageTitle":"task: test controller choices and first option","messageBody":"","fileTypesAndContributionMap":{"test-code":{"insertions":25,"deletions":0}}},{"hash":"f55be33504a837cda928a5d9166e2da5ef921722","messageTitle":"chore: formatting","messageBody":"","fileTypesAndContributionMap":{"test-code":{"insertions":3,"deletions":3}}},{"hash":"7221c8fb4d2db9a7254b93ff229794b13ce45e47","messageTitle":"chore: formatting","messageBody":"","fileTypesAndContributionMap":{"test-code":{"insertions":2,"deletions":2}}}]},{"date":"2022-03-13","commitResults":[{"hash":"0c30dedd7921161bf1991c76b170804af8299232","messageTitle":"chore: add class for getting input from user.","messageBody":"","fileTypesAndContributionMap":{"functional-code":{"insertions":75,"deletions":54},"test-code":{"insertions":2,"deletions":5}}},{"hash":"e43cce8f34d088348e20ffad80966f3b50840d0e","messageTitle":"chore: let option switcher show invalid choice instead.","messageBody":"","fileTypesAndContributionMap":{"functional-code":{"insertions":2,"deletions":9}}},{"hash":"4e5fee86c46ec6a72e608e85e78917eb8e66d823","messageTitle":"chore: remove outdated command from MainController","messageBody":"","fileTypesAndContributionMap":{"functional-code":{"insertions":1,"deletions":3}}}]},{"date":"2022-03-14","commitResults":[{"hash":"42c0fa913c4f2217ce2b374b4fc10fa1095e4a61","messageTitle":"task: change main controller","messageBody":"","fileTypesAndContributionMap":{"functional-code":{"insertions":3,"deletions":1}}},{"hash":"c170f1147ec05610e9f6b4b55cecd09df7b6c4de","messageTitle":"chore: update `OperationTerminationException` documentation","messageBody":"","fileTypesAndContributionMap":{"functional-code":{"insertions":1,"deletions":5}}}]},{"date":"2022-03-15","commitResults":[{"hash":"978d77ec1e5ced0cfc802c50628281991191f069","messageTitle":"task: allow to enter other controllers from main controller","messageBody":"","fileTypesAndContributionMap":{"functional-code":{"insertions":39,"deletions":17}}},{"hash":"1a1005b17678cfc0257287d2a979ba0fe3fb3d80","messageTitle":"chore: formatting","messageBody":"","fileTypesAndContributionMap":{"functional-code":{"insertions":47,"deletions":48},"test-code":{"insertions":1,"deletions":5}}},{"hash":"a35cab26f8fd714fbf74e0d4579460102b131621","messageTitle":"chore: no star import","messageBody":"","fileTypesAndContributionMap":{"test-code":{"insertions":3,"deletions":1}}},{"hash":"dc5ff53402ee970600cb52cce0a40363b6945f79","messageTitle":"chore: remove unnecessary throws","messageBody":"","fileTypesAndContributionMap":{"functional-code":{"insertions":3,"deletions":3}}},{"hash":"384b9aea7cdce2d36c094e6c8b9a71c8f20c83c4","messageTitle":"chore: add test for InputParser and add some logging for MainController.","messageBody":"","fileTypesAndContributionMap":{"functional-code":{"insertions":12,"deletions":13},"test-code":{"insertions":32,"deletions":1}}}]}],"wang1351":[{"date":"2022-03-10","commitResults":[{"hash":"63325cf06a7d9600a12b21c438d12fcd57d84043","messageTitle":"start ordermanager","messageBody":"","fileTypesAndContributionMap":{"functional-code":{"insertions":71,"deletions":0}}},{"hash":"01ea8cd47025fab86990176ebbe0fc27ccc0aad8","messageTitle":"order manager","messageBody":"","fileTypesAndContributionMap":{"functional-code":{"insertions":135,"deletions":33},"other":{"insertions":3,"deletions":10}}}]},{"date":"2022-03-13","commitResults":[{"hash":"4f50abd301abdb72babc2cd39d56a307fb538c73","messageTitle":"Update OrderController.java","messageBody":"","fileTypesAndContributionMap":{"functional-code":{"insertions":4,"deletions":4}}},{"hash":"97f97f15b0638f92fb79a6a58d99ad0362386a3a","messageTitle":"Update Dish.java","messageBody":"","fileTypesAndContributionMap":{"functional-code":{"insertions":1,"deletions":1}}},{"hash":"009c3c8566b13a5c7fbfa8b12333e9cb0354e05d","messageTitle":"order manager","messageBody":"","fileTypesAndContributionMap":{"functional-code":{"insertions":46,"deletions":42}}},{"hash":"641737f01e572346b05eaac9c216c41520a7081b","messageTitle":"Junit test: order","messageBody":"","fileTypesAndContributionMap":{"test-code":{"insertions":4,"deletions":0}}}]}]},"authorFileTypeContributionMap":{"BotBw":{"docs":1,"functional-code":158,"test-code":75,"other":1},"z0723-julie":{"docs":0,"functional-code":152,"test-code":9},"Lim-Shi-Han":{"docs":0,"functional-code":305,"test-code":52},"darylhjd":{"docs":0,"functional-code":270,"test-code":58},"wang1351":{"docs":0,"functional-code":121,"test-code":3}},"authorContributionVariance":{"BotBw":10371.937,"z0723-julie":18298.404,"Lim-Shi-Han":7445.6743,"darylhjd":4601.46,"wang1351":2565.4316},"authorDisplayNameMap":{"BotBw":"CS2113-T11-4 WANG..XUAN","z0723-julie":"CS2113-T11-4 ZHAO..QING","Lim-Shi-Han":"CS2113-T11-4 LIM .. HAN","darylhjd":"CS2113-T11-4 HAR ..ARYL","wang1351":"CS2113-T11-4 WANG..IYAN"}}
