{"authorDailyContributionsMap":{"BotBw":[{"date":"2022-03-03","commitResults":[{"hash":"4e8e04fd067365629c28c9c6d1b88556c9daeeb2","messageTitle":"Update docs/AboutUs.md","messageBody":"","fileTypesAndContributionMap":{"docs":{"insertions":1,"deletions":1}}}]},{"date":"2022-03-10","commitResults":[{"hash":"07eafc6e968ce4e86f9f1e7e8996c44792651490","messageTitle":"Add dish and basic function of dish manager","messageBody":"","fileTypesAndContributionMap":{"functional-code":{"insertions":76,"deletions":0}}},{"hash":"237c8bdcb2c3e42fc966c08889c395ad315a360d","messageTitle":"Format the code","messageBody":"","fileTypesAndContributionMap":{"functional-code":{"insertions":3,"deletions":3}}},{"hash":"9f426632eb76ecaa838898cc406d1876e8496c6f","messageTitle":"Add Manager directory","messageBody":"","fileTypesAndContributionMap":{"functional-code":{"insertions":1,"deletions":1},"other":{"insertions":3,"deletions":1}}},{"hash":"f1be5377e8fb439cbcde9aa0637c90146d404418","messageTitle":"Format the code and directory name","messageBody":"","fileTypesAndContributionMap":{"other":{"insertions":1,"deletions":1}}},{"hash":"440c815c3a4b367b2f37153561b9ed5677921a97","messageTitle":"Add JUnit test and javadoc","messageBody":"","fileTypesAndContributionMap":{"functional-code":{"insertions":103,"deletions":44},"test-code":{"insertions":74,"deletions":0}}},{"hash":"60b7025a4f49e075a52a08e63a58eeafc6485c37","messageTitle":"Add dish controller","messageBody":"","fileTypesAndContributionMap":{"functional-code":{"insertions":102,"deletions":0}}},{"hash":"76e70381d861d204ce1988841cf8d45f30acb72b","messageTitle":"Add getter in Dish.java","messageBody":"","fileTypesAndContributionMap":{"functional-code":{"insertions":8,"deletions":0}}},{"hash":"11dfbddb1307c6e1105415b6979e53d627b7b33f","messageTitle":"Format the code","messageBody":"","fileTypesAndContributionMap":{"functional-code":{"insertions":8,"deletions":8},"test-code":{"insertions":25,"deletions":25}}},{"hash":"7f042b09d06b4ec1fba4fe734fe19e71e006de71","messageTitle":"Format all the code","messageBody":"","fileTypesAndContributionMap":{"functional-code":{"insertions":2,"deletions":1},"test-code":{"insertions":6,"deletions":2}}},{"hash":"ab1e7c3f82b2a7d9f8ee5b20983c72adea256764","messageTitle":"Change defaultChoice to CHOICES","messageBody":"","fileTypesAndContributionMap":{"functional-code":{"insertions":2,"deletions":2}}},{"hash":"4553aa2becfc4e9107389ae29ac301caf8bc8491","messageTitle":"Add getDishes() in DishManager.java","messageBody":"","fileTypesAndContributionMap":{"functional-code":{"insertions":8,"deletions":0}}}]},{"date":"2022-03-11","commitResults":[{"hash":"82d5f09e633b4954d126946fbfd98daf6d5e950b","messageTitle":"Add javadoc and missing exception","messageBody":"","fileTypesAndContributionMap":{"functional-code":{"insertions":17,"deletions":1}}}]},{"date":"2022-03-14","commitResults":[{"hash":"1fe3e9b524af30313db6932419279f3203545ecd","messageTitle":"Modify DishController.java with new InputParser.java","messageBody":"","fileTypesAndContributionMap":{"functional-code":{"insertions":38,"deletions":60}}},{"hash":"bd71b6aad9b3d5b625074e7668d8691dafc2fb2d","messageTitle":"Modify DishController.java and get input using InputParser","messageBody":"","fileTypesAndContributionMap":{"functional-code":{"insertions":34,"deletions":26}}}]},{"date":"2022-03-15","commitResults":[{"hash":"eba51ebb8c07f22deb0301e85699f02e30445e4d","messageTitle":"Move exception handling (originally in optionSwitcher) into private methods","messageBody":"","fileTypesAndContributionMap":{"functional-code":{"insertions":48,"deletions":32}}},{"hash":"da1fd05bc6473d0afe02a5c20aa91df0be852015","messageTitle":"Mofidy one method signature","messageBody":"","fileTypesAndContributionMap":{"functional-code":{"insertions":1,"deletions":1}}},{"hash":"c0db9a6782b1a44a94c759f6ccd8263344f6ace1","messageTitle":"Enable assertion in build.gradle","messageBody":"","fileTypesAndContributionMap":{"other":{"insertions":1,"deletions":0}}},{"hash":"41127d928aae7c5deb86afc68354e10df54ee23c","messageTitle":"Add logging and assertion","messageBody":"","fileTypesAndContributionMap":{"functional-code":{"insertions":16,"deletions":1}}},{"hash":"60633fdf0c7903aec766f20cbc838b167b623d5c","messageTitle":"Modify dish function","messageBody":"Format toString of Dish.java, add listDishes in DishManager.java, and reorder the options in DishManager.java.\n","fileTypesAndContributionMap":{"functional-code":{"insertions":21,"deletions":8}}},{"hash":"fed10ba05ef43eefc8d565d6aa4d9aabe5789b1a","messageTitle":"Format the code","messageBody":"","fileTypesAndContributionMap":{"functional-code":{"insertions":8,"deletions":8}}}]},{"date":"2022-03-16","commitResults":[{"hash":"dda3f0aa96312ec3ccf6478083b6521d29fa5c6a","messageTitle":"Format code","messageBody":"","fileTypesAndContributionMap":{"functional-code":{"insertions":1,"deletions":1}}},{"hash":"639f6fef3484608d2d82f1a89fa4a843541a8d5a","messageTitle":"Format code","messageBody":"","fileTypesAndContributionMap":{"functional-code":{"insertions":0,"deletions":4}}},{"hash":"846e7aa0b90ce53778b18e2e89976e56a7f24ea8","messageTitle":"Add colon","messageBody":"","fileTypesAndContributionMap":{"functional-code":{"insertions":4,"deletions":4}}}]},{"date":"2022-03-22","commitResults":[{"hash":"576d33985aa65697910704c8232b6d53b41d95a4","messageTitle":"Add DishStorageManager.java","messageBody":"","fileTypesAndContributionMap":{"functional-code":{"insertions":45,"deletions":0}}},{"hash":"6003169e9b180f500b879218212f4964271f18e5","messageTitle":"Add logWarning","messageBody":"","fileTypesAndContributionMap":{"functional-code":{"insertions":4,"deletions":0}}},{"hash":"05e5ee37715c085fa56fea6ee53c1619e987c839","messageTitle":"Add dish storage","messageBody":"","fileTypesAndContributionMap":{"functional-code":{"insertions":13,"deletions":13}}},{"hash":"8d4aad5398e6710b1e86917bf37967f8ad7f5dba","messageTitle":"Add dish storage","messageBody":"","fileTypesAndContributionMap":{"functional-code":{"insertions":34,"deletions":1}}},{"hash":"d668ede112ddc33200645c0b940575333362d28f","messageTitle":"Add dish storage","messageBody":"","fileTypesAndContributionMap":{"functional-code":{"insertions":32,"deletions":25}}},{"hash":"8cbfef4095c1bc88e87cb0555d0b260da9e3c937","messageTitle":"Format","messageBody":"","fileTypesAndContributionMap":{"functional-code":{"insertions":1,"deletions":2}}},{"hash":"ed2a9ec961d10f83c793c768d522d71bae531a80","messageTitle":"Start DG","messageBody":"","fileTypesAndContributionMap":{"docs":{"insertions":65,"deletions":0}}}]},{"date":"2022-03-23","commitResults":[{"hash":"d06489acf11f24b74d20cb3973c9906c208abe36","messageTitle":"Add DG for dish part","messageBody":"","fileTypesAndContributionMap":{"docs":{"insertions":113,"deletions":2}}}]},{"date":"2022-03-24","commitResults":[{"hash":"613175bbf985bacd6b51b2165d717a74fdb20d02","messageTitle":"Add dish in all.puml and delete Duke.puml","messageBody":"","fileTypesAndContributionMap":{"docs":{"insertions":50,"deletions":117}}},{"hash":"68b7c9db61584d02c34cd80588044d2b3c60a318","messageTitle":"Refactor png files","messageBody":"","fileTypesAndContributionMap":{"docs":{"insertions":3,"deletions":3}}},{"hash":"c8310f45b65160fc252a3aa84d2c84e398e97f9e","messageTitle":"Modify the DishManager to be singleton and handle IO in DishController","messageBody":"","fileTypesAndContributionMap":{"functional-code":{"insertions":26,"deletions":14},"test-code":{"insertions":6,"deletions":3}}},{"hash":"6075c6e8f4cc17985be0c42c024963e743dd8391","messageTitle":"Format the code","messageBody":"","fileTypesAndContributionMap":{"functional-code":{"insertions":1,"deletions":1}}},{"hash":"bb072e9f255a4a4a83e8e4fd39bff510ed4ad4e9","messageTitle":"Fix bug","messageBody":"","fileTypesAndContributionMap":{"functional-code":{"insertions":1,"deletions":1}}},{"hash":"c7f12798a527e3ed4c40ea1e5ad677a305fcfa6d","messageTitle":"Update Staff.java","messageBody":"","fileTypesAndContributionMap":{"functional-code":{"insertions":1,"deletions":1}}},{"hash":"e770cf4b80ffb70c9bb4f383b838fddd13fab5fb","messageTitle":"Format the UML","messageBody":"","fileTypesAndContributionMap":{"docs":{"insertions":9,"deletions":12}}}]},{"date":"2022-03-25","commitResults":[{"hash":"d000e1c72132d0089edcc7b25574a5f58237fe90","messageTitle":"Delete underscore (no need to user in sequence diagram)","messageBody":"","fileTypesAndContributionMap":{"docs":{"insertions":28,"deletions":31}}},{"hash":"1da0042af4c15dc52b8fe66f312b609176b28948","messageTitle":"Update some class diagram","messageBody":"","fileTypesAndContributionMap":{"docs":{"insertions":24,"deletions":0}}}]}],"z0723-julie":[{"date":"2022-03-10","commitResults":[{"hash":"f32eb7f27b1325dd6967050d27d4de7c1e50d257","messageTitle":"Display Receipt for confirmed orders","messageBody":"","fileTypesAndContributionMap":{"functional-code":{"insertions":28,"deletions":0}}}]},{"date":"2022-03-13","commitResults":[{"hash":"b00de5bc65d9445839cb36723ee906577f3eb5a5","messageTitle":"Merge branch \u0027AY2122S2-CS2113-T11-4:master\u0027 into master","messageBody":"","fileTypesAndContributionMap":{"functional-code":{"insertions":535,"deletions":0},"docs":{"insertions":1,"deletions":1},"test-code":{"insertions":118,"deletions":0}}},{"hash":"bb702a4c49e96a3a328d996af4f4fb25b8293634","messageTitle":"Update printReceipt function","messageBody":"","fileTypesAndContributionMap":{"functional-code":{"insertions":14,"deletions":39}}},{"hash":"b7217931886f19e8a6930cc42cdb636587cf0bc2","messageTitle":"Modify the checkstyle","messageBody":"","fileTypesAndContributionMap":{"functional-code":{"insertions":3,"deletions":2}}}]},{"date":"2022-03-14","commitResults":[{"hash":"8b56a3046bf28f1f90b6a5c5786ab08631a42ade","messageTitle":"Reformat controllers","messageBody":"","fileTypesAndContributionMap":{"functional-code":{"insertions":4,"deletions":2}}}]},{"date":"2022-03-15","commitResults":[{"hash":"422d2b4d1ff3ea4301575450da1379c0a679d3c6","messageTitle":"Update Junit test: order","messageBody":"","fileTypesAndContributionMap":{"test-code":{"insertions":11,"deletions":1}}},{"hash":"4e2f554f47e4f5a4a7156b7688146912d94dae91","messageTitle":"Modify OrderController.java and get input using InputParser","messageBody":"","fileTypesAndContributionMap":{"functional-code":{"insertions":6,"deletions":14}}},{"hash":"f762ff43f061f644837e41bd520c5cc6d94efcee","messageTitle":"Reformat order controllers","messageBody":"","fileTypesAndContributionMap":{"functional-code":{"insertions":40,"deletions":20}}},{"hash":"7cd1892595813beec181ee58640bdccc02a15658","messageTitle":"Fix formatting for OrderController","messageBody":"","fileTypesAndContributionMap":{"functional-code":{"insertions":9,"deletions":11}}}]},{"date":"2022-03-16","commitResults":[{"hash":"ba57e77cced1e3e0fa275fba3d7d72d1e4ab3aaa","messageTitle":"Adjust indentation","messageBody":"","fileTypesAndContributionMap":{"functional-code":{"insertions":3,"deletions":3}}}]},{"date":"2022-03-17","commitResults":[{"hash":"f2dc2676ae0b9ed90f1f001be4484780e7d99a28","messageTitle":"Add assertions for OrderController","messageBody":"","fileTypesAndContributionMap":{"functional-code":{"insertions":1,"deletions":1}}}]},{"date":"2022-03-21","commitResults":[{"hash":"a70d6db211bac6ea4ccc592d64e6ce3e961caf8f","messageTitle":"Add printOrder function","messageBody":"","fileTypesAndContributionMap":{"functional-code":{"insertions":19,"deletions":20}}},{"hash":"1261e60f9ffe59ac20311a382f71f0c03cbfc7b9","messageTitle":"Adjust checkstyle","messageBody":"","fileTypesAndContributionMap":{"functional-code":{"insertions":1,"deletions":1}}},{"hash":"c5650c85775dec106b34c98fe3df57293b6ca24d","messageTitle":"Add whitespaces","messageBody":"","fileTypesAndContributionMap":{"functional-code":{"insertions":1,"deletions":1}}},{"hash":"304933adf91ddf1e390073b537633925f441e9da","messageTitle":"Adjust according to the comments","messageBody":"","fileTypesAndContributionMap":{"functional-code":{"insertions":15,"deletions":13}}},{"hash":"c067797ca6650ecc9829aef6f5e17e7fca4be562","messageTitle":"Delete whitespace","messageBody":"","fileTypesAndContributionMap":{"functional-code":{"insertions":1,"deletions":1}}}]},{"date":"2022-03-23","commitResults":[{"hash":"7a80f23b4caaee8995d1c6c63f3d6c53d961cea9","messageTitle":"Add DG for order part","messageBody":"","fileTypesAndContributionMap":{"functional-code":{"insertions":6,"deletions":6},"docs":{"insertions":25,"deletions":4}}},{"hash":"3febab0756deb4acf66f681a3099874bf2659757","messageTitle":"Handle IndexOutOfBoundsException","messageBody":"","fileTypesAndContributionMap":{"functional-code":{"insertions":5,"deletions":3}}},{"hash":"621fd8a7ca5f3e1a87914b5a37ac1b09ad210d5b","messageTitle":"Add Whitespace","messageBody":"","fileTypesAndContributionMap":{"functional-code":{"insertions":1,"deletions":1}}},{"hash":"c3ee634610c4237f16ccf8f602b7e3ae1a50c538","messageTitle":"Adjust through commend","messageBody":"","fileTypesAndContributionMap":{"functional-code":{"insertions":1,"deletions":1}}},{"hash":"0d6ec1c3ee3273ecbe8125c6787a836509f1e271","messageTitle":"Adjust through command","messageBody":"","fileTypesAndContributionMap":{"functional-code":{"insertions":9,"deletions":5}}}]},{"date":"2022-03-26","commitResults":[{"hash":"8b554474f0956900b420dcea05a8afa7af3f096e","messageTitle":"Change Order toString()","messageBody":"","fileTypesAndContributionMap":{"functional-code":{"insertions":14,"deletions":5}}},{"hash":"259d80e35e81d4f5295a792054bcc197838d512c","messageTitle":"Adjust checkstyle","messageBody":"","fileTypesAndContributionMap":{"functional-code":{"insertions":3,"deletions":3}}},{"hash":"3acf5ce6c70cab819865e6a4af22640a074bd746","messageTitle":"Adjust checkstyle","messageBody":"","fileTypesAndContributionMap":{"functional-code":{"insertions":1,"deletions":8}}},{"hash":"c266729f628a746ca10619d2d37c243e1e490434","messageTitle":"Adjust through command","messageBody":"","fileTypesAndContributionMap":{"functional-code":{"insertions":2,"deletions":2},"docs":{"insertions":2,"deletions":2}}},{"hash":"42364eee802a9c99f4672ed72b395391be9d8f30","messageTitle":"Adjust through command","messageBody":"","fileTypesAndContributionMap":{"docs":{"insertions":0,"deletions":1}}}]}],"Lim-Shi-Han":[{"date":"2022-03-11","commitResults":[{"hash":"c9e4a9268c09581571d8df908c37e16ec2a1811f","messageTitle":"Create Staff classes and create add staff functionality","messageBody":"","fileTypesAndContributionMap":{"functional-code":{"insertions":258,"deletions":0}}},{"hash":"23b8a8d31f2ce6ea9ccfc421db8c4f13241ea9a0","messageTitle":"Create JUnit test for Staff entity class","messageBody":"","fileTypesAndContributionMap":{"test-code":{"insertions":15,"deletions":0}}},{"hash":"7f9b496637919c177ce3050cf431acd1bbdafffa","messageTitle":"Chore: Formatting","messageBody":"","fileTypesAndContributionMap":{"functional-code":{"insertions":27,"deletions":22}}}]},{"date":"2022-03-14","commitResults":[{"hash":"34f10ff853f13a6d1279de12c546e09e1bac2b2c","messageTitle":"Staff: change exception handling and input parsing","messageBody":"","fileTypesAndContributionMap":{"functional-code":{"insertions":52,"deletions":37}}},{"hash":"3176965fa6974484aaf9be0c10e3bb22cfddbbc3","messageTitle":"Made changes based on PR comments and improved formatting and exception handling","messageBody":"","fileTypesAndContributionMap":{"functional-code":{"insertions":28,"deletions":43}}}]},{"date":"2022-03-15","commitResults":[{"hash":"0b498546a587ea2bbca03da289d96baaab4a1d17","messageTitle":"Fix staff test","messageBody":"","fileTypesAndContributionMap":{"functional-code":{"insertions":2,"deletions":3},"test-code":{"insertions":9,"deletions":6}}},{"hash":"9a48b467eb57eb103440f5f18ac98761234bcf85","messageTitle":"Second fix for staff test","messageBody":"","fileTypesAndContributionMap":{"functional-code":{"insertions":1,"deletions":1},"test-code":{"insertions":2,"deletions":2}}},{"hash":"fee4210f94a05d6eb175753447b70aea38b7f460","messageTitle":"Fix 3 staff test","messageBody":"","fileTypesAndContributionMap":{"test-code":{"insertions":2,"deletions":3}}},{"hash":"3fc1d8538670233f02f7eb0571d4b44136088e5f","messageTitle":"Add delete staff functionality","messageBody":"","fileTypesAndContributionMap":{"functional-code":{"insertions":46,"deletions":5}}},{"hash":"b6dbc377186a2bbe86f6c0de879ea1a5feb83c82","messageTitle":"JUnit test for StaffManager","messageBody":"","fileTypesAndContributionMap":{"functional-code":{"insertions":9,"deletions":0},"test-code":{"insertions":36,"deletions":1}}},{"hash":"bafde61852b371a8a931fb5940feb4c91fd3f513","messageTitle":"Add assertions and use logInfo method","messageBody":"","fileTypesAndContributionMap":{"functional-code":{"insertions":30,"deletions":11}}},{"hash":"acd911d13ac6abae6fdbfb97196e4af1ab44d8c4","messageTitle":"Add \"delete staff\" in CHOICES","messageBody":"","fileTypesAndContributionMap":{"functional-code":{"insertions":1,"deletions":1}}},{"hash":"b59efd9360007ecd7c0f0f6f36a6553cbb21100e","messageTitle":"Chore: Formatting","messageBody":"","fileTypesAndContributionMap":{"functional-code":{"insertions":11,"deletions":11}}},{"hash":"0754297825ad18dec8064ecb79057edf63c7e81e","messageTitle":"Update StaffManagerTest.java","messageBody":"","fileTypesAndContributionMap":{"test-code":{"insertions":4,"deletions":4}}},{"hash":"44ed473e33ed7cde9dc4c949d6134b5265224a86","messageTitle":"Fix assertion","messageBody":"","fileTypesAndContributionMap":{"functional-code":{"insertions":8,"deletions":11}}},{"hash":"d18d4ce5e861f878e4124d2273b70c205b0a6c52","messageTitle":"Fix assertions 2","messageBody":"","fileTypesAndContributionMap":{"functional-code":{"insertions":0,"deletions":4}}},{"hash":"ae70c8576fd338d267f8a9cf9674c71aae5fc57b","messageTitle":"Create logger class","messageBody":"","fileTypesAndContributionMap":{"functional-code":{"insertions":25,"deletions":22}}},{"hash":"14630ddfd12100ffc42d3280a83672b817528cf8","messageTitle":"Update StaffController.java","messageBody":"","fileTypesAndContributionMap":{"functional-code":{"insertions":0,"deletions":1}}},{"hash":"4b9a5cbd22a0f6c22584c182a6d2226e1b730c85","messageTitle":"Refactors MainLogger to loggers package","messageBody":"","fileTypesAndContributionMap":{"functional-code":{"insertions":2,"deletions":6},"other":{"insertions":1,"deletions":1}}},{"hash":"aa7d36874bb438b45bf03fc6a4d40407ea466fc7","messageTitle":"Allow logger to capture class","messageBody":"","fileTypesAndContributionMap":{"functional-code":{"insertions":13,"deletions":13}}}]},{"date":"2022-03-23","commitResults":[{"hash":"345e11c69f46c4cec97e1dfd2ac17c14116d7f6d","messageTitle":"UML diagram update for staff","messageBody":"","fileTypesAndContributionMap":{"docs":{"insertions":49,"deletions":0}}},{"hash":"2554d7737bbf775867e502de9a531f73d7e9906b","messageTitle":"Small changes","messageBody":"","fileTypesAndContributionMap":{"docs":{"insertions":2,"deletions":1}}},{"hash":"b2770af9de6ffb65d3a326b84a2efe0fc177cfea","messageTitle":"Database for staff","messageBody":"","fileTypesAndContributionMap":{"functional-code":{"insertions":64,"deletions":17}}},{"hash":"f4fb5c6df189f21b2d0a6a72db4ffbaaea8afbc1","messageTitle":"Load each staff individually","messageBody":"","fileTypesAndContributionMap":{"functional-code":{"insertions":6,"deletions":4}}}]},{"date":"2022-03-24","commitResults":[{"hash":"93b5e95f8709a97103894f258332e6b4a4f747f1","messageTitle":"Changed isValidName method in Dish and Staff classes","messageBody":"","fileTypesAndContributionMap":{"functional-code":{"insertions":2,"deletions":2}}},{"hash":"4a020c951315f05547a1ec04cbba73bc2d0c7342","messageTitle":"Move all printing statements to controller, and start on sequence diagram","messageBody":"","fileTypesAndContributionMap":{"functional-code":{"insertions":40,"deletions":27},"docs":{"insertions":25,"deletions":0}}},{"hash":"eaab6bb2bb0e79cf620ce4529dcb28a729aa775c","messageTitle":"Complete add staff and delete staff sequence diagrams","messageBody":"","fileTypesAndContributionMap":{"docs":{"insertions":46,"deletions":4}}},{"hash":"d5f21ecaafc3fb73b27b72a385a29f14494b1857","messageTitle":"Resolve merge conflicts and refactor sequence diagrams","messageBody":"","fileTypesAndContributionMap":{"docs":{"insertions":0,"deletions":0}}},{"hash":"283c4879108209e30efe98923cfa1f0210f33b34","messageTitle":"Update Dish.java","messageBody":"","fileTypesAndContributionMap":{"functional-code":{"insertions":1,"deletions":1}}},{"hash":"27ba16c8a3eaa7b973e14b82bc88a440e2e73f37","messageTitle":"Chore: formatting","messageBody":"","fileTypesAndContributionMap":{"functional-code":{"insertions":4,"deletions":3}}},{"hash":"25769639d1af6aad5ab69c0e7b3a3a47f8ed920d","messageTitle":"Update DeveloperGuide.md","messageBody":"Create skeleton for Staff portion of DG","fileTypesAndContributionMap":{"docs":{"insertions":22,"deletions":2}}}]},{"date":"2022-03-25","commitResults":[{"hash":"5c0736b04411cc95d7d073cdb63469cf186bcb2c","messageTitle":"Get rid of isValidName method in Staff and Dish","messageBody":"","fileTypesAndContributionMap":{"functional-code":{"insertions":13,"deletions":21}}},{"hash":"50c960c8d82fdf027098d98dd886f7ba46a43783","messageTitle":"Revert \"Get rid of isValidName method in Staff and Dish\"","messageBody":"This reverts commit 5c0736b04411cc95d7d073cdb63469cf186bcb2c.\n","fileTypesAndContributionMap":{"functional-code":{"insertions":21,"deletions":13}}},{"hash":"016dbf61122068415436c74647fadd56a75199f1","messageTitle":"Update StaffController.java","messageBody":"","fileTypesAndContributionMap":{"functional-code":{"insertions":4,"deletions":4}}},{"hash":"7fd7d6774efe961ae8ac2de4b6ae70b09be6dbb1","messageTitle":"Update DeveloperGuide.md","messageBody":"","fileTypesAndContributionMap":{"docs":{"insertions":2,"deletions":2}}},{"hash":"102402540a26eee079d41919629add9fe7ff339e","messageTitle":"Singleton for Staff","messageBody":"","fileTypesAndContributionMap":{"functional-code":{"insertions":14,"deletions":3},"test-code":{"insertions":4,"deletions":2}}},{"hash":"c5e90c1e486b48b4aa9ab6914dba48c241d8fc95","messageTitle":"Update StaffController.java","messageBody":"","fileTypesAndContributionMap":{"functional-code":{"insertions":1,"deletions":1}}}]}],"darylhjd":[{"date":"2022-03-09","commitResults":[{"hash":"bbef4196f93bb919aef9f26871a2bd19a737435e","messageTitle":"chore: initial implementation for getting input from user.","messageBody":"","fileTypesAndContributionMap":{"functional-code":{"insertions":193,"deletions":21},"other":{"insertions":1,"deletions":1}}},{"hash":"5b715ec723f8fab28511ed3842e17a29ab866208","messageTitle":"chore: add default case for switch statement.","messageBody":"","fileTypesAndContributionMap":{"functional-code":{"insertions":4,"deletions":0}}},{"hash":"e78a93a99730a2f55701141b345bc6aa1031693f","messageTitle":"chore: formatting","messageBody":"","fileTypesAndContributionMap":{"functional-code":{"insertions":7,"deletions":15},"test-code":{"insertions":2,"deletions":2}}},{"hash":"d30937e306424e2f728c14fbbf65634269692836","messageTitle":"chore: formatting","messageBody":"","fileTypesAndContributionMap":{"functional-code":{"insertions":5,"deletions":0}}},{"hash":"1a7d3d0d969371e5c65b46b91afcb94b87f70cf0","messageTitle":"chore: formatting","messageBody":"","fileTypesAndContributionMap":{"functional-code":{"insertions":1,"deletions":0}}},{"hash":"4d16fab1c24a9815c75f1cd29a8fe8c26eb9ca3f","messageTitle":"chore: formatting","messageBody":"","fileTypesAndContributionMap":{"functional-code":{"insertions":1,"deletions":1}}},{"hash":"f6c7e90fc739f4818898582a2f4d1071206de996","messageTitle":"chore: formatting","messageBody":"","fileTypesAndContributionMap":{"other":{"insertions":2,"deletions":2}}}]},{"date":"2022-03-12","commitResults":[{"hash":"c64fc091e15b0a62bf8c635a846594c0f6eeb770","messageTitle":"task: test controller choices and first option","messageBody":"","fileTypesAndContributionMap":{"test-code":{"insertions":25,"deletions":0}}},{"hash":"f55be33504a837cda928a5d9166e2da5ef921722","messageTitle":"chore: formatting","messageBody":"","fileTypesAndContributionMap":{"test-code":{"insertions":3,"deletions":3}}},{"hash":"7221c8fb4d2db9a7254b93ff229794b13ce45e47","messageTitle":"chore: formatting","messageBody":"","fileTypesAndContributionMap":{"test-code":{"insertions":2,"deletions":2}}}]},{"date":"2022-03-13","commitResults":[{"hash":"0c30dedd7921161bf1991c76b170804af8299232","messageTitle":"chore: add class for getting input from user.","messageBody":"","fileTypesAndContributionMap":{"functional-code":{"insertions":75,"deletions":54},"test-code":{"insertions":2,"deletions":5}}},{"hash":"e43cce8f34d088348e20ffad80966f3b50840d0e","messageTitle":"chore: let option switcher show invalid choice instead.","messageBody":"","fileTypesAndContributionMap":{"functional-code":{"insertions":2,"deletions":9}}},{"hash":"4e5fee86c46ec6a72e608e85e78917eb8e66d823","messageTitle":"chore: remove outdated command from MainController","messageBody":"","fileTypesAndContributionMap":{"functional-code":{"insertions":1,"deletions":3}}}]},{"date":"2022-03-14","commitResults":[{"hash":"42c0fa913c4f2217ce2b374b4fc10fa1095e4a61","messageTitle":"task: change main controller","messageBody":"","fileTypesAndContributionMap":{"functional-code":{"insertions":3,"deletions":1}}},{"hash":"c170f1147ec05610e9f6b4b55cecd09df7b6c4de","messageTitle":"chore: update `OperationTerminationException` documentation","messageBody":"","fileTypesAndContributionMap":{"functional-code":{"insertions":1,"deletions":5}}}]},{"date":"2022-03-15","commitResults":[{"hash":"978d77ec1e5ced0cfc802c50628281991191f069","messageTitle":"task: allow to enter other controllers from main controller","messageBody":"","fileTypesAndContributionMap":{"functional-code":{"insertions":39,"deletions":17}}},{"hash":"1a1005b17678cfc0257287d2a979ba0fe3fb3d80","messageTitle":"chore: formatting","messageBody":"","fileTypesAndContributionMap":{"functional-code":{"insertions":47,"deletions":48},"test-code":{"insertions":1,"deletions":5}}},{"hash":"a35cab26f8fd714fbf74e0d4579460102b131621","messageTitle":"chore: no star import","messageBody":"","fileTypesAndContributionMap":{"test-code":{"insertions":3,"deletions":1}}},{"hash":"dc5ff53402ee970600cb52cce0a40363b6945f79","messageTitle":"chore: remove unnecessary throws","messageBody":"","fileTypesAndContributionMap":{"functional-code":{"insertions":3,"deletions":3}}},{"hash":"384b9aea7cdce2d36c094e6c8b9a71c8f20c83c4","messageTitle":"chore: add test for InputParser and add some logging for MainController.","messageBody":"","fileTypesAndContributionMap":{"functional-code":{"insertions":12,"deletions":13},"test-code":{"insertions":32,"deletions":1}}}]},{"date":"2022-03-16","commitResults":[{"hash":"8e8f979538531783a324ab4a34fb6424cc70e3f8","messageTitle":"task: add assert statements","messageBody":"","fileTypesAndContributionMap":{"functional-code":{"insertions":1,"deletions":0}}},{"hash":"00f7ccf0c1fcfd0504ee024fca6b561be15549b8","messageTitle":"chore: remove generic constructor","messageBody":"","fileTypesAndContributionMap":{"functional-code":{"insertions":1,"deletions":2}}}]},{"date":"2022-03-21","commitResults":[{"hash":"f8c5b7572a6c29e74576abb8d6093209086ad3a5","messageTitle":"task: add abstract Manager class for dealing with database.","messageBody":"","fileTypesAndContributionMap":{"functional-code":{"insertions":96,"deletions":0}}},{"hash":"3da84d47418837ab6d7e4546eddcc450414e0aa3","messageTitle":"task: some changes","messageBody":"","fileTypesAndContributionMap":{"functional-code":{"insertions":2,"deletions":2}}},{"hash":"35ca1bd0ea83abf52ab05fe88f870772ea37faf5","messageTitle":"chore: formatting errors","messageBody":"","fileTypesAndContributionMap":{"functional-code":{"insertions":4,"deletions":4}}}]},{"date":"2022-03-23","commitResults":[{"hash":"98300370c2aae222af966a3222dc85b986554d8f","messageTitle":"chore: remove unneeded try-catch block","messageBody":"","fileTypesAndContributionMap":{"functional-code":{"insertions":24,"deletions":30}}},{"hash":"1d4aea0132ff65e093afa0698251da5081e4df89","messageTitle":"chore: fix Manager implementation.","messageBody":"","fileTypesAndContributionMap":{"functional-code":{"insertions":24,"deletions":67},"test-code":{"insertions":0,"deletions":1}}},{"hash":"13edc6fec3ae73cc4df54d7cdaed964e24ea9aba","messageTitle":"fix: do not make logger log to console.","messageBody":"","fileTypesAndContributionMap":{"functional-code":{"insertions":27,"deletions":3}}},{"hash":"8bb7fa8164cb956fb226b4467323ee090ed67f6f","messageTitle":"fix: log human-readable format.","messageBody":"","fileTypesAndContributionMap":{"functional-code":{"insertions":2,"deletions":0}}},{"hash":"9aa9cc3263e0f26e63a9c2eb1c522cf9ac71fd56","messageTitle":"task: add DG for Controllers and Managers.","messageBody":"","fileTypesAndContributionMap":{"docs":{"insertions":27,"deletions":0}}},{"hash":"c0b804510272296a11f871edc16b991aa2b727c6","messageTitle":"task: add DG for Controllers and Managers.","messageBody":"","fileTypesAndContributionMap":{"docs":{"insertions":33,"deletions":1}}}]},{"date":"2022-03-24","commitResults":[{"hash":"43f9416448103a7482062c44fe4836b23b43b433","messageTitle":"task: add class diagram for controller","messageBody":"","fileTypesAndContributionMap":{"docs":{"insertions":26,"deletions":0}}},{"hash":"bc15db2fd140305cb4441e40d91caf4adb08b771","messageTitle":"task: add more diagrams!!!!","messageBody":"","fileTypesAndContributionMap":{"docs":{"insertions":43,"deletions":1}}},{"hash":"a8304e6e124da03cd5136c5c1d54ca9e9302b7e0","messageTitle":"chore: formatting","messageBody":"","fileTypesAndContributionMap":{"docs":{"insertions":1,"deletions":5}}},{"hash":"c8459d14bb45337812adffbfffe710effd36125a","messageTitle":"task: add quick overview diagram","messageBody":"","fileTypesAndContributionMap":{"docs":{"insertions":76,"deletions":1}}},{"hash":"39991b09dad47cf61d269c4fe3258b21b66ed223","messageTitle":"chore: some extra info","messageBody":"","fileTypesAndContributionMap":{"docs":{"insertions":2,"deletions":0}}},{"hash":"2f239baa7dca301d4d911d1c371c546e7b10dec2","messageTitle":"chore: format doc folder","messageBody":"","fileTypesAndContributionMap":{"docs":{"insertions":0,"deletions":0}}}]}],"wang1351":[{"date":"2022-03-10","commitResults":[{"hash":"63325cf06a7d9600a12b21c438d12fcd57d84043","messageTitle":"start ordermanager","messageBody":"","fileTypesAndContributionMap":{"functional-code":{"insertions":71,"deletions":0}}},{"hash":"01ea8cd47025fab86990176ebbe0fc27ccc0aad8","messageTitle":"order manager","messageBody":"","fileTypesAndContributionMap":{"functional-code":{"insertions":135,"deletions":33},"other":{"insertions":3,"deletions":10}}}]},{"date":"2022-03-13","commitResults":[{"hash":"4f50abd301abdb72babc2cd39d56a307fb538c73","messageTitle":"Update OrderController.java","messageBody":"","fileTypesAndContributionMap":{"functional-code":{"insertions":4,"deletions":4}}},{"hash":"97f97f15b0638f92fb79a6a58d99ad0362386a3a","messageTitle":"Update Dish.java","messageBody":"","fileTypesAndContributionMap":{"functional-code":{"insertions":1,"deletions":1}}},{"hash":"009c3c8566b13a5c7fbfa8b12333e9cb0354e05d","messageTitle":"order manager","messageBody":"","fileTypesAndContributionMap":{"functional-code":{"insertions":46,"deletions":42}}},{"hash":"641737f01e572346b05eaac9c216c41520a7081b","messageTitle":"Junit test: order","messageBody":"","fileTypesAndContributionMap":{"test-code":{"insertions":4,"deletions":0}}}]},{"date":"2022-03-16","commitResults":[{"hash":"520753136f69fb9e9298c9f0260648ccc9aa619e","messageTitle":"junit test","messageBody":"","fileTypesAndContributionMap":{"functional-code":{"insertions":4,"deletions":0},"test-code":{"insertions":6,"deletions":2}}},{"hash":"591c53bb1ef1754517068b8ad18079a6e6ecee34","messageTitle":"fix errors","messageBody":"","fileTypesAndContributionMap":{"functional-code":{"insertions":11,"deletions":9}}},{"hash":"04d8cb2a665de2641ea52f34a6e01b1fe193bd5c","messageTitle":"fit to format check","messageBody":"","fileTypesAndContributionMap":{"test-code":{"insertions":2,"deletions":1}}},{"hash":"23448adfb40540370b053adbf04a64179965c35c","messageTitle":"try to pass gradle","messageBody":"","fileTypesAndContributionMap":{"functional-code":{"insertions":4,"deletions":0},"test-code":{"insertions":3,"deletions":8}}},{"hash":"c190f5511935e37d6572640a0276aab37ec38b49","messageTitle":"orderTest","messageBody":"","fileTypesAndContributionMap":{"functional-code":{"insertions":3,"deletions":2},"test-code":{"insertions":3,"deletions":1}}},{"hash":"b26f37024b99e9bea014e84f43e943e488b71d69","messageTitle":"ordertest","messageBody":"","fileTypesAndContributionMap":{"functional-code":{"insertions":1,"deletions":1}}},{"hash":"f5bb5993da577d7a9eda2220ad6f5f6b3997a182","messageTitle":"order.test","messageBody":"","fileTypesAndContributionMap":{"test-code":{"insertions":1,"deletions":1}}},{"hash":"028e29e0c8f65f0479fc77bb9d44b97d9b04647e","messageTitle":"orderController","messageBody":"","fileTypesAndContributionMap":{"functional-code":{"insertions":4,"deletions":10}}},{"hash":"1af96fda0cbf6f62c7be918cae3ea1f49f3a2d30","messageTitle":"add whitespace","messageBody":"","fileTypesAndContributionMap":{"functional-code":{"insertions":1,"deletions":1}}},{"hash":"64a4788e5400c91ad9a1f2cc720fb4c7ebf65b0b","messageTitle":"remove \"q for quit\"","messageBody":"","fileTypesAndContributionMap":{"functional-code":{"insertions":1,"deletions":11}}},{"hash":"865e08ba1ab42aef475ebf6717de506b9bc2e886","messageTitle":"add order constructor","messageBody":"","fileTypesAndContributionMap":{"functional-code":{"insertions":5,"deletions":2}}},{"hash":"ce08d92e3fd28db1423e97919681cc33d751e141","messageTitle":"order","messageBody":"","fileTypesAndContributionMap":{"functional-code":{"insertions":1,"deletions":2}}}]},{"date":"2022-03-23","commitResults":[{"hash":"eb5afe8f31e7d20c0410f70f858e507c365fca0a","messageTitle":"optimize order, add class diagram","messageBody":"","fileTypesAndContributionMap":{"functional-code":{"insertions":85,"deletions":22},"docs":{"insertions":50,"deletions":1}}},{"hash":"be0d2888e3f233982ba64559e96fe2bece2e5af6","messageTitle":":)","messageBody":"","fileTypesAndContributionMap":{"functional-code":{"insertions":12,"deletions":8},"docs":{"insertions":50,"deletions":0}}},{"hash":"eec0bf7dcef11d9606ec27f88925ea8dc36f4fbd","messageTitle":"try to remove conflict","messageBody":"","fileTypesAndContributionMap":{"docs":{"insertions":0,"deletions":48}}},{"hash":"1dd198d01a61e3cb6bbfab0f8fac64c633735a0a","messageTitle":"try to remove conflict","messageBody":"","fileTypesAndContributionMap":{"docs":{"insertions":48,"deletions":0}}}]},{"date":"2022-03-24","commitResults":[{"hash":"37ee06f6cf93253b71dab8669d273631267bd24c","messageTitle":"change doc name","messageBody":"","fileTypesAndContributionMap":{"docs":{"insertions":0,"deletions":0}}},{"hash":"cc4c28db73f1468f04987b3cfac129623668b39b","messageTitle":"/","messageBody":"","fileTypesAndContributionMap":{"functional-code":{"insertions":1,"deletions":0}}},{"hash":"694bd753d65f0c9d68eb7461df6883e8fc311f47","messageTitle":"solve conflict","messageBody":"","fileTypesAndContributionMap":{"functional-code":{"insertions":2,"deletions":2}}},{"hash":"f646491719ccb8e117d1b11b9da9697addff1f3f","messageTitle":"Delete ClassDiagram.puml","messageBody":"","fileTypesAndContributionMap":{"docs":{"insertions":0,"deletions":164}}}]},{"date":"2022-03-25","commitResults":[{"hash":"834be8f0e87a114e4f6b0496c2e28d7f1cc00bd3","messageTitle":"make order work","messageBody":"todo: store order in file (maybe not needed?)","fileTypesAndContributionMap":{"functional-code":{"insertions":116,"deletions":38}}},{"hash":"f056c0bbfc64a55b8260fb8b06db06043682edf9","messageTitle":"add error input handling","messageBody":"","fileTypesAndContributionMap":{"functional-code":{"insertions":4,"deletions":6}}},{"hash":"dc8185b9ba95865adf5c540d8978a7f862663722","messageTitle":"change structure","messageBody":"","fileTypesAndContributionMap":{"functional-code":{"insertions":4,"deletions":12}}},{"hash":"67ceb39d4c9f8aea3566e375878c0d62be1db199","messageTitle":"format","messageBody":"","fileTypesAndContributionMap":{"functional-code":{"insertions":9,"deletions":8}}},{"hash":"19596be5fa68be5b0b512c025e97f05743426791","messageTitle":"format","messageBody":"","fileTypesAndContributionMap":{"functional-code":{"insertions":5,"deletions":5}}},{"hash":"ca97af919fc83ca598038f79a77db4691de7cac4","messageTitle":"optimize OrderManager","messageBody":"","fileTypesAndContributionMap":{"functional-code":{"insertions":6,"deletions":7}}},{"hash":"9f0127e0939b13a1c4a3d60a50fa213e0569042b","messageTitle":"order class diagram","messageBody":"","fileTypesAndContributionMap":{"functional-code":{"insertions":4,"deletions":12},"docs":{"insertions":46,"deletions":0}}},{"hash":"32292d619090f238daebcb8b4452ce62f8cafeea","messageTitle":"update order class diagram","messageBody":"","fileTypesAndContributionMap":{"docs":{"insertions":1,"deletions":1}}}]},{"date":"2022-03-26","commitResults":[{"hash":"c254b346266ee3febaa799d993ab89d11c98d72c","messageTitle":"..","messageBody":"","fileTypesAndContributionMap":{"functional-code":{"insertions":2,"deletions":4}}}]},{"date":"2022-03-27","commitResults":[{"hash":"5ee226fa3ed46a2418a9b0ea0b9b9bfc4e284198","messageTitle":"implement order data saving","messageBody":"","fileTypesAndContributionMap":{"functional-code":{"insertions":7,"deletions":0}}},{"hash":"60d634d71e1d61444d78dc9f699576aee30102a0","messageTitle":"add assert and 1 orderManager test case","messageBody":"","fileTypesAndContributionMap":{"test-code":{"insertions":4,"deletions":0}}},{"hash":"d8f5b47350dffcb4e510684cb5b53e9e13923d97","messageTitle":"add assertion and orderManager test case","messageBody":"","fileTypesAndContributionMap":{"functional-code":{"insertions":2,"deletions":5},"test-code":{"insertions":15,"deletions":0}}},{"hash":"f5e9f62a17dd7018d1962f69eed6d644d1894beb","messageTitle":"format","messageBody":"","fileTypesAndContributionMap":{"test-code":{"insertions":1,"deletions":1}}},{"hash":"886747efe7a8e70bfe59bbad313d7a11c375d14d","messageTitle":"sequence uml: order","messageBody":"","fileTypesAndContributionMap":{"docs":{"insertions":21,"deletions":0}}},{"hash":"924aca9222d9b35465fae0f8d71ace378d310c06","messageTitle":"sequence diagram","messageBody":"","fileTypesAndContributionMap":{"docs":{"insertions":71,"deletions":12}}},{"hash":"7326d5e04ad1525e3128d737c79d6326fec9d0bc","messageTitle":"remove underline","messageBody":"","fileTypesAndContributionMap":{"docs":{"insertions":9,"deletions":9}}}]}]},"authorFileTypeContributionMap":{"BotBw":{"docs":189,"functional-code":180,"test-code":78,"other":1},"z0723-julie":{"docs":26,"functional-code":164,"test-code":7},"Lim-Shi-Han":{"docs":79,"functional-code":391,"test-code":53},"darylhjd":{"docs":196,"functional-code":410,"test-code":58},"wang1351":{"docs":127,"functional-code":256,"test-code":26}},"authorContributionVariance":{"BotBw":10063.97,"z0723-julie":13274.39,"Lim-Shi-Han":6544.395,"darylhjd":5189.15,"wang1351":7151.996},"authorDisplayNameMap":{"BotBw":"CS2113-T11-4 WANG..XUAN","z0723-julie":"CS2113-T11-4 ZHAO..QING","Lim-Shi-Han":"CS2113-T11-4 LIM .. HAN","darylhjd":"CS2113-T11-4 HAR ..ARYL","wang1351":"CS2113-T11-4 WANG..IYAN"}}
