[{"path":"docs/AboutUs.md","fileType":"docs","lines":[{"lineNumber":1,"author":{"gitId":"-"},"content":"# About us","lastModifiedDate":"2020-05-24"},{"lineNumber":2,"author":{"gitId":"-"},"content":"","lastModifiedDate":"2020-05-24"},{"lineNumber":3,"author":{"gitId":"bbawj"},"content":"| Display                                             |      Name       |              Github Profile               |             Portfolio             |","lastModifiedDate":"2022-03-04"},{"lineNumber":4,"author":{"gitId":"edemirkirkan"},"content":"| --------------------------------------------------- |:---------------:|:-----------------------------------------:| :-------------------------------: |","lastModifiedDate":"2022-03-18"},{"lineNumber":5,"author":{"gitId":"edemirkirkan"},"content":"| ![](https://via.placeholder.com/100.png?text\u003dPhoto) | Ege Demirkirkan | [Github](https://github.com/edemirkirkan) | [Portfolio](docs/team/johndoe.md) |","lastModifiedDate":"2022-03-18"},{"lineNumber":6,"author":{"gitId":"bbawj"},"content":"| ![](https://via.placeholder.com/100.png?text\u003dPhoto) |     Don Joe     |       [Github](https://github.com/)       | [Portfolio](docs/team/johndoe.md) |","lastModifiedDate":"2022-03-04"},{"lineNumber":7,"author":{"gitId":"bbawj"},"content":"| ![](https://via.placeholder.com/100.png?text\u003dPhoto) |    Ron John     |       [Github](https://github.com/)       | [Portfolio](docs/team/johndoe.md) |","lastModifiedDate":"2022-03-04"},{"lineNumber":8,"author":{"gitId":"bbawj"},"content":"| ![](https://via.placeholder.com/100.png?text\u003dPhoto) |   Brendan Ang   |    [Github](https://github.com/bbawj)     | [Portfolio](docs/team/brendan.md) |","lastModifiedDate":"2022-03-04"},{"lineNumber":9,"author":{"gitId":"bbawj"},"content":"| ![](https://via.placeholder.com/100.png?text\u003dPhoto) |  Chin Tai Ann   |  [Github](https://github.com/chintaiann)  | [Portfolio](docs/team/chintaiann.md) |","lastModifiedDate":"2022-03-04"}],"authorContributionMap":{"bbawj":5,"edemirkirkan":2,"-":2}},{"path":"docs/DeveloperGuide.md","fileType":"docs","lines":[{"lineNumber":1,"author":{"gitId":"-"},"content":"# Developer Guide","lastModifiedDate":"2020-05-24"},{"lineNumber":2,"author":{"gitId":"-"},"content":"","lastModifiedDate":"2020-05-24"},{"lineNumber":3,"author":{"gitId":"-"},"content":"## Acknowledgements","lastModifiedDate":"2020-05-24"},{"lineNumber":4,"author":{"gitId":"-"},"content":"","lastModifiedDate":"2020-05-24"},{"lineNumber":5,"author":{"gitId":"-"},"content":"{list here sources of all reused/adapted ideas, code, documentation, and third-party libraries -- include links to the original source as well}","lastModifiedDate":"2020-05-24"},{"lineNumber":6,"author":{"gitId":"-"},"content":"","lastModifiedDate":"2020-05-24"},{"lineNumber":7,"author":{"gitId":"-"},"content":"## Design \u0026 implementation","lastModifiedDate":"2020-05-24"},{"lineNumber":8,"author":{"gitId":"-"},"content":"","lastModifiedDate":"2020-05-24"},{"lineNumber":9,"author":{"gitId":"-"},"content":"{Describe the design and implementation of the product. Use UML diagrams and short code snippets where applicable.}","lastModifiedDate":"2020-05-24"},{"lineNumber":10,"author":{"gitId":"-"},"content":"","lastModifiedDate":"2020-05-24"},{"lineNumber":11,"author":{"gitId":"-"},"content":"","lastModifiedDate":"2020-05-24"},{"lineNumber":12,"author":{"gitId":"-"},"content":"## Product scope","lastModifiedDate":"2020-05-24"},{"lineNumber":13,"author":{"gitId":"-"},"content":"### Target user profile","lastModifiedDate":"2020-05-24"},{"lineNumber":14,"author":{"gitId":"-"},"content":"","lastModifiedDate":"2020-05-24"},{"lineNumber":15,"author":{"gitId":"timchang27"},"content":"- Studies in a non-IT field","lastModifiedDate":"2022-03-25"},{"lineNumber":16,"author":{"gitId":"timchang27"},"content":"- Usually works alone","lastModifiedDate":"2022-03-25"},{"lineNumber":17,"author":{"gitId":"timchang27"},"content":"- Working in a small travel agency that offers affordable budget travel packages to only some countries","lastModifiedDate":"2022-03-25"},{"lineNumber":18,"author":{"gitId":"timchang27"},"content":"- Handles many customers a day","lastModifiedDate":"2022-03-25"},{"lineNumber":19,"author":{"gitId":"timchang27"},"content":"- Is unfamiliar with using CLI apps","lastModifiedDate":"2022-03-25"},{"lineNumber":20,"author":{"gitId":"-"},"content":"","lastModifiedDate":"2020-05-24"},{"lineNumber":21,"author":{"gitId":"-"},"content":"### Value proposition","lastModifiedDate":"2020-05-24"},{"lineNumber":22,"author":{"gitId":"-"},"content":"","lastModifiedDate":"2020-05-24"},{"lineNumber":23,"author":{"gitId":"timchang27"},"content":"- Travel agencies often have to manage multiple customers and their respective bookings or plans.","lastModifiedDate":"2022-03-25"},{"lineNumber":24,"author":{"gitId":"timchang27"},"content":"- For employees of the travel agencies to track and record customers’ booking of travel packages. ","lastModifiedDate":"2022-03-25"},{"lineNumber":25,"author":{"gitId":"timchang27"},"content":"","lastModifiedDate":"2022-03-25"},{"lineNumber":26,"author":{"gitId":"-"},"content":"","lastModifiedDate":"2020-05-24"},{"lineNumber":27,"author":{"gitId":"-"},"content":"## User Stories","lastModifiedDate":"2020-05-24"},{"lineNumber":28,"author":{"gitId":"-"},"content":"","lastModifiedDate":"2020-05-24"},{"lineNumber":29,"author":{"gitId":"-"},"content":"|Version| As a ... | I want to ... | So that I can ...|","lastModifiedDate":"2020-05-24"},{"lineNumber":30,"author":{"gitId":"-"},"content":"|--------|----------|---------------|------------------|","lastModifiedDate":"2020-05-24"},{"lineNumber":31,"author":{"gitId":"timchang27"},"content":"|v1.0|new user|Add reservation for a customer with basic information such as name, country etc. |Make a reservation|","lastModifiedDate":"2022-03-25"},{"lineNumber":32,"author":{"gitId":"timchang27"},"content":"|v1.0|new user|Print a list of all current and available travel packages |View all current travel packages and tell customers about our travel packages with one look|","lastModifiedDate":"2022-03-25"},{"lineNumber":33,"author":{"gitId":"timchang27"},"content":"|v1.0|new user|Remove an existing reservation|Remove information that we do not need anymore|","lastModifiedDate":"2022-03-25"},{"lineNumber":34,"author":{"gitId":"timchang27"},"content":"|v1.0|User ready to start using the app| Find out which travel packages are available for the specific location and duration|Make a recommendation of travel package to customers based on their desired location|","lastModifiedDate":"2022-03-25"},{"lineNumber":35,"author":{"gitId":"timchang27"},"content":"|v1.0|new user|Search for a specific travel package|Make recommendations to a customer based on their desired travel package requirements|","lastModifiedDate":"2022-03-25"},{"lineNumber":36,"author":{"gitId":"timchang27"},"content":"|v2.0|User ready to start using the app|Upload existing reservation data|Get started quickly|","lastModifiedDate":"2022-03-25"},{"lineNumber":37,"author":{"gitId":"timchang27"},"content":"|v2.0|User ready to start using the app|Make reservations based on custom input and edit them where necessary|Get familiar with inputting|","lastModifiedDate":"2022-03-25"},{"lineNumber":38,"author":{"gitId":"timchang27"},"content":"|v2.0|User ready to start using the app|See the changes I made from the previous day|Continue working|","lastModifiedDate":"2022-03-25"},{"lineNumber":39,"author":{"gitId":"timchang27"},"content":"|v2.1|Expert user|Create and use shortcuts|Quickly enter the details needed for a reservation and query any details I might need for an existing reservation|","lastModifiedDate":"2022-03-25"},{"lineNumber":40,"author":{"gitId":"timchang27"},"content":"|v2.1|Expert user|Update ratings of travel packages based on customer feedback|Provide a better recommendations for future customers|","lastModifiedDate":"2022-03-25"},{"lineNumber":41,"author":{"gitId":"timchang27"},"content":"|v2.1|Expert user|Ascertain the error in my input based on the error messages from the application|Quickly troubleshoot any mistakes that would slow down my work|","lastModifiedDate":"2022-03-25"},{"lineNumber":42,"author":{"gitId":"timchang27"},"content":"|v2.1|Expert user|View all reservations currently under a specific travel package|Optimize that travel package according to user’s feedback|","lastModifiedDate":"2022-03-25"},{"lineNumber":43,"author":{"gitId":"timchang27"},"content":"|v2.1|Expert user|I can build a customized travel package based on what the customer wants|It appeals to customers who do not want our existing tour packages|","lastModifiedDate":"2022-03-25"},{"lineNumber":44,"author":{"gitId":"timchang27"},"content":"|v2.1|Expert user|Add in hotels to the list of available hotel options|Update the itinerary |","lastModifiedDate":"2022-03-25"},{"lineNumber":45,"author":{"gitId":"timchang27"},"content":"|v2.1|Expert user|Add in countries to the list of available countries|Update the itinerary|","lastModifiedDate":"2022-03-25"},{"lineNumber":46,"author":{"gitId":"timchang27"},"content":"|v2.1|Expert user|Sort all reservations according to month|Analyze trends throughout the year|","lastModifiedDate":"2022-03-25"},{"lineNumber":47,"author":{"gitId":"timchang27"},"content":"|v2.1|Expert user|Mark a reservation as ‘completed’|Access both completed and ongoing reservations|","lastModifiedDate":"2022-03-25"},{"lineNumber":48,"author":{"gitId":"timchang27"},"content":"|v2.1|Expert user|Compute the price of custom travel packages|Get a rough estimate for what to charge the customer|","lastModifiedDate":"2022-03-25"},{"lineNumber":49,"author":{"gitId":"-"},"content":"","lastModifiedDate":"2020-05-24"},{"lineNumber":50,"author":{"gitId":"-"},"content":"## Non-Functional Requirements","lastModifiedDate":"2020-05-24"},{"lineNumber":51,"author":{"gitId":"-"},"content":"","lastModifiedDate":"2020-05-24"},{"lineNumber":52,"author":{"gitId":"timchang27"},"content":"### Performance Requirements","lastModifiedDate":"2022-03-25"},{"lineNumber":53,"author":{"gitId":"timchang27"},"content":"- Should work on any mainstream OS as long as it has Java 11 or above installed.","lastModifiedDate":"2022-03-25"},{"lineNumber":54,"author":{"gitId":"timchang27"},"content":"","lastModifiedDate":"2022-03-25"},{"lineNumber":55,"author":{"gitId":"timchang27"},"content":"### Usability","lastModifiedDate":"2022-03-25"},{"lineNumber":56,"author":{"gitId":"timchang27"},"content":"- A user with above average typing speed for regular English text (i.e. not code, not system admin commands) should be able to accomplish most of the tasks faster using commands than using the mouse.","lastModifiedDate":"2022-03-25"},{"lineNumber":57,"author":{"gitId":"timchang27"},"content":"- Prompts and instructions must be in proper and concise sentences for ease of understanding.","lastModifiedDate":"2022-03-25"},{"lineNumber":58,"author":{"gitId":"-"},"content":"","lastModifiedDate":"2020-05-24"},{"lineNumber":59,"author":{"gitId":"-"},"content":"## Glossary","lastModifiedDate":"2020-05-24"},{"lineNumber":60,"author":{"gitId":"-"},"content":"","lastModifiedDate":"2020-05-24"},{"lineNumber":61,"author":{"gitId":"-"},"content":"* *glossary item* - Definition","lastModifiedDate":"2020-05-24"},{"lineNumber":62,"author":{"gitId":"timchang27"},"content":"* Packages - Travel Package within the agency\u0027s database","lastModifiedDate":"2022-03-25"},{"lineNumber":63,"author":{"gitId":"timchang27"},"content":"* Reservations - Reservation of travel package made by one customer through the app ","lastModifiedDate":"2022-03-25"},{"lineNumber":64,"author":{"gitId":"-"},"content":"","lastModifiedDate":"2020-05-24"},{"lineNumber":65,"author":{"gitId":"-"},"content":"## Instructions for manual testing","lastModifiedDate":"2020-05-24"},{"lineNumber":66,"author":{"gitId":"-"},"content":"","lastModifiedDate":"2020-05-24"},{"lineNumber":67,"author":{"gitId":"-"},"content":"{Give instructions on how to do a manual product testing e.g., how to load sample data to be used for testing}","lastModifiedDate":"2020-05-24"},{"lineNumber":68,"author":{"gitId":"edemirkirkan"},"content":"","lastModifiedDate":"2022-03-25"},{"lineNumber":69,"author":{"gitId":"timchang27"},"content":"### Summary of User Commands","lastModifiedDate":"2022-03-25"},{"lineNumber":70,"author":{"gitId":"timchang27"},"content":"","lastModifiedDate":"2022-03-25"},{"lineNumber":71,"author":{"gitId":"timchang27"},"content":"| Command | Format Examples |","lastModifiedDate":"2022-03-25"},{"lineNumber":72,"author":{"gitId":"timchang27"},"content":"| ------- | --------------- |","lastModifiedDate":"2022-03-25"},{"lineNumber":73,"author":{"gitId":"timchang27"},"content":"|packages|packages|","lastModifiedDate":"2022-03-25"},{"lineNumber":74,"author":{"gitId":"timchang27"},"content":"|info|info {num} (num \u003c number of available packages) \u003cbr/\u003e e.g. info 2 |","lastModifiedDate":"2022-03-25"},{"lineNumber":75,"author":{"gitId":"timchang27"},"content":"|add|add {package_name} {country} {duration} {price} {vacancies} \u003cbr/\u003e  e.g. add Skiing_Trip Sweden 15/2/2022-19/2/2022 800 100|","lastModifiedDate":"2022-03-25"},{"lineNumber":76,"author":{"gitId":"timchang27"},"content":"|delete|delete {num} (num \u003c number of available packages) \u003cbr/\u003e e.g. delete 2|","lastModifiedDate":"2022-03-25"},{"lineNumber":77,"author":{"gitId":"timchang27"},"content":"|reserve|reserve {package_number} {contact_name} {contact_number} {number_pax} \u003cbr/\u003e e..g reserve 3 John 91234567 3 |","lastModifiedDate":"2022-03-25"},{"lineNumber":78,"author":{"gitId":"timchang27"},"content":"|remove|remove {reservation_id} \u003cbr/\u003e e..g remove R001|","lastModifiedDate":"2022-03-25"},{"lineNumber":79,"author":{"gitId":"timchang27"},"content":"|reservations|reservations {package_number} \u003cbr/\u003e eg. reservations 2|","lastModifiedDate":"2022-03-25"},{"lineNumber":80,"author":{"gitId":"timchang27"},"content":"","lastModifiedDate":"2022-03-25"},{"lineNumber":81,"author":{"gitId":"edemirkirkan"},"content":"## Feature - Help Command ","lastModifiedDate":"2022-03-25"},{"lineNumber":82,"author":{"gitId":"edemirkirkan"},"content":"Aim: Displays a list of all available commands that the user can refer to as a guide","lastModifiedDate":"2022-03-25"},{"lineNumber":83,"author":{"gitId":"mafpovbul"},"content":"","lastModifiedDate":"2022-03-26"},{"lineNumber":84,"author":{"gitId":"mafpovbul"},"content":"## Feature - Saved files","lastModifiedDate":"2022-03-26"},{"lineNumber":85,"author":{"gitId":"mafpovbul"},"content":"Aim: Allows users to save and load up existing reservations and travel packages from a text file","lastModifiedDate":"2022-03-26"}],"authorContributionMap":{"timchang27":46,"mafpovbul":3,"edemirkirkan":3,"-":33}},{"path":"docs/team/chintaiann.md","fileType":"docs","lines":[{"lineNumber":1,"author":{"gitId":"chintaiann"},"content":"# Tai Ann - Project Portfolio Page","lastModifiedDate":"2022-03-04"},{"lineNumber":2,"author":{"gitId":"chintaiann"},"content":"","lastModifiedDate":"2022-03-04"},{"lineNumber":3,"author":{"gitId":"chintaiann"},"content":"## Overview","lastModifiedDate":"2022-03-04"},{"lineNumber":4,"author":{"gitId":"chintaiann"},"content":"","lastModifiedDate":"2022-03-04"},{"lineNumber":5,"author":{"gitId":"chintaiann"},"content":"","lastModifiedDate":"2022-03-04"},{"lineNumber":6,"author":{"gitId":"chintaiann"},"content":"### Summary of Contributions","lastModifiedDate":"2022-03-04"}],"authorContributionMap":{"chintaiann":6}},{"path":"src/main/java/seedu/duke/Duke.java","fileType":"functional-code","lines":[{"lineNumber":1,"author":{"gitId":"-"},"content":"package seedu.duke;","lastModifiedDate":"2020-05-24"},{"lineNumber":2,"author":{"gitId":"-"},"content":"","lastModifiedDate":"2020-05-24"},{"lineNumber":3,"author":{"gitId":"chintaiann"},"content":"import java.util.ArrayList;","lastModifiedDate":"2022-03-10"},{"lineNumber":4,"author":{"gitId":"-"},"content":"import java.util.Scanner;","lastModifiedDate":"2020-05-24"},{"lineNumber":5,"author":{"gitId":"-"},"content":"","lastModifiedDate":"2022-03-10"},{"lineNumber":6,"author":{"gitId":"bbawj"},"content":"import seedu.duke.command.Command;","lastModifiedDate":"2022-03-10"},{"lineNumber":7,"author":{"gitId":"bbawj"},"content":"","lastModifiedDate":"2022-03-10"},{"lineNumber":8,"author":{"gitId":"-"},"content":"public class Duke {","lastModifiedDate":"2019-07-29"},{"lineNumber":9,"author":{"gitId":"-"},"content":"    public static void main(String[] args) {","lastModifiedDate":"2019-07-29"},{"lineNumber":10,"author":{"gitId":"edemirkirkan"},"content":"        run();","lastModifiedDate":"2022-03-18"},{"lineNumber":11,"author":{"gitId":"bbawj"},"content":"    }","lastModifiedDate":"2022-03-10"},{"lineNumber":12,"author":{"gitId":"bbawj"},"content":"","lastModifiedDate":"2022-03-10"},{"lineNumber":13,"author":{"gitId":"edemirkirkan"},"content":"    public static void run() {","lastModifiedDate":"2022-03-18"},{"lineNumber":14,"author":{"gitId":"mafpovbul"},"content":"        Storage storage \u003d new Storage(\"packages.txt\", \"reservations.txt\");","lastModifiedDate":"2022-03-24"},{"lineNumber":15,"author":{"gitId":"mafpovbul"},"content":"        Packages packages \u003d storage.convertFileToList();","lastModifiedDate":"2022-03-24"},{"lineNumber":16,"author":{"gitId":"chintaiann"},"content":"        boolean endProgram \u003d false;","lastModifiedDate":"2022-03-10"},{"lineNumber":17,"author":{"gitId":"edemirkirkan"},"content":"        System.out.println(\"Welcome to Travel Agency Booking Reservation System!\");","lastModifiedDate":"2022-03-18"},{"lineNumber":18,"author":{"gitId":"chintaiann"},"content":"        Scanner sc \u003d new Scanner(System.in);","lastModifiedDate":"2022-03-10"},{"lineNumber":19,"author":{"gitId":"edemirkirkan"},"content":"        while (!endProgram) {","lastModifiedDate":"2022-03-18"},{"lineNumber":20,"author":{"gitId":"chintaiann"},"content":"            System.out.println(\"Please enter command: \");","lastModifiedDate":"2022-03-10"},{"lineNumber":21,"author":{"gitId":"edemirkirkan"},"content":"            try {","lastModifiedDate":"2022-03-25"},{"lineNumber":22,"author":{"gitId":"bbawj"},"content":"                Command command \u003d Parser.parse(sc.nextLine());","lastModifiedDate":"2022-03-10"},{"lineNumber":23,"author":{"gitId":"bbawj"},"content":"                command.execute(packages);","lastModifiedDate":"2022-03-10"},{"lineNumber":24,"author":{"gitId":"bbawj"},"content":"                endProgram \u003d command.getIsExit();","lastModifiedDate":"2022-03-10"},{"lineNumber":25,"author":{"gitId":"edemirkirkan"},"content":"            } catch (Exception ex) {","lastModifiedDate":"2022-03-25"},{"lineNumber":26,"author":{"gitId":"edemirkirkan"},"content":"                System.out.println(\"Wrong format. All available\" +","lastModifiedDate":"2022-03-25"},{"lineNumber":27,"author":{"gitId":"edemirkirkan"},"content":"                        \" commands can be seen with the \u0027help\u0027 command\");","lastModifiedDate":"2022-03-25"},{"lineNumber":28,"author":{"gitId":"edemirkirkan"},"content":"            }","lastModifiedDate":"2022-03-25"},{"lineNumber":29,"author":{"gitId":"chintaiann"},"content":"        }","lastModifiedDate":"2022-03-10"},{"lineNumber":30,"author":{"gitId":"mafpovbul"},"content":"        storage.convertListToFile(packages);","lastModifiedDate":"2022-03-24"},{"lineNumber":31,"author":{"gitId":"-"},"content":"","lastModifiedDate":"2022-03-24"},{"lineNumber":32,"author":{"gitId":"-"},"content":"    }","lastModifiedDate":"2022-03-10"},{"lineNumber":33,"author":{"gitId":"chintaiann"},"content":"","lastModifiedDate":"2022-03-10"},{"lineNumber":34,"author":{"gitId":"-"},"content":"}","lastModifiedDate":"2022-03-10"}],"authorContributionMap":{"mafpovbul":3,"bbawj":7,"chintaiann":6,"edemirkirkan":9,"-":9}},{"path":"src/main/java/seedu/duke/Packages.java","fileType":"functional-code","lines":[{"lineNumber":1,"author":{"gitId":"bbawj"},"content":"package seedu.duke;","lastModifiedDate":"2022-03-10"},{"lineNumber":2,"author":{"gitId":"bbawj"},"content":"","lastModifiedDate":"2022-03-10"},{"lineNumber":3,"author":{"gitId":"bbawj"},"content":"import java.util.ArrayList;","lastModifiedDate":"2022-03-10"},{"lineNumber":4,"author":{"gitId":"chintaiann"},"content":"//Packages include arrayList packages to hold all TravelPackages","lastModifiedDate":"2022-03-17"},{"lineNumber":5,"author":{"gitId":"edemirkirkan"},"content":"","lastModifiedDate":"2022-03-18"},{"lineNumber":6,"author":{"gitId":"bbawj"},"content":"public class Packages {","lastModifiedDate":"2022-03-10"},{"lineNumber":7,"author":{"gitId":"bbawj"},"content":"    private ArrayList\u003cTravelPackage\u003e packages;","lastModifiedDate":"2022-03-10"},{"lineNumber":8,"author":{"gitId":"chintaiann"},"content":"    private ArrayList\u003cReservation\u003e reservations;","lastModifiedDate":"2022-03-17"},{"lineNumber":9,"author":{"gitId":"bbawj"},"content":"","lastModifiedDate":"2022-03-10"},{"lineNumber":10,"author":{"gitId":"edemirkirkan"},"content":"    public Packages() {","lastModifiedDate":"2022-03-18"},{"lineNumber":11,"author":{"gitId":"edemirkirkan"},"content":"        packages \u003d new ArrayList\u003c\u003e();","lastModifiedDate":"2022-03-18"},{"lineNumber":12,"author":{"gitId":"edemirkirkan"},"content":"        reservations \u003d new ArrayList\u003c\u003e();","lastModifiedDate":"2022-03-18"},{"lineNumber":13,"author":{"gitId":"bbawj"},"content":"    }","lastModifiedDate":"2022-03-10"},{"lineNumber":14,"author":{"gitId":"bbawj"},"content":"","lastModifiedDate":"2022-03-10"},{"lineNumber":15,"author":{"gitId":"bbawj"},"content":"    public int getSize() {","lastModifiedDate":"2022-03-10"},{"lineNumber":16,"author":{"gitId":"bbawj"},"content":"        return packages.size();","lastModifiedDate":"2022-03-10"},{"lineNumber":17,"author":{"gitId":"bbawj"},"content":"    }","lastModifiedDate":"2022-03-10"},{"lineNumber":18,"author":{"gitId":"bbawj"},"content":"","lastModifiedDate":"2022-03-10"},{"lineNumber":19,"author":{"gitId":"bbawj"},"content":"    public TravelPackage getPackage(int index) {","lastModifiedDate":"2022-03-10"},{"lineNumber":20,"author":{"gitId":"bbawj"},"content":"        return packages.get(index);","lastModifiedDate":"2022-03-10"},{"lineNumber":21,"author":{"gitId":"bbawj"},"content":"    }","lastModifiedDate":"2022-03-10"},{"lineNumber":22,"author":{"gitId":"bbawj"},"content":"","lastModifiedDate":"2022-03-10"},{"lineNumber":23,"author":{"gitId":"bbawj"},"content":"    public void addPackage(TravelPackage newPackage) {","lastModifiedDate":"2022-03-10"},{"lineNumber":24,"author":{"gitId":"bbawj"},"content":"        packages.add(newPackage);","lastModifiedDate":"2022-03-10"},{"lineNumber":25,"author":{"gitId":"bbawj"},"content":"    }","lastModifiedDate":"2022-03-10"},{"lineNumber":26,"author":{"gitId":"bbawj"},"content":"","lastModifiedDate":"2022-03-10"},{"lineNumber":27,"author":{"gitId":"bbawj"},"content":"    public void removePackage(int index) {","lastModifiedDate":"2022-03-10"},{"lineNumber":28,"author":{"gitId":"bbawj"},"content":"        packages.remove(index);","lastModifiedDate":"2022-03-10"},{"lineNumber":29,"author":{"gitId":"bbawj"},"content":"    }","lastModifiedDate":"2022-03-10"},{"lineNumber":30,"author":{"gitId":"chintaiann"},"content":"","lastModifiedDate":"2022-03-17"},{"lineNumber":31,"author":{"gitId":"chintaiann"},"content":"    public Reservation getReservation(int index) {","lastModifiedDate":"2022-03-17"},{"lineNumber":32,"author":{"gitId":"chintaiann"},"content":"        return reservations.get(index);","lastModifiedDate":"2022-03-17"},{"lineNumber":33,"author":{"gitId":"chintaiann"},"content":"    }","lastModifiedDate":"2022-03-17"},{"lineNumber":34,"author":{"gitId":"chintaiann"},"content":"","lastModifiedDate":"2022-03-17"},{"lineNumber":35,"author":{"gitId":"chintaiann"},"content":"    public int getReservationSize() {","lastModifiedDate":"2022-03-17"},{"lineNumber":36,"author":{"gitId":"chintaiann"},"content":"        return reservations.size();","lastModifiedDate":"2022-03-17"},{"lineNumber":37,"author":{"gitId":"chintaiann"},"content":"    }","lastModifiedDate":"2022-03-17"},{"lineNumber":38,"author":{"gitId":"chintaiann"},"content":"","lastModifiedDate":"2022-03-17"},{"lineNumber":39,"author":{"gitId":"chintaiann"},"content":"    public void addReservation(Reservation newReservation) {","lastModifiedDate":"2022-03-17"},{"lineNumber":40,"author":{"gitId":"chintaiann"},"content":"        reservations.add(newReservation);","lastModifiedDate":"2022-03-17"},{"lineNumber":41,"author":{"gitId":"chintaiann"},"content":"        System.out.println(\"RESERVATION ADDED\");","lastModifiedDate":"2022-03-17"},{"lineNumber":42,"author":{"gitId":"chintaiann"},"content":"","lastModifiedDate":"2022-03-17"},{"lineNumber":43,"author":{"gitId":"chintaiann"},"content":"    }","lastModifiedDate":"2022-03-17"},{"lineNumber":44,"author":{"gitId":"chintaiann"},"content":"","lastModifiedDate":"2022-03-17"},{"lineNumber":45,"author":{"gitId":"chintaiann"},"content":"    public void removeReservation(int index) {","lastModifiedDate":"2022-03-17"},{"lineNumber":46,"author":{"gitId":"chintaiann"},"content":"        reservations.remove(index);","lastModifiedDate":"2022-03-17"},{"lineNumber":47,"author":{"gitId":"chintaiann"},"content":"    }","lastModifiedDate":"2022-03-17"},{"lineNumber":48,"author":{"gitId":"bbawj"},"content":"}","lastModifiedDate":"2022-03-10"}],"authorContributionMap":{"bbawj":24,"chintaiann":20,"edemirkirkan":4}},{"path":"src/main/java/seedu/duke/Parser.java","fileType":"functional-code","lines":[{"lineNumber":1,"author":{"gitId":"bbawj"},"content":"package seedu.duke;","lastModifiedDate":"2022-03-10"},{"lineNumber":2,"author":{"gitId":"bbawj"},"content":"","lastModifiedDate":"2022-03-10"},{"lineNumber":3,"author":{"gitId":"edemirkirkan"},"content":"import seedu.duke.command.AddCommand;","lastModifiedDate":"2022-03-25"},{"lineNumber":4,"author":{"gitId":"edemirkirkan"},"content":"import seedu.duke.command.ByeCommand;","lastModifiedDate":"2022-03-25"},{"lineNumber":5,"author":{"gitId":"edemirkirkan"},"content":"import seedu.duke.command.Command;","lastModifiedDate":"2022-03-25"},{"lineNumber":6,"author":{"gitId":"edemirkirkan"},"content":"import seedu.duke.command.DeleteCommand;","lastModifiedDate":"2022-03-25"},{"lineNumber":7,"author":{"gitId":"edemirkirkan"},"content":"import seedu.duke.command.PackagesCommand;","lastModifiedDate":"2022-03-25"},{"lineNumber":8,"author":{"gitId":"edemirkirkan"},"content":"import seedu.duke.command.ErrorCommand;","lastModifiedDate":"2022-03-25"},{"lineNumber":9,"author":{"gitId":"edemirkirkan"},"content":"import seedu.duke.command.ReservationCommand;","lastModifiedDate":"2022-03-25"},{"lineNumber":10,"author":{"gitId":"edemirkirkan"},"content":"import seedu.duke.command.HelpCommand;","lastModifiedDate":"2022-03-25"},{"lineNumber":11,"author":{"gitId":"bbawj"},"content":"","lastModifiedDate":"2022-03-10"},{"lineNumber":12,"author":{"gitId":"bbawj"},"content":"public class Parser {","lastModifiedDate":"2022-03-10"},{"lineNumber":13,"author":{"gitId":"bbawj"},"content":"    public static Command parse(String input) {","lastModifiedDate":"2022-03-10"},{"lineNumber":14,"author":{"gitId":"bbawj"},"content":"        String[] inputArray \u003d input.split(\" \");","lastModifiedDate":"2022-03-10"},{"lineNumber":15,"author":{"gitId":"bbawj"},"content":"        String commandType \u003d inputArray[0];","lastModifiedDate":"2022-03-10"},{"lineNumber":16,"author":{"gitId":"bbawj"},"content":"","lastModifiedDate":"2022-03-10"},{"lineNumber":17,"author":{"gitId":"edemirkirkan"},"content":"        String id;","lastModifiedDate":"2022-03-18"},{"lineNumber":18,"author":{"gitId":"edemirkirkan"},"content":"        int start;","lastModifiedDate":"2022-03-18"},{"lineNumber":19,"author":{"gitId":"edemirkirkan"},"content":"        int end;","lastModifiedDate":"2022-03-18"},{"lineNumber":20,"author":{"gitId":"edemirkirkan"},"content":"        int vacancies;","lastModifiedDate":"2022-03-18"},{"lineNumber":21,"author":{"gitId":"bbawj"},"content":"        double price;","lastModifiedDate":"2022-03-10"},{"lineNumber":22,"author":{"gitId":"edemirkirkan"},"content":"        String name;","lastModifiedDate":"2022-03-18"},{"lineNumber":23,"author":{"gitId":"edemirkirkan"},"content":"        String hotel;","lastModifiedDate":"2022-03-18"},{"lineNumber":24,"author":{"gitId":"edemirkirkan"},"content":"        String country;","lastModifiedDate":"2022-03-18"},{"lineNumber":25,"author":{"gitId":"bbawj"},"content":"","lastModifiedDate":"2022-03-10"},{"lineNumber":26,"author":{"gitId":"bbawj"},"content":"        switch (commandType) {","lastModifiedDate":"2022-03-10"},{"lineNumber":27,"author":{"gitId":"bbawj"},"content":"        case \"bye\":","lastModifiedDate":"2022-03-10"},{"lineNumber":28,"author":{"gitId":"bbawj"},"content":"            return new ByeCommand();","lastModifiedDate":"2022-03-10"},{"lineNumber":29,"author":{"gitId":"edemirkirkan"},"content":"        case \"help\":","lastModifiedDate":"2022-03-25"},{"lineNumber":30,"author":{"gitId":"edemirkirkan"},"content":"            return new HelpCommand();","lastModifiedDate":"2022-03-25"},{"lineNumber":31,"author":{"gitId":"chintaiann"},"content":"        case \"add\": //only can have spaces between variables - what if hotel has 2 words?","lastModifiedDate":"2022-03-17"},{"lineNumber":32,"author":{"gitId":"bbawj"},"content":"            final int nameIndex \u003d 1;","lastModifiedDate":"2022-03-10"},{"lineNumber":33,"author":{"gitId":"edemirkirkan"},"content":"            final int startIndex \u003d 2;","lastModifiedDate":"2022-03-18"},{"lineNumber":34,"author":{"gitId":"edemirkirkan"},"content":"            final int endIndex \u003d 3;","lastModifiedDate":"2022-03-18"},{"lineNumber":35,"author":{"gitId":"edemirkirkan"},"content":"            final int hotelIndex \u003d 4;","lastModifiedDate":"2022-03-18"},{"lineNumber":36,"author":{"gitId":"edemirkirkan"},"content":"            final int priceIndex \u003d 5;","lastModifiedDate":"2022-03-18"},{"lineNumber":37,"author":{"gitId":"edemirkirkan"},"content":"            final int countryIndex \u003d 6;","lastModifiedDate":"2022-03-18"},{"lineNumber":38,"author":{"gitId":"edemirkirkan"},"content":"            final int vacanciesIndex \u003d 7;","lastModifiedDate":"2022-03-18"},{"lineNumber":39,"author":{"gitId":"bbawj"},"content":"            name \u003d inputArray[nameIndex];","lastModifiedDate":"2022-03-10"},{"lineNumber":40,"author":{"gitId":"bbawj"},"content":"            start \u003d Integer.parseInt(inputArray[startIndex]);","lastModifiedDate":"2022-03-10"},{"lineNumber":41,"author":{"gitId":"bbawj"},"content":"            end \u003d Integer.parseInt(inputArray[endIndex]);","lastModifiedDate":"2022-03-10"},{"lineNumber":42,"author":{"gitId":"bbawj"},"content":"            hotel \u003d inputArray[hotelIndex];","lastModifiedDate":"2022-03-10"},{"lineNumber":43,"author":{"gitId":"bbawj"},"content":"            price \u003d Double.parseDouble(inputArray[priceIndex]);","lastModifiedDate":"2022-03-10"},{"lineNumber":44,"author":{"gitId":"bbawj"},"content":"            country \u003d inputArray[countryIndex];","lastModifiedDate":"2022-03-10"},{"lineNumber":45,"author":{"gitId":"bbawj"},"content":"            vacancies \u003d Integer.parseInt(inputArray[vacanciesIndex]);","lastModifiedDate":"2022-03-10"},{"lineNumber":46,"author":{"gitId":"edemirkirkan"},"content":"            return new AddCommand(name, start, end, hotel, price, country, vacancies);","lastModifiedDate":"2022-03-18"},{"lineNumber":47,"author":{"gitId":"bbawj"},"content":"        case \"delete\":","lastModifiedDate":"2022-03-10"},{"lineNumber":48,"author":{"gitId":"edemirkirkan"},"content":"            id \u003d inputArray[1];","lastModifiedDate":"2022-03-18"},{"lineNumber":49,"author":{"gitId":"bbawj"},"content":"            return new DeleteCommand(id);","lastModifiedDate":"2022-03-10"},{"lineNumber":50,"author":{"gitId":"bbawj"},"content":"        case \"packages\":","lastModifiedDate":"2022-03-10"},{"lineNumber":51,"author":{"gitId":"bbawj"},"content":"            return new PackagesCommand();","lastModifiedDate":"2022-03-10"},{"lineNumber":52,"author":{"gitId":"chintaiann"},"content":"        case \"reservation\":","lastModifiedDate":"2022-03-17"},{"lineNumber":53,"author":{"gitId":"chintaiann"},"content":"            return new ReservationCommand();","lastModifiedDate":"2022-03-17"},{"lineNumber":54,"author":{"gitId":"bbawj"},"content":"        default:","lastModifiedDate":"2022-03-10"},{"lineNumber":55,"author":{"gitId":"chintaiann"},"content":"            return new ErrorCommand(input);","lastModifiedDate":"2022-03-17"},{"lineNumber":56,"author":{"gitId":"bbawj"},"content":"        }","lastModifiedDate":"2022-03-10"},{"lineNumber":57,"author":{"gitId":"bbawj"},"content":"    }","lastModifiedDate":"2022-03-10"},{"lineNumber":58,"author":{"gitId":"bbawj"},"content":"}","lastModifiedDate":"2022-03-10"}],"authorContributionMap":{"bbawj":29,"chintaiann":4,"edemirkirkan":25}},{"path":"src/main/java/seedu/duke/Reservation.java","fileType":"functional-code","lines":[{"lineNumber":1,"author":{"gitId":"chintaiann"},"content":"package seedu.duke;","lastModifiedDate":"2022-03-17"},{"lineNumber":2,"author":{"gitId":"chintaiann"},"content":"","lastModifiedDate":"2022-03-17"},{"lineNumber":3,"author":{"gitId":"chintaiann"},"content":"public class Reservation {","lastModifiedDate":"2022-03-17"},{"lineNumber":4,"author":{"gitId":"edemirkirkan"},"content":"    private final int reservationID;","lastModifiedDate":"2022-03-18"},{"lineNumber":5,"author":{"gitId":"edemirkirkan"},"content":"    private final String customerName;","lastModifiedDate":"2022-03-18"},{"lineNumber":6,"author":{"gitId":"edemirkirkan"},"content":"    private final String contactNumber;","lastModifiedDate":"2022-03-18"},{"lineNumber":7,"author":{"gitId":"edemirkirkan"},"content":"    private final String packageID;","lastModifiedDate":"2022-03-18"},{"lineNumber":8,"author":{"gitId":"edemirkirkan"},"content":"    private final int numOfPax;","lastModifiedDate":"2022-03-18"},{"lineNumber":9,"author":{"gitId":"chintaiann"},"content":"","lastModifiedDate":"2022-03-17"},{"lineNumber":10,"author":{"gitId":"edemirkirkan"},"content":"    public Reservation(int reservationID, String packageID, String customerName, String contactNumber, int numOfPax) {","lastModifiedDate":"2022-03-18"},{"lineNumber":11,"author":{"gitId":"chintaiann"},"content":"        this.reservationID \u003d reservationID;","lastModifiedDate":"2022-03-17"},{"lineNumber":12,"author":{"gitId":"chintaiann"},"content":"        this.customerName \u003d customerName;","lastModifiedDate":"2022-03-17"},{"lineNumber":13,"author":{"gitId":"chintaiann"},"content":"        this.contactNumber \u003d contactNumber;","lastModifiedDate":"2022-03-17"},{"lineNumber":14,"author":{"gitId":"chintaiann"},"content":"        this.packageID \u003d packageID;","lastModifiedDate":"2022-03-17"},{"lineNumber":15,"author":{"gitId":"chintaiann"},"content":"        this.numOfPax \u003d numOfPax;","lastModifiedDate":"2022-03-17"},{"lineNumber":16,"author":{"gitId":"chintaiann"},"content":"    }","lastModifiedDate":"2022-03-17"},{"lineNumber":17,"author":{"gitId":"chintaiann"},"content":"","lastModifiedDate":"2022-03-17"},{"lineNumber":18,"author":{"gitId":"chintaiann"},"content":"    public int getReservationID() {","lastModifiedDate":"2022-03-17"},{"lineNumber":19,"author":{"gitId":"chintaiann"},"content":"        return reservationID;","lastModifiedDate":"2022-03-17"},{"lineNumber":20,"author":{"gitId":"chintaiann"},"content":"    }","lastModifiedDate":"2022-03-17"},{"lineNumber":21,"author":{"gitId":"chintaiann"},"content":"","lastModifiedDate":"2022-03-17"},{"lineNumber":22,"author":{"gitId":"chintaiann"},"content":"    public int getNumOfPax() {","lastModifiedDate":"2022-03-17"},{"lineNumber":23,"author":{"gitId":"chintaiann"},"content":"        return numOfPax;","lastModifiedDate":"2022-03-17"},{"lineNumber":24,"author":{"gitId":"chintaiann"},"content":"    }","lastModifiedDate":"2022-03-17"},{"lineNumber":25,"author":{"gitId":"chintaiann"},"content":"","lastModifiedDate":"2022-03-17"},{"lineNumber":26,"author":{"gitId":"edemirkirkan"},"content":"    public String getPackageID() {","lastModifiedDate":"2022-03-18"},{"lineNumber":27,"author":{"gitId":"chintaiann"},"content":"        return packageID;","lastModifiedDate":"2022-03-17"},{"lineNumber":28,"author":{"gitId":"chintaiann"},"content":"    }","lastModifiedDate":"2022-03-17"},{"lineNumber":29,"author":{"gitId":"chintaiann"},"content":"","lastModifiedDate":"2022-03-17"},{"lineNumber":30,"author":{"gitId":"chintaiann"},"content":"    public String getCustomerName() {","lastModifiedDate":"2022-03-17"},{"lineNumber":31,"author":{"gitId":"chintaiann"},"content":"        return customerName;","lastModifiedDate":"2022-03-17"},{"lineNumber":32,"author":{"gitId":"chintaiann"},"content":"    }","lastModifiedDate":"2022-03-17"},{"lineNumber":33,"author":{"gitId":"chintaiann"},"content":"","lastModifiedDate":"2022-03-17"},{"lineNumber":34,"author":{"gitId":"chintaiann"},"content":"    public String getContactNumber() {","lastModifiedDate":"2022-03-17"},{"lineNumber":35,"author":{"gitId":"chintaiann"},"content":"        return contactNumber;","lastModifiedDate":"2022-03-17"},{"lineNumber":36,"author":{"gitId":"chintaiann"},"content":"    }","lastModifiedDate":"2022-03-17"},{"lineNumber":37,"author":{"gitId":"chintaiann"},"content":"","lastModifiedDate":"2022-03-17"},{"lineNumber":38,"author":{"gitId":"chintaiann"},"content":"    @Override","lastModifiedDate":"2022-03-17"},{"lineNumber":39,"author":{"gitId":"chintaiann"},"content":"    public String toString() {","lastModifiedDate":"2022-03-17"},{"lineNumber":40,"author":{"gitId":"edemirkirkan"},"content":"        return \"Reservation \u0027\" + getReservationID() + \"\u0027\\n\"","lastModifiedDate":"2022-03-18"},{"lineNumber":41,"author":{"gitId":"edemirkirkan"},"content":"                + \"Package        \" + getPackageID() + \"\\n\"","lastModifiedDate":"2022-03-18"},{"lineNumber":42,"author":{"gitId":"edemirkirkan"},"content":"                + \"POC            \" + getCustomerName() + \"\\n\"","lastModifiedDate":"2022-03-18"},{"lineNumber":43,"author":{"gitId":"edemirkirkan"},"content":"                + \"Contact No.    \" + getContactNumber() + \"\\n\"","lastModifiedDate":"2022-03-18"},{"lineNumber":44,"author":{"gitId":"edemirkirkan"},"content":"                + \"Pax            \" + getNumOfPax() + \"\\n\";","lastModifiedDate":"2022-03-18"},{"lineNumber":45,"author":{"gitId":"chintaiann"},"content":"    }","lastModifiedDate":"2022-03-17"},{"lineNumber":46,"author":{"gitId":"mafpovbul"},"content":"","lastModifiedDate":"2022-03-24"},{"lineNumber":47,"author":{"gitId":"mafpovbul"},"content":"    public String toSave(){","lastModifiedDate":"2022-03-24"},{"lineNumber":48,"author":{"gitId":"mafpovbul"},"content":"        return Integer.toString(reservationID) + \" | \" + customerName + \" | \" + contactNumber  + \" | \" + packageID  + \" | \" + Integer.toString(numOfPax);","lastModifiedDate":"2022-03-24"},{"lineNumber":49,"author":{"gitId":"mafpovbul"},"content":"    }","lastModifiedDate":"2022-03-24"},{"lineNumber":50,"author":{"gitId":"chintaiann"},"content":"}","lastModifiedDate":"2022-03-17"}],"authorContributionMap":{"mafpovbul":4,"chintaiann":34,"edemirkirkan":12}},{"path":"src/main/java/seedu/duke/Storage.java","fileType":"functional-code","lines":[{"lineNumber":1,"author":{"gitId":"mafpovbul"},"content":"package seedu.duke;","lastModifiedDate":"2022-03-24"},{"lineNumber":2,"author":{"gitId":"mafpovbul"},"content":"","lastModifiedDate":"2022-03-24"},{"lineNumber":3,"author":{"gitId":"mafpovbul"},"content":"import java.io.File;","lastModifiedDate":"2022-03-24"},{"lineNumber":4,"author":{"gitId":"mafpovbul"},"content":"import java.io.FileNotFoundException;","lastModifiedDate":"2022-03-24"},{"lineNumber":5,"author":{"gitId":"mafpovbul"},"content":"import java.io.FileWriter;","lastModifiedDate":"2022-03-24"},{"lineNumber":6,"author":{"gitId":"mafpovbul"},"content":"import java.io.IOException;","lastModifiedDate":"2022-03-24"},{"lineNumber":7,"author":{"gitId":"mafpovbul"},"content":"import java.util.Date;","lastModifiedDate":"2022-03-24"},{"lineNumber":8,"author":{"gitId":"mafpovbul"},"content":"import java.util.Scanner;","lastModifiedDate":"2022-03-24"},{"lineNumber":9,"author":{"gitId":"mafpovbul"},"content":"","lastModifiedDate":"2022-03-24"},{"lineNumber":10,"author":{"gitId":"mafpovbul"},"content":"","lastModifiedDate":"2022-03-24"},{"lineNumber":11,"author":{"gitId":"mafpovbul"},"content":"/**","lastModifiedDate":"2022-03-24"},{"lineNumber":12,"author":{"gitId":"mafpovbul"},"content":" * Represents the controller to parse and write to a save file for packages and reservations","lastModifiedDate":"2022-03-24"},{"lineNumber":13,"author":{"gitId":"mafpovbul"},"content":" */","lastModifiedDate":"2022-03-24"},{"lineNumber":14,"author":{"gitId":"mafpovbul"},"content":"public class Storage {","lastModifiedDate":"2022-03-24"},{"lineNumber":15,"author":{"gitId":"mafpovbul"},"content":"    private String packages_filePath;","lastModifiedDate":"2022-03-24"},{"lineNumber":16,"author":{"gitId":"mafpovbul"},"content":"    private String reservations_filePath;","lastModifiedDate":"2022-03-24"},{"lineNumber":17,"author":{"gitId":"mafpovbul"},"content":"","lastModifiedDate":"2022-03-24"},{"lineNumber":18,"author":{"gitId":"mafpovbul"},"content":"    /**","lastModifiedDate":"2022-03-24"},{"lineNumber":19,"author":{"gitId":"mafpovbul"},"content":"     * String representation of the file path to the save file","lastModifiedDate":"2022-03-24"},{"lineNumber":20,"author":{"gitId":"mafpovbul"},"content":"     *","lastModifiedDate":"2022-03-24"},{"lineNumber":21,"author":{"gitId":"mafpovbul"},"content":"     * @param package_path, reservations_path","lastModifiedDate":"2022-03-24"},{"lineNumber":22,"author":{"gitId":"mafpovbul"},"content":"     */","lastModifiedDate":"2022-03-24"},{"lineNumber":23,"author":{"gitId":"mafpovbul"},"content":"    public Storage(String package_path, String reservations_path) {","lastModifiedDate":"2022-03-24"},{"lineNumber":24,"author":{"gitId":"mafpovbul"},"content":"        this.packages_filePath \u003d package_path;","lastModifiedDate":"2022-03-24"},{"lineNumber":25,"author":{"gitId":"mafpovbul"},"content":"        this.reservations_filePath \u003d reservations_path;","lastModifiedDate":"2022-03-24"},{"lineNumber":26,"author":{"gitId":"mafpovbul"},"content":"    }","lastModifiedDate":"2022-03-24"},{"lineNumber":27,"author":{"gitId":"mafpovbul"},"content":"","lastModifiedDate":"2022-03-24"},{"lineNumber":28,"author":{"gitId":"mafpovbul"},"content":"    /**","lastModifiedDate":"2022-03-24"},{"lineNumber":29,"author":{"gitId":"mafpovbul"},"content":"     * Writes the tasks in task list to the save file","lastModifiedDate":"2022-03-24"},{"lineNumber":30,"author":{"gitId":"mafpovbul"},"content":"     *","lastModifiedDate":"2022-03-24"},{"lineNumber":31,"author":{"gitId":"mafpovbul"},"content":"     */","lastModifiedDate":"2022-03-24"},{"lineNumber":32,"author":{"gitId":"mafpovbul"},"content":"    public void convertListToFile(Packages p) {","lastModifiedDate":"2022-03-24"},{"lineNumber":33,"author":{"gitId":"mafpovbul"},"content":"        String text \u003d \"\";","lastModifiedDate":"2022-03-24"},{"lineNumber":34,"author":{"gitId":"mafpovbul"},"content":"        for (int i \u003d 0; i \u003c p.getSize(); i++) {","lastModifiedDate":"2022-03-24"},{"lineNumber":35,"author":{"gitId":"mafpovbul"},"content":"            TravelPackage currentPackage \u003d p.getPackage(i);","lastModifiedDate":"2022-03-24"},{"lineNumber":36,"author":{"gitId":"mafpovbul"},"content":"            text \u003d text + currentPackage.toSave() + System.lineSeparator();","lastModifiedDate":"2022-03-24"},{"lineNumber":37,"author":{"gitId":"mafpovbul"},"content":"        }","lastModifiedDate":"2022-03-24"},{"lineNumber":38,"author":{"gitId":"mafpovbul"},"content":"        try {","lastModifiedDate":"2022-03-24"},{"lineNumber":39,"author":{"gitId":"mafpovbul"},"content":"            FileWriter fw \u003d new FileWriter(packages_filePath);","lastModifiedDate":"2022-03-24"},{"lineNumber":40,"author":{"gitId":"mafpovbul"},"content":"            fw.write(text);","lastModifiedDate":"2022-03-24"},{"lineNumber":41,"author":{"gitId":"mafpovbul"},"content":"            fw.close();","lastModifiedDate":"2022-03-24"},{"lineNumber":42,"author":{"gitId":"mafpovbul"},"content":"        } catch (IOException e) {","lastModifiedDate":"2022-03-24"},{"lineNumber":43,"author":{"gitId":"mafpovbul"},"content":"            System.out.println(e.getMessage());","lastModifiedDate":"2022-03-24"},{"lineNumber":44,"author":{"gitId":"mafpovbul"},"content":"        }","lastModifiedDate":"2022-03-24"},{"lineNumber":45,"author":{"gitId":"mafpovbul"},"content":"","lastModifiedDate":"2022-03-24"},{"lineNumber":46,"author":{"gitId":"mafpovbul"},"content":"        String resText \u003d \"\";","lastModifiedDate":"2022-03-24"},{"lineNumber":47,"author":{"gitId":"mafpovbul"},"content":"        for (int i \u003d 0; i \u003c p.getReservationSize(); i++) {","lastModifiedDate":"2022-03-24"},{"lineNumber":48,"author":{"gitId":"mafpovbul"},"content":"            Reservation currentReservation \u003d p.getReservation(i);","lastModifiedDate":"2022-03-24"},{"lineNumber":49,"author":{"gitId":"mafpovbul"},"content":"            resText \u003d resText + currentReservation.toSave() + System.lineSeparator();","lastModifiedDate":"2022-03-24"},{"lineNumber":50,"author":{"gitId":"mafpovbul"},"content":"        }","lastModifiedDate":"2022-03-24"},{"lineNumber":51,"author":{"gitId":"mafpovbul"},"content":"        try {","lastModifiedDate":"2022-03-24"},{"lineNumber":52,"author":{"gitId":"mafpovbul"},"content":"            FileWriter fw \u003d new FileWriter(reservations_filePath);","lastModifiedDate":"2022-03-24"},{"lineNumber":53,"author":{"gitId":"mafpovbul"},"content":"            fw.write(resText);","lastModifiedDate":"2022-03-24"},{"lineNumber":54,"author":{"gitId":"mafpovbul"},"content":"            fw.close();","lastModifiedDate":"2022-03-24"},{"lineNumber":55,"author":{"gitId":"mafpovbul"},"content":"        } catch (IOException e) {","lastModifiedDate":"2022-03-24"},{"lineNumber":56,"author":{"gitId":"mafpovbul"},"content":"            System.out.println(e.getMessage());","lastModifiedDate":"2022-03-24"},{"lineNumber":57,"author":{"gitId":"mafpovbul"},"content":"        }","lastModifiedDate":"2022-03-24"},{"lineNumber":58,"author":{"gitId":"mafpovbul"},"content":"    }","lastModifiedDate":"2022-03-24"},{"lineNumber":59,"author":{"gitId":"mafpovbul"},"content":"","lastModifiedDate":"2022-03-24"},{"lineNumber":60,"author":{"gitId":"mafpovbul"},"content":"","lastModifiedDate":"2022-03-24"},{"lineNumber":61,"author":{"gitId":"mafpovbul"},"content":"    /**","lastModifiedDate":"2022-03-24"},{"lineNumber":62,"author":{"gitId":"mafpovbul"},"content":"     * Parses the save file","lastModifiedDate":"2022-03-24"},{"lineNumber":63,"author":{"gitId":"mafpovbul"},"content":"     *","lastModifiedDate":"2022-03-24"},{"lineNumber":64,"author":{"gitId":"mafpovbul"},"content":"     * @return ArrayList of tasks","lastModifiedDate":"2022-03-24"},{"lineNumber":65,"author":{"gitId":"mafpovbul"},"content":"     */","lastModifiedDate":"2022-03-24"},{"lineNumber":66,"author":{"gitId":"mafpovbul"},"content":"    public Packages convertFileToList() {","lastModifiedDate":"2022-03-24"},{"lineNumber":67,"author":{"gitId":"mafpovbul"},"content":"        Packages p \u003d new Packages();","lastModifiedDate":"2022-03-24"},{"lineNumber":68,"author":{"gitId":"mafpovbul"},"content":"        File pFile \u003d new File(packages_filePath);","lastModifiedDate":"2022-03-24"},{"lineNumber":69,"author":{"gitId":"mafpovbul"},"content":"        File rFile \u003d new File(reservations_filePath);","lastModifiedDate":"2022-03-24"},{"lineNumber":70,"author":{"gitId":"mafpovbul"},"content":"        try {","lastModifiedDate":"2022-03-24"},{"lineNumber":71,"author":{"gitId":"mafpovbul"},"content":"            Scanner s \u003d new Scanner(pFile);","lastModifiedDate":"2022-03-24"},{"lineNumber":72,"author":{"gitId":"mafpovbul"},"content":"            while (s.hasNext()) {","lastModifiedDate":"2022-03-24"},{"lineNumber":73,"author":{"gitId":"mafpovbul"},"content":"                String currentLine \u003d s.nextLine();","lastModifiedDate":"2022-03-24"},{"lineNumber":74,"author":{"gitId":"mafpovbul"},"content":"                String[] arrayElements \u003d currentLine.split(\"\\\\|\");","lastModifiedDate":"2022-03-24"},{"lineNumber":75,"author":{"gitId":"mafpovbul"},"content":"                String name \u003d arrayElements[0].trim();","lastModifiedDate":"2022-03-24"},{"lineNumber":76,"author":{"gitId":"mafpovbul"},"content":"                int start \u003d Integer.parseInt(arrayElements[1].trim());","lastModifiedDate":"2022-03-24"},{"lineNumber":77,"author":{"gitId":"mafpovbul"},"content":"                int end \u003d Integer.parseInt(arrayElements[2].trim());","lastModifiedDate":"2022-03-24"},{"lineNumber":78,"author":{"gitId":"mafpovbul"},"content":"                String hotel \u003d arrayElements[3].trim();","lastModifiedDate":"2022-03-24"},{"lineNumber":79,"author":{"gitId":"mafpovbul"},"content":"                double price \u003d Double.parseDouble(arrayElements[4].trim());","lastModifiedDate":"2022-03-24"},{"lineNumber":80,"author":{"gitId":"mafpovbul"},"content":"                String country \u003d arrayElements[5].trim();","lastModifiedDate":"2022-03-24"},{"lineNumber":81,"author":{"gitId":"mafpovbul"},"content":"                int vacancies \u003d Integer.parseInt(arrayElements[6].trim());","lastModifiedDate":"2022-03-24"},{"lineNumber":82,"author":{"gitId":"mafpovbul"},"content":"                TravelPackage newPackage \u003d new TravelPackage(name, new Date(start), new Date(end), hotel, price, country, vacancies);","lastModifiedDate":"2022-03-24"},{"lineNumber":83,"author":{"gitId":"mafpovbul"},"content":"                p.addPackage(newPackage);","lastModifiedDate":"2022-03-24"},{"lineNumber":84,"author":{"gitId":"mafpovbul"},"content":"            }","lastModifiedDate":"2022-03-24"},{"lineNumber":85,"author":{"gitId":"mafpovbul"},"content":"        } catch (FileNotFoundException e) {","lastModifiedDate":"2022-03-24"},{"lineNumber":86,"author":{"gitId":"mafpovbul"},"content":"            System.out.println(e.getMessage());","lastModifiedDate":"2022-03-24"},{"lineNumber":87,"author":{"gitId":"mafpovbul"},"content":"        }","lastModifiedDate":"2022-03-24"},{"lineNumber":88,"author":{"gitId":"mafpovbul"},"content":"        try {","lastModifiedDate":"2022-03-24"},{"lineNumber":89,"author":{"gitId":"mafpovbul"},"content":"            Scanner s \u003d new Scanner(rFile);","lastModifiedDate":"2022-03-24"},{"lineNumber":90,"author":{"gitId":"mafpovbul"},"content":"            while (s.hasNext()) {","lastModifiedDate":"2022-03-24"},{"lineNumber":91,"author":{"gitId":"mafpovbul"},"content":"                String currentLine \u003d s.nextLine();","lastModifiedDate":"2022-03-24"},{"lineNumber":92,"author":{"gitId":"mafpovbul"},"content":"                String[] arrayElements \u003d currentLine.split(\"\\\\|\");","lastModifiedDate":"2022-03-24"},{"lineNumber":93,"author":{"gitId":"mafpovbul"},"content":"                int reservationID \u003d Integer.parseInt(arrayElements[0].trim());","lastModifiedDate":"2022-03-24"},{"lineNumber":94,"author":{"gitId":"mafpovbul"},"content":"                String packageID \u003d arrayElements[1].trim();","lastModifiedDate":"2022-03-24"},{"lineNumber":95,"author":{"gitId":"mafpovbul"},"content":"                String custName \u003d arrayElements[2].trim();","lastModifiedDate":"2022-03-24"},{"lineNumber":96,"author":{"gitId":"mafpovbul"},"content":"                String custNum \u003d arrayElements[3].trim();","lastModifiedDate":"2022-03-24"},{"lineNumber":97,"author":{"gitId":"mafpovbul"},"content":"                int numPax \u003d Integer.parseInt(arrayElements[4].trim());","lastModifiedDate":"2022-03-24"},{"lineNumber":98,"author":{"gitId":"mafpovbul"},"content":"                Reservation newReservation \u003d new Reservation(reservationID, packageID, custName, custNum, numPax);","lastModifiedDate":"2022-03-24"},{"lineNumber":99,"author":{"gitId":"mafpovbul"},"content":"                p.addReservation(newReservation);","lastModifiedDate":"2022-03-24"},{"lineNumber":100,"author":{"gitId":"mafpovbul"},"content":"            }","lastModifiedDate":"2022-03-24"},{"lineNumber":101,"author":{"gitId":"mafpovbul"},"content":"        } catch (FileNotFoundException e) {","lastModifiedDate":"2022-03-24"},{"lineNumber":102,"author":{"gitId":"mafpovbul"},"content":"            System.out.println(e.getMessage());","lastModifiedDate":"2022-03-24"},{"lineNumber":103,"author":{"gitId":"mafpovbul"},"content":"        }","lastModifiedDate":"2022-03-24"},{"lineNumber":104,"author":{"gitId":"mafpovbul"},"content":"        return p;","lastModifiedDate":"2022-03-24"},{"lineNumber":105,"author":{"gitId":"mafpovbul"},"content":"    }","lastModifiedDate":"2022-03-24"},{"lineNumber":106,"author":{"gitId":"mafpovbul"},"content":"","lastModifiedDate":"2022-03-24"},{"lineNumber":107,"author":{"gitId":"mafpovbul"},"content":"","lastModifiedDate":"2022-03-24"},{"lineNumber":108,"author":{"gitId":"mafpovbul"},"content":"}","lastModifiedDate":"2022-03-24"},{"lineNumber":109,"author":{"gitId":"mafpovbul"},"content":"","lastModifiedDate":"2022-03-24"}],"authorContributionMap":{"mafpovbul":109}},{"path":"src/main/java/seedu/duke/TravelPackage.java","fileType":"functional-code","lines":[{"lineNumber":1,"author":{"gitId":"chintaiann"},"content":"package seedu.duke;","lastModifiedDate":"2022-03-10"},{"lineNumber":2,"author":{"gitId":"edemirkirkan"},"content":"","lastModifiedDate":"2022-03-18"},{"lineNumber":3,"author":{"gitId":"chintaiann"},"content":"import java.util.Date;","lastModifiedDate":"2022-03-10"},{"lineNumber":4,"author":{"gitId":"chintaiann"},"content":"","lastModifiedDate":"2022-03-10"},{"lineNumber":5,"author":{"gitId":"chintaiann"},"content":"public class TravelPackage {","lastModifiedDate":"2022-03-10"},{"lineNumber":6,"author":{"gitId":"edemirkirkan"},"content":"    private final String name;","lastModifiedDate":"2022-03-18"},{"lineNumber":7,"author":{"gitId":"edemirkirkan"},"content":"    private static int nextId \u003d 1;","lastModifiedDate":"2022-03-18"},{"lineNumber":8,"author":{"gitId":"edemirkirkan"},"content":"    private final int id;","lastModifiedDate":"2022-03-18"},{"lineNumber":9,"author":{"gitId":"chintaiann"},"content":"    private Date[] period; //[startDate,endDate]","lastModifiedDate":"2022-03-10"},{"lineNumber":10,"author":{"gitId":"edemirkirkan"},"content":"    private final String hotel;","lastModifiedDate":"2022-03-18"},{"lineNumber":11,"author":{"gitId":"edemirkirkan"},"content":"    private final double price;","lastModifiedDate":"2022-03-18"},{"lineNumber":12,"author":{"gitId":"edemirkirkan"},"content":"    private final String country;","lastModifiedDate":"2022-03-18"},{"lineNumber":13,"author":{"gitId":"edemirkirkan"},"content":"    private final int maxParticipants;","lastModifiedDate":"2022-03-18"},{"lineNumber":14,"author":{"gitId":"edemirkirkan"},"content":"    private final int numParticipants;","lastModifiedDate":"2022-03-18"},{"lineNumber":15,"author":{"gitId":"chintaiann"},"content":"","lastModifiedDate":"2022-03-10"},{"lineNumber":16,"author":{"gitId":"edemirkirkan"},"content":"    public TravelPackage(String name, Date startDate, Date endDate,","lastModifiedDate":"2022-03-18"},{"lineNumber":17,"author":{"gitId":"edemirkirkan"},"content":"                         String hotel, double price, String country, int maxParticipants) {","lastModifiedDate":"2022-03-18"},{"lineNumber":18,"author":{"gitId":"chintaiann"},"content":"        this.name \u003d name;","lastModifiedDate":"2022-03-10"},{"lineNumber":19,"author":{"gitId":"chintaiann"},"content":"        // this.period \u003d [startDate,endDate];","lastModifiedDate":"2022-03-10"},{"lineNumber":20,"author":{"gitId":"chintaiann"},"content":"        this.hotel \u003d hotel;","lastModifiedDate":"2022-03-10"},{"lineNumber":21,"author":{"gitId":"chintaiann"},"content":"        this.price \u003d price;","lastModifiedDate":"2022-03-10"},{"lineNumber":22,"author":{"gitId":"chintaiann"},"content":"        this.country \u003d country;","lastModifiedDate":"2022-03-10"},{"lineNumber":23,"author":{"gitId":"chintaiann"},"content":"        this.maxParticipants \u003d maxParticipants;","lastModifiedDate":"2022-03-10"},{"lineNumber":24,"author":{"gitId":"chintaiann"},"content":"        this.numParticipants \u003d 0;","lastModifiedDate":"2022-03-10"},{"lineNumber":25,"author":{"gitId":"edemirkirkan"},"content":"        id \u003d nextId++;","lastModifiedDate":"2022-03-18"},{"lineNumber":26,"author":{"gitId":"chintaiann"},"content":"    }","lastModifiedDate":"2022-03-10"},{"lineNumber":27,"author":{"gitId":"chintaiann"},"content":"    ","lastModifiedDate":"2022-03-10"},{"lineNumber":28,"author":{"gitId":"chintaiann"},"content":"    public boolean isFull() {","lastModifiedDate":"2022-03-10"},{"lineNumber":29,"author":{"gitId":"edemirkirkan"},"content":"        return this.numParticipants \u003e\u003d  maxParticipants;","lastModifiedDate":"2022-03-18"},{"lineNumber":30,"author":{"gitId":"chintaiann"},"content":"    }","lastModifiedDate":"2022-03-10"},{"lineNumber":31,"author":{"gitId":"chintaiann"},"content":"","lastModifiedDate":"2022-03-10"},{"lineNumber":32,"author":{"gitId":"edemirkirkan"},"content":"    public String getID() {","lastModifiedDate":"2022-03-18"},{"lineNumber":33,"author":{"gitId":"edemirkirkan"},"content":"        return \"P\" + this.id;","lastModifiedDate":"2022-03-18"},{"lineNumber":34,"author":{"gitId":"chintaiann"},"content":"    }","lastModifiedDate":"2022-03-10"},{"lineNumber":35,"author":{"gitId":"chintaiann"},"content":"","lastModifiedDate":"2022-03-10"},{"lineNumber":36,"author":{"gitId":"edemirkirkan"},"content":"    public String toString() {","lastModifiedDate":"2022-03-18"},{"lineNumber":37,"author":{"gitId":"edemirkirkan"},"content":"        return \"Here are the details for \"","lastModifiedDate":"2022-03-18"},{"lineNumber":38,"author":{"gitId":"edemirkirkan"},"content":"                + this.name + \", Travel Package ID of \"","lastModifiedDate":"2022-03-18"},{"lineNumber":39,"author":{"gitId":"edemirkirkan"},"content":"                + this.getID() + \"\\nCountry: \"","lastModifiedDate":"2022-03-18"},{"lineNumber":40,"author":{"gitId":"edemirkirkan"},"content":"                + this.country + \"\\nPrice: \"","lastModifiedDate":"2022-03-18"},{"lineNumber":41,"author":{"gitId":"edemirkirkan"},"content":"                +  this.price + \"\\nHotel: \"","lastModifiedDate":"2022-03-18"},{"lineNumber":42,"author":{"gitId":"edemirkirkan"},"content":"                + this.hotel;","lastModifiedDate":"2022-03-18"},{"lineNumber":43,"author":{"gitId":"chintaiann"},"content":"    }","lastModifiedDate":"2022-03-10"},{"lineNumber":44,"author":{"gitId":"chintaiann"},"content":"","lastModifiedDate":"2022-03-10"},{"lineNumber":45,"author":{"gitId":"mafpovbul"},"content":"    public String toSave(){","lastModifiedDate":"2022-03-24"},{"lineNumber":46,"author":{"gitId":"mafpovbul"},"content":"        return name + \" | \" + Integer.toString(nextId) + \" | \" + Integer.toString(id) + \" | \" + //startDate, endDate","lastModifiedDate":"2022-03-24"},{"lineNumber":47,"author":{"gitId":"mafpovbul"},"content":"                hotel  + \" | \" + Double.toString(price)  + \" | \" + country  + \" | \" + Integer.toString(maxParticipants) + \" | \" + Integer.toString(numParticipants);","lastModifiedDate":"2022-03-24"},{"lineNumber":48,"author":{"gitId":"mafpovbul"},"content":"    }","lastModifiedDate":"2022-03-24"},{"lineNumber":49,"author":{"gitId":"mafpovbul"},"content":"","lastModifiedDate":"2022-03-24"},{"lineNumber":50,"author":{"gitId":"chintaiann"},"content":"","lastModifiedDate":"2022-03-10"},{"lineNumber":51,"author":{"gitId":"chintaiann"},"content":"    ","lastModifiedDate":"2022-03-10"},{"lineNumber":52,"author":{"gitId":"chintaiann"},"content":"","lastModifiedDate":"2022-03-10"},{"lineNumber":53,"author":{"gitId":"chintaiann"},"content":"","lastModifiedDate":"2022-03-10"},{"lineNumber":54,"author":{"gitId":"chintaiann"},"content":"    ","lastModifiedDate":"2022-03-10"},{"lineNumber":55,"author":{"gitId":"chintaiann"},"content":"","lastModifiedDate":"2022-03-10"},{"lineNumber":56,"author":{"gitId":"chintaiann"},"content":"","lastModifiedDate":"2022-03-10"},{"lineNumber":57,"author":{"gitId":"chintaiann"},"content":"","lastModifiedDate":"2022-03-10"},{"lineNumber":58,"author":{"gitId":"edemirkirkan"},"content":"","lastModifiedDate":"2022-03-18"},{"lineNumber":59,"author":{"gitId":"chintaiann"},"content":"}","lastModifiedDate":"2022-03-10"}],"authorContributionMap":{"mafpovbul":5,"chintaiann":31,"edemirkirkan":23}},{"path":"src/main/java/seedu/duke/command/AddCommand.java","fileType":"functional-code","lines":[{"lineNumber":1,"author":{"gitId":"bbawj"},"content":"package seedu.duke.command;","lastModifiedDate":"2022-03-10"},{"lineNumber":2,"author":{"gitId":"bbawj"},"content":"","lastModifiedDate":"2022-03-10"},{"lineNumber":3,"author":{"gitId":"bbawj"},"content":"import java.util.Date;","lastModifiedDate":"2022-03-10"},{"lineNumber":4,"author":{"gitId":"bbawj"},"content":"","lastModifiedDate":"2022-03-10"},{"lineNumber":5,"author":{"gitId":"bbawj"},"content":"import seedu.duke.Packages;","lastModifiedDate":"2022-03-10"},{"lineNumber":6,"author":{"gitId":"bbawj"},"content":"import seedu.duke.TravelPackage;","lastModifiedDate":"2022-03-10"},{"lineNumber":7,"author":{"gitId":"bbawj"},"content":"","lastModifiedDate":"2022-03-10"},{"lineNumber":8,"author":{"gitId":"bbawj"},"content":"public class AddCommand extends Command {","lastModifiedDate":"2022-03-10"},{"lineNumber":9,"author":{"gitId":"bbawj"},"content":"    private TravelPackage newPackage;","lastModifiedDate":"2022-03-10"},{"lineNumber":10,"author":{"gitId":"bbawj"},"content":"","lastModifiedDate":"2022-03-10"},{"lineNumber":11,"author":{"gitId":"edemirkirkan"},"content":"    public AddCommand(String name, int date1, int date2, String hotel, double price, String country,","lastModifiedDate":"2022-03-18"},{"lineNumber":12,"author":{"gitId":"bbawj"},"content":"            int maxVacancies) {","lastModifiedDate":"2022-03-10"},{"lineNumber":13,"author":{"gitId":"edemirkirkan"},"content":"        this.newPackage \u003d new TravelPackage(name, new Date(date1), new Date(date2), hotel, price, country,","lastModifiedDate":"2022-03-18"},{"lineNumber":14,"author":{"gitId":"bbawj"},"content":"                maxVacancies);","lastModifiedDate":"2022-03-10"},{"lineNumber":15,"author":{"gitId":"bbawj"},"content":"    }","lastModifiedDate":"2022-03-10"},{"lineNumber":16,"author":{"gitId":"bbawj"},"content":"","lastModifiedDate":"2022-03-10"},{"lineNumber":17,"author":{"gitId":"bbawj"},"content":"    public void execute(Packages packages) {","lastModifiedDate":"2022-03-10"},{"lineNumber":18,"author":{"gitId":"bbawj"},"content":"        packages.addPackage(newPackage);","lastModifiedDate":"2022-03-10"},{"lineNumber":19,"author":{"gitId":"bbawj"},"content":"    }","lastModifiedDate":"2022-03-10"},{"lineNumber":20,"author":{"gitId":"bbawj"},"content":"}","lastModifiedDate":"2022-03-10"}],"authorContributionMap":{"bbawj":18,"edemirkirkan":2}},{"path":"src/main/java/seedu/duke/command/ByeCommand.java","fileType":"functional-code","lines":[{"lineNumber":1,"author":{"gitId":"bbawj"},"content":"package seedu.duke.command;","lastModifiedDate":"2022-03-10"},{"lineNumber":2,"author":{"gitId":"bbawj"},"content":"","lastModifiedDate":"2022-03-10"},{"lineNumber":3,"author":{"gitId":"bbawj"},"content":"import seedu.duke.Packages;","lastModifiedDate":"2022-03-10"},{"lineNumber":4,"author":{"gitId":"bbawj"},"content":"","lastModifiedDate":"2022-03-10"},{"lineNumber":5,"author":{"gitId":"bbawj"},"content":"public class ByeCommand extends Command {","lastModifiedDate":"2022-03-10"},{"lineNumber":6,"author":{"gitId":"bbawj"},"content":"    public ByeCommand() {","lastModifiedDate":"2022-03-10"},{"lineNumber":7,"author":{"gitId":"edemirkirkan"},"content":"        setIsExit(true);","lastModifiedDate":"2022-03-18"},{"lineNumber":8,"author":{"gitId":"bbawj"},"content":"    }","lastModifiedDate":"2022-03-10"},{"lineNumber":9,"author":{"gitId":"bbawj"},"content":"","lastModifiedDate":"2022-03-10"},{"lineNumber":10,"author":{"gitId":"bbawj"},"content":"    public void execute(Packages packages) {","lastModifiedDate":"2022-03-10"},{"lineNumber":11,"author":{"gitId":"bbawj"},"content":"        System.out.println(\"Thank you for using TARBS. See you again!\");","lastModifiedDate":"2022-03-10"},{"lineNumber":12,"author":{"gitId":"bbawj"},"content":"    }","lastModifiedDate":"2022-03-10"},{"lineNumber":13,"author":{"gitId":"bbawj"},"content":"}","lastModifiedDate":"2022-03-10"}],"authorContributionMap":{"bbawj":12,"edemirkirkan":1}},{"path":"src/main/java/seedu/duke/command/Command.java","fileType":"functional-code","lines":[{"lineNumber":1,"author":{"gitId":"bbawj"},"content":"package seedu.duke.command;","lastModifiedDate":"2022-03-10"},{"lineNumber":2,"author":{"gitId":"bbawj"},"content":"","lastModifiedDate":"2022-03-10"},{"lineNumber":3,"author":{"gitId":"bbawj"},"content":"import seedu.duke.Packages;","lastModifiedDate":"2022-03-10"},{"lineNumber":4,"author":{"gitId":"bbawj"},"content":"","lastModifiedDate":"2022-03-10"},{"lineNumber":5,"author":{"gitId":"bbawj"},"content":"public abstract class Command {","lastModifiedDate":"2022-03-10"},{"lineNumber":6,"author":{"gitId":"edemirkirkan"},"content":"    private boolean isExit \u003d false;","lastModifiedDate":"2022-03-18"},{"lineNumber":7,"author":{"gitId":"bbawj"},"content":"","lastModifiedDate":"2022-03-10"},{"lineNumber":8,"author":{"gitId":"bbawj"},"content":"    public boolean getIsExit() {","lastModifiedDate":"2022-03-10"},{"lineNumber":9,"author":{"gitId":"bbawj"},"content":"        return this.isExit;","lastModifiedDate":"2022-03-10"},{"lineNumber":10,"author":{"gitId":"bbawj"},"content":"    }","lastModifiedDate":"2022-03-10"},{"lineNumber":11,"author":{"gitId":"bbawj"},"content":"","lastModifiedDate":"2022-03-10"},{"lineNumber":12,"author":{"gitId":"bbawj"},"content":"    public void setIsExit(boolean isExit) {","lastModifiedDate":"2022-03-10"},{"lineNumber":13,"author":{"gitId":"bbawj"},"content":"        this.isExit \u003d isExit;","lastModifiedDate":"2022-03-10"},{"lineNumber":14,"author":{"gitId":"bbawj"},"content":"    }","lastModifiedDate":"2022-03-10"},{"lineNumber":15,"author":{"gitId":"bbawj"},"content":"","lastModifiedDate":"2022-03-10"},{"lineNumber":16,"author":{"gitId":"bbawj"},"content":"    public abstract void execute(Packages packages);","lastModifiedDate":"2022-03-10"},{"lineNumber":17,"author":{"gitId":"bbawj"},"content":"}","lastModifiedDate":"2022-03-10"}],"authorContributionMap":{"bbawj":16,"edemirkirkan":1}},{"path":"src/main/java/seedu/duke/command/DeleteCommand.java","fileType":"functional-code","lines":[{"lineNumber":1,"author":{"gitId":"bbawj"},"content":"package seedu.duke.command;","lastModifiedDate":"2022-03-10"},{"lineNumber":2,"author":{"gitId":"bbawj"},"content":"","lastModifiedDate":"2022-03-10"},{"lineNumber":3,"author":{"gitId":"bbawj"},"content":"import seedu.duke.Packages;","lastModifiedDate":"2022-03-10"},{"lineNumber":4,"author":{"gitId":"bbawj"},"content":"","lastModifiedDate":"2022-03-10"},{"lineNumber":5,"author":{"gitId":"bbawj"},"content":"public class DeleteCommand extends Command {","lastModifiedDate":"2022-03-10"},{"lineNumber":6,"author":{"gitId":"edemirkirkan"},"content":"    private final String id;","lastModifiedDate":"2022-03-18"},{"lineNumber":7,"author":{"gitId":"bbawj"},"content":"","lastModifiedDate":"2022-03-10"},{"lineNumber":8,"author":{"gitId":"edemirkirkan"},"content":"    public DeleteCommand(String id) {","lastModifiedDate":"2022-03-18"},{"lineNumber":9,"author":{"gitId":"bbawj"},"content":"        this.id \u003d id;","lastModifiedDate":"2022-03-10"},{"lineNumber":10,"author":{"gitId":"bbawj"},"content":"    }","lastModifiedDate":"2022-03-10"},{"lineNumber":11,"author":{"gitId":"bbawj"},"content":"","lastModifiedDate":"2022-03-10"},{"lineNumber":12,"author":{"gitId":"bbawj"},"content":"    public void execute(Packages packages) {","lastModifiedDate":"2022-03-10"},{"lineNumber":13,"author":{"gitId":"edemirkirkan"},"content":"        int numberOfPackages \u003d packages.getSize();","lastModifiedDate":"2022-03-18"},{"lineNumber":14,"author":{"gitId":"edemirkirkan"},"content":"        for (int i \u003d 0; i \u003c numberOfPackages; i++) {","lastModifiedDate":"2022-03-18"},{"lineNumber":15,"author":{"gitId":"edemirkirkan"},"content":"            if (packages.getPackage(i).getID().equals(id)) {","lastModifiedDate":"2022-03-18"},{"lineNumber":16,"author":{"gitId":"bbawj"},"content":"                packages.removePackage(i);","lastModifiedDate":"2022-03-10"},{"lineNumber":17,"author":{"gitId":"bbawj"},"content":"                break;","lastModifiedDate":"2022-03-10"},{"lineNumber":18,"author":{"gitId":"bbawj"},"content":"            }","lastModifiedDate":"2022-03-10"},{"lineNumber":19,"author":{"gitId":"bbawj"},"content":"        }","lastModifiedDate":"2022-03-10"},{"lineNumber":20,"author":{"gitId":"bbawj"},"content":"","lastModifiedDate":"2022-03-10"},{"lineNumber":21,"author":{"gitId":"bbawj"},"content":"    }","lastModifiedDate":"2022-03-10"},{"lineNumber":22,"author":{"gitId":"bbawj"},"content":"}","lastModifiedDate":"2022-03-10"}],"authorContributionMap":{"bbawj":17,"edemirkirkan":5}},{"path":"src/main/java/seedu/duke/command/ErrorCommand.java","fileType":"functional-code","lines":[{"lineNumber":1,"author":{"gitId":"chintaiann"},"content":"package seedu.duke.command;","lastModifiedDate":"2022-03-17"},{"lineNumber":2,"author":{"gitId":"chintaiann"},"content":"","lastModifiedDate":"2022-03-17"},{"lineNumber":3,"author":{"gitId":"chintaiann"},"content":"import seedu.duke.Packages;","lastModifiedDate":"2022-03-17"},{"lineNumber":4,"author":{"gitId":"chintaiann"},"content":"","lastModifiedDate":"2022-03-17"},{"lineNumber":5,"author":{"gitId":"chintaiann"},"content":"public class ErrorCommand extends Command {","lastModifiedDate":"2022-03-17"},{"lineNumber":6,"author":{"gitId":"chintaiann"},"content":"    private String input;","lastModifiedDate":"2022-03-17"},{"lineNumber":7,"author":{"gitId":"chintaiann"},"content":"","lastModifiedDate":"2022-03-17"},{"lineNumber":8,"author":{"gitId":"chintaiann"},"content":"    public ErrorCommand(String input) {","lastModifiedDate":"2022-03-17"},{"lineNumber":9,"author":{"gitId":"chintaiann"},"content":"        this.input \u003d input;","lastModifiedDate":"2022-03-17"},{"lineNumber":10,"author":{"gitId":"chintaiann"},"content":"    }","lastModifiedDate":"2022-03-17"},{"lineNumber":11,"author":{"gitId":"chintaiann"},"content":"","lastModifiedDate":"2022-03-17"},{"lineNumber":12,"author":{"gitId":"chintaiann"},"content":"    public void execute(Packages packages) {","lastModifiedDate":"2022-03-17"},{"lineNumber":13,"author":{"gitId":"chintaiann"},"content":"        System.out.println(\"Input not recognized: \" + this.input);","lastModifiedDate":"2022-03-17"},{"lineNumber":14,"author":{"gitId":"chintaiann"},"content":"        System.out.println(\"Use the help command to find out the valid commands.\");","lastModifiedDate":"2022-03-17"},{"lineNumber":15,"author":{"gitId":"chintaiann"},"content":"","lastModifiedDate":"2022-03-17"},{"lineNumber":16,"author":{"gitId":"chintaiann"},"content":"    }","lastModifiedDate":"2022-03-17"},{"lineNumber":17,"author":{"gitId":"chintaiann"},"content":"}","lastModifiedDate":"2022-03-17"}],"authorContributionMap":{"chintaiann":17}},{"path":"src/main/java/seedu/duke/command/HelpCommand.java","fileType":"functional-code","lines":[{"lineNumber":1,"author":{"gitId":"edemirkirkan"},"content":"package seedu.duke.command;","lastModifiedDate":"2022-03-25"},{"lineNumber":2,"author":{"gitId":"edemirkirkan"},"content":"","lastModifiedDate":"2022-03-25"},{"lineNumber":3,"author":{"gitId":"edemirkirkan"},"content":"import seedu.duke.Packages;","lastModifiedDate":"2022-03-25"},{"lineNumber":4,"author":{"gitId":"edemirkirkan"},"content":"","lastModifiedDate":"2022-03-25"},{"lineNumber":5,"author":{"gitId":"edemirkirkan"},"content":"public class HelpCommand extends Command{","lastModifiedDate":"2022-03-25"},{"lineNumber":6,"author":{"gitId":"edemirkirkan"},"content":"","lastModifiedDate":"2022-03-25"},{"lineNumber":7,"author":{"gitId":"edemirkirkan"},"content":"    @Override","lastModifiedDate":"2022-03-25"},{"lineNumber":8,"author":{"gitId":"edemirkirkan"},"content":"    public void execute(Packages packages) {","lastModifiedDate":"2022-03-25"},{"lineNumber":9,"author":{"gitId":"edemirkirkan"},"content":"        final String SEPARATOR \u003d \"---------------------------------------------\" +","lastModifiedDate":"2022-03-25"},{"lineNumber":10,"author":{"gitId":"edemirkirkan"},"content":"                \"--------------------------\\n\";","lastModifiedDate":"2022-03-25"},{"lineNumber":11,"author":{"gitId":"edemirkirkan"},"content":"        System.out.println(SEPARATOR + \"SHOW ALL PACKAGES\\nView a list of all available packages\\n\" +","lastModifiedDate":"2022-03-25"},{"lineNumber":12,"author":{"gitId":"edemirkirkan"},"content":"                        \"Format/Usage: packages\\n\" + SEPARATOR + \"SHOW CHOSEN PACKAGE\\nDisplays the \" +","lastModifiedDate":"2022-03-25"},{"lineNumber":13,"author":{"gitId":"edemirkirkan"},"content":"                        \"detailed information of a specific travel \" + \"package from\\nthe \" +","lastModifiedDate":"2022-03-25"},{"lineNumber":14,"author":{"gitId":"edemirkirkan"},"content":"                        \"\u0027packages\u0027 page Able to print out specific details of any package\\n\" +","lastModifiedDate":"2022-03-25"},{"lineNumber":15,"author":{"gitId":"edemirkirkan"},"content":"                        \"Format: info {package_id}\\n\" + \"Usage: info P2\\n\" + SEPARATOR + \"ADD PACKAGE\\n\" +","lastModifiedDate":"2022-03-25"},{"lineNumber":16,"author":{"gitId":"edemirkirkan"},"content":"                        \"Allows the user to add a new travel package\\ninto the list of available packages\\n\" +","lastModifiedDate":"2022-03-25"},{"lineNumber":17,"author":{"gitId":"edemirkirkan"},"content":"                        \"Format: add {package_name}, {country}, {duration}, {price}, {vacancies}\\n\" +","lastModifiedDate":"2022-03-25"},{"lineNumber":18,"author":{"gitId":"edemirkirkan"},"content":"                        \"Usage: add Skiing Trip, Sweden, 15/2/2022-19/2/2022, 800, 100\\n\" + SEPARATOR +","lastModifiedDate":"2022-03-25"},{"lineNumber":19,"author":{"gitId":"edemirkirkan"},"content":"                        \"DELETE PACKAGE\\nAllows the user to delete an existing travel package\\nfrom the \" +","lastModifiedDate":"2022-03-25"},{"lineNumber":20,"author":{"gitId":"edemirkirkan"},"content":"                        \"list of available packages\\nFormat: delete {package_id}\\nUsage: delete P2\\n\" +","lastModifiedDate":"2022-03-25"},{"lineNumber":21,"author":{"gitId":"edemirkirkan"},"content":"                        SEPARATOR + \"SHOW RESERVATIONS\\nShows reservations of the user for \" +","lastModifiedDate":"2022-03-25"},{"lineNumber":22,"author":{"gitId":"edemirkirkan"},"content":"                        \"a specified travel package\\nfrom the packages page\\nFormat: reservations \" +","lastModifiedDate":"2022-03-25"},{"lineNumber":23,"author":{"gitId":"edemirkirkan"},"content":"                        \"{package_id}\\nUsage: reservations 3\\n\" + SEPARATOR + \"MAKE RESERVATION\" +","lastModifiedDate":"2022-03-25"},{"lineNumber":24,"author":{"gitId":"edemirkirkan"},"content":"                        \"\\nCreates a reservation for a travel package from the packages page\\nFormat: \" +","lastModifiedDate":"2022-03-25"},{"lineNumber":25,"author":{"gitId":"edemirkirkan"},"content":"                        \"reserve {package_id} {contact_name} {contact_number} {pax}\\nUsage: reserve 3 \" +","lastModifiedDate":"2022-03-25"},{"lineNumber":26,"author":{"gitId":"edemirkirkan"},"content":"                        \"John Doe 91234567 3\\n\" + SEPARATOR + \"REMOVE RESERVATION\\nDeletes a reservation \" +","lastModifiedDate":"2022-03-25"},{"lineNumber":27,"author":{"gitId":"edemirkirkan"},"content":"                        \"for a travel package from the packages page\\nFormat: remove {reservation_id}\" +","lastModifiedDate":"2022-03-25"},{"lineNumber":28,"author":{"gitId":"edemirkirkan"},"content":"                        \"\\nUsage: remove R3\\n\" + SEPARATOR);","lastModifiedDate":"2022-03-25"},{"lineNumber":29,"author":{"gitId":"edemirkirkan"},"content":"    }","lastModifiedDate":"2022-03-25"},{"lineNumber":30,"author":{"gitId":"edemirkirkan"},"content":"}","lastModifiedDate":"2022-03-25"}],"authorContributionMap":{"edemirkirkan":30}},{"path":"src/main/java/seedu/duke/command/PackagesCommand.java","fileType":"functional-code","lines":[{"lineNumber":1,"author":{"gitId":"bbawj"},"content":"package seedu.duke.command;","lastModifiedDate":"2022-03-10"},{"lineNumber":2,"author":{"gitId":"bbawj"},"content":"","lastModifiedDate":"2022-03-10"},{"lineNumber":3,"author":{"gitId":"bbawj"},"content":"import seedu.duke.Packages;","lastModifiedDate":"2022-03-10"},{"lineNumber":4,"author":{"gitId":"bbawj"},"content":"","lastModifiedDate":"2022-03-10"},{"lineNumber":5,"author":{"gitId":"bbawj"},"content":"public class PackagesCommand extends Command {","lastModifiedDate":"2022-03-10"},{"lineNumber":6,"author":{"gitId":"bbawj"},"content":"    public void execute(Packages packages) {","lastModifiedDate":"2022-03-10"},{"lineNumber":7,"author":{"gitId":"bbawj"},"content":"        for (int i \u003d 0; i \u003c packages.getSize(); i++) {","lastModifiedDate":"2022-03-10"},{"lineNumber":8,"author":{"gitId":"edemirkirkan"},"content":"            System.out.println(packages.getPackage(i));","lastModifiedDate":"2022-03-18"},{"lineNumber":9,"author":{"gitId":"bbawj"},"content":"        }","lastModifiedDate":"2022-03-10"},{"lineNumber":10,"author":{"gitId":"bbawj"},"content":"    }","lastModifiedDate":"2022-03-10"},{"lineNumber":11,"author":{"gitId":"bbawj"},"content":"}","lastModifiedDate":"2022-03-10"}],"authorContributionMap":{"bbawj":10,"edemirkirkan":1}},{"path":"src/main/java/seedu/duke/command/ReservationCommand.java","fileType":"functional-code","lines":[{"lineNumber":1,"author":{"gitId":"chintaiann"},"content":"package seedu.duke.command;","lastModifiedDate":"2022-03-17"},{"lineNumber":2,"author":{"gitId":"chintaiann"},"content":"","lastModifiedDate":"2022-03-17"},{"lineNumber":3,"author":{"gitId":"chintaiann"},"content":"import seedu.duke.Packages;","lastModifiedDate":"2022-03-17"},{"lineNumber":4,"author":{"gitId":"chintaiann"},"content":"import seedu.duke.Reservation;","lastModifiedDate":"2022-03-17"},{"lineNumber":5,"author":{"gitId":"chintaiann"},"content":"import java.util.Scanner;","lastModifiedDate":"2022-03-17"},{"lineNumber":6,"author":{"gitId":"chintaiann"},"content":"","lastModifiedDate":"2022-03-17"},{"lineNumber":7,"author":{"gitId":"chintaiann"},"content":"public class ReservationCommand extends Command {","lastModifiedDate":"2022-03-17"},{"lineNumber":8,"author":{"gitId":"chintaiann"},"content":"    public void execute(Packages packages) {","lastModifiedDate":"2022-03-17"},{"lineNumber":9,"author":{"gitId":"chintaiann"},"content":"        Scanner s \u003d new Scanner(System.in);","lastModifiedDate":"2022-03-17"},{"lineNumber":10,"author":{"gitId":"chintaiann"},"content":"        System.out.println(\"Please choose which function you would like to perform for Reservations.\");","lastModifiedDate":"2022-03-17"},{"lineNumber":11,"author":{"gitId":"chintaiann"},"content":"        System.out.println(\"1. Add Reservation\");","lastModifiedDate":"2022-03-17"},{"lineNumber":12,"author":{"gitId":"chintaiann"},"content":"        System.out.println(\"2. Remove Reservation\");","lastModifiedDate":"2022-03-17"},{"lineNumber":13,"author":{"gitId":"chintaiann"},"content":"        System.out.println(\"3. Check Reservations\");","lastModifiedDate":"2022-03-17"},{"lineNumber":14,"author":{"gitId":"chintaiann"},"content":"        int choice \u003d Integer.parseInt(s.nextLine());","lastModifiedDate":"2022-03-17"},{"lineNumber":15,"author":{"gitId":"edemirkirkan"},"content":"        switch (choice) {","lastModifiedDate":"2022-03-18"},{"lineNumber":16,"author":{"gitId":"edemirkirkan"},"content":"        case 1:","lastModifiedDate":"2022-03-18"},{"lineNumber":17,"author":{"gitId":"chintaiann"},"content":"            addReservation(packages);","lastModifiedDate":"2022-03-17"},{"lineNumber":18,"author":{"gitId":"edemirkirkan"},"content":"            return;","lastModifiedDate":"2022-03-18"},{"lineNumber":19,"author":{"gitId":"edemirkirkan"},"content":"        case 2:","lastModifiedDate":"2022-03-18"},{"lineNumber":20,"author":{"gitId":"chintaiann"},"content":"            deleteReservation(packages);","lastModifiedDate":"2022-03-17"},{"lineNumber":21,"author":{"gitId":"edemirkirkan"},"content":"            return;","lastModifiedDate":"2022-03-18"},{"lineNumber":22,"author":{"gitId":"edemirkirkan"},"content":"        case 3:","lastModifiedDate":"2022-03-18"},{"lineNumber":23,"author":{"gitId":"chintaiann"},"content":"            printReservation(packages);","lastModifiedDate":"2022-03-17"},{"lineNumber":24,"author":{"gitId":"edemirkirkan"},"content":"            return;","lastModifiedDate":"2022-03-18"},{"lineNumber":25,"author":{"gitId":"edemirkirkan"},"content":"        default:","lastModifiedDate":"2022-03-18"},{"lineNumber":26,"author":{"gitId":"chintaiann"},"content":"            System.out.println(\"Please only enter numbers 1-3!\");","lastModifiedDate":"2022-03-17"},{"lineNumber":27,"author":{"gitId":"chintaiann"},"content":"        }","lastModifiedDate":"2022-03-17"},{"lineNumber":28,"author":{"gitId":"chintaiann"},"content":"    }","lastModifiedDate":"2022-03-17"},{"lineNumber":29,"author":{"gitId":"chintaiann"},"content":"","lastModifiedDate":"2022-03-17"},{"lineNumber":30,"author":{"gitId":"chintaiann"},"content":"    public void printReservation(Packages packages) {","lastModifiedDate":"2022-03-17"},{"lineNumber":31,"author":{"gitId":"chintaiann"},"content":"        Scanner sc \u003d new Scanner(System.in);","lastModifiedDate":"2022-03-17"},{"lineNumber":32,"author":{"gitId":"chintaiann"},"content":"        System.out.println(\"Enter Reservation ID to check details: \");","lastModifiedDate":"2022-03-17"},{"lineNumber":33,"author":{"gitId":"chintaiann"},"content":"        int index \u003d sc.nextInt();","lastModifiedDate":"2022-03-17"},{"lineNumber":34,"author":{"gitId":"chintaiann"},"content":"        boolean reservationFound \u003d false;","lastModifiedDate":"2022-03-17"},{"lineNumber":35,"author":{"gitId":"chintaiann"},"content":"        for (int i \u003d 0; i \u003c packages.getReservationSize(); i++) {","lastModifiedDate":"2022-03-17"},{"lineNumber":36,"author":{"gitId":"chintaiann"},"content":"            if (packages.getReservation(i).getReservationID() \u003d\u003d index) {","lastModifiedDate":"2022-03-17"},{"lineNumber":37,"author":{"gitId":"edemirkirkan"},"content":"                System.out.println(packages.getReservation(i));","lastModifiedDate":"2022-03-18"},{"lineNumber":38,"author":{"gitId":"chintaiann"},"content":"                reservationFound \u003d true;","lastModifiedDate":"2022-03-17"},{"lineNumber":39,"author":{"gitId":"chintaiann"},"content":"                break;","lastModifiedDate":"2022-03-17"},{"lineNumber":40,"author":{"gitId":"edemirkirkan"},"content":"            }","lastModifiedDate":"2022-03-18"},{"lineNumber":41,"author":{"gitId":"edemirkirkan"},"content":"        }","lastModifiedDate":"2022-03-18"},{"lineNumber":42,"author":{"gitId":"chintaiann"},"content":"        if (!reservationFound) {","lastModifiedDate":"2022-03-17"},{"lineNumber":43,"author":{"gitId":"chintaiann"},"content":"            System.out.println(\"Reservation ID could not be found. Please try again with a valid ID.\");","lastModifiedDate":"2022-03-17"},{"lineNumber":44,"author":{"gitId":"chintaiann"},"content":"        }","lastModifiedDate":"2022-03-17"},{"lineNumber":45,"author":{"gitId":"chintaiann"},"content":"    }","lastModifiedDate":"2022-03-17"},{"lineNumber":46,"author":{"gitId":"chintaiann"},"content":"","lastModifiedDate":"2022-03-17"},{"lineNumber":47,"author":{"gitId":"chintaiann"},"content":"    public void addReservation(Packages packages) {","lastModifiedDate":"2022-03-17"},{"lineNumber":48,"author":{"gitId":"chintaiann"},"content":"        Scanner c \u003d new Scanner(System.in);","lastModifiedDate":"2022-03-17"},{"lineNumber":49,"author":{"gitId":"chintaiann"},"content":"        System.out.println(\"Enter reservation ID: \");","lastModifiedDate":"2022-03-17"},{"lineNumber":50,"author":{"gitId":"edemirkirkan"},"content":"        final int rid \u003d Integer.parseInt(c.nextLine());","lastModifiedDate":"2022-03-18"},{"lineNumber":51,"author":{"gitId":"chintaiann"},"content":"        System.out.println(\"Enter customer name: \");","lastModifiedDate":"2022-03-17"},{"lineNumber":52,"author":{"gitId":"edemirkirkan"},"content":"        final String name \u003d c.nextLine();","lastModifiedDate":"2022-03-18"},{"lineNumber":53,"author":{"gitId":"chintaiann"},"content":"        System.out.println(\"Enter mobile number: \");","lastModifiedDate":"2022-03-17"},{"lineNumber":54,"author":{"gitId":"edemirkirkan"},"content":"        final String number \u003d c.nextLine();","lastModifiedDate":"2022-03-18"},{"lineNumber":55,"author":{"gitId":"chintaiann"},"content":"        System.out.println(\"Enter Travel Package ID: \");","lastModifiedDate":"2022-03-17"},{"lineNumber":56,"author":{"gitId":"edemirkirkan"},"content":"        final String tid \u003d c.nextLine();","lastModifiedDate":"2022-03-18"},{"lineNumber":57,"author":{"gitId":"chintaiann"},"content":"        System.out.println(\"Enter number of pax: \");","lastModifiedDate":"2022-03-17"},{"lineNumber":58,"author":{"gitId":"edemirkirkan"},"content":"        final int pax \u003d Integer.parseInt(c.nextLine());","lastModifiedDate":"2022-03-18"},{"lineNumber":59,"author":{"gitId":"chintaiann"},"content":"","lastModifiedDate":"2022-03-17"},{"lineNumber":60,"author":{"gitId":"chintaiann"},"content":"        packages.addReservation(new Reservation(rid, tid, name, number, pax));","lastModifiedDate":"2022-03-17"},{"lineNumber":61,"author":{"gitId":"chintaiann"},"content":"    }","lastModifiedDate":"2022-03-17"},{"lineNumber":62,"author":{"gitId":"chintaiann"},"content":"","lastModifiedDate":"2022-03-17"},{"lineNumber":63,"author":{"gitId":"chintaiann"},"content":"    public void deleteReservation(Packages packages) {","lastModifiedDate":"2022-03-17"},{"lineNumber":64,"author":{"gitId":"chintaiann"},"content":"        Scanner p \u003d new Scanner(System.in);","lastModifiedDate":"2022-03-17"},{"lineNumber":65,"author":{"gitId":"chintaiann"},"content":"        System.out.println(\"Please enter the reservation ID to be deleted: \");","lastModifiedDate":"2022-03-17"},{"lineNumber":66,"author":{"gitId":"chintaiann"},"content":"        int index \u003d p.nextInt();","lastModifiedDate":"2022-03-17"},{"lineNumber":67,"author":{"gitId":"chintaiann"},"content":"        boolean deletionFound \u003d false;","lastModifiedDate":"2022-03-17"},{"lineNumber":68,"author":{"gitId":"chintaiann"},"content":"        for (int i \u003d 0; i \u003c packages.getReservationSize(); i++) {","lastModifiedDate":"2022-03-17"},{"lineNumber":69,"author":{"gitId":"chintaiann"},"content":"            if (packages.getReservation(i).getReservationID() \u003d\u003d index) {","lastModifiedDate":"2022-03-17"},{"lineNumber":70,"author":{"gitId":"chintaiann"},"content":"                System.out.println(\"Deleting Reservation\");","lastModifiedDate":"2022-03-17"},{"lineNumber":71,"author":{"gitId":"chintaiann"},"content":"                packages.removeReservation(i);","lastModifiedDate":"2022-03-17"},{"lineNumber":72,"author":{"gitId":"chintaiann"},"content":"                deletionFound \u003d true;","lastModifiedDate":"2022-03-17"},{"lineNumber":73,"author":{"gitId":"chintaiann"},"content":"                break;","lastModifiedDate":"2022-03-17"},{"lineNumber":74,"author":{"gitId":"chintaiann"},"content":"            }","lastModifiedDate":"2022-03-17"},{"lineNumber":75,"author":{"gitId":"chintaiann"},"content":"        }","lastModifiedDate":"2022-03-17"},{"lineNumber":76,"author":{"gitId":"chintaiann"},"content":"","lastModifiedDate":"2022-03-17"},{"lineNumber":77,"author":{"gitId":"chintaiann"},"content":"        if (!deletionFound) {","lastModifiedDate":"2022-03-17"},{"lineNumber":78,"author":{"gitId":"chintaiann"},"content":"            System.out.println(\"Reservation ID could not be found. Please try again with a valid ID.\");","lastModifiedDate":"2022-03-17"},{"lineNumber":79,"author":{"gitId":"chintaiann"},"content":"        }","lastModifiedDate":"2022-03-17"},{"lineNumber":80,"author":{"gitId":"chintaiann"},"content":"    }","lastModifiedDate":"2022-03-17"},{"lineNumber":81,"author":{"gitId":"chintaiann"},"content":"}","lastModifiedDate":"2022-03-17"}],"authorContributionMap":{"chintaiann":65,"edemirkirkan":16}}]
