{"authorDailyContributionsMap":{"mafpovbul":[{"date":"2022-03-24","commitResults":[{"hash":"2b759a9e22ba41dcdfa6fce12c67d18c7ba9c73f","messageTitle":"Added storage","messageBody":"","fileTypesAndContributionMap":{"functional-code":{"insertions":122,"deletions":1}}}]},{"date":"2022-03-26","commitResults":[{"hash":"098dc2180e08966e5c049aa0003ce763167c7b9b","messageTitle":"Refactored storage, added more exception handling","messageBody":"","fileTypesAndContributionMap":{"functional-code":{"insertions":94,"deletions":44}}},{"hash":"a73a44c606f0f04a8e03d095096c8cdfc2f9c436","messageTitle":"Update DeveloperGuide.md","messageBody":"","fileTypesAndContributionMap":{"docs":{"insertions":3,"deletions":0}}}]},{"date":"2022-03-27","commitResults":[{"hash":"d01889c26e83c6bcd82aa05a98bbd37d6b6623d8","messageTitle":"Update DeveloperGuide.md","messageBody":"","fileTypesAndContributionMap":{"docs":{"insertions":2,"deletions":0}}},{"hash":"fd4f6899916b0773bd3c833803fb8825d7b8ee40","messageTitle":"Update DeveloperGuide.md","messageBody":"","fileTypesAndContributionMap":{"docs":{"insertions":2,"deletions":2}}},{"hash":"acdd0fbc6f65cddddb82b8821ad5b9e49cbf95fa","messageTitle":"Update DeveloperGuide.md","messageBody":"","fileTypesAndContributionMap":{"docs":{"insertions":1,"deletions":1}}},{"hash":"d6f852f057c62edf5f81ecb7e3f828b83c24957f","messageTitle":"Update DeveloperGuide.md","messageBody":"","fileTypesAndContributionMap":{"docs":{"insertions":8,"deletions":2}}},{"hash":"9654fc6c601d59abbef7eec587734e61e55658ed","messageTitle":"Update UserGuide.md","messageBody":"","fileTypesAndContributionMap":{"docs":{"insertions":11,"deletions":2}}},{"hash":"6aa0c3922e4c7c57f90a68ab362696cdbcbdc8ad","messageTitle":"Update UserGuide.md","messageBody":"","fileTypesAndContributionMap":{"docs":{"insertions":1,"deletions":1}}},{"hash":"2b93114f45a65a20b59143ab12e31c24fabe2212","messageTitle":"Update DeveloperGuide.md","messageBody":"","fileTypesAndContributionMap":{"docs":{"insertions":4,"deletions":4}}}]}],"timchang27":[{"date":"2022-03-04","commitResults":[{"hash":"d40c81f7e396edc025698f7a0dc58319d9e201d4","messageTitle":"update about-us","messageBody":"","fileTypesAndContributionMap":{"docs":{"insertions":1,"deletions":1}}}]},{"date":"2022-03-11","commitResults":[{"hash":"5628838c0e7fda6f1e7e5d2163d081e629d631b6","messageTitle":"v1.0 - Some bugs","messageBody":"","fileTypesAndContributionMap":{"functional-code":{"insertions":548,"deletions":14}}},{"hash":"146fd7cd479a1e0db5b30f34d5ce54104e65fc9f","messageTitle":"v1.0 - Some bugs","messageBody":"","fileTypesAndContributionMap":{"functional-code":{"insertions":1,"deletions":1},"docs":{"insertions":2,"deletions":2}}},{"hash":"914229162ac6f38f667499874d172c9669fa117e","messageTitle":"v1.0 - Some bugs","messageBody":"","fileTypesAndContributionMap":{"docs":{"insertions":1,"deletions":1}}},{"hash":"aa628d020bc7fcff73236efc93586f9c2b0275db","messageTitle":"v1.0 - Some bugs","messageBody":"","fileTypesAndContributionMap":{"functional-code":{"insertions":0,"deletions":4}}}]},{"date":"2022-03-24","commitResults":[{"hash":"212b2684c549abe1f86d3fa4da4349bfdf5365f8","messageTitle":"v1.0 - Initial Changes","messageBody":"","fileTypesAndContributionMap":{"docs":{"insertions":1,"deletions":1}}}]},{"date":"2022-03-25","commitResults":[{"hash":"9b7ebe651e9047aa3bf28d6730e06cb68c59984e","messageTitle":"Update DeveloperGuide.md","messageBody":"Initial Commit of Product Scope, User Stories, NFRs, and User Instructions","fileTypesAndContributionMap":{"docs":{"insertions":47,"deletions":6}}}]}],"bbawj":[{"date":"2022-03-04","commitResults":[{"hash":"4fda6aa1417b8b83baaa59c86cd7cbd234527be6","messageTitle":"Add brendan to aboutus","messageBody":"","fileTypesAndContributionMap":{"docs":{"insertions":7,"deletions":7}}}]},{"date":"2022-03-10","commitResults":[{"hash":"8c7ce9b72c416fa6d64dd4454f9a89c8107e9e50","messageTitle":"Add OOP abstractions","messageBody":"","fileTypesAndContributionMap":{"functional-code":{"insertions":193,"deletions":80}}}]},{"date":"2022-03-27","commitResults":[{"hash":"54f4643256872339b737ff839a7d00740a760e16","messageTitle":"Abstract reservations out from packages","messageBody":"","fileTypesAndContributionMap":{"functional-code":{"insertions":111,"deletions":79}}},{"hash":"66c0907a88180accde205a67e6570523f033860c","messageTitle":"Update DeveloperGuide.md","messageBody":"","fileTypesAndContributionMap":{"docs":{"insertions":2,"deletions":0}}},{"hash":"e449f68278d7f53293309c74f6c2f7b4a4c4fb6d","messageTitle":"Add ParserTest","messageBody":"","fileTypesAndContributionMap":{"functional-code":{"insertions":65,"deletions":30},"test-code":{"insertions":81,"deletions":0}}},{"hash":"20ee0cabda187c0621def0a6f6d4c6cecfd3a811","messageTitle":"Update to TARBS","messageBody":"","fileTypesAndContributionMap":{"other":{"insertions":0,"deletions":0}}},{"hash":"a75449a9b16bacccf583b1064d7e9087a5c27592","messageTitle":"Update to TARBS","messageBody":"","fileTypesAndContributionMap":{"functional-code":{"insertions":1,"deletions":1}}},{"hash":"1f74e319fd51471351cdafa467c1917c8236309b","messageTitle":"Update DeveloperGuide.md","messageBody":"","fileTypesAndContributionMap":{"docs":{"insertions":8,"deletions":0}}}]}],"chintaiann":[{"date":"2022-03-04","commitResults":[{"hash":"6035a3df1f1e7d52a047f56f42cc0e48b4416814","messageTitle":"update AboutUs","messageBody":"","fileTypesAndContributionMap":{"docs":{"insertions":13,"deletions":7}}}]},{"date":"2022-03-10","commitResults":[{"hash":"354e627ccc805b5e527b6d16ae90128b317c4c90","messageTitle":"v1.0","messageBody":"Implement TravelPackage class\nAdding of travel package\nRemoval of travel package through ID\nPrinting of all travel packages\n\ntodo: error handling\n","fileTypesAndContributionMap":{"functional-code":{"insertions":141,"deletions":14}}}]},{"date":"2022-03-17","commitResults":[{"hash":"66bf2493caa6ee6642af70a51307c340baf54952","messageTitle":"v1.0","messageBody":"1. added Reservation class\n2. added Reservation arraylist to packages\n3. ErrorCommand and ReservationCommand added\n","fileTypesAndContributionMap":{"functional-code":{"insertions":189,"deletions":5}}}]}],"edemirkirkan":[{"date":"2022-03-04","commitResults":[{"hash":"80c25f76aaa0a3bbcc19e4831457c7805b8aa0a1","messageTitle":"Update AboutUs.md","messageBody":"","fileTypesAndContributionMap":{"docs":{"insertions":1,"deletions":1}}}]},{"date":"2022-03-18","commitResults":[{"hash":"ba42c739ec78e6d175978d22e2c6711080d5aa34","messageTitle":"make general revision","messageBody":"","fileTypesAndContributionMap":{"functional-code":{"insertions":66,"deletions":111},"docs":{"insertions":7,"deletions":7}}},{"hash":"40314b793150bf0e309e59c40c52b63fb2669c64","messageTitle":"revise the style","messageBody":"","fileTypesAndContributionMap":{"functional-code":{"insertions":36,"deletions":25}}}]},{"date":"2022-03-25","commitResults":[{"hash":"2948ac2dcf4d2f9c51c2648465ff079661983ddf","messageTitle":"Added the \u0027help\u0027 command","messageBody":"","fileTypesAndContributionMap":{"functional-code":{"insertions":41,"deletions":11},"docs":{"insertions":3,"deletions":0}}},{"hash":"add2be9b1fce4f24606fdd5adc4499898b5a6805","messageTitle":"Revise the import issue","messageBody":"","fileTypesAndContributionMap":{"functional-code":{"insertions":8,"deletions":1}}}]}]},"authorFileTypeContributionMap":{"mafpovbul":{"docs":22,"functional-code":151,"test-code":0},"timchang27":{"docs":47,"functional-code":134,"test-code":0},"bbawj":{"docs":14,"functional-code":255,"test-code":81},"chintaiann":{"docs":6,"functional-code":141,"test-code":0},"edemirkirkan":{"docs":5,"functional-code":112,"test-code":0}},"authorContributionVariance":{"mafpovbul":901.131,"timchang27":8468.822,"bbawj":5420.3027,"chintaiann":1538.8896,"edemirkirkan":1709.0223},"authorDisplayNameMap":{"mafpovbul":"CS2113-F10-3 JUST..IREN","timchang27":"CS2113-F10-3 TIMO..U\u0027EN","bbawj":"CS2113-F10-3 BREN.. JIE","chintaiann":"CS2113-F10-3 CHIN.. ANN","edemirkirkan":"CS2113-F10-3 DEMI.. EGE"}}
