{"authorDailyContributionsMap":{"mafpovbul":[],"timchang27":[],"bbawj":[{"date":"2022-03-04","commitResults":[{"hash":"4fda6aa1417b8b83baaa59c86cd7cbd234527be6","messageTitle":"Add brendan to aboutus","messageBody":"","fileTypesAndContributionMap":{"docs":{"insertions":7,"deletions":7}}}]}],"chintaiann":[{"date":"2022-03-04","commitResults":[{"hash":"6035a3df1f1e7d52a047f56f42cc0e48b4416814","messageTitle":"update AboutUs","messageBody":"","fileTypesAndContributionMap":{"docs":{"insertions":13,"deletions":7}}}]},{"date":"2022-03-10","commitResults":[{"hash":"354e627ccc805b5e527b6d16ae90128b317c4c90","messageTitle":"v1.0","messageBody":"Implement TravelPackage class\nAdding of travel package\nRemoval of travel package through ID\nPrinting of all travel packages\n\ntodo: error handling\n","fileTypesAndContributionMap":{"functional-code":{"insertions":141,"deletions":14}}}]}],"edemirkirkan":[{"date":"2022-03-04","commitResults":[{"hash":"80c25f76aaa0a3bbcc19e4831457c7805b8aa0a1","messageTitle":"Update AboutUs.md","messageBody":"","fileTypesAndContributionMap":{"docs":{"insertions":1,"deletions":1}}}]}]},"authorFileTypeContributionMap":{"mafpovbul":{"docs":0,"functional-code":0,"test-code":0},"timchang27":{"docs":0,"functional-code":0,"test-code":0},"bbawj":{"docs":7,"functional-code":0,"test-code":0},"chintaiann":{"docs":6,"functional-code":138,"test-code":0},"edemirkirkan":{"docs":0,"functional-code":0,"test-code":0}},"authorContributionVariance":{"mafpovbul":0.0,"timchang27":0.0,"bbawj":8.888888,"chintaiann":1093.6509,"edemirkirkan":0.18140593},"authorDisplayNameMap":{"mafpovbul":"CS2113-F10-3 JUST..IREN","timchang27":"CS2113-F10-3 TIMO..U\u0027EN","bbawj":"CS2113-F10-3 BREN.. JIE","chintaiann":"CS2113-F10-3 CHIN.. ANN","edemirkirkan":"CS2113-F10-3 DEMI.. EGE"}}
