{"authorDailyContributionsMap":{"mafpovbul":[{"date":"2022-03-24","commitResults":[{"hash":"2b759a9e22ba41dcdfa6fce12c67d18c7ba9c73f","messageTitle":"Added storage","messageBody":"","fileTypesAndContributionMap":{"functional-code":{"insertions":122,"deletions":1}}}]},{"date":"2022-03-26","commitResults":[{"hash":"098dc2180e08966e5c049aa0003ce763167c7b9b","messageTitle":"Refactored storage, added more exception handling","messageBody":"","fileTypesAndContributionMap":{"functional-code":{"insertions":94,"deletions":44}}},{"hash":"a73a44c606f0f04a8e03d095096c8cdfc2f9c436","messageTitle":"Update DeveloperGuide.md","messageBody":"","fileTypesAndContributionMap":{"docs":{"insertions":3,"deletions":0}}}]},{"date":"2022-03-27","commitResults":[{"hash":"d01889c26e83c6bcd82aa05a98bbd37d6b6623d8","messageTitle":"Update DeveloperGuide.md","messageBody":"","fileTypesAndContributionMap":{"docs":{"insertions":2,"deletions":0}}},{"hash":"fd4f6899916b0773bd3c833803fb8825d7b8ee40","messageTitle":"Update DeveloperGuide.md","messageBody":"","fileTypesAndContributionMap":{"docs":{"insertions":2,"deletions":2}}},{"hash":"acdd0fbc6f65cddddb82b8821ad5b9e49cbf95fa","messageTitle":"Update DeveloperGuide.md","messageBody":"","fileTypesAndContributionMap":{"docs":{"insertions":1,"deletions":1}}},{"hash":"d6f852f057c62edf5f81ecb7e3f828b83c24957f","messageTitle":"Update DeveloperGuide.md","messageBody":"","fileTypesAndContributionMap":{"docs":{"insertions":8,"deletions":2}}},{"hash":"9654fc6c601d59abbef7eec587734e61e55658ed","messageTitle":"Update UserGuide.md","messageBody":"","fileTypesAndContributionMap":{"docs":{"insertions":11,"deletions":2}}},{"hash":"6aa0c3922e4c7c57f90a68ab362696cdbcbdc8ad","messageTitle":"Update UserGuide.md","messageBody":"","fileTypesAndContributionMap":{"docs":{"insertions":1,"deletions":1}}},{"hash":"2b93114f45a65a20b59143ab12e31c24fabe2212","messageTitle":"Update DeveloperGuide.md","messageBody":"","fileTypesAndContributionMap":{"docs":{"insertions":4,"deletions":4}}}]},{"date":"2022-03-31","commitResults":[{"hash":"6e0658cb7564715ca42db2556fc1bf33e4cbec9a","messageTitle":"Update DeveloperGuide.md","messageBody":"","fileTypesAndContributionMap":{"docs":{"insertions":9,"deletions":0}}},{"hash":"57709594c4b25e359d485e24840015891f7ec498","messageTitle":"Update DeveloperGuide.md","messageBody":"","fileTypesAndContributionMap":{"docs":{"insertions":1,"deletions":1}}},{"hash":"dcabde9a1dd5f72b9449ddfccc574000ecccd4a3","messageTitle":"Update storage","messageBody":"","fileTypesAndContributionMap":{"functional-code":{"insertions":169,"deletions":161}}},{"hash":"3f89b4e8ef8227ad6d9d857a53d6a0f052fdbf50","messageTitle":"Update TARBS.java","messageBody":"","fileTypesAndContributionMap":{"functional-code":{"insertions":1,"deletions":0}}},{"hash":"8baf8b1f4192fb385ad425a15cddbb4fd6e4c7f5","messageTitle":"Update DeveloperGuide.md","messageBody":"","fileTypesAndContributionMap":{"docs":{"insertions":9,"deletions":9}}}]},{"date":"2022-04-01","commitResults":[{"hash":"0020ae1d3b9b0dc9a3d74ccb9c4181b67a1dfe3f","messageTitle":"Exception handling","messageBody":"","fileTypesAndContributionMap":{"functional-code":{"insertions":31,"deletions":16}}},{"hash":"e3b8a3760ccd5dc05ceeb782150483144124d188","messageTitle":"Exception handling for storage","messageBody":"","fileTypesAndContributionMap":{"functional-code":{"insertions":142,"deletions":63}}}]},{"date":"2022-04-02","commitResults":[{"hash":"be7cda6d86fa4c0e088b920177f19b64e6fe9613","messageTitle":"Date exception handling","messageBody":"","fileTypesAndContributionMap":{"functional-code":{"insertions":41,"deletions":5}}},{"hash":"40ed8a85ce9bbeee7d452165398ea4a2826c4624","messageTitle":"Date exception handling","messageBody":"","fileTypesAndContributionMap":{"functional-code":{"insertions":35,"deletions":0}}},{"hash":"7181984c19852280c41da1838c5fee87d40ace3f","messageTitle":"Find package logic, added error messages","messageBody":"","fileTypesAndContributionMap":{"functional-code":{"insertions":27,"deletions":19}}},{"hash":"728cb32f0e10109601bbd82741ff8d635bb9ed79","messageTitle":"Error checking when loading storage data","messageBody":"","fileTypesAndContributionMap":{"functional-code":{"insertions":12,"deletions":0}}},{"hash":"4c09fe00cd69961bf81c8758e07ef044e1fb67ec","messageTitle":"Add storage test code","messageBody":"","fileTypesAndContributionMap":{"functional-code":{"insertions":20,"deletions":17},"test-code":{"insertions":73,"deletions":0}}}]},{"date":"2022-04-07","commitResults":[{"hash":"15f00bdb68c6add9a68a29cf56e87d70e47ae1db","messageTitle":"Create justyn.md","messageBody":"","fileTypesAndContributionMap":{"docs":{"insertions":6,"deletions":0}}},{"hash":"2764c3e4fd6b23d6f65ac2fcc30154299248b7da","messageTitle":"Update justyn.md","messageBody":"","fileTypesAndContributionMap":{"docs":{"insertions":19,"deletions":1}}}]},{"date":"2022-04-09","commitResults":[{"hash":"0d5af471090d05528cde13ec63f948f9d103343b","messageTitle":"Update justyn.md","messageBody":"","fileTypesAndContributionMap":{"docs":{"insertions":1,"deletions":0}}},{"hash":"55e6f2aca259a563e672cb50a503d1ab2f0df63a","messageTitle":"Rename justyn.md to mafpovbul.md","messageBody":"","fileTypesAndContributionMap":{"docs":{"insertions":0,"deletions":0}}}]},{"date":"2022-04-11","commitResults":[{"hash":"7cd5b49fff9768d8a2166154958ad0b849c6b010","messageTitle":"Update AboutUs.md","messageBody":"","fileTypesAndContributionMap":{"docs":{"insertions":1,"deletions":1}}},{"hash":"a9613184bb0d0578cef063d5e73d05a8c364d0a2","messageTitle":"Update AboutUs.md","messageBody":"","fileTypesAndContributionMap":{"docs":{"insertions":1,"deletions":1}}}]}],"timchang27":[{"date":"2022-03-04","commitResults":[{"hash":"d40c81f7e396edc025698f7a0dc58319d9e201d4","messageTitle":"update about-us","messageBody":"","fileTypesAndContributionMap":{"docs":{"insertions":1,"deletions":1}}}]},{"date":"2022-03-11","commitResults":[{"hash":"5628838c0e7fda6f1e7e5d2163d081e629d631b6","messageTitle":"v1.0 - Some bugs","messageBody":"","fileTypesAndContributionMap":{"functional-code":{"insertions":548,"deletions":14}}},{"hash":"146fd7cd479a1e0db5b30f34d5ce54104e65fc9f","messageTitle":"v1.0 - Some bugs","messageBody":"","fileTypesAndContributionMap":{"functional-code":{"insertions":1,"deletions":1},"docs":{"insertions":2,"deletions":2}}},{"hash":"914229162ac6f38f667499874d172c9669fa117e","messageTitle":"v1.0 - Some bugs","messageBody":"","fileTypesAndContributionMap":{"docs":{"insertions":1,"deletions":1}}},{"hash":"aa628d020bc7fcff73236efc93586f9c2b0275db","messageTitle":"v1.0 - Some bugs","messageBody":"","fileTypesAndContributionMap":{"functional-code":{"insertions":0,"deletions":4}}}]},{"date":"2022-03-24","commitResults":[{"hash":"212b2684c549abe1f86d3fa4da4349bfdf5365f8","messageTitle":"v1.0 - Initial Changes","messageBody":"","fileTypesAndContributionMap":{"docs":{"insertions":1,"deletions":1}}}]},{"date":"2022-03-25","commitResults":[{"hash":"9b7ebe651e9047aa3bf28d6730e06cb68c59984e","messageTitle":"Update DeveloperGuide.md","messageBody":"Initial Commit of Product Scope, User Stories, NFRs, and User Instructions","fileTypesAndContributionMap":{"docs":{"insertions":47,"deletions":6}}}]},{"date":"2022-04-01","commitResults":[{"hash":"00ed778fd94f3025dd05d06bf160abc0ca36488b","messageTitle":"v2.0 - Edited packages command and added info command","messageBody":"","fileTypesAndContributionMap":{"functional-code":{"insertions":41,"deletions":1}}},{"hash":"340d229bca35e3cb30dc8083b5cf9031398b79d2","messageTitle":"Update DeveloperGuide.md","messageBody":"","fileTypesAndContributionMap":{"docs":{"insertions":22,"deletions":0}}},{"hash":"2c872a506d8a41d179f6a312ec43f71067d050dd","messageTitle":"v2.0 - Edited packages command and added info command","messageBody":"","fileTypesAndContributionMap":{"functional-code":{"insertions":4,"deletions":3}}}]},{"date":"2022-04-02","commitResults":[{"hash":"231b364f149f763b1afa729dc22a8c43178ca784","messageTitle":"v2.0 - Removed Unused Command Classes and Deleted Dead Code","messageBody":"","fileTypesAndContributionMap":{"functional-code":{"insertions":0,"deletions":59}}}]},{"date":"2022-04-07","commitResults":[{"hash":"d7d75b87cf2531a300240335bfbd9e48ab494273","messageTitle":"Update Project Portfolio Page","messageBody":"","fileTypesAndContributionMap":{"docs":{"insertions":24,"deletions":6}}},{"hash":"142421e2b0d4f4253306e6feffe4dcf584d9806d","messageTitle":"Resolve Issue","messageBody":"","fileTypesAndContributionMap":{"functional-code":{"insertions":16,"deletions":7}}}]},{"date":"2022-04-08","commitResults":[{"hash":"2b954f0ad97d1719a60d752915c2f75ae60b2a74","messageTitle":"Improved Help and HelpCommand, Corrected Add Instructions","messageBody":"","fileTypesAndContributionMap":{"functional-code":{"insertions":50,"deletions":19}}},{"hash":"885c839dea42b0a042693d48fe0318fdf80f21b6","messageTitle":"Update UserGuide.md","messageBody":"","fileTypesAndContributionMap":{"docs":{"insertions":9,"deletions":4}}},{"hash":"6f3ee1a2d0ebd2543a62cca9db4948f644102d01","messageTitle":"Added PPP","messageBody":"","fileTypesAndContributionMap":{"docs":{"insertions":10,"deletions":3}}},{"hash":"17b7f092b16644d3d074e10898f8266970f3af62","messageTitle":"Update UserGuide.md","messageBody":"","fileTypesAndContributionMap":{"docs":{"insertions":15,"deletions":1}}}]},{"date":"2022-04-10","commitResults":[{"hash":"0002a5e9447c443869275fb8e61e33c38a4f32d1","messageTitle":"Rename timothy.md to timchang27.md","messageBody":"","fileTypesAndContributionMap":{"docs":{"insertions":0,"deletions":0}}},{"hash":"57de34d9e546d23a93a2e79f2c645d579d314afe","messageTitle":"Added Hotel and Country Class","messageBody":"","fileTypesAndContributionMap":{"functional-code":{"insertions":160,"deletions":3}}},{"hash":"ea1ce11797a2afd670f4a970d21012483686d3fa","messageTitle":"Update timchang27.md","messageBody":"","fileTypesAndContributionMap":{"docs":{"insertions":2,"deletions":1}}},{"hash":"4f0cdcfc18fc08bda304c7422520043e0022c8d0","messageTitle":"Add and View Hotels Command","messageBody":"","fileTypesAndContributionMap":{"functional-code":{"insertions":188,"deletions":6}}},{"hash":"0445a59d6b650016dcbe08ff54494be62f821e3c","messageTitle":"Update DeveloperGuide.md","messageBody":"","fileTypesAndContributionMap":{"docs":{"insertions":2,"deletions":0}}},{"hash":"b01ae46661d241fe11f0b18b0df38788edbca0c3","messageTitle":"Update Help Command with Hotel related commands","messageBody":"","fileTypesAndContributionMap":{"functional-code":{"insertions":13,"deletions":1}}}]},{"date":"2022-04-11","commitResults":[{"hash":"4835e4c4cbe2dd261e348396c9af4e8f0a09daa5","messageTitle":"Update AboutUs.md","messageBody":"","fileTypesAndContributionMap":{"docs":{"insertions":1,"deletions":1}}},{"hash":"dcb082f8d1e6412d745ebf76c4b57873001b8373","messageTitle":"Fixed AddHotelCommand","messageBody":"","fileTypesAndContributionMap":{"functional-code":{"insertions":1,"deletions":0}}},{"hash":"22ab575b5a6b150bc8afef03d83a044ff57438c5","messageTitle":"Fixed AddHotelCommand","messageBody":"","fileTypesAndContributionMap":{"functional-code":{"insertions":6,"deletions":2}}},{"hash":"231098d5dd9f3f41a1e7e9f08bcfbcea9aa79216","messageTitle":"Fixed AddHotelCommand","messageBody":"","fileTypesAndContributionMap":{"functional-code":{"insertions":4,"deletions":15}}},{"hash":"db95f13d94db030951bd5ab3fa178eff6a435c7a","messageTitle":"Update timchang27.md","messageBody":"","fileTypesAndContributionMap":{"docs":{"insertions":0,"deletions":2}}}]}],"bbawj":[{"date":"2022-03-04","commitResults":[{"hash":"4fda6aa1417b8b83baaa59c86cd7cbd234527be6","messageTitle":"Add brendan to aboutus","messageBody":"","fileTypesAndContributionMap":{"docs":{"insertions":7,"deletions":7}}}]},{"date":"2022-03-10","commitResults":[{"hash":"8c7ce9b72c416fa6d64dd4454f9a89c8107e9e50","messageTitle":"Add OOP abstractions","messageBody":"","fileTypesAndContributionMap":{"functional-code":{"insertions":193,"deletions":80}}}]},{"date":"2022-03-27","commitResults":[{"hash":"54f4643256872339b737ff839a7d00740a760e16","messageTitle":"Abstract reservations out from packages","messageBody":"","fileTypesAndContributionMap":{"functional-code":{"insertions":111,"deletions":79}}},{"hash":"66c0907a88180accde205a67e6570523f033860c","messageTitle":"Update DeveloperGuide.md","messageBody":"","fileTypesAndContributionMap":{"docs":{"insertions":2,"deletions":0}}},{"hash":"e449f68278d7f53293309c74f6c2f7b4a4c4fb6d","messageTitle":"Add ParserTest","messageBody":"","fileTypesAndContributionMap":{"functional-code":{"insertions":65,"deletions":30},"test-code":{"insertions":81,"deletions":0}}},{"hash":"20ee0cabda187c0621def0a6f6d4c6cecfd3a811","messageTitle":"Update to TARBS","messageBody":"","fileTypesAndContributionMap":{"other":{"insertions":0,"deletions":0}}},{"hash":"a75449a9b16bacccf583b1064d7e9087a5c27592","messageTitle":"Update to TARBS","messageBody":"","fileTypesAndContributionMap":{"functional-code":{"insertions":1,"deletions":1}}},{"hash":"1f74e319fd51471351cdafa467c1917c8236309b","messageTitle":"Update DeveloperGuide.md","messageBody":"","fileTypesAndContributionMap":{"docs":{"insertions":8,"deletions":0}}}]},{"date":"2022-03-30","commitResults":[{"hash":"85419f6785331ed6e6bd16d1f89722859205e9c1","messageTitle":"Add exception handling and print reservations","messageBody":"","fileTypesAndContributionMap":{"functional-code":{"insertions":77,"deletions":22}}}]},{"date":"2022-03-31","commitResults":[{"hash":"24aea0c49605ce04528fa22a9ea54bebd5bcc59c","messageTitle":"Add override equals for testing","messageBody":"","fileTypesAndContributionMap":{"functional-code":{"insertions":23,"deletions":12},"other":{"insertions":3,"deletions":0},"test-code":{"insertions":3,"deletions":2}}},{"hash":"15874e3f23e0c1461d61530b48ce206b7508cc19","messageTitle":"Add SLAP for parser","messageBody":"","fileTypesAndContributionMap":{"functional-code":{"insertions":102,"deletions":56}}}]},{"date":"2022-04-01","commitResults":[{"hash":"8e581cbc7157378b07d5cc07f4a8ed306de0a3ab","messageTitle":"Update UserGuide.md","messageBody":"","fileTypesAndContributionMap":{"docs":{"insertions":41,"deletions":7}}},{"hash":"39e9523c0811510841e9f02ebe89a138ac040c9c","messageTitle":"Add Date support","messageBody":"","fileTypesAndContributionMap":{"functional-code":{"insertions":105,"deletions":77},"test-code":{"insertions":5,"deletions":2}}}]},{"date":"2022-04-02","commitResults":[{"hash":"bab17d81f9549788d4a335f75206b4846b9e1b2d","messageTitle":"Update help command, closes #77, closes #73, closes #51","messageBody":"","fileTypesAndContributionMap":{"functional-code":{"insertions":2,"deletions":2}}},{"hash":"eb94f626083413b372ab23c4cfac7bc72beefc18","messageTitle":"Code review closes #26","messageBody":"","fileTypesAndContributionMap":{"functional-code":{"insertions":101,"deletions":64}}},{"hash":"a690e3b6422c00d331b3ad2729abb6a4c919a68d","messageTitle":"Add exception handling and tests, closes #42, closes #69, closes #66","messageBody":"","fileTypesAndContributionMap":{"functional-code":{"insertions":7,"deletions":1},"test-code":{"insertions":32,"deletions":1}}},{"hash":"733bd633f9fbee50c4b6d96fa46876d6c63667f3","messageTitle":"Add date range test","messageBody":"","fileTypesAndContributionMap":{"test-code":{"insertions":17,"deletions":0}}}]},{"date":"2022-04-07","commitResults":[{"hash":"8154180a48bd85b3f1c25be85c1bcb3786bdbfdb","messageTitle":"Add Brendan PPP","messageBody":"","fileTypesAndContributionMap":{"docs":{"insertions":30,"deletions":0}}}]},{"date":"2022-04-09","commitResults":[{"hash":"ba84d08d89e82cfc614f503e7391342dccd85d52","messageTitle":"Rename brendan PPP","messageBody":"","fileTypesAndContributionMap":{"docs":{"insertions":0,"deletions":0}}}]}],"chintaiann":[{"date":"2022-03-04","commitResults":[{"hash":"6035a3df1f1e7d52a047f56f42cc0e48b4416814","messageTitle":"update AboutUs","messageBody":"","fileTypesAndContributionMap":{"docs":{"insertions":13,"deletions":7}}}]},{"date":"2022-03-10","commitResults":[{"hash":"354e627ccc805b5e527b6d16ae90128b317c4c90","messageTitle":"v1.0","messageBody":"Implement TravelPackage class\nAdding of travel package\nRemoval of travel package through ID\nPrinting of all travel packages\n\ntodo: error handling\n","fileTypesAndContributionMap":{"functional-code":{"insertions":141,"deletions":14}}}]},{"date":"2022-03-17","commitResults":[{"hash":"66bf2493caa6ee6642af70a51307c340baf54952","messageTitle":"v1.0","messageBody":"1. added Reservation class\n2. added Reservation arraylist to packages\n3. ErrorCommand and ReservationCommand added\n","fileTypesAndContributionMap":{"functional-code":{"insertions":189,"deletions":5}}}]},{"date":"2022-03-30","commitResults":[{"hash":"d123fc4004e2989ebad9571938d76776a323735e","messageTitle":"v2.0","messageBody":"1. all input standardized to using [COMMAND] [INPUT,INPUT,INPUT]\n -\u003e using commas to separate between multiple inputs\n\n2. reservations only used by TravelPackage\n\n3. feature to add and delete reservations by providing travelpackageID and other details\n\n4. commented out storage code, needs review after this commit\n","fileTypesAndContributionMap":{"functional-code":{"insertions":312,"deletions":284},"other":{"insertions":1,"deletions":0},"test-code":{"insertions":1,"deletions":0}}}]},{"date":"2022-03-31","commitResults":[{"hash":"24cd45692c67a3c8a69d4aaf6a5ceb005b7e4561","messageTitle":"v2.0","messageBody":"1. implemented functionality of not allowing reservations to be added if exceeds maxParticipants\n\n2. error message when travelID not found during adding/removing reservations\n\n3. adding/deletion of reservations will correctly alter number of participants now\n","fileTypesAndContributionMap":{"functional-code":{"insertions":50,"deletions":5}}},{"hash":"b8da5d6f7485cf5a9a003cfb6bf8b01c319590a7","messageTitle":"Update DeveloperGuide.md","messageBody":"","fileTypesAndContributionMap":{"docs":{"insertions":3,"deletions":3}}},{"hash":"c58d4351e30323cf89b47a06269dbad11fc0974f","messageTitle":"Update DeveloperGuide.md","messageBody":"","fileTypesAndContributionMap":{"docs":{"insertions":6,"deletions":6}}}]},{"date":"2022-04-04","commitResults":[{"hash":"b6b8dde292fbd5c1d70627ea4f8b9685a689a9aa","messageTitle":"small fix","messageBody":"closes #27\n","fileTypesAndContributionMap":{"functional-code":{"insertions":6,"deletions":12}}}]},{"date":"2022-04-07","commitResults":[{"hash":"b60b0aed42aa6295c848f5b97abc979af7a28e07","messageTitle":"Update chintaiann.md","messageBody":"","fileTypesAndContributionMap":{"docs":{"insertions":13,"deletions":1}}}]},{"date":"2022-04-10","commitResults":[{"hash":"76eb9104730656ab021f7798b848f97eae93ee47","messageTitle":"Update DeveloperGuide.md","messageBody":"","fileTypesAndContributionMap":{"docs":{"insertions":1,"deletions":4}}},{"hash":"98f99e4a50bf9c9bc4a4dfb687cff0153c8d852b","messageTitle":"Update User Guide","messageBody":"corrected command summary\r\nFAQ","fileTypesAndContributionMap":{"docs":{"insertions":14,"deletions":17}}},{"hash":"af9f2474b546f3303923e5ce07bd2a7fe05c3fc6","messageTitle":"Update README.md","messageBody":"","fileTypesAndContributionMap":{"docs":{"insertions":5,"deletions":2}}},{"hash":"67dabefd502937b38800e0fac6816b231b27474f","messageTitle":"Update README.md","messageBody":"","fileTypesAndContributionMap":{"docs":{"insertions":4,"deletions":4}}},{"hash":"effd44ef852108de762905c43c18f418be95c454","messageTitle":"Update README.md","messageBody":"","fileTypesAndContributionMap":{"docs":{"insertions":4,"deletions":4}}},{"hash":"c9678ea9f8552a1de695fc9b248809652b8aa5ed","messageTitle":"Update DeveloperGuide.md","messageBody":"","fileTypesAndContributionMap":{"docs":{"insertions":1,"deletions":9}}}]},{"date":"2022-04-11","commitResults":[{"hash":"c52e37a8e242670b3b2a8fbbfebb94b93a829143","messageTitle":"implement sort and print package function","messageBody":"","fileTypesAndContributionMap":{"functional-code":{"insertions":128,"deletions":1}}},{"hash":"2c01e2c7135ddb081519a12a360f3810effb6d5a","messageTitle":"Update DeveloperGuide.md","messageBody":"","fileTypesAndContributionMap":{"docs":{"insertions":1,"deletions":1}}},{"hash":"5c5b2ac47e8fb7b3580a13ba47aba29198bfd655","messageTitle":"Update DeveloperGuide.md","messageBody":"","fileTypesAndContributionMap":{"docs":{"insertions":1,"deletions":0}}},{"hash":"54c85116c2c6bad217aa2adfe8bc2b8e2051c7b1","messageTitle":"Update DeveloperGuide.md","messageBody":"","fileTypesAndContributionMap":{"docs":{"insertions":1,"deletions":1}}},{"hash":"25ce741cd9ecfc72120d8c49edafcc0adee6f45b","messageTitle":"Update UserGuide.md","messageBody":"","fileTypesAndContributionMap":{"docs":{"insertions":29,"deletions":9}}},{"hash":"69994cc6a80db95194bc8f8e21d1c03261c89ea8","messageTitle":"Update chintaiann.md","messageBody":"","fileTypesAndContributionMap":{"docs":{"insertions":15,"deletions":9}}},{"hash":"c87982b89f952b31aae737f2fb534cebf8449b57","messageTitle":"Update AboutUs.md","messageBody":"","fileTypesAndContributionMap":{"docs":{"insertions":1,"deletions":1}}}]}],"edemirkirkan":[{"date":"2022-03-04","commitResults":[{"hash":"80c25f76aaa0a3bbcc19e4831457c7805b8aa0a1","messageTitle":"Update AboutUs.md","messageBody":"","fileTypesAndContributionMap":{"docs":{"insertions":1,"deletions":1}}}]},{"date":"2022-03-18","commitResults":[{"hash":"ba42c739ec78e6d175978d22e2c6711080d5aa34","messageTitle":"make general revision","messageBody":"","fileTypesAndContributionMap":{"functional-code":{"insertions":66,"deletions":111},"docs":{"insertions":7,"deletions":7}}},{"hash":"40314b793150bf0e309e59c40c52b63fb2669c64","messageTitle":"revise the style","messageBody":"","fileTypesAndContributionMap":{"functional-code":{"insertions":36,"deletions":25}}}]},{"date":"2022-03-25","commitResults":[{"hash":"2948ac2dcf4d2f9c51c2648465ff079661983ddf","messageTitle":"Added the \u0027help\u0027 command","messageBody":"","fileTypesAndContributionMap":{"functional-code":{"insertions":41,"deletions":11},"docs":{"insertions":3,"deletions":0}}},{"hash":"add2be9b1fce4f24606fdd5adc4499898b5a6805","messageTitle":"Revise the import issue","messageBody":"","fileTypesAndContributionMap":{"functional-code":{"insertions":8,"deletions":1}}}]},{"date":"2022-04-07","commitResults":[{"hash":"ece052220e38e3efe4fb6a4ef4435a286828cf09","messageTitle":"Fix the same package bug","messageBody":"","fileTypesAndContributionMap":{"functional-code":{"insertions":24,"deletions":4}}},{"hash":"9e0ab99df5c37b54cf2aa6a5a4a20262eebfca40","messageTitle":"Fix the big integer delete bug","messageBody":"","fileTypesAndContributionMap":{"functional-code":{"insertions":2,"deletions":2}}},{"hash":"ab804e0251658467c2edbe3048d9bac6c3a3c562","messageTitle":"Fix exit command documentation bug","messageBody":"","fileTypesAndContributionMap":{"functional-code":{"insertions":1,"deletions":1}}},{"hash":"e065dc5971747abc2332f6b75d0d5682f7d56370","messageTitle":"Update user guide and help documentation","messageBody":"","fileTypesAndContributionMap":{"functional-code":{"insertions":6,"deletions":5},"docs":{"insertions":2,"deletions":2}}},{"hash":"44cce7b7eb03ecf7fd9e840fe1401788b941b075","messageTitle":"Fix documentation issue","messageBody":"","fileTypesAndContributionMap":{"docs":{"insertions":8,"deletions":8}}},{"hash":"0a820cacb93701c911ec7da18542cba82880f469","messageTitle":"Update documentation","messageBody":"","fileTypesAndContributionMap":{"functional-code":{"insertions":3,"deletions":4},"docs":{"insertions":46,"deletions":9}}}]},{"date":"2022-04-11","commitResults":[{"hash":"faeab7ec6d2adf80c20295cf4181f2fcdadbf8d3","messageTitle":"Add portfolio to AboutUs.md","messageBody":"","fileTypesAndContributionMap":{"docs":{"insertions":8,"deletions":8}}},{"hash":"fb358a7d37e00541d2731e8295571a529736aba3","messageTitle":"Update AboutUs.md","messageBody":"","fileTypesAndContributionMap":{"docs":{"insertions":2,"deletions":2}}},{"hash":"d0a073b7e9ede45f0f484eb49ec148df771917bd","messageTitle":"Update AboutUs.md","messageBody":"","fileTypesAndContributionMap":{"docs":{"insertions":5,"deletions":5}}}]},{"date":"2022-04-19","commitResults":[{"hash":"8d029485fa43d5db7e7a73fc8a193560ca482a4e","messageTitle":"Review bug issues","messageBody":"","fileTypesAndContributionMap":{"functional-code":{"insertions":7,"deletions":1},"docs":{"insertions":52,"deletions":39}}}]}]},"authorFileTypeContributionMap":{"mafpovbul":{"docs":49,"functional-code":383,"test-code":73},"timchang27":{"docs":94,"functional-code":505,"test-code":0},"bbawj":{"docs":68,"functional-code":443,"test-code":133,"other":3},"chintaiann":{"docs":69,"functional-code":333,"test-code":1,"other":1},"edemirkirkan":{"docs":75,"functional-code":79,"test-code":0}},"authorContributionVariance":{"mafpovbul":4409.842,"timchang27":7692.06,"bbawj":5598.5645,"chintaiann":7214.5405,"edemirkirkan":1459.5542},"authorDisplayNameMap":{"mafpovbul":"CS2113-F10-3 JUST..IREN","timchang27":"CS2113-F10-3 TIMO..U\u0027EN","bbawj":"CS2113-F10-3 BREN.. JIE","chintaiann":"CS2113-F10-3 CHIN.. ANN","edemirkirkan":"CS2113-F10-3 DEMI.. EGE"}}
