{"authorDailyContributionsMap":{"emilysim00":[{"date":"2022-03-03","commitResults":[{"hash":"336134b271e51901318963a3c6aad778f76f1c72","messageTitle":"edited AboutUs","messageBody":"","fileTypesAndContributionMap":{"docs":{"insertions":13,"deletions":7}}},{"hash":"7a44d2786cc73a3d93e604516bbbd9acad2b5d3a","messageTitle":"Clean up about us page","messageBody":"","fileTypesAndContributionMap":{"docs":{"insertions":2,"deletions":4}}},{"hash":"8210eb0a873c12f073f280ae6f49f87f6f3aada6","messageTitle":"Modified AboutUs Content to include personal details","messageBody":"","fileTypesAndContributionMap":{"docs":{"insertions":4,"deletions":2}}}]},{"date":"2022-03-04","commitResults":[{"hash":"a28ada7785738929639cf4186de3e8b213ac4f9f","messageTitle":"Reformatted AboutUs.md","messageBody":"","fileTypesAndContributionMap":{"docs":{"insertions":7,"deletions":7}}}]},{"date":"2022-03-07","commitResults":[{"hash":"71da0cfae1bd8095bb3ec19b375da1c740bf23dc","messageTitle":"resolved merge conflict on AboutUs.md","messageBody":"","fileTypesAndContributionMap":{"docs":{"insertions":7,"deletions":7}}},{"hash":"d9c5b7b94f0ec3276f17ff33f28f8e6e665887b9","messageTitle":"Clean up AboutUS.md","messageBody":"","fileTypesAndContributionMap":{"docs":{"insertions":0,"deletions":10}}},{"hash":"b2478b0b00a55a84ef90c67e51cad199c6dd372b","messageTitle":"Implemented Workout /list feature","messageBody":"","fileTypesAndContributionMap":{"functional-code":{"insertions":46,"deletions":2}}},{"hash":"d722de82118cc858429c9c927db18fd5305cbdfa","messageTitle":"resolve formating issue","messageBody":"","fileTypesAndContributionMap":{"functional-code":{"insertions":5,"deletions":5}}},{"hash":"93365da93531a8c578ccb12a6617950f47901e5e","messageTitle":"remove int variable and replace with final static int","messageBody":"","fileTypesAndContributionMap":{"functional-code":{"insertions":3,"deletions":1}}}]},{"date":"2022-03-08","commitResults":[{"hash":"54fe345aed1e7b7d01b39ff631e81d9f6f5830f9","messageTitle":"Modify code based on feedback given by team mates.","messageBody":"","fileTypesAndContributionMap":{"functional-code":{"insertions":1,"deletions":1}}}]},{"date":"2022-03-09","commitResults":[{"hash":"d16200495c388b42469e89099fa56df9f25345fe","messageTitle":"Added input validation for listing the workouts method","messageBody":"","fileTypesAndContributionMap":{"functional-code":{"insertions":29,"deletions":4}}}]},{"date":"2022-03-10","commitResults":[{"hash":"5eb882f03bfd3dea0765838bb0af86525f90091f","messageTitle":"removed \u003cp\u003e tags","messageBody":"","fileTypesAndContributionMap":{"functional-code":{"insertions":0,"deletions":1}}},{"hash":"5f76b45f600c9c3b60ba22414d3c3c106d5cd457","messageTitle":"Fixed gradle checks error","messageBody":"","fileTypesAndContributionMap":{"functional-code":{"insertions":18,"deletions":15},"other":{"insertions":34,"deletions":39}}},{"hash":"0da3ceed321a40d7fbc11dd0bc0fefafe5ed2338","messageTitle":"modify path for exercise text file","messageBody":"","fileTypesAndContributionMap":{"functional-code":{"insertions":1,"deletions":1}}},{"hash":"2ca96687734892517fe92707948ceadd56980667","messageTitle":"Added more input validation for list feature","messageBody":"","fileTypesAndContributionMap":{"functional-code":{"insertions":9,"deletions":2}}}]},{"date":"2022-03-11","commitResults":[{"hash":"a8933d659f5366e14346f2047a95379d5ec052db","messageTitle":"Added Junit testing for list workout function","messageBody":"","fileTypesAndContributionMap":{"test-code":{"insertions":62,"deletions":0}}},{"hash":"bb16dc4275f7779080ae798d46cd2c3574e38895","messageTitle":"Added new exercise for Junits","messageBody":"","fileTypesAndContributionMap":{"test-code":{"insertions":1,"deletions":0}}},{"hash":"30bc2b0245cc2beef4fb2f5f2ae08fb860b275b6","messageTitle":"clean up listWorkoutTest.java","messageBody":"","fileTypesAndContributionMap":{"test-code":{"insertions":0,"deletions":1}}},{"hash":"c05f8371fcc1553665fae234eee6e33b541a0fcd","messageTitle":"Rearrange Junits file structure","messageBody":"","fileTypesAndContributionMap":{"other":{"insertions":10,"deletions":10}}}]},{"date":"2022-03-14","commitResults":[{"hash":"d03e30bbc6a09d50b6dd8bcd551d0410edf683b3","messageTitle":"added assertion and logging to workout list feature","messageBody":"","fileTypesAndContributionMap":{"functional-code":{"insertions":6,"deletions":1}}},{"hash":"7e0340730020f725d88362b5f37518ef2d218893","messageTitle":"fixed gradle issue","messageBody":"","fileTypesAndContributionMap":{"functional-code":{"insertions":3,"deletions":3}}},{"hash":"d8f68b7499074bac9f175e500a242aa3a22fcccc","messageTitle":"added documentation for workout list feature in user guide","messageBody":"","fileTypesAndContributionMap":{"functional-code":{"insertions":1,"deletions":1},"docs":{"insertions":25,"deletions":2},"test-code":{"insertions":1,"deletions":1}}},{"hash":"75e79096f126c57618fb3611cd585e4e91900a1c","messageTitle":"standardised the format of syntax","messageBody":"","fileTypesAndContributionMap":{"docs":{"insertions":1,"deletions":1}}}]},{"date":"2022-03-16","commitResults":[{"hash":"8622c7c029c98467c4406b949ba74d686dcc0100","messageTitle":"added logging for some exceptions and list workout function","messageBody":"","fileTypesAndContributionMap":{"functional-code":{"insertions":12,"deletions":0}}}]}],"Musfirahe0556596":[{"date":"2022-03-03","commitResults":[{"hash":"a783b64ddb8743d462158635b4436b7855be9e4f","messageTitle":"Add Musfirah About Us","messageBody":"","fileTypesAndContributionMap":{"docs":{"insertions":1,"deletions":1}}}]},{"date":"2022-03-05","commitResults":[{"hash":"861a4e289b227f93ad8045f6d87e32c72f3da96c","messageTitle":"Update AboutUs.md","messageBody":"","fileTypesAndContributionMap":{"docs":{"insertions":1,"deletions":1}}}]},{"date":"2022-03-09","commitResults":[{"hash":"3bf9284ee4f28dc9ca39f2e8d07b7dc331772eb1","messageTitle":"Add Delete Workout Feature","messageBody":"","fileTypesAndContributionMap":{"functional-code":{"insertions":71,"deletions":2}}},{"hash":"0fda4f221a5d057b85e8dec68b4604d6d93d0136","messageTitle":"Update Parser.java","messageBody":"","fileTypesAndContributionMap":{"functional-code":{"insertions":3,"deletions":1}}},{"hash":"239bed47be56c3d6be190ad368a5b9d215120152","messageTitle":"Update WerkIt.java","messageBody":"","fileTypesAndContributionMap":{"functional-code":{"insertions":0,"deletions":4}}}]},{"date":"2022-03-11","commitResults":[{"hash":"9770cba51ff789d8990eee0237ae09299cd21c10","messageTitle":"Add JUnit Testing for Delete Workout","messageBody":"","fileTypesAndContributionMap":{"test-code":{"insertions":47,"deletions":0}}},{"hash":"0b7872735a3893280acb536cbb355e263aff9bc0","messageTitle":"Fix checkstyle issues","messageBody":"","fileTypesAndContributionMap":{"test-code":{"insertions":15,"deletions":13}}},{"hash":"b5e9bc05b136dd73441075bfee741f659f6c5716","messageTitle":"Add handling of empty workout descriptors","messageBody":"","fileTypesAndContributionMap":{"functional-code":{"insertions":19,"deletions":4}}},{"hash":"d87908a43b24693c5a20ddd490e97935653ca44d","messageTitle":"Update InvalidCommandException","messageBody":"","fileTypesAndContributionMap":{"functional-code":{"insertions":3,"deletions":3}}}]},{"date":"2022-03-13","commitResults":[{"hash":"1a4c9e82a082166a96982181d2e7340767c04d11","messageTitle":"Add JavaDoc for delete workout feature","messageBody":"","fileTypesAndContributionMap":{"functional-code":{"insertions":22,"deletions":2}}},{"hash":"4f05404fbb0a8b28d0b0523bc09e4bd66104d897","messageTitle":"Add Assertion and Logging Delete Workout","messageBody":"","fileTypesAndContributionMap":{"functional-code":{"insertions":14,"deletions":1},"test-code":{"insertions":1,"deletions":4}}}]},{"date":"2022-03-14","commitResults":[{"hash":"f9da4cd28a28a809efa46ee579dd04abf89acf98","messageTitle":"Add User Guide for Delete Workout","messageBody":"","fileTypesAndContributionMap":{"docs":{"insertions":54,"deletions":5}}},{"hash":"a5ee18bdc5827499ffeaa595e61faa3919f6e394","messageTitle":"Modify user guide based on peer feedback","messageBody":"Modified user guide for delete workout feature\n","fileTypesAndContributionMap":{"docs":{"insertions":1,"deletions":1}}},{"hash":"9bce51d15fda52e30f0e8715a9ebbf8495a9112c","messageTitle":"Modify README.md","messageBody":"Changed product name and description\n","fileTypesAndContributionMap":{"docs":{"insertions":3,"deletions":2}}},{"hash":"0af766a15f4b6834fdb76d267e9de872c4db1f58","messageTitle":"Add JUnitTesting for Parser.java","messageBody":"","fileTypesAndContributionMap":{"functional-code":{"insertions":2,"deletions":1},"test-code":{"insertions":73,"deletions":0}}},{"hash":"f9c9a3541559a316691e0839cbfc137a07c9f64a","messageTitle":"Fix gradle error","messageBody":"","fileTypesAndContributionMap":{"test-code":{"insertions":5,"deletions":1}}}]},{"date":"2022-03-19","commitResults":[{"hash":"c2461553ae5d0fe08acd02492acc67dd322daeac","messageTitle":"Add Create Plan Feature","messageBody":"","fileTypesAndContributionMap":{"functional-code":{"insertions":404,"deletions":9},"test-code":{"insertions":3,"deletions":1}}},{"hash":"16df1d02dd4e03f28e645ed8fc81c670ce542d8e","messageTitle":"Fix gradle check","messageBody":"","fileTypesAndContributionMap":{"functional-code":{"insertions":14,"deletions":4}}},{"hash":"334039d07fe6cc122ac7dd3d54cce88df9cd1be2","messageTitle":"Fix coding standard issue","messageBody":"","fileTypesAndContributionMap":{"functional-code":{"insertions":13,"deletions":10}}}]}],"alanlowzies":[{"date":"2022-03-03","commitResults":[{"hash":"2fc2251d80126690fd041eb07c35de9cd2f66e96","messageTitle":"Update README.md","messageBody":"","fileTypesAndContributionMap":{"docs":{"insertions":2,"deletions":0}}},{"hash":"4392ab3fa2276fb2d4f04184de8893d4d44bc9a5","messageTitle":"AboutUs.md: Update with user information","messageBody":"","fileTypesAndContributionMap":{"docs":{"insertions":4,"deletions":4}}}]},{"date":"2022-03-04","commitResults":[{"hash":"b785a1428661eb16cca50ec8b01d6c53d6bf2d89","messageTitle":"UI.java: Add methods to help format and print lines","messageBody":"","fileTypesAndContributionMap":{"functional-code":{"insertions":41,"deletions":0}}},{"hash":"e9b906b4284b5ebcef3ed3a60cd370ab1076673f","messageTitle":"Exercise.java: Create class","messageBody":"Placeholder class. Actual implementation is left to another team member\n","fileTypesAndContributionMap":{"functional-code":{"insertions":17,"deletions":0}}},{"hash":"ff33ee2eb84ba2f3113bba528156361258c51c37","messageTitle":"Workout.java: Create class","messageBody":"","fileTypesAndContributionMap":{"functional-code":{"insertions":26,"deletions":0}}},{"hash":"c39111994929bb09b9f50138f26995fd85f41fca","messageTitle":"Update ExerciseList.java","messageBody":"Remove unused FileNotFoundException import.","fileTypesAndContributionMap":{"functional-code":{"insertions":0,"deletions":1}}}]},{"date":"2022-03-05","commitResults":[{"hash":"19ffecd08be198bfb3dca350fa622ca9612fbb30","messageTitle":"Create Command.java abstract class","messageBody":"","fileTypesAndContributionMap":{"functional-code":{"insertions":14,"deletions":0}}},{"hash":"9c57d484620802da023db32be26ab0c75775f060","messageTitle":"Create WorkoutCommand.java class","messageBody":"","fileTypesAndContributionMap":{"functional-code":{"insertions":18,"deletions":0}}},{"hash":"6c680e41d3d5cf994a3a7b5cf1917fde5b4f9183","messageTitle":"Create Parser.java class","messageBody":"","fileTypesAndContributionMap":{"functional-code":{"insertions":9,"deletions":0}}},{"hash":"3d91f857af5be0eb6c3608ac776cc8cb789e3d0d","messageTitle":"Create InvalidCommandException.java","messageBody":"","fileTypesAndContributionMap":{"functional-code":{"insertions":17,"deletions":0}}},{"hash":"72db4fffea2337311e349f7c767d85d4ea67edb1","messageTitle":"Create InvalidExerciseException.java","messageBody":"","fileTypesAndContributionMap":{"functional-code":{"insertions":16,"deletions":0}}},{"hash":"9de3eb5f21910eb739bcf353122419140ccedcbb","messageTitle":"Create InvalidWorkoutsException.java","messageBody":"","fileTypesAndContributionMap":{"functional-code":{"insertions":12,"deletions":0}}},{"hash":"0a244c16386044cf6007e07f38f60046eb4b13e2","messageTitle":"Repackage and update Workout.java","messageBody":"","fileTypesAndContributionMap":{"other":{"insertions":10,"deletions":6}}},{"hash":"67f9c7fe3a97d96ebb15cd98d93c76de59a4707d","messageTitle":"Repackage WorkoutsList.java","messageBody":"","fileTypesAndContributionMap":{"functional-code":{"insertions":44,"deletions":0}}},{"hash":"dfbde7d634321dce02a519a7bcce1a98ea073cae","messageTitle":"Update Command.java","messageBody":"","fileTypesAndContributionMap":{"functional-code":{"insertions":15,"deletions":4}}},{"hash":"75af5d4a32c928b672d92fc05625c986d9ac5ed0","messageTitle":"Update WorkoutCommand.java","messageBody":"","fileTypesAndContributionMap":{"functional-code":{"insertions":63,"deletions":7}}},{"hash":"69771cdce7e0230c47f26184885d15018c64f44f","messageTitle":"Update Parser.java","messageBody":"","fileTypesAndContributionMap":{"functional-code":{"insertions":30,"deletions":2}}},{"hash":"99bb74f34eceb6ed9bdb9bd90a31c7d5e61fdc5f","messageTitle":"Move Exercise.java and ExerciseList.java to data.exercises package","messageBody":"","fileTypesAndContributionMap":{"other":{"insertions":5,"deletions":5}}},{"hash":"f940c67003e5ab75bdf403db922697e612c37ae9","messageTitle":"Rename Duke.java to WerkIt.java and rename seedu.duke package to werkIt","messageBody":"","fileTypesAndContributionMap":{"functional-code":{"insertions":26,"deletions":21}}},{"hash":"7e2d1b4a82d6d90169b419ea5576c601f3225d3e","messageTitle":"Rename DukeTest.java to WerkItTest.java and update naming references","messageBody":"","fileTypesAndContributionMap":{"other":{"insertions":2,"deletions":2}}},{"hash":"f2d2e5da981cbd7564fb85b5f9e7c65f5988a036","messageTitle":"build.gradle: Update \u0027mainClassName\u0027 project path path","messageBody":"","fileTypesAndContributionMap":{"other":{"insertions":1,"deletions":1}}},{"hash":"c8ac0d7dd452a4eea4b4f0d7b3b9355308a10a9c","messageTitle":"Update package paths for Parser.java and UI.java","messageBody":"","fileTypesAndContributionMap":{"other":{"insertions":19,"deletions":3}}},{"hash":"2eea5a81aa93698680a74de5aa7e4a847d11403d","messageTitle":"Rename InvalidWorkoutsException.java to InvalidWorkoutException.java","messageBody":"","fileTypesAndContributionMap":{"other":{"insertions":2,"deletions":2}}},{"hash":"a0ff1f8ff952cd45dcd7d0a7028fb1bd512bc111","messageTitle":"Update package references in WorkoutsList.java","messageBody":"","fileTypesAndContributionMap":{"functional-code":{"insertions":3,"deletions":3}}},{"hash":"46bc2dede2ce92b00dc6f778d46f783e6f3898a8","messageTitle":"WorkoutCommand.java: Update references to new InvalidWorkoutException class name","messageBody":"","fileTypesAndContributionMap":{"functional-code":{"insertions":2,"deletions":4}}},{"hash":"6dd314ef7c2a73e50d1d623f0298cdd8f7cde063","messageTitle":"Rename WorkoutsList.java to WorkoutList.java","messageBody":"Standardise naming conventions\n","fileTypesAndContributionMap":{"functional-code":{"insertions":3,"deletions":3},"other":{"insertions":1,"deletions":1}}},{"hash":"3ae37cd0d05e554fd010f6bd983c43ac285ddd14","messageTitle":"Shift main method to Main.java class","messageBody":"","fileTypesAndContributionMap":{"functional-code":{"insertions":73,"deletions":10},"other":{"insertions":1,"deletions":1}}},{"hash":"0175f23b7e680966d950325f390c86874a3f910b","messageTitle":"Create ExitCommand.java class","messageBody":"","fileTypesAndContributionMap":{"functional-code":{"insertions":14,"deletions":0}}},{"hash":"2b144042f83c81b41ee423bc02febe5859fd6821","messageTitle":"Remove Exercises.java","messageBody":"Not needed at this point in time.\n","fileTypesAndContributionMap":{"functional-code":{"insertions":0,"deletions":17}}},{"hash":"35d656e0b6fbf5f9eaa6d31adc955093056add04","messageTitle":"InvalidCommandException.java: Rephrease pre-defined error message","messageBody":"","fileTypesAndContributionMap":{"functional-code":{"insertions":1,"deletions":1}}},{"hash":"6838eeeac7cddc1c01e5d44c5f18ef16fe063a57","messageTitle":"ExerciseList.java: Create method to check if an exercise name exists in the exercises ArrayList","messageBody":"","fileTypesAndContributionMap":{"functional-code":{"insertions":15,"deletions":1}}},{"hash":"b068157cf6d3c94f63cef2ab9d5053a36208f805","messageTitle":"InvalidWorkoutException.java: Update code and inserted JavaDocs","messageBody":"","fileTypesAndContributionMap":{"functional-code":{"insertions":13,"deletions":1}}},{"hash":"92c5db4db5fdffa86027ae152c254e8476d5150f","messageTitle":"UI.java: Add new UI texts","messageBody":"","fileTypesAndContributionMap":{"functional-code":{"insertions":69,"deletions":4}}},{"hash":"f2ea66ef69f1b64e6f3046b865afa4fd504c86e9","messageTitle":"Implemented basic functionalities to create a new workout","messageBody":"","fileTypesAndContributionMap":{"functional-code":{"insertions":38,"deletions":21}}},{"hash":"5ef8b6820d0c54690568c53af52e8e220db1a100","messageTitle":"Parser.java: Update code to include classes such as UI","messageBody":"","fileTypesAndContributionMap":{"functional-code":{"insertions":33,"deletions":1}}},{"hash":"ea942559dccb9e79dfeb4dc5a2b07b613d32ae70","messageTitle":"WerkIt.java: Insert JavaDocs","messageBody":"","fileTypesAndContributionMap":{"functional-code":{"insertions":11,"deletions":10}}},{"hash":"5ced9e62cdbeef2b09fd1a8a73de1fd366debafa","messageTitle":"Create HelpCommand.java as placeholder","messageBody":"","fileTypesAndContributionMap":{"functional-code":{"insertions":13,"deletions":0}}},{"hash":"d01263f0025238c92a3948fadca71a7e76b4595b","messageTitle":"Remove some unused imports and methods","messageBody":"","fileTypesAndContributionMap":{"functional-code":{"insertions":0,"deletions":9}}}]},{"date":"2022-03-06","commitResults":[{"hash":"1f4ef76f9c31dd6b1ab8a6b98bc8c1482473ae16","messageTitle":"InvalidCommandException.java: Fix code formatting issue","messageBody":"","fileTypesAndContributionMap":{"functional-code":{"insertions":1,"deletions":1}}},{"hash":"a61df74ad577288fa2f6e6ad8e720d382052283d","messageTitle":"WorkoutList.java: Rename createWorkout method to createAndAddWorkout for better clarity","messageBody":"","fileTypesAndContributionMap":{"functional-code":{"insertions":2,"deletions":2}}},{"hash":"d5c63ece3f53fc237186857a74d97fbfc0ba10e2","messageTitle":"Modify exception messages to make it clearer that they are error messages","messageBody":"","fileTypesAndContributionMap":{"functional-code":{"insertions":3,"deletions":3}}},{"hash":"1742668a90a09dc23f0fa598b2ff8f554b48b590","messageTitle":"Add handling of ArrayIndexOutOfBoundsException and NumberFormatException for createAndAddWorkout method","messageBody":"","fileTypesAndContributionMap":{"functional-code":{"insertions":11,"deletions":1}}}]},{"date":"2022-03-07","commitResults":[{"hash":"3f4ddd553220b9762c3ac4751e699662c5ca985c","messageTitle":"Fix Java coding standards highlighted by Gradle\u0027s checkstyle","messageBody":"Note: Javadoc \u003cp\u003e tag issue has not been resolved yet.\n","fileTypesAndContributionMap":{"functional-code":{"insertions":17,"deletions":9},"other":{"insertions":28,"deletions":29}}}]},{"date":"2022-03-09","commitResults":[{"hash":"84cf0ba0cc9baa59f6480748d0ce70cd186c8f12","messageTitle":"UI.java: Add \u0027help\u0027 hint to prompt","messageBody":"","fileTypesAndContributionMap":{"functional-code":{"insertions":1,"deletions":0}}},{"hash":"959fcde87bd30ebe394bf3328c9122e54875b230","messageTitle":"Implement ability to read data from text files on app start up","messageBody":"","fileTypesAndContributionMap":{"functional-code":{"insertions":294,"deletions":39}}},{"hash":"ba588c1c1aa41b0244265b99f23f1a1427046eee","messageTitle":"Implement ability to create and write to files","messageBody":"","fileTypesAndContributionMap":{"functional-code":{"insertions":290,"deletions":56}}}]},{"date":"2022-03-10","commitResults":[{"hash":"98af146db08cb9fd090bc8d53bab5be6d78f2a8f","messageTitle":"Fix code quality","messageBody":"","fileTypesAndContributionMap":{"functional-code":{"insertions":37,"deletions":33}}},{"hash":"7cf74ad989b2a13610b93ef63fffb9297db86a15","messageTitle":"Fix merge conflict","messageBody":"","fileTypesAndContributionMap":{"functional-code":{"insertions":0,"deletions":8}}},{"hash":"7ea7e5ce63eb1e8668a8fb78158647124573d25f","messageTitle":"Fix missing code","messageBody":"","fileTypesAndContributionMap":{"functional-code":{"insertions":61,"deletions":17}}},{"hash":"b71039322c462c56f9e8acc0850d93d8cc1a878b","messageTitle":"Attempt to fix failing Java CI","messageBody":"","fileTypesAndContributionMap":{"functional-code":{"insertions":9,"deletions":4}}},{"hash":"ce0626294c57ef4f1310f5ec9553f2289582f533","messageTitle":"Improve code quality based on review feedback","messageBody":"","fileTypesAndContributionMap":{"functional-code":{"insertions":8,"deletions":9}}},{"hash":"637e9b4128fa539a1a5558280168c329e783085f","messageTitle":"Change to accessor method instead of direct reference to field","messageBody":"","fileTypesAndContributionMap":{"functional-code":{"insertions":1,"deletions":1}}},{"hash":"c59a1b53c20888814b7348aca963bc6295670786","messageTitle":"Attempt to fix location printing while passing Java CI checks","messageBody":"","fileTypesAndContributionMap":{"functional-code":{"insertions":20,"deletions":11}}},{"hash":"515c3e9befdae6c4168da0f26f1c24e9b54d22b3","messageTitle":"Simplify directory and file creation messages to work with text-ui-test and Java CI checks","messageBody":"","fileTypesAndContributionMap":{"functional-code":{"insertions":15,"deletions":29}}}]},{"date":"2022-03-11","commitResults":[{"hash":"49066e1688096cd6316aabe2591ee04ebf5c1c79","messageTitle":"FileManager.java: Update access modifiers of methods","messageBody":"","fileTypesAndContributionMap":{"functional-code":{"insertions":3,"deletions":3}}},{"hash":"c9b51315585e58089ba27815efded4a2574c65a3","messageTitle":"Create JUnit test for FileManager.java","messageBody":"Create test for convertWorkoutToFileDataFormat method.\n","fileTypesAndContributionMap":{"test-code":{"insertions":27,"deletions":0}}},{"hash":"809b8d24a0f26c91c258fab2ab531df255279cb6","messageTitle":"Add exception handling of NullPointerException in FileManager.java","messageBody":"","fileTypesAndContributionMap":{"functional-code":{"insertions":11,"deletions":3}}},{"hash":"71423313defb05302a947242ce7a448de73f784e","messageTitle":"Create JUnit test for FileManager.java","messageBody":"Create test for null objects encountered by convertWorkoutToFileDataFormat method.\n","fileTypesAndContributionMap":{"test-code":{"insertions":11,"deletions":0}}},{"hash":"f9661a2ee288f15ff9d5d40f8e1cc00aebfe9d89","messageTitle":"Create JUnit test for WorkoutCommand.java","messageBody":"Create test cases for WorkoutCommand constructor.\n","fileTypesAndContributionMap":{"test-code":{"insertions":50,"deletions":0}}},{"hash":"fb349bceceeb2e0b255dafae5ee4dd344a1f40a0","messageTitle":"Fix coding standard","messageBody":"","fileTypesAndContributionMap":{"test-code":{"insertions":5,"deletions":5}}},{"hash":"ce5b143be24304955552800118752c29890dde73","messageTitle":"WerkIt.java: Add back wrongly removed code","messageBody":"","fileTypesAndContributionMap":{"functional-code":{"insertions":3,"deletions":0}}},{"hash":"49484f2cd34fc669b39be036e764441aeb9e56cb","messageTitle":"UserGuide.md: Add user guide for creating a workout","messageBody":"","fileTypesAndContributionMap":{"docs":{"insertions":27,"deletions":2}}},{"hash":"1d72181fad36d948aa10be87898bbe1faa34b98a","messageTitle":"Update UserGuide.md","messageBody":"","fileTypesAndContributionMap":{"docs":{"insertions":1,"deletions":1}}},{"hash":"05731138269e5f9e966087120979ab1b3d76ea92","messageTitle":"Add documentation to UserGuide.md","messageBody":"","fileTypesAndContributionMap":{"docs":{"insertions":48,"deletions":4}}}]},{"date":"2022-03-12","commitResults":[{"hash":"1153cdd4c441952c5de4462cfd5423b59cee11a1","messageTitle":"UserGuide.md: Fix typo and remove templates in documentation","messageBody":"","fileTypesAndContributionMap":{"docs":{"insertions":2,"deletions":18}}}]},{"date":"2022-03-14","commitResults":[{"hash":"42e4ea56ac24a47117f7ac145a5e9377277700ac","messageTitle":"WorkoutCommand.java: Add additional help message for invalid exercise name","messageBody":"","fileTypesAndContributionMap":{"functional-code":{"insertions":1,"deletions":1}}},{"hash":"7396880d8ecaa34556b68a1fe707a95dc8623157","messageTitle":"Update some typos in the user guide","messageBody":"","fileTypesAndContributionMap":{"docs":{"insertions":6,"deletions":6}}},{"hash":"fbea2adc74282bf8808cfdc09d4be8361c0c4283","messageTitle":"Add ability to check for duplicate workouts when user creates a new workout","messageBody":"","fileTypesAndContributionMap":{"functional-code":{"insertions":24,"deletions":3}}},{"hash":"7602c86774ba4ae31518a5ca20522fbeb6cbec0b","messageTitle":"WorkoutCommand.java: Add JavaDoc for WorkoutCommand constructor","messageBody":"","fileTypesAndContributionMap":{"functional-code":{"insertions":12,"deletions":2}}},{"hash":"fefd8558808b1d583d22d00ba6b86f14d5425a38","messageTitle":"WorkoutCommand.java: Add JavaDocs","messageBody":"","fileTypesAndContributionMap":{"functional-code":{"insertions":42,"deletions":7}}},{"hash":"034fdc428109e584fcd2e566d0c751dff12a7eb2","messageTitle":"WorkoutList.java: Add JavaDocs","messageBody":"","fileTypesAndContributionMap":{"functional-code":{"insertions":46,"deletions":0}}},{"hash":"4eb586b0edfcf6fe28ddd176d8e9fa90c11543bb","messageTitle":"WorkoutListTest.java: Create JUnit tests for checkForExistingWorkout method","messageBody":"","fileTypesAndContributionMap":{"test-code":{"insertions":25,"deletions":0}}},{"hash":"a7ff5dbc9ca806136dba7b64b9cd247b2d1923c0","messageTitle":"UI.java: Add JavaDocs","messageBody":"","fileTypesAndContributionMap":{"functional-code":{"insertions":51,"deletions":0}}},{"hash":"830116271509c8781ea0d68ecfaabc228f03cb02","messageTitle":"Command.java: Add JavaDocs","messageBody":"","fileTypesAndContributionMap":{"functional-code":{"insertions":18,"deletions":0}}},{"hash":"3501f60e918a3a1cede50f8110b44c1a21cb76b3","messageTitle":"FileManager.java: Add JavaDocs","messageBody":"","fileTypesAndContributionMap":{"functional-code":{"insertions":152,"deletions":3}}},{"hash":"d8f1bd94db20f6ae217e62f5063df8598b1028ae","messageTitle":"FileManagerTest.java: Update test cases","messageBody":"","fileTypesAndContributionMap":{"test-code":{"insertions":3,"deletions":4}}},{"hash":"05f721f32d0091076bad227aee5220cfd595a3d7","messageTitle":"InvalidCommandException.java: Add JavaDocs","messageBody":"","fileTypesAndContributionMap":{"functional-code":{"insertions":14,"deletions":0}}},{"hash":"e5cf6c9f7144195a892e6ba1e6f9e299d5a86dda","messageTitle":"Fix indentation issues in FileManager.java and WorkoutList.java","messageBody":"","fileTypesAndContributionMap":{"functional-code":{"insertions":4,"deletions":4}}},{"hash":"6c9feb2a3d46f9561a922963119bb03e8939fbba","messageTitle":"Parser.java: Write JavaDocs","messageBody":"","fileTypesAndContributionMap":{"functional-code":{"insertions":53,"deletions":2}}},{"hash":"06e6682726de4bc80bb0de5a7f0bb778618e3c3b","messageTitle":"WerkIt.java: Add JavaDocs","messageBody":"","fileTypesAndContributionMap":{"functional-code":{"insertions":43,"deletions":0}}},{"hash":"d8f91a7cae4ae1b1673679c8e55acd3712be1cd7","messageTitle":"ParserTest.java: Create JUnit test cases","messageBody":"","fileTypesAndContributionMap":{"functional-code":{"insertions":0,"deletions":1},"test-code":{"insertions":38,"deletions":0}}},{"hash":"e62568bb73a93faf3279d2fa1849448f86c9ca72","messageTitle":"ParserTest.java: Remove redundant \u0027throws\u0027 clause from one of the test cases","messageBody":"","fileTypesAndContributionMap":{"test-code":{"insertions":1,"deletions":2}}},{"hash":"265a908e4d62b0f902d723939ae93b5add61d8fc","messageTitle":"Fix indentation and importation issues","messageBody":"","fileTypesAndContributionMap":{"functional-code":{"insertions":1,"deletions":1},"test-code":{"insertions":2,"deletions":1}}},{"hash":"02dd743fb48811d3b8be74e296dcdd588acb0db6","messageTitle":"ParserTest.java: Fix indentation issue","messageBody":"","fileTypesAndContributionMap":{"test-code":{"insertions":1,"deletions":1}}},{"hash":"446eacf131a44ec37638db259fff963b7431fda9","messageTitle":"WorkoutList.java: Add logging and assertion for createAndAddWorkout method","messageBody":"","fileTypesAndContributionMap":{"functional-code":{"insertions":7,"deletions":0}}},{"hash":"2f5af8670ea3f441b6aa05d0049c1db2a47fd94f","messageTitle":"WorkoutList.java: Add logging for checkForExistingWorkout method","messageBody":"","fileTypesAndContributionMap":{"functional-code":{"insertions":2,"deletions":1}}},{"hash":"05b6315c257a9f91f7fd9513b180dc14330aa05d","messageTitle":"WerkIt.java: Add logging and assertions","messageBody":"","fileTypesAndContributionMap":{"functional-code":{"insertions":13,"deletions":0}}}]},{"date":"2022-03-15","commitResults":[{"hash":"fb90d8ccc1e2bb90a62dd538ca68101bea5aaa9f","messageTitle":"Main.java: Add logging","messageBody":"","fileTypesAndContributionMap":{"functional-code":{"insertions":7,"deletions":1}}},{"hash":"d0a01abd6994ff08cfab8232ec9b3593004d3270","messageTitle":"Parser.java: Add logging for some methods","messageBody":"","fileTypesAndContributionMap":{"functional-code":{"insertions":3,"deletions":0}}},{"hash":"f9348d3bdd31e84c28cc79b49ae417b5db4c83af","messageTitle":"FileManager.java: Add logging for some methods","messageBody":"","fileTypesAndContributionMap":{"functional-code":{"insertions":10,"deletions":0}}},{"hash":"a0562abb640edaee4c13950b859dcc591df8267a","messageTitle":"UI.java: Add logging for printFileLoadStatusMessage method","messageBody":"","fileTypesAndContributionMap":{"functional-code":{"insertions":4,"deletions":4}}},{"hash":"fede7f4c917b86c00ccfac93a900fa4b165cbe56","messageTitle":"Update Logger imports to use direct imports instead of importing everything","messageBody":"","fileTypesAndContributionMap":{"functional-code":{"insertions":8,"deletions":4}}}]},{"date":"2022-03-17","commitResults":[{"hash":"5b9469261694a2a30af7095b07dd32bf75f1803f","messageTitle":"Create file skeletons for v2.0 iteration","messageBody":"","fileTypesAndContributionMap":{"functional-code":{"insertions":53,"deletions":0}}},{"hash":"b54d5cf5b4b42a43bdc10964d9bb0112f7b23a87","messageTitle":"WorkoutList.java: Rename workoutsList method to workoutsDisplayList","messageBody":"","fileTypesAndContributionMap":{"functional-code":{"insertions":19,"deletions":17},"test-code":{"insertions":4,"deletions":4}}},{"hash":"2799dccf28f45ca77f0d39cb7d13f663a5b23de1","messageTitle":"Implement HashMap data structure to uniquely identify workouts","messageBody":"To remove dependency on index numbers in \u0027workout /list\u0027 when plans and schedules reference to workouts\n","fileTypesAndContributionMap":{"functional-code":{"insertions":48,"deletions":13}}},{"hash":"65ae5195da1cd8d8175f00751d98d360f0aec4d2","messageTitle":"build.gradle: Enable assertions for Gradle run task command","messageBody":"","fileTypesAndContributionMap":{"other":{"insertions":1,"deletions":0}}},{"hash":"04ad945161a851104e63a1516bb26d5c5cf24517","messageTitle":"Implement more methods to aid with interacting with workoutsHashMapList","messageBody":"","fileTypesAndContributionMap":{"functional-code":{"insertions":42,"deletions":1}}},{"hash":"95b8871284fdd3c785494f3172a581356b93f741","messageTitle":"Create LogHandler.java, which is responsible for setting up the file and directory necessary for logging","messageBody":"","fileTypesAndContributionMap":{"functional-code":{"insertions":52,"deletions":0}}},{"hash":"1f8de41301355b1bae393e9e8e2f0a1f94055625","messageTitle":"Set the Logger objects in the various classes to log to the logs file","messageBody":"","fileTypesAndContributionMap":{"functional-code":{"insertions":26,"deletions":0}}},{"hash":"dd489b3bde32a03727220bbc767a1c8c944127a2","messageTitle":"LogHandler.java: Add JavaDocs","messageBody":"","fileTypesAndContributionMap":{"functional-code":{"insertions":24,"deletions":0}}},{"hash":"34ac302486899ffd3b33414b05d298e34822366b","messageTitle":"Fix JUnit test failures","messageBody":"Caused by LogHandler calls\n","fileTypesAndContributionMap":{"test-code":{"insertions":26,"deletions":3}}}]},{"date":"2022-03-18","commitResults":[{"hash":"aa683f07dcea7169b4b79cb30561c53d7d7b2ff3","messageTitle":"WorkoutList.java: Create new Workout variable in updateWorkout method to differentiate between the variables before and after updating","messageBody":"","fileTypesAndContributionMap":{"functional-code":{"insertions":5,"deletions":4}}},{"hash":"d3b661a76686931d2fece086d15e4bd87f5cea1a","messageTitle":"WorkoutList.java: Remove the extra variable created in the previous commit","messageBody":"","fileTypesAndContributionMap":{"functional-code":{"insertions":3,"deletions":4}}}]}],"TianaiYan":[{"date":"2022-03-03","commitResults":[{"hash":"a1032c3b1bed9a71a361e9e3211a938b36a6a1c4","messageTitle":"Edit AboutUs","messageBody":"","fileTypesAndContributionMap":{"docs":{"insertions":7,"deletions":7}}},{"hash":"4f0fc639fd7972c7484708d9159a20ff37820a13","messageTitle":"Update Tianai AboutUs","messageBody":"","fileTypesAndContributionMap":{"docs":{"insertions":1,"deletions":1}}}]},{"date":"2022-03-12","commitResults":[{"hash":"127fe540e88362a44c60cbc0fb2c48c637d78dd4","messageTitle":"Add Update Workout feature","messageBody":"","fileTypesAndContributionMap":{"functional-code":{"insertions":65,"deletions":7}}},{"hash":"168738f2a91d9a7df5a1805543c18d7ab60fd8f4","messageTitle":"Fix coding standard","messageBody":"","fileTypesAndContributionMap":{"functional-code":{"insertions":2,"deletions":1}}},{"hash":"899c1e3893777918017de3245ccd71e7345a275b","messageTitle":"Modify code based on feedback given by team mates","messageBody":"Improve coding standards\n","fileTypesAndContributionMap":{"functional-code":{"insertions":4,"deletions":4}}}]},{"date":"2022-03-14","commitResults":[{"hash":"6646cdd04cab96d201dd2ed5040c05276703e4a2","messageTitle":"Add JUnit Testing for Update Workout function","messageBody":"","fileTypesAndContributionMap":{"test-code":{"insertions":49,"deletions":0}}},{"hash":"b8ecdc13171a81b53d86f16ed9038d4d44cfd801","messageTitle":"Fix coding standards problem related to indentation","messageBody":"","fileTypesAndContributionMap":{"test-code":{"insertions":2,"deletions":3}}}]},{"date":"2022-03-15","commitResults":[{"hash":"4f1b13851a2c8f63ef5be5077d09d06783d6a324","messageTitle":"Write JavaDoc for Update Workout feature","messageBody":"","fileTypesAndContributionMap":{"functional-code":{"insertions":16,"deletions":3}}},{"hash":"da98b995e1c1ca5c60cc7be6203eaa525f366ece","messageTitle":"Add assertion and loggings for Update Workout","messageBody":"","fileTypesAndContributionMap":{"functional-code":{"insertions":24,"deletions":10}}},{"hash":"869844d532d45a1403794e1f1ff8478bf011181c","messageTitle":"Fix coding standard","messageBody":"","fileTypesAndContributionMap":{"functional-code":{"insertions":1,"deletions":1}}},{"hash":"db8205988ed9d4cba345e6608438734048bb8185","messageTitle":"Add more JUnit test for Update Workout","messageBody":"","fileTypesAndContributionMap":{"test-code":{"insertions":16,"deletions":0}}},{"hash":"39ddbda7c9a0b71245ff9cd9f5cc69ba2ea23716","messageTitle":"Fix coding standards","messageBody":"","fileTypesAndContributionMap":{"functional-code":{"insertions":2,"deletions":2}}},{"hash":"40f9908c1b5cf2937f4eb32c9f86a8b75d2da61f","messageTitle":"Change the variable name to make it more understandable","messageBody":"","fileTypesAndContributionMap":{"functional-code":{"insertions":3,"deletions":3}}}]},{"date":"2022-03-16","commitResults":[{"hash":"52e90603993482bd695fed4c7cad57acc3a13000","messageTitle":"Write user guide for Update Workout","messageBody":"","fileTypesAndContributionMap":{"docs":{"insertions":54,"deletions":6}}},{"hash":"c25b9af2fc57e42c4b89c535a222b948c5579409","messageTitle":"Fix some grammar issues in the user guide","messageBody":"","fileTypesAndContributionMap":{"docs":{"insertions":6,"deletions":6}}},{"hash":"31b8b0477b4da2a56fe2fdd7b569f096f063e184","messageTitle":"Remove the extra colon","messageBody":"","fileTypesAndContributionMap":{"docs":{"insertions":1,"deletions":1}}}]}],"a1021492980":[{"date":"2022-03-03","commitResults":[{"hash":"b9c5a6b364bfdb898f554c68da94c856abc8390f","messageTitle":"Add Haofeng About Us","messageBody":"","fileTypesAndContributionMap":{"docs":{"insertions":7,"deletions":7}}}]},{"date":"2022-03-04","commitResults":[{"hash":"1dc2d87c2f18bb8d0eff3c785fe4297b398d2e24","messageTitle":"Add ExerciseList class to read and populate exercises from local file","messageBody":"","fileTypesAndContributionMap":{"functional-code":{"insertions":2,"deletions":0}}},{"hash":"ad4d2641786c8932e1dd621fe0e535b6ae043f65","messageTitle":"Add methods to access the exercises from local file","messageBody":"","fileTypesAndContributionMap":{"functional-code":{"insertions":52,"deletions":1}}},{"hash":"74c0d8698f3ffdc7c8a8ab934bcb2baed32a90ec","messageTitle":"Update naming of constant from exerciseFile to EXERCISE_FILE","messageBody":"","fileTypesAndContributionMap":{"functional-code":{"insertions":2,"deletions":2}}},{"hash":"8c4390764327f739c6ccc5d5a9bd9a345e3394e8","messageTitle":"Improve code quality","messageBody":"","fileTypesAndContributionMap":{"functional-code":{"insertions":5,"deletions":4}}},{"hash":"9a2f3acf3bf90a1185c2190102e098f4fd4ac5ee","messageTitle":"Update ExerciseList.java","messageBody":"Improve code quality by adjusting minor Whitespace convention","fileTypesAndContributionMap":{"functional-code":{"insertions":2,"deletions":2}}}]},{"date":"2022-03-09","commitResults":[{"hash":"1dab96f863bc053ab70afe89a1385edd9c1e186a","messageTitle":"Add color theme for text","messageBody":"","fileTypesAndContributionMap":{"functional-code":{"insertions":2,"deletions":0}}},{"hash":"1721ed0742f55814a324bfa88309adb3ee7c0bdb","messageTitle":"Add color theme for text","messageBody":"","fileTypesAndContributionMap":{"functional-code":{"insertions":12,"deletions":1}}},{"hash":"1c12dbe251ec0bc4bf928327a007a23957c8cf07","messageTitle":"Add print help methods to print help messages","messageBody":"","fileTypesAndContributionMap":{"functional-code":{"insertions":31,"deletions":3}}},{"hash":"a3072cf5289e0371adb722790793c7a5a19313b0","messageTitle":"Add HelpCommand to allow user access help feature","messageBody":"","fileTypesAndContributionMap":{"functional-code":{"insertions":5,"deletions":1}}},{"hash":"67c7f6593c557d72563c9317ae33577c50fda8cd","messageTitle":"Update Parser to identify Help command","messageBody":"","fileTypesAndContributionMap":{"functional-code":{"insertions":8,"deletions":4}}},{"hash":"3d4fe67cf33c6db336970aa80d715354ae00ddbe","messageTitle":"Add JavaDoc for TextColor class","messageBody":"","fileTypesAndContributionMap":{"functional-code":{"insertions":6,"deletions":0}}},{"hash":"4956b53b2ad11698744bedf867f2d397202f6562","messageTitle":"Add override label for HelpCommand class","messageBody":"","fileTypesAndContributionMap":{"functional-code":{"insertions":1,"deletions":0}}},{"hash":"76905b244130304f9027dd950ad467f77505b15f","messageTitle":"Break down printHelpMessage() method in UI into several sub-methods","messageBody":"","fileTypesAndContributionMap":{"functional-code":{"insertions":61,"deletions":15}}},{"hash":"d43d6b9608ae29e85e6a92b6d99d122c1dd399c6","messageTitle":"Minor changes in messages to be printed","messageBody":"","fileTypesAndContributionMap":{"functional-code":{"insertions":3,"deletions":4}}},{"hash":"17291703c63530ddb2d3ff3de742d82ff0cd97b0","messageTitle":"Break down the \u0027import ...*\u0027 into more specific form","messageBody":"","fileTypesAndContributionMap":{"functional-code":{"insertions":5,"deletions":1}}},{"hash":"7892119b4ab31095fe3580bbefefa7404e004179","messageTitle":"Update help message regarding to \u0027list\u0027 command","messageBody":"","fileTypesAndContributionMap":{"functional-code":{"insertions":1,"deletions":0}}},{"hash":"fc261580acf45a74963f24baf127aad90fc9bc47","messageTitle":"Standardize help message","messageBody":"","fileTypesAndContributionMap":{"functional-code":{"insertions":1,"deletions":1}}}]},{"date":"2022-03-10","commitResults":[{"hash":"fb56ff35c5c6384a56503cf009da0cc269399f84","messageTitle":"Create ExerciseCommand class to identify command related to exercises","messageBody":"","fileTypesAndContributionMap":{"functional-code":{"insertions":2,"deletions":0}}},{"hash":"b8ca403ec27ef73c7c456ef2258dcba961bf09d3","messageTitle":"Add view list of exercises feature and updated it in help manual","messageBody":"","fileTypesAndContributionMap":{"functional-code":{"insertions":77,"deletions":3}}},{"hash":"12e5f9cadbfd3db869d9660dd42a95dacc73b1f9","messageTitle":"Attempt to fix Java CI errors","messageBody":"","fileTypesAndContributionMap":{"functional-code":{"insertions":17,"deletions":5}}},{"hash":"6b368550e6ca03c16dd4b90d541c1ae3976e7821","messageTitle":"Update ExerciseCommand.java","messageBody":"Second attempt to fix Java CI issue","fileTypesAndContributionMap":{"functional-code":{"insertions":2,"deletions":2}}},{"hash":"3b8341d2ce80125c335f449ab90a62a3ae37c316","messageTitle":"Update ExerciseCommand.java","messageBody":"3rd attempt to fix Java CI running issue","fileTypesAndContributionMap":{"functional-code":{"insertions":1,"deletions":1}}},{"hash":"ffde976b8814c60e46af777f6ef384d72b060848","messageTitle":"Update ExerciseList.java","messageBody":"Make variable consistence with the werkIt.","fileTypesAndContributionMap":{"functional-code":{"insertions":1,"deletions":1}}},{"hash":"c240e0266572bbe383c51dccf3778f39ee43ee27","messageTitle":"Add Junit tests for exerciseListTest","messageBody":"","fileTypesAndContributionMap":{"test-code":{"insertions":35,"deletions":0}}}]},{"date":"2022-03-13","commitResults":[{"hash":"8cf1e9aa2c4faa74c1f91a10373a07b7b5732ddc","messageTitle":"Add some simple loggings and assertions","messageBody":"","fileTypesAndContributionMap":{"functional-code":{"insertions":8,"deletions":0}}},{"hash":"574e36a2458414d4c0730870ca43897f288f7e2d","messageTitle":"Fix Java CI issues by write out import statements explicitly","messageBody":"","fileTypesAndContributionMap":{"functional-code":{"insertions":2,"deletions":1}}},{"hash":"5ab9f5573297792c9e1eff78d62e6f7d9faa2e7e","messageTitle":"Update code quality by reducing magic number","messageBody":"","fileTypesAndContributionMap":{"functional-code":{"insertions":1,"deletions":1}}}]},{"date":"2022-03-16","commitResults":[{"hash":"dbca78747923e61b0316c2c26094d7e5f7787aaf","messageTitle":"Fix minor bugs related to \u0027exercise /list\u0027","messageBody":"","fileTypesAndContributionMap":{"functional-code":{"insertions":10,"deletions":4}}},{"hash":"88ceb2b5753bc474b200432bb73afd11bf5ed6e0","messageTitle":"Fix Java CI issue","messageBody":"","fileTypesAndContributionMap":{"functional-code":{"insertions":4,"deletions":2}}},{"hash":"adb2ff649c67a06a961b9027b34364c68383e85f","messageTitle":"Second attempt to fix Java CI issue","messageBody":"","fileTypesAndContributionMap":{"functional-code":{"insertions":2,"deletions":1}}}]},{"date":"2022-03-19","commitResults":[{"hash":"0244e98964fab9d438c2bbca8e91b231c37f0a3d","messageTitle":"Add InvalidCommandException message for search exercise command","messageBody":"","fileTypesAndContributionMap":{"functional-code":{"insertions":2,"deletions":0}}},{"hash":"3995e79253640c4bf157aa937ecce2dc384b2588","messageTitle":"Add search exercise command ONLY","messageBody":"","fileTypesAndContributionMap":{"functional-code":{"insertions":64,"deletions":1}}},{"hash":"04b03345c2ef8f3479c94087061e31faec7b188d","messageTitle":"Update ExerciseList method to return the exerciseList","messageBody":"","fileTypesAndContributionMap":{"functional-code":{"insertions":3,"deletions":0}}},{"hash":"ec91fa5f9ad038be4e92971daef43f4980c14351","messageTitle":"Update Parser to recognise search exercise command","messageBody":"","fileTypesAndContributionMap":{"functional-code":{"insertions":29,"deletions":6}}},{"hash":"5bf0bcfb6bda08d736f7b7358f3dac1c8ba7830f","messageTitle":"Fix Java CI Errors","messageBody":"","fileTypesAndContributionMap":{"functional-code":{"insertions":9,"deletions":2}}},{"hash":"7c09a083d651f5cb38d8a53b186ac6bcb9f649aa","messageTitle":"Fix minor coding standard issues","messageBody":"","fileTypesAndContributionMap":{"functional-code":{"insertions":3,"deletions":3}}},{"hash":"b30a61d8bf303f0a51f24586e8314b013e7458e2","messageTitle":"Update the search comparing exercises to lowercase","messageBody":"","fileTypesAndContributionMap":{"functional-code":{"insertions":1,"deletions":1}}},{"hash":"f1c3f652f5acf11c8248a6b346b2079799607766","messageTitle":"Improve abstraction","messageBody":"","fileTypesAndContributionMap":{"functional-code":{"insertions":25,"deletions":18}}},{"hash":"24eb0f17372a4ebf695a513a681362b66f7ff410","messageTitle":"Add logger to Search exercise command","messageBody":"","fileTypesAndContributionMap":{"functional-code":{"insertions":9,"deletions":1}}},{"hash":"9c07ad1e29c68ef8bc885aa7ca3ecfd956d28f14","messageTitle":"More abstraction","messageBody":"","fileTypesAndContributionMap":{"functional-code":{"insertions":24,"deletions":15}}},{"hash":"b640a1791d93fd5ab97f404e07dd7383be1e6463","messageTitle":"Minor improvement on code quality","messageBody":"","fileTypesAndContributionMap":{"functional-code":{"insertions":5,"deletions":1}}},{"hash":"3c97a01f522873855849c30dfa9b6da541071f4c","messageTitle":"More and more abstractions","messageBody":"","fileTypesAndContributionMap":{"functional-code":{"insertions":9,"deletions":1}}}]}]},"authorFileTypeContributionMap":{"emilysim00":{"docs":37,"functional-code":89,"test-code":61},"Musfirahe0556596":{"docs":54,"functional-code":518,"test-code":122},"alanlowzies":{"docs":67,"functional-code":1820,"test-code":143,"other":2},"TianaiYan":{"docs":51,"functional-code":84,"test-code":63},"a1021492980":{"docs":0,"functional-code":383,"test-code":34}},"authorContributionVariance":{"emilysim00":909.6767,"Musfirahe0556596":7584.165,"alanlowzies":42594.133,"TianaiYan":631.19556,"a1021492980":3141.2454},"authorDisplayNameMap":{"emilysim00":"CS2113T-T09-2 SIM ..MILY","Musfirahe0556596":"CS2113T-T09-2 MUSF..AHIM","alanlowzies":"CS2113T-T09-2 LOW ..ALAN","TianaiYan":"CS2113T-T09-2 YAN ..ANAI","a1021492980":"CS2113T-T09-2 HUAN..FENG"}}
