{"authorDailyContributionsMap":{"emilysim00":[{"date":"2022-03-03","commitResults":[{"hash":"336134b271e51901318963a3c6aad778f76f1c72","messageTitle":"edited AboutUs","messageBody":"","fileTypesAndContributionMap":{"docs":{"insertions":13,"deletions":7}}},{"hash":"7a44d2786cc73a3d93e604516bbbd9acad2b5d3a","messageTitle":"Clean up about us page","messageBody":"","fileTypesAndContributionMap":{"docs":{"insertions":2,"deletions":4}}},{"hash":"8210eb0a873c12f073f280ae6f49f87f6f3aada6","messageTitle":"Modified AboutUs Content to include personal details","messageBody":"","fileTypesAndContributionMap":{"docs":{"insertions":4,"deletions":2}}}]},{"date":"2022-03-04","commitResults":[{"hash":"a28ada7785738929639cf4186de3e8b213ac4f9f","messageTitle":"Reformatted AboutUs.md","messageBody":"","fileTypesAndContributionMap":{"docs":{"insertions":7,"deletions":7}}}]},{"date":"2022-03-07","commitResults":[{"hash":"71da0cfae1bd8095bb3ec19b375da1c740bf23dc","messageTitle":"resolved merge conflict on AboutUs.md","messageBody":"","fileTypesAndContributionMap":{"docs":{"insertions":7,"deletions":7}}},{"hash":"d9c5b7b94f0ec3276f17ff33f28f8e6e665887b9","messageTitle":"Clean up AboutUS.md","messageBody":"","fileTypesAndContributionMap":{"docs":{"insertions":0,"deletions":10}}},{"hash":"b2478b0b00a55a84ef90c67e51cad199c6dd372b","messageTitle":"Implemented Workout /list feature","messageBody":"","fileTypesAndContributionMap":{"functional-code":{"insertions":46,"deletions":2}}},{"hash":"d722de82118cc858429c9c927db18fd5305cbdfa","messageTitle":"resolve formating issue","messageBody":"","fileTypesAndContributionMap":{"functional-code":{"insertions":5,"deletions":5}}},{"hash":"93365da93531a8c578ccb12a6617950f47901e5e","messageTitle":"remove int variable and replace with final static int","messageBody":"","fileTypesAndContributionMap":{"functional-code":{"insertions":3,"deletions":1}}}]},{"date":"2022-03-08","commitResults":[{"hash":"54fe345aed1e7b7d01b39ff631e81d9f6f5830f9","messageTitle":"Modify code based on feedback given by team mates.","messageBody":"","fileTypesAndContributionMap":{"functional-code":{"insertions":1,"deletions":1}}}]}],"Musfirahe0556596":[{"date":"2022-03-03","commitResults":[{"hash":"a783b64ddb8743d462158635b4436b7855be9e4f","messageTitle":"Add Musfirah About Us","messageBody":"","fileTypesAndContributionMap":{"docs":{"insertions":1,"deletions":1}}}]},{"date":"2022-03-05","commitResults":[{"hash":"861a4e289b227f93ad8045f6d87e32c72f3da96c","messageTitle":"Update AboutUs.md","messageBody":"","fileTypesAndContributionMap":{"docs":{"insertions":1,"deletions":1}}}]}],"alanlowzies":[{"date":"2022-03-03","commitResults":[{"hash":"2fc2251d80126690fd041eb07c35de9cd2f66e96","messageTitle":"Update README.md","messageBody":"","fileTypesAndContributionMap":{"docs":{"insertions":2,"deletions":0}}},{"hash":"4392ab3fa2276fb2d4f04184de8893d4d44bc9a5","messageTitle":"AboutUs.md: Update with user information","messageBody":"","fileTypesAndContributionMap":{"docs":{"insertions":4,"deletions":4}}}]},{"date":"2022-03-04","commitResults":[{"hash":"b785a1428661eb16cca50ec8b01d6c53d6bf2d89","messageTitle":"UI.java: Add methods to help format and print lines","messageBody":"","fileTypesAndContributionMap":{"functional-code":{"insertions":41,"deletions":0}}},{"hash":"e9b906b4284b5ebcef3ed3a60cd370ab1076673f","messageTitle":"Exercise.java: Create class","messageBody":"Placeholder class. Actual implementation is left to another team member\n","fileTypesAndContributionMap":{"functional-code":{"insertions":17,"deletions":0}}},{"hash":"ff33ee2eb84ba2f3113bba528156361258c51c37","messageTitle":"Workout.java: Create class","messageBody":"","fileTypesAndContributionMap":{"functional-code":{"insertions":26,"deletions":0}}},{"hash":"c39111994929bb09b9f50138f26995fd85f41fca","messageTitle":"Update ExerciseList.java","messageBody":"Remove unused FileNotFoundException import.","fileTypesAndContributionMap":{"functional-code":{"insertions":0,"deletions":1}}}]},{"date":"2022-03-05","commitResults":[{"hash":"19ffecd08be198bfb3dca350fa622ca9612fbb30","messageTitle":"Create Command.java abstract class","messageBody":"","fileTypesAndContributionMap":{"functional-code":{"insertions":14,"deletions":0}}},{"hash":"9c57d484620802da023db32be26ab0c75775f060","messageTitle":"Create WorkoutCommand.java class","messageBody":"","fileTypesAndContributionMap":{"functional-code":{"insertions":18,"deletions":0}}},{"hash":"6c680e41d3d5cf994a3a7b5cf1917fde5b4f9183","messageTitle":"Create Parser.java class","messageBody":"","fileTypesAndContributionMap":{"functional-code":{"insertions":9,"deletions":0}}},{"hash":"3d91f857af5be0eb6c3608ac776cc8cb789e3d0d","messageTitle":"Create InvalidCommandException.java","messageBody":"","fileTypesAndContributionMap":{"functional-code":{"insertions":17,"deletions":0}}},{"hash":"72db4fffea2337311e349f7c767d85d4ea67edb1","messageTitle":"Create InvalidExerciseException.java","messageBody":"","fileTypesAndContributionMap":{"functional-code":{"insertions":16,"deletions":0}}},{"hash":"9de3eb5f21910eb739bcf353122419140ccedcbb","messageTitle":"Create InvalidWorkoutsException.java","messageBody":"","fileTypesAndContributionMap":{"functional-code":{"insertions":12,"deletions":0}}},{"hash":"0a244c16386044cf6007e07f38f60046eb4b13e2","messageTitle":"Repackage and update Workout.java","messageBody":"","fileTypesAndContributionMap":{"other":{"insertions":10,"deletions":6}}},{"hash":"67f9c7fe3a97d96ebb15cd98d93c76de59a4707d","messageTitle":"Repackage WorkoutsList.java","messageBody":"","fileTypesAndContributionMap":{"functional-code":{"insertions":44,"deletions":0}}},{"hash":"dfbde7d634321dce02a519a7bcce1a98ea073cae","messageTitle":"Update Command.java","messageBody":"","fileTypesAndContributionMap":{"functional-code":{"insertions":15,"deletions":4}}},{"hash":"75af5d4a32c928b672d92fc05625c986d9ac5ed0","messageTitle":"Update WorkoutCommand.java","messageBody":"","fileTypesAndContributionMap":{"functional-code":{"insertions":63,"deletions":7}}},{"hash":"69771cdce7e0230c47f26184885d15018c64f44f","messageTitle":"Update Parser.java","messageBody":"","fileTypesAndContributionMap":{"functional-code":{"insertions":30,"deletions":2}}},{"hash":"99bb74f34eceb6ed9bdb9bd90a31c7d5e61fdc5f","messageTitle":"Move Exercise.java and ExerciseList.java to data.exercises package","messageBody":"","fileTypesAndContributionMap":{"other":{"insertions":5,"deletions":5}}},{"hash":"f940c67003e5ab75bdf403db922697e612c37ae9","messageTitle":"Rename Duke.java to WerkIt.java and rename seedu.duke package to werkIt","messageBody":"","fileTypesAndContributionMap":{"functional-code":{"insertions":26,"deletions":21}}},{"hash":"7e2d1b4a82d6d90169b419ea5576c601f3225d3e","messageTitle":"Rename DukeTest.java to WerkItTest.java and update naming references","messageBody":"","fileTypesAndContributionMap":{"other":{"insertions":2,"deletions":2}}},{"hash":"f2d2e5da981cbd7564fb85b5f9e7c65f5988a036","messageTitle":"build.gradle: Update \u0027mainClassName\u0027 project path path","messageBody":"","fileTypesAndContributionMap":{"other":{"insertions":1,"deletions":1}}},{"hash":"c8ac0d7dd452a4eea4b4f0d7b3b9355308a10a9c","messageTitle":"Update package paths for Parser.java and UI.java","messageBody":"","fileTypesAndContributionMap":{"other":{"insertions":19,"deletions":3}}},{"hash":"2eea5a81aa93698680a74de5aa7e4a847d11403d","messageTitle":"Rename InvalidWorkoutsException.java to InvalidWorkoutException.java","messageBody":"","fileTypesAndContributionMap":{"other":{"insertions":2,"deletions":2}}},{"hash":"a0ff1f8ff952cd45dcd7d0a7028fb1bd512bc111","messageTitle":"Update package references in WorkoutsList.java","messageBody":"","fileTypesAndContributionMap":{"functional-code":{"insertions":3,"deletions":3}}},{"hash":"46bc2dede2ce92b00dc6f778d46f783e6f3898a8","messageTitle":"WorkoutCommand.java: Update references to new InvalidWorkoutException class name","messageBody":"","fileTypesAndContributionMap":{"functional-code":{"insertions":2,"deletions":4}}},{"hash":"6dd314ef7c2a73e50d1d623f0298cdd8f7cde063","messageTitle":"Rename WorkoutsList.java to WorkoutList.java","messageBody":"Standardise naming conventions\n","fileTypesAndContributionMap":{"functional-code":{"insertions":3,"deletions":3},"other":{"insertions":1,"deletions":1}}},{"hash":"3ae37cd0d05e554fd010f6bd983c43ac285ddd14","messageTitle":"Shift main method to Main.java class","messageBody":"","fileTypesAndContributionMap":{"functional-code":{"insertions":73,"deletions":10},"other":{"insertions":1,"deletions":1}}},{"hash":"0175f23b7e680966d950325f390c86874a3f910b","messageTitle":"Create ExitCommand.java class","messageBody":"","fileTypesAndContributionMap":{"functional-code":{"insertions":14,"deletions":0}}},{"hash":"2b144042f83c81b41ee423bc02febe5859fd6821","messageTitle":"Remove Exercises.java","messageBody":"Not needed at this point in time.\n","fileTypesAndContributionMap":{"functional-code":{"insertions":0,"deletions":17}}},{"hash":"35d656e0b6fbf5f9eaa6d31adc955093056add04","messageTitle":"InvalidCommandException.java: Rephrease pre-defined error message","messageBody":"","fileTypesAndContributionMap":{"functional-code":{"insertions":1,"deletions":1}}},{"hash":"6838eeeac7cddc1c01e5d44c5f18ef16fe063a57","messageTitle":"ExerciseList.java: Create method to check if an exercise name exists in the exercises ArrayList","messageBody":"","fileTypesAndContributionMap":{"functional-code":{"insertions":15,"deletions":1}}},{"hash":"b068157cf6d3c94f63cef2ab9d5053a36208f805","messageTitle":"InvalidWorkoutException.java: Update code and inserted JavaDocs","messageBody":"","fileTypesAndContributionMap":{"functional-code":{"insertions":13,"deletions":1}}},{"hash":"92c5db4db5fdffa86027ae152c254e8476d5150f","messageTitle":"UI.java: Add new UI texts","messageBody":"","fileTypesAndContributionMap":{"functional-code":{"insertions":69,"deletions":4}}},{"hash":"f2ea66ef69f1b64e6f3046b865afa4fd504c86e9","messageTitle":"Implemented basic functionalities to create a new workout","messageBody":"","fileTypesAndContributionMap":{"functional-code":{"insertions":38,"deletions":21}}},{"hash":"5ef8b6820d0c54690568c53af52e8e220db1a100","messageTitle":"Parser.java: Update code to include classes such as UI","messageBody":"","fileTypesAndContributionMap":{"functional-code":{"insertions":33,"deletions":1}}},{"hash":"ea942559dccb9e79dfeb4dc5a2b07b613d32ae70","messageTitle":"WerkIt.java: Insert JavaDocs","messageBody":"","fileTypesAndContributionMap":{"functional-code":{"insertions":11,"deletions":10}}},{"hash":"5ced9e62cdbeef2b09fd1a8a73de1fd366debafa","messageTitle":"Create HelpCommand.java as placeholder","messageBody":"","fileTypesAndContributionMap":{"functional-code":{"insertions":13,"deletions":0}}},{"hash":"d01263f0025238c92a3948fadca71a7e76b4595b","messageTitle":"Remove some unused imports and methods","messageBody":"","fileTypesAndContributionMap":{"functional-code":{"insertions":0,"deletions":9}}}]},{"date":"2022-03-06","commitResults":[{"hash":"1f4ef76f9c31dd6b1ab8a6b98bc8c1482473ae16","messageTitle":"InvalidCommandException.java: Fix code formatting issue","messageBody":"","fileTypesAndContributionMap":{"functional-code":{"insertions":1,"deletions":1}}},{"hash":"a61df74ad577288fa2f6e6ad8e720d382052283d","messageTitle":"WorkoutList.java: Rename createWorkout method to createAndAddWorkout for better clarity","messageBody":"","fileTypesAndContributionMap":{"functional-code":{"insertions":2,"deletions":2}}},{"hash":"d5c63ece3f53fc237186857a74d97fbfc0ba10e2","messageTitle":"Modify exception messages to make it clearer that they are error messages","messageBody":"","fileTypesAndContributionMap":{"functional-code":{"insertions":3,"deletions":3}}},{"hash":"1742668a90a09dc23f0fa598b2ff8f554b48b590","messageTitle":"Add handling of ArrayIndexOutOfBoundsException and NumberFormatException for createAndAddWorkout method","messageBody":"","fileTypesAndContributionMap":{"functional-code":{"insertions":11,"deletions":1}}}]}],"TianaiYan":[{"date":"2022-03-03","commitResults":[{"hash":"a1032c3b1bed9a71a361e9e3211a938b36a6a1c4","messageTitle":"Edit AboutUs","messageBody":"","fileTypesAndContributionMap":{"docs":{"insertions":7,"deletions":7}}},{"hash":"4f0fc639fd7972c7484708d9159a20ff37820a13","messageTitle":"Update Tianai AboutUs","messageBody":"","fileTypesAndContributionMap":{"docs":{"insertions":1,"deletions":1}}}]}],"a1021492980":[{"date":"2022-03-03","commitResults":[{"hash":"b9c5a6b364bfdb898f554c68da94c856abc8390f","messageTitle":"Add Haofeng About Us","messageBody":"","fileTypesAndContributionMap":{"docs":{"insertions":7,"deletions":7}}}]},{"date":"2022-03-04","commitResults":[{"hash":"1dc2d87c2f18bb8d0eff3c785fe4297b398d2e24","messageTitle":"Add ExerciseList class to read and populate exercises from local file","messageBody":"","fileTypesAndContributionMap":{"functional-code":{"insertions":2,"deletions":0}}},{"hash":"ad4d2641786c8932e1dd621fe0e535b6ae043f65","messageTitle":"Add methods to access the exercises from local file","messageBody":"","fileTypesAndContributionMap":{"functional-code":{"insertions":52,"deletions":1}}},{"hash":"74c0d8698f3ffdc7c8a8ab934bcb2baed32a90ec","messageTitle":"Update naming of constant from exerciseFile to EXERCISE_FILE","messageBody":"","fileTypesAndContributionMap":{"functional-code":{"insertions":2,"deletions":2}}},{"hash":"8c4390764327f739c6ccc5d5a9bd9a345e3394e8","messageTitle":"Improve code quality","messageBody":"","fileTypesAndContributionMap":{"functional-code":{"insertions":5,"deletions":4}}},{"hash":"9a2f3acf3bf90a1185c2190102e098f4fd4ac5ee","messageTitle":"Update ExerciseList.java","messageBody":"Improve code quality by adjusting minor Whitespace convention","fileTypesAndContributionMap":{"functional-code":{"insertions":2,"deletions":2}}}]}]},"authorFileTypeContributionMap":{"emilysim00":{"docs":13,"functional-code":49,"test-code":0},"Musfirahe0556596":{"docs":0,"functional-code":0,"test-code":0},"alanlowzies":{"docs":2,"functional-code":567,"test-code":2,"other":1},"TianaiYan":{"docs":0,"functional-code":0,"test-code":0},"a1021492980":{"docs":0,"functional-code":51,"test-code":0}},"authorContributionVariance":{"emilysim00":403.94464,"Musfirahe0556596":0.3767313,"alanlowzies":26683.396,"TianaiYan":12.764543,"a1021492980":262.67032},"authorDisplayNameMap":{"emilysim00":"CS2113T-T09-2 SIM ..MILY","Musfirahe0556596":"CS2113T-T09-2 MUSF..AHIM","alanlowzies":"CS2113T-T09-2 LOW ..ALAN","TianaiYan":"CS2113T-T09-2 YAN ..ANAI","a1021492980":"CS2113T-T09-2 HUAN..FENG"}}
