{"authorDailyContributionsMap":{"laiisaac":[{"date":"2022-03-03","commitResults":[{"hash":"c3344e309913e6c888801634ac15aceda30fcf1b","messageTitle":"Update AboutUs.md","messageBody":"","fileTypesAndContributionMap":{"docs":{"insertions":7,"deletions":7}}}]},{"date":"2022-03-10","commitResults":[{"hash":"6dc13b49339e2c5da6e598290377c73a5e6d3677","messageTitle":"Add timer functionality: start timer and pause timer","messageBody":"","fileTypesAndContributionMap":{"functional-code":{"insertions":48,"deletions":0}}}]},{"date":"2022-03-11","commitResults":[{"hash":"998cf30a1cb21d85a40ab14c6fdd763ab62e4ddc","messageTitle":"Add stop feature for timer","messageBody":"","fileTypesAndContributionMap":{"other":{"insertions":23,"deletions":9}}},{"hash":"5a0e49d14f3b7c3b9fd0fc892052f162547e3481","messageTitle":"Change logic of study mode and add Timer.java to constant","messageBody":"","fileTypesAndContributionMap":{"functional-code":{"insertions":30,"deletions":19}}},{"hash":"6cebfceca3c51eca57bf7490b95658439012dd00","messageTitle":"Add error handling for various study mode situations","messageBody":"","fileTypesAndContributionMap":{"functional-code":{"insertions":45,"deletions":14}}},{"hash":"b77a34bd51600764936b9dd11b567ffa58907979","messageTitle":"Rename SherpassTimer method back to Timer","messageBody":"","fileTypesAndContributionMap":{"functional-code":{"insertions":4,"deletions":5},"other":{"insertions":3,"deletions":3}}}]},{"date":"2022-03-12","commitResults":[{"hash":"e4b7f6580090d5a673388a04a03608105125cb56","messageTitle":"Fix some issues for the study timer","messageBody":"Fix the problem where user could not start a new timer right after another timer finished.\nFix the minor issue where the timer would print unnecessary messages in stopTimer and when a timer naturally ended.\n","fileTypesAndContributionMap":{"functional-code":{"insertions":28,"deletions":35}}},{"hash":"03be95088a893b66bcb1955ebc57c9699a73adf4","messageTitle":"Improve UI for timer","messageBody":"","fileTypesAndContributionMap":{"functional-code":{"insertions":16,"deletions":13}}}]},{"date":"2022-03-13","commitResults":[{"hash":"61d4fdd87be9aba8d52877fef96051b7898b516f","messageTitle":"Fix checkstyle error and bug where timer did not print time remaining at correct intervals","messageBody":"","fileTypesAndContributionMap":{"functional-code":{"insertions":75,"deletions":8}}},{"hash":"1523cebed31e791acaa1bc1a6ee89006787e7b55","messageTitle":"Fix checkstyle errors","messageBody":"","fileTypesAndContributionMap":{"functional-code":{"insertions":9,"deletions":5}}}]},{"date":"2022-03-14","commitResults":[{"hash":"d25fc5a7c802c0adca8a32311569841b6edf15cc","messageTitle":"Refactor code in timer to increase readability by using shorter methods and rename constant/Timer.java to constant/TimerConstant.java","messageBody":"","fileTypesAndContributionMap":{"functional-code":{"insertions":38,"deletions":22},"other":{"insertions":1,"deletions":1}}},{"hash":"4738fd0af7ab7490dbc77b13ee1ddcdb31f9f459","messageTitle":"Add TimerLogic to manage the timer and its functions","messageBody":"","fileTypesAndContributionMap":{"functional-code":{"insertions":96,"deletions":47}}},{"hash":"b66b933d5cb734213fdbd8632a1e531e8e23a5d6","messageTitle":"Fix checkstyle error","messageBody":"","fileTypesAndContributionMap":{"functional-code":{"insertions":1,"deletions":0}}},{"hash":"97696608ff9f7eac59cc09c16d7b6d13175e0f9d","messageTitle":"Add javadoc comments to timer related methods","messageBody":"","fileTypesAndContributionMap":{"functional-code":{"insertions":77,"deletions":3}}},{"hash":"48e9d8288fd1345f851faaf7bb7844ee5fc54a98","messageTitle":"Add InvalidTimeException and refactor code to better follow seperation of concerns","messageBody":"","fileTypesAndContributionMap":{"functional-code":{"insertions":24,"deletions":3}}},{"hash":"34760eb3a7a2f5ea2d1425a36dcb29c00e0d4473","messageTitle":"Fix checkstyle errors","messageBody":"","fileTypesAndContributionMap":{"functional-code":{"insertions":2,"deletions":0}}},{"hash":"17ba4912cc243223390e3608d01ff9667c94eb53","messageTitle":"Refactor code related to the timer to increase readability","messageBody":"Refactor code to add return statements to reduce number of if else statements\nRefactor code to reduce unneeded catch blocks\n","fileTypesAndContributionMap":{"functional-code":{"insertions":44,"deletions":36}}},{"hash":"7a5f54476a5d440576c977e6a9eee8ca0cf2907d","messageTitle":"Fix checkstyle error","messageBody":"","fileTypesAndContributionMap":{"functional-code":{"insertions":1,"deletions":1}}},{"hash":"9ac02698d767262bbbb89bdc56384489cabaf194","messageTitle":"Refactor method by renaming to increase readability","messageBody":"","fileTypesAndContributionMap":{"functional-code":{"insertions":2,"deletions":2}}}]},{"date":"2022-03-15","commitResults":[{"hash":"34e730f00a9c21ff5719c1f8ed217ba66ac799ce","messageTitle":"Add TimerTest and assertions to Timer and TimerLogic","messageBody":"","fileTypesAndContributionMap":{"functional-code":{"insertions":7,"deletions":0},"test-code":{"insertions":32,"deletions":0}}},{"hash":"c6a37ea6a251d968b40ab2bab35a49ac72fd5569","messageTitle":"Add a testTimerDuration to TimerTest and fix IU bug in Parser","messageBody":"","fileTypesAndContributionMap":{"functional-code":{"insertions":0,"deletions":1},"test-code":{"insertions":18,"deletions":0}}}]},{"date":"2022-03-16","commitResults":[{"hash":"0c5ff4bdc907b113f12866f16df71eb45058b6f9","messageTitle":"Enable assertions for gradle","messageBody":"","fileTypesAndContributionMap":{"other":{"insertions":1,"deletions":0}}}]},{"date":"2022-03-23","commitResults":[{"hash":"181dc2169934e3f04da55af6d55d6ab9abdb3f0e","messageTitle":"Update DeveloperGuide.md","messageBody":"","fileTypesAndContributionMap":{"docs":{"insertions":56,"deletions":2}}},{"hash":"dfc39b7a9d631ce07de279d4978964148e697fd0","messageTitle":"Add TimerClassSD.puml","messageBody":"","fileTypesAndContributionMap":{"docs":{"insertions":57,"deletions":0}}},{"hash":"42e1c70cb5bebb334763a194013dfe6823a8694e","messageTitle":"Update DeveloperGuide.md","messageBody":"","fileTypesAndContributionMap":{"docs":{"insertions":41,"deletions":28}}},{"hash":"e51a5c26147d5a4a33f88eb61fb17e461f51f5bc","messageTitle":"Update TimerClassSD.puml","messageBody":"","fileTypesAndContributionMap":{"docs":{"insertions":34,"deletions":36}}}]}],"jltha":[{"date":"2022-03-03","commitResults":[{"hash":"e57318fdee20a2c5b4d5c9e4d5d74721912cd7e4","messageTitle":"Update README.md","messageBody":"","fileTypesAndContributionMap":{"docs":{"insertions":1,"deletions":1}}},{"hash":"f3fad4c9ae122887e200cc882c10ac4d3ef9bc26","messageTitle":"Edit AboutUs for last person","messageBody":"","fileTypesAndContributionMap":{"docs":{"insertions":4,"deletions":4}}},{"hash":"6f2eb67bc31cd9afba59480572f4907a06342b7c","messageTitle":"Remove John Roe from AboutUs","messageBody":"","fileTypesAndContributionMap":{"docs":{"insertions":0,"deletions":1}}}]},{"date":"2022-03-06","commitResults":[{"hash":"2a7a7467659db4ae2bbdf8148103b7a8604a0f61","messageTitle":"Import iP code for tP usage as base material","messageBody":"Fixes #25\n","fileTypesAndContributionMap":{"functional-code":{"insertions":1884,"deletions":21},"other":{"insertions":2,"deletions":2}}},{"hash":"1ffb1b5aa57d047f2fbbff7410e5bced1c6314e8","messageTitle":"Fix coding standard violations","messageBody":"","fileTypesAndContributionMap":{"functional-code":{"insertions":49,"deletions":37}}},{"hash":"1892788c8f5b73cf15da5055be47cc014f72b177","messageTitle":"Rename main and test packages/class to duke","messageBody":"","fileTypesAndContributionMap":{"functional-code":{"insertions":10,"deletions":10},"other":{"insertions":147,"deletions":147}}}]},{"date":"2022-03-07","commitResults":[{"hash":"953206b93bbecd5e9aa980c88bb82d226f005ec9","messageTitle":"Remove extra AboutUs docs","messageBody":"","fileTypesAndContributionMap":{"docs":{"insertions":0,"deletions":46}}}]},{"date":"2022-03-09","commitResults":[{"hash":"4a1a76d105147a37cd63a5395c1e83a2ffdb8357","messageTitle":"Rename Duke class/test class and related duke paths to Sherpass","messageBody":"As part of the team\u0027s product name\n","fileTypesAndContributionMap":{"functional-code":{"insertions":10,"deletions":10},"other":{"insertions":147,"deletions":147}}},{"hash":"0e58d48ba89c317d25115473d54b5ff9b0389fd3","messageTitle":"Add Sherpass logo","messageBody":"","fileTypesAndContributionMap":{"functional-code":{"insertions":7,"deletions":1}}},{"hash":"de7955668262a09ee5ac69bbed481ccdbf22605f","messageTitle":"Repackage Parser, Storage, Ui, and Tasklist classes","messageBody":"Parser, Storage, Ui to .utils package\nTaskList to task package\n","fileTypesAndContributionMap":{"functional-code":{"insertions":43,"deletions":39},"other":{"insertions":7,"deletions":4}}},{"hash":"015e7459a9c3972dbfafc5c5c37fef80e02742f1","messageTitle":"Rename Sherpass class to main","messageBody":"More intuitive that it is the main class\n","fileTypesAndContributionMap":{"other":{"insertions":4,"deletions":4}}},{"hash":"f8b07eab1ea1b982290ada3dc60ac8803fce7f4e","messageTitle":"Rename class \"main\" to \"Main\"","messageBody":"","fileTypesAndContributionMap":{"other":{"insertions":4,"deletions":4}}},{"hash":"51503556d25263d2eba98ce13b7db5ba186451ca","messageTitle":"Update welcome message","messageBody":"","fileTypesAndContributionMap":{"functional-code":{"insertions":14,"deletions":15}}},{"hash":"fee5df69d3c751ee2484612f42f16aa7561ac68f","messageTitle":"Implement Ui functions for study session feature","messageBody":"Also contains related parse functions when inputting commands\nafter entering study session\n","fileTypesAndContributionMap":{"functional-code":{"insertions":92,"deletions":20}}},{"hash":"bf1d9d661e7d391496cfd99568d2735d35064f7d","messageTitle":"Add study command class to accept command \"study\"","messageBody":"","fileTypesAndContributionMap":{"functional-code":{"insertions":34,"deletions":0}}},{"hash":"0fa527b14ebd91ad1e44bb8abaa5139747b455ea","messageTitle":"Add Timer class to create timer features","messageBody":"","fileTypesAndContributionMap":{"functional-code":{"insertions":20,"deletions":0}}},{"hash":"717e60869f3c49b8d1ef27381fc6e5549ffbe798","messageTitle":"Update text-ui-test","messageBody":"","fileTypesAndContributionMap":{"other":{"insertions":2,"deletions":2}}},{"hash":"638ad713a2512e24aeab5140d9795dd53d9b70c5","messageTitle":"Update parsing timer inputs in study session","messageBody":"","fileTypesAndContributionMap":{"functional-code":{"insertions":15,"deletions":16}}},{"hash":"4bd4e5aae3a60c6672110be5b5dcea5c8c5a3475","messageTitle":"Fix formatting of partition lines","messageBody":"","fileTypesAndContributionMap":{"functional-code":{"insertions":2,"deletions":2}}}]},{"date":"2022-03-10","commitResults":[{"hash":"1072e9d03dae8169236c4d519f777bef322b484f","messageTitle":"Add newline in UnmarkCommand","messageBody":"","fileTypesAndContributionMap":{"functional-code":{"insertions":1,"deletions":1}}},{"hash":"2250a4052c6a36b424bed4fcfe577aaba5283321","messageTitle":"Add colour to logo","messageBody":"","fileTypesAndContributionMap":{"functional-code":{"insertions":18,"deletions":8}}}]},{"date":"2022-03-11","commitResults":[{"hash":"a71ec4b31d10ff5ec641d617b8811648ddc6a7a0","messageTitle":"Rename Indexes and Messages class","messageBody":"","fileTypesAndContributionMap":{"other":{"insertions":0,"deletions":0}}},{"hash":"3a45b290b3fb23348a2fd7ed5937f08753b43359","messageTitle":"Rename utils package to util","messageBody":"","fileTypesAndContributionMap":{"other":{"insertions":62,"deletions":62}}},{"hash":"3b717c7df6268d2e399ec42a2702d67e263902ba","messageTitle":"Rename imports due to Index and Message being renamed","messageBody":"","fileTypesAndContributionMap":{"functional-code":{"insertions":49,"deletions":55}}},{"hash":"69bccb141fd0e728be98abefef7f9593943f8046","messageTitle":"Reformat spacings for wrapped lines and doc","messageBody":"","fileTypesAndContributionMap":{"functional-code":{"insertions":43,"deletions":41}}}]},{"date":"2022-03-15","commitResults":[{"hash":"f623b9315eb164c50706d579ab2e4857def11076","messageTitle":"Remove unused variable","messageBody":"","fileTypesAndContributionMap":{"functional-code":{"insertions":1,"deletions":1}}},{"hash":"8cd90c0ef27654d3200732c81af664dc5dc092e5","messageTitle":"Reformat indentation in Parser class","messageBody":"","fileTypesAndContributionMap":{"functional-code":{"insertions":4,"deletions":6}}},{"hash":"9fd7873f339819a242dbbccbfabd91e935f6ecc3","messageTitle":"Rename methods","messageBody":"Removed redundant import since the methods are static and can call the class itself\n","fileTypesAndContributionMap":{"functional-code":{"insertions":5,"deletions":10}}},{"hash":"bb617efb91cc94fd9f70ea4c70cc55e7b86385be","messageTitle":"Rename variables in Timer class","messageBody":"","fileTypesAndContributionMap":{"functional-code":{"insertions":7,"deletions":7}}},{"hash":"99599dea807f5486c55f178aabba8e5c77cff2ec","messageTitle":"Recolour Sherpass\u0027s logo","messageBody":"","fileTypesAndContributionMap":{"functional-code":{"insertions":12,"deletions":12}}},{"hash":"ce85093544d7953de5c4db5268012aba07c40919","messageTitle":"Enable assertions in build.gradle","messageBody":"","fileTypesAndContributionMap":{"other":{"insertions":1,"deletions":0}}},{"hash":"866de26e7d35240bd1ea6823eca8a6454125a02b","messageTitle":"Move INDEX_FACTOR to Index class","messageBody":"","fileTypesAndContributionMap":{"functional-code":{"insertions":1,"deletions":1}}},{"hash":"de9325f5e1344522b99d7b75f05876faebd21d3d","messageTitle":"Add INDEX_FACTOR from Storage class","messageBody":"","fileTypesAndContributionMap":{"functional-code":{"insertions":1,"deletions":0}}},{"hash":"f95b783c47ac6daa7d7a6d48d2de0fd66f2ea19a","messageTitle":"Wrap lines for condition checker","messageBody":"As it was getting too long\n","fileTypesAndContributionMap":{"functional-code":{"insertions":2,"deletions":0}}},{"hash":"6c9753f1d422b98bc2408503e921519998810bda","messageTitle":"Shift method upwards for clarity","messageBody":"","fileTypesAndContributionMap":{"functional-code":{"insertions":41,"deletions":41}}},{"hash":"21531d2459e5c2699d89329d8735a3a21b3347f1","messageTitle":"Rephrase message to a friendlier tone","messageBody":"","fileTypesAndContributionMap":{"functional-code":{"insertions":2,"deletions":1}}},{"hash":"3efc999ca384ff796691c74f28be8fad2f11a0f3","messageTitle":"Rename method in TimerLogic class","messageBody":"Remove import and used the method calling for static methods\n","fileTypesAndContributionMap":{"functional-code":{"insertions":1,"deletions":2}}},{"hash":"437a9fd584b987b11fd1776dbf57ba8ac6fb0338","messageTitle":"Rename variable in constructor for TimerLogic","messageBody":"","fileTypesAndContributionMap":{"functional-code":{"insertions":1,"deletions":1}}}]},{"date":"2022-03-16","commitResults":[{"hash":"6a88d998133dc74b5fc9710b7eaef5430e547475","messageTitle":"Add help feature for Study Command","messageBody":"","fileTypesAndContributionMap":{"functional-code":{"insertions":8,"deletions":1}}},{"hash":"8fb42eb92788379166dd7b0664113fb67058d7ae","messageTitle":"Remove redundant type Task","messageBody":"IDE was previously flagging a warning for a redundant task type since tasks is of type Task\n","fileTypesAndContributionMap":{"functional-code":{"insertions":1,"deletions":1}}},{"hash":"10f2e0d31d9c90b222d4c9ad4df58040d084f657","messageTitle":"Reformat study session help messages","messageBody":"","fileTypesAndContributionMap":{"functional-code":{"insertions":5,"deletions":5}}},{"hash":"e9af9d377ebd46bc32b782c69d54371f07a5cb04","messageTitle":"extract error message startTimer message into Message class","messageBody":"Replace with a constant\n","fileTypesAndContributionMap":{"functional-code":{"insertions":7,"deletions":0}}},{"hash":"67e7dffdd54d2a242137245e56d880010f0957ff","messageTitle":"Remove import and call static method by itself","messageBody":"Reduce number of imports at the top\n","fileTypesAndContributionMap":{"functional-code":{"insertions":3,"deletions":2}}},{"hash":"c77c648b1a0d272ce2f85b2bd713705a7402f436","messageTitle":"Fix bug in study session","messageBody":"1) session prints excess error messages for invalid inputs\n2) session prints excess or missing message when certain commands are input,\ne.g. entering \"leave\" after forcefully stopping the timer\n\nCode was also being restructured while fixing the bug to increase readability\n","fileTypesAndContributionMap":{"functional-code":{"insertions":49,"deletions":59}}},{"hash":"16f54e1f7a63502b9170c43601a967fd963b5f24","messageTitle":"Add junit tests for ParserTest","messageBody":"More specifically, to test the parsing of user timer inputs.\n","fileTypesAndContributionMap":{"test-code":{"insertions":75,"deletions":0}}},{"hash":"d4058a1ca10fe5126bbc9ed3e02a8cbf7ae6f01d","messageTitle":"Add assert to callStartTimer method in TimerLogic class","messageBody":"","fileTypesAndContributionMap":{"functional-code":{"insertions":1,"deletions":0}}},{"hash":"2941d04ceecac426e31a16dea3327e59dfe3229a","messageTitle":"Fix checkstyle error","messageBody":"","fileTypesAndContributionMap":{"functional-code":{"insertions":1,"deletions":1},"test-code":{"insertions":7,"deletions":6}}},{"hash":"2ea6c76fc98db705b6167e36b8f81388722f4454","messageTitle":"Add more asserts to TimerLogic Class","messageBody":"","fileTypesAndContributionMap":{"functional-code":{"insertions":2,"deletions":0}}},{"hash":"7fb231565defd9bb86b1ce9b6f6c25e22f54f5bf","messageTitle":"Refactor code for study session timer","messageBody":"Ensure that TimerLogic is now called via instantiation, as opposed to having to instantiate it\nand having static methods\n\nEnsure that variable isTimerRunning is only accessed via public methods\n","fileTypesAndContributionMap":{"functional-code":{"insertions":57,"deletions":46}}},{"hash":"75133acfb379c1f2b46e4d165a70a67b9adaa5dc","messageTitle":"Remove colour for logo","messageBody":"","fileTypesAndContributionMap":{"functional-code":{"insertions":18,"deletions":13},"other":{"insertions":1,"deletions":1}}}]},{"date":"2022-03-20","commitResults":[{"hash":"db78213cadf66db594af25cbf24e6096f35eb4c1","messageTitle":"Shift TimerTest class to util package in junit test","messageBody":"","fileTypesAndContributionMap":{"test-code":{"insertions":50,"deletions":0}}},{"hash":"bae7bc33ee26b2a07a4e5406a7a87b191159ad2d","messageTitle":"Revert \"Shift TimerTest class to util package in junit test\"","messageBody":"This reverts commit db78213cadf66db594af25cbf24e6096f35eb4c1.\n","fileTypesAndContributionMap":{"test-code":{"insertions":0,"deletions":50}}},{"hash":"89024646246bb05c1dc4f6fe821e468aeb69f07b","messageTitle":"Shift TimerTest class to util package in junit test","messageBody":"To align with the current package structure in the code\n","fileTypesAndContributionMap":{"test-code":{"insertions":0,"deletions":50}}},{"hash":"c82df4292e8ac89ee69c6fddd7e092316743e5ae","messageTitle":"Create Timetable class","messageBody":"For generating a timetable\n","fileTypesAndContributionMap":{"functional-code":{"insertions":179,"deletions":0}}},{"hash":"f0ac1fe530c7d262b966b6019a9bc581668af2ff","messageTitle":"Remove Reminder class","messageBody":"The usages of Reminder class now falls under the scope of Timetable Class\n","fileTypesAndContributionMap":{"functional-code":{"insertions":0,"deletions":119}}},{"hash":"d5f5b6b9757274d6aed6454e031460c69ca1edf5","messageTitle":"Add TimetableConstant class","messageBody":"Store constants used in Timetable class\n","fileTypesAndContributionMap":{"functional-code":{"insertions":13,"deletions":0}}},{"hash":"2bf1e8954cef6e82c8656d259c4b1134acdb94ad","messageTitle":"Add getRepeatedCharacters method in Ui class","messageBody":"Call method for usage in Timetable Class (generating the timetable)\n","fileTypesAndContributionMap":{"functional-code":{"insertions":14,"deletions":0}}},{"hash":"b7f755ec94396045c783b0469158d23a9e3fe0bb","messageTitle":"Rename DateAndTimeFormatter parseFormat to inputFormat","messageBody":"","fileTypesAndContributionMap":{"functional-code":{"insertions":4,"deletions":3}}},{"hash":"f5bbae93584cc567a1e8a4751d43cf7194092732","messageTitle":"Add new DateTimeFormatters used in Timetable class","messageBody":"","fileTypesAndContributionMap":{"functional-code":{"insertions":2,"deletions":1}}},{"hash":"00cb28466bc8239c8c40db20b20d3b9fbb040514","messageTitle":"Add commit for renaming DateAndTimeFormatter parseFormat","messageBody":"Was previously missed out when comitting\n","fileTypesAndContributionMap":{"functional-code":{"insertions":4,"deletions":3}}},{"hash":"58ab3a2ac87e25131662197add8f634956c0f2e4","messageTitle":"Add new methods and attributes for usage in Timetable Class","messageBody":"","fileTypesAndContributionMap":{"functional-code":{"insertions":67,"deletions":2}}},{"hash":"a8ad322614541560eb3610106f5c4e1d0c87df94","messageTitle":"Add ShowCommand class","messageBody":"Use for printing Daily/weekly timetable\nUse for printing pending tasks to be completed - (for non-recurring tasks)\nUse for listing all tasks added to TaskList\n","fileTypesAndContributionMap":{"functional-code":{"insertions":82,"deletions":6}}},{"hash":"8fb4657d7ba54d3273581382bdcfd5063c03fbfb","messageTitle":"Add NonrecurringTask class","messageBody":"For usage in timetable generation and showCommand features\n","fileTypesAndContributionMap":{"functional-code":{"insertions":18,"deletions":0}}},{"hash":"cce69f023cb78bb3000fbbce7367a46a98f930c7","messageTitle":"Remove ListCommand","messageBody":"Feature of ListCommand now falls under ShowCommand\n","fileTypesAndContributionMap":{"functional-code":{"insertions":0,"deletions":26}}},{"hash":"c0bdd37230358d9319944582fad48921463141d1","messageTitle":"Update HelpCommand methods","messageBody":"Remove ListCommand from list of help queries\n","fileTypesAndContributionMap":{"functional-code":{"insertions":3,"deletions":6}}},{"hash":"e1042dd8fcd093d1ae8975299805a5b129ca20ec","messageTitle":"Add TimetableTest class to junit testing","messageBody":"To update once logic handling of filtered tasks that are to be printed as part of timetable are completed\n","fileTypesAndContributionMap":{"test-code":{"insertions":26,"deletions":0}}},{"hash":"2cdaffba28f3622d658990b836fac5c856006eef","messageTitle":"Replace showReminder with show Timetable schedule","messageBody":"","fileTypesAndContributionMap":{"functional-code":{"insertions":1,"deletions":1}}},{"hash":"53ea6edd4a5de5450306928e8bdecd4e725cc0c9","messageTitle":"Update parseCommand method to accept ui","messageBody":"ui to now be in charge of printing messages to user\n","fileTypesAndContributionMap":{"functional-code":{"insertions":1,"deletions":1}}},{"hash":"bf588414fb445417d4133a7ae4268c46a9a94ae1","messageTitle":"Add logging feature","messageBody":"","fileTypesAndContributionMap":{"functional-code":{"insertions":28,"deletions":4}}},{"hash":"d32f12c2c3a50b940504bbdc2ce8e66d8707eb75","messageTitle":"Fix checkstyle error","messageBody":"","fileTypesAndContributionMap":{"functional-code":{"insertions":9,"deletions":9}}},{"hash":"cba1eaa78bcb685b96d4b95e82211ff37476e4ea","messageTitle":"Fix expected.txt in text-ui-test","messageBody":"Remove all expected outputs since new changes will soon be incorporated\ninto the code\n","fileTypesAndContributionMap":{"functional-code":{"insertions":5,"deletions":5}}},{"hash":"00e38d94064e5da198629a9fa2108ea08003df51","messageTitle":"Change log level for logger","messageBody":"","fileTypesAndContributionMap":{"functional-code":{"insertions":1,"deletions":1}}},{"hash":"a84842711d5d3c4310bf165d6816afaabbd50a6e","messageTitle":"Remove printing of duplicate error messages","messageBody":"","fileTypesAndContributionMap":{"functional-code":{"insertions":2,"deletions":3}}},{"hash":"de04bb881ca5255acdc3cb9e21bad4737fc8704e","messageTitle":"Change log level in file handler","messageBody":"","fileTypesAndContributionMap":{"functional-code":{"insertions":1,"deletions":1}}},{"hash":"05700a241561247961469ca19ec6ab3ab2070f28","messageTitle":"Edit message usage for add command","messageBody":"Allow message to fit within the partition line\n","fileTypesAndContributionMap":{"functional-code":{"insertions":4,"deletions":4}}}]},{"date":"2022-03-21","commitResults":[{"hash":"773575709e282e1c3be32c8ca871627a7c73a7cd","messageTitle":"Rename iteration to rowNumber","messageBody":"For better clarity\n","fileTypesAndContributionMap":{"functional-code":{"insertions":5,"deletions":5}}},{"hash":"ce01ee138c170f3274d0ae612c473fa61362165d","messageTitle":"Refactor code","messageBody":"Combine repeated code into one as per review comment\n","fileTypesAndContributionMap":{"functional-code":{"insertions":19,"deletions":18}}},{"hash":"9a554aef452a73ac2ab57c00d1ea43e7ea0e7674","messageTitle":"Add printing of empty timetable","messageBody":"When there are no tasks to print\n","fileTypesAndContributionMap":{"functional-code":{"insertions":16,"deletions":5}}},{"hash":"50a7bea8dd08ea41e08d864d1a5a54efefd3a418","messageTitle":"Add printing of blank time period","messageBody":"When task.getTimePeriod coincides with previous time periods,\ne.g. printing of two tasks with same time period of 0900 - 1100, so the very first task\nwith that time period gets printed. Other tasks print out a blank string\n","fileTypesAndContributionMap":{"functional-code":{"insertions":4,"deletions":1}}},{"hash":"204c82775a423d752041c2512603414bf9cc4332","messageTitle":"Fix checkstyle error for colTwo in Timetable class","messageBody":"","fileTypesAndContributionMap":{"functional-code":{"insertions":2,"deletions":2}}}]},{"date":"2022-03-22","commitResults":[{"hash":"ff913d5687dee77dd08e26202a0cd05aae1adfcd","messageTitle":"Update printPendingTasks method in TaskList","messageBody":"Print unmarked tasks which are both recurring and non-recurring\n","fileTypesAndContributionMap":{"functional-code":{"insertions":1,"deletions":1}}},{"hash":"0c6272373971abfc7aa32c4167ec985d7df479ba","messageTitle":"Fix bugs in printing timetable","messageBody":"","fileTypesAndContributionMap":{"functional-code":{"insertions":46,"deletions":36}}},{"hash":"cd19de387f436fe2b0b8e1cbea72b227744089b2","messageTitle":"Update timetable printing","messageBody":"Fix printing of weekly schedule\nReformat certain messages being output for user to see\n","fileTypesAndContributionMap":{"functional-code":{"insertions":9,"deletions":7}}}]},{"date":"2022-03-23","commitResults":[{"hash":"5ea04bc03691f5200808a645769b8129c3f0dce2","messageTitle":"Remove unused imports","messageBody":"","fileTypesAndContributionMap":{"functional-code":{"insertions":0,"deletions":2}}},{"hash":"021cea15b92cbbfeeea2e71612bd1915fb8f5593","messageTitle":"Fix printing of duplicate time periods","messageBody":"","fileTypesAndContributionMap":{"functional-code":{"insertions":11,"deletions":4}}},{"hash":"8ef9ad8a64b098da8a0551ef5b5955eba481fee1","messageTitle":"Reformat printing of messages to user for showCommand","messageBody":"","fileTypesAndContributionMap":{"functional-code":{"insertions":8,"deletions":3}}},{"hash":"0de22849cb238b3b90f75c179b966668e71f0a93","messageTitle":"Remove unused import in ShowCommand","messageBody":"","fileTypesAndContributionMap":{"functional-code":{"insertions":0,"deletions":1}}},{"hash":"b2c1bb799cfe7ead01c4ebb1eef17bee0d568a7b","messageTitle":"Remove blank strings from logo","messageBody":"","fileTypesAndContributionMap":{"functional-code":{"insertions":12,"deletions":21}}},{"hash":"95286bcd0826c98c0af260d86e8a4de020a153f7","messageTitle":"Add sequence diagram for timetable","messageBody":"","fileTypesAndContributionMap":{"docs":{"insertions":62,"deletions":0}}},{"hash":"3a97c321d89108f23fca73025c2f12d4f179e187","messageTitle":"Hide footbox for timetable sequence diagram","messageBody":"","fileTypesAndContributionMap":{"docs":{"insertions":2,"deletions":0}}},{"hash":"ade7d22b3b260cb80a4394cb251cd1298f0d64cb","messageTitle":"Move showTodaySchedule puml into puml folder in docs","messageBody":"","fileTypesAndContributionMap":{"docs":{"insertions":0,"deletions":0}}},{"hash":"6dd99c7d60594ec6ee6f22e616052c07ada9761b","messageTitle":"Update DG with timetable component","messageBody":"","fileTypesAndContributionMap":{"docs":{"insertions":37,"deletions":5}}}]}],"yuzhongng":[{"date":"2022-03-03","commitResults":[{"hash":"cdacaa4e63f0e9ba1add29f675878cd57517a39c","messageTitle":"Update AboutUs","messageBody":"","fileTypesAndContributionMap":{"docs":{"insertions":7,"deletions":7}}}]},{"date":"2022-03-10","commitResults":[{"hash":"29d8877286e8b89e2b917af0f61be050e78b47d8","messageTitle":"Add reminder class","messageBody":"To remind user that there are some tasks due soon or need to be done today\n","fileTypesAndContributionMap":{"functional-code":{"insertions":70,"deletions":0}}},{"hash":"4d8620a0a02f4ffb53b22bf2ad12ba6c770f75c7","messageTitle":"Update Duke class","messageBody":"Remind user of the tasks that need to be done today and tasks that are due soon upon launching of the app\n","fileTypesAndContributionMap":{"functional-code":{"insertions":4,"deletions":0}}}]},{"date":"2022-03-11","commitResults":[{"hash":"a8243bb018c97dadfcdd81a2709ecd3135894f32","messageTitle":"Update Duke","messageBody":"Instantiate Reminder class with the taskList class and Ui class\n","fileTypesAndContributionMap":{"functional-code":{"insertions":1,"deletions":1}}},{"hash":"e9b515f52f702123a43a7f3e8732f9034e871312","messageTitle":"Fixed bug where method showLine is referencing from a null object","messageBody":"","fileTypesAndContributionMap":{"functional-code":{"insertions":17,"deletions":10}}}]},{"date":"2022-03-12","commitResults":[{"hash":"8c3e3fee422620a18b80f1ccb7f1b579920b685f","messageTitle":"Include Reminder class in the import statement","messageBody":"","fileTypesAndContributionMap":{"functional-code":{"insertions":1,"deletions":0}}},{"hash":"f3abc2a5b841dd1f4d3567c3e2a11a0cc3ed82f8","messageTitle":"Move Reminder class to util package","messageBody":"","fileTypesAndContributionMap":{"functional-code":{"insertions":1,"deletions":2}}},{"hash":"966edeecf8f62adc97c37bef59630f5ccf89989b","messageTitle":"Add boolean date comparator method","messageBody":"","fileTypesAndContributionMap":{"functional-code":{"insertions":32,"deletions":8}}}]},{"date":"2022-03-15","commitResults":[{"hash":"5f63a3634dd141c2fb9fa3d9a0df80c31df92593","messageTitle":"Temporary fixed to prevent application from crashing due to wrong date format in Reminder Class","messageBody":"","fileTypesAndContributionMap":{"functional-code":{"insertions":32,"deletions":24}}}]},{"date":"2022-03-16","commitResults":[{"hash":"619117bf86fbab8b859e3be284ad2c2f535c57ff","messageTitle":"Update and fix bug on Reminder Class","messageBody":"","fileTypesAndContributionMap":{"functional-code":{"insertions":46,"deletions":40}}},{"hash":"60a7e79a7a1dc4619f37c47849a46595b8c8b3fe","messageTitle":"Update and refractor some of the code in Reinder class","messageBody":"","fileTypesAndContributionMap":{"functional-code":{"insertions":22,"deletions":15}}},{"hash":"2b375c997755fe57dfb026442351b371de5cc0de","messageTitle":"Update and refractor Reminder Class","messageBody":"","fileTypesAndContributionMap":{"functional-code":{"insertions":19,"deletions":3}}}]},{"date":"2022-03-22","commitResults":[{"hash":"bdb3a52f41075ba9c3dc532305b36651287f71c6","messageTitle":"Uncommented showScheduleByDay line","messageBody":"Print today schedule upon application launch\n","fileTypesAndContributionMap":{"functional-code":{"insertions":1,"deletions":1}}},{"hash":"203bb1a13ce9ef24f0c5cb4567a7bf6b69b33746","messageTitle":"Update ShowCommand","messageBody":"User is able to print his schedule for today whenever he wish\n","fileTypesAndContributionMap":{"functional-code":{"insertions":3,"deletions":0}}},{"hash":"99e962586417b70728685ca890a2e6c5337c8d6b","messageTitle":"Update getFilteredTaskByDate method","messageBody":"Retrieve a filtered arrayList of task according to the specificed date\n","fileTypesAndContributionMap":{"functional-code":{"insertions":21,"deletions":2}}},{"hash":"6bba76225df10ae823a21323bf79cbc639078bbb","messageTitle":"Add showTodaySchedule method","messageBody":"This method display the user schedule for the day\n","fileTypesAndContributionMap":{"functional-code":{"insertions":7,"deletions":1}}},{"hash":"483aabcd22ab03d89669641df7425ba5b1bdd753","messageTitle":"Fix bug","messageBody":"Fix the issue of calling this method will cause outOfMemmory error\n","fileTypesAndContributionMap":{"functional-code":{"insertions":4,"deletions":3}}},{"hash":"40d406e2c5f8bca4db21a689fa6b39c76a0690d4","messageTitle":"Comment show today schedule","messageBody":"The display format still need more refinement\n","fileTypesAndContributionMap":{"functional-code":{"insertions":2,"deletions":1}}}]},{"date":"2022-03-23","commitResults":[{"hash":"29c11579fba207931d2de30d778f19e5c8abf8c4","messageTitle":"Update developer guide","messageBody":"","fileTypesAndContributionMap":{"docs":{"insertions":10,"deletions":4}}},{"hash":"a163652996637a95bb42dd0f11852a2b7559b68b","messageTitle":"Add Timetable UML diagram","messageBody":"","fileTypesAndContributionMap":{"docs":{"insertions":25,"deletions":0}}},{"hash":"e6444a7988ef2e65f7510478f1d21552fa02c347","messageTitle":"Update DeveloperGuide","messageBody":"","fileTypesAndContributionMap":{"docs":{"insertions":7,"deletions":3}}},{"hash":"1a82908b66387203005c7be4a0879e7c7047dcde","messageTitle":"Add Timetable puml file","messageBody":"","fileTypesAndContributionMap":{"docs":{"insertions":0,"deletions":0}}},{"hash":"96637974d3bda17d76062990a5c9589ae9e11227","messageTitle":"Move Timetable puml file to puml folder","messageBody":"","fileTypesAndContributionMap":{"docs":{"insertions":0,"deletions":0}}},{"hash":"164504502786cecb961dbdc4cd114023969febe2","messageTitle":"Rename file name for sequence diagram for puml file and png file","messageBody":"","fileTypesAndContributionMap":{"docs":{"insertions":2,"deletions":4}}},{"hash":"d3ae6f462a16b9925b4bd0dcafd8ca1b9e913fc9","messageTitle":"Update DeveloperGuide","messageBody":"","fileTypesAndContributionMap":{"docs":{"insertions":3,"deletions":1}}},{"hash":"70029db141bf3f1ae0fb60ecef4494162288b11f","messageTitle":"Update UML file","messageBody":"","fileTypesAndContributionMap":{"docs":{"insertions":4,"deletions":1}}}]},{"date":"2022-03-24","commitResults":[{"hash":"aa6c05283ee66cd5cee3954352335626977d180e","messageTitle":"Remove SequenceDiagram picture","messageBody":"","fileTypesAndContributionMap":{"docs":{"insertions":0,"deletions":26}}},{"hash":"452a38a6531a843c1456b13d7a09c116901fe126","messageTitle":"Update Developer Guide","messageBody":"","fileTypesAndContributionMap":{"docs":{"insertions":9,"deletions":14}}},{"hash":"7f255cf8853921781e719740aed3005ebd9d3fb2","messageTitle":"Update TodaySchedule UML diagram","messageBody":"","fileTypesAndContributionMap":{"docs":{"insertions":6,"deletions":0}}},{"hash":"e4a4d7d1b75d40ef32f571de7591aa6531a2ab8f","messageTitle":"Update Developer Guide","messageBody":"","fileTypesAndContributionMap":{"docs":{"insertions":1,"deletions":0}}}]}],"thedarie":[{"date":"2022-03-03","commitResults":[{"hash":"042f68311b3eaa8c97c8917e7922f355a8526ac1","messageTitle":"Update AboutUs","messageBody":"","fileTypesAndContributionMap":{"docs":{"insertions":7,"deletions":7}}}]},{"date":"2022-03-09","commitResults":[{"hash":"6af4096b5c64135e4882277a66453c33dd7e3aad","messageTitle":"Rename method name to be more accurate","messageBody":"","fileTypesAndContributionMap":{"functional-code":{"insertions":6,"deletions":5}}},{"hash":"ae031d30a04235aa51529487c65936bfa1ec0bcf","messageTitle":"Edit comment to be more concise","messageBody":"","fileTypesAndContributionMap":{"functional-code":{"insertions":1,"deletions":2}}},{"hash":"b0cdf7eb619022e29f9e6ce9a2fc83c6c77c5731","messageTitle":"Modify code to support storing of tasks","messageBody":"","fileTypesAndContributionMap":{"functional-code":{"insertions":17,"deletions":24}}},{"hash":"0ca68acedee7eb7543721372af42960964715c38","messageTitle":"Update TodoCommand to use writeSaveData method","messageBody":"","fileTypesAndContributionMap":{"functional-code":{"insertions":1,"deletions":2}}},{"hash":"bc282511538e666e13a72fcc92bb5de2fb6bc183","messageTitle":"Update constants in Indexes to match new format","messageBody":"","fileTypesAndContributionMap":{"functional-code":{"insertions":4,"deletions":4}}},{"hash":"fa82156e44a564e9b1562d4916b4fe9ea6e54c8e","messageTitle":"Update Parser to load new data format","messageBody":"","fileTypesAndContributionMap":{"functional-code":{"insertions":30,"deletions":45}}},{"hash":"25bc683f7f882442e874f706c5044f5422f30b94","messageTitle":"Add comment for easier understanding","messageBody":"","fileTypesAndContributionMap":{"functional-code":{"insertions":1,"deletions":0}}},{"hash":"fe4576bc031dd941b4972db273452540f44b575f","messageTitle":"Update test scripts to exit program","messageBody":"","fileTypesAndContributionMap":{"other":{"insertions":2,"deletions":0}}},{"hash":"38822ae5a3dc6f4eaa07f1349d18edc51e678733","messageTitle":"Fix coding standard violations","messageBody":"","fileTypesAndContributionMap":{"functional-code":{"insertions":2,"deletions":2}}}]},{"date":"2022-03-10","commitResults":[{"hash":"c060ab6f0955aa9e081d086c4b3f6587bb2e9a7c","messageTitle":"Add org.json library as dependency","messageBody":"","fileTypesAndContributionMap":{"other":{"insertions":1,"deletions":0}}},{"hash":"49123e9b0455c4ce2dcd7d47d3933561dc7cfa1c","messageTitle":"Add convertTaskListToJson method to Storage","messageBody":"","fileTypesAndContributionMap":{"functional-code":{"insertions":24,"deletions":2}}},{"hash":"98467355a78bb8652bdb5f4e547a6bad0f48151d","messageTitle":"Update parseSavedData to work with JSONObject instead of String","messageBody":"","fileTypesAndContributionMap":{"functional-code":{"insertions":15,"deletions":32}}},{"hash":"06b9e84399c176e412a1a7884e049258f739062c","messageTitle":"Update readSavedData and writeSaveData to use JSON instead of Strings","messageBody":"","fileTypesAndContributionMap":{"functional-code":{"insertions":19,"deletions":18}}},{"hash":"715e066c1e58ee237fb425009e35e0b1fe31f7cb","messageTitle":"Refactor code to be neater","messageBody":"load() method wasn\u0027t doing much other than calling readSavedData().\nBy combining the two, the code becomes neater.\n","fileTypesAndContributionMap":{"functional-code":{"insertions":14,"deletions":22}}},{"hash":"4cdcf36d54fcf3a4e20a42599c088cb5d4ef29ab","messageTitle":"Add error messages when save file is corrupted","messageBody":"","fileTypesAndContributionMap":{"functional-code":{"insertions":7,"deletions":2}}},{"hash":"ba143d359f19a9801c39efef4333368c0844a82b","messageTitle":"Add handleCorruptedSave in Storage to handle corrupted save files","messageBody":"","fileTypesAndContributionMap":{"functional-code":{"insertions":18,"deletions":2}}},{"hash":"9acecbc764ae886dc282103d9cee55c63add9366","messageTitle":"Update main to call handleCorruptedSave() to handle corrupted save files","messageBody":"Instantly wiping the save file when it is corrupted seems unreasonable.\nInstead, let the user decide if the program should recreate the save\nfile or leave it be for the user to manually inspect it\n","fileTypesAndContributionMap":{"functional-code":{"insertions":26,"deletions":18}}}]},{"date":"2022-03-12","commitResults":[{"hash":"b86f54a9deba500ddc503575a2d9411115dda7fc","messageTitle":"Rename data file to have .json extension","messageBody":"","fileTypesAndContributionMap":{"functional-code":{"insertions":10,"deletions":13},"other":{"insertions":2,"deletions":2}}}]},{"date":"2022-03-14","commitResults":[{"hash":"ecd5c3c6f890cf39f75d91b20445fbec09f0541f","messageTitle":"Create JUnit test for storing and loading of data","messageBody":"","fileTypesAndContributionMap":{"functional-code":{"insertions":2,"deletions":1},"test-code":{"insertions":50,"deletions":0}}},{"hash":"1e6fc7dd3a84837733dc679cf87aefd9ffeb7cc9","messageTitle":"Update JavaDoc comments for Storage and Parser class","messageBody":"","fileTypesAndContributionMap":{"functional-code":{"insertions":13,"deletions":5}}},{"hash":"0a42641131352d320056005d7cb5082b4bda2add","messageTitle":"Add assertions to make code more defensive","messageBody":"","fileTypesAndContributionMap":{"functional-code":{"insertions":12,"deletions":7}}}]},{"date":"2022-03-15","commitResults":[{"hash":"4533e7bfa63f6e19b82b2cf9b000a8757bd550c8","messageTitle":"Remove unused methods from iP codebase","messageBody":"","fileTypesAndContributionMap":{"functional-code":{"insertions":0,"deletions":256}}},{"hash":"ce97e9395226d19a404b1bcc912a16af29d58502","messageTitle":"Organize import statements for better readability","messageBody":"","fileTypesAndContributionMap":{"functional-code":{"insertions":27,"deletions":17}}},{"hash":"814b91ab784805f2f9f1a8baf5247549178032fa","messageTitle":"Convert byDate and doOnDate to be LocalDate type","messageBody":"Previously dates had to be constantly converted back and forth\nbetween String and LocalDate. Furthermore,\ndate formats varies in different use cases i.e. parsing / save files\nThis creates a lot of messy code and unnecessary methods.\n","fileTypesAndContributionMap":{"functional-code":{"insertions":97,"deletions":198}}},{"hash":"410acd8ce1cf6886d63ae9506ea70a0e00cbac69","messageTitle":"Remove unused constants to remove clutter","messageBody":"","fileTypesAndContributionMap":{"functional-code":{"insertions":0,"deletions":20}}},{"hash":"a47a6a1b87572e6ae7fa7fad99abf26c04626d82","messageTitle":"Update JUnit tests to use LocalDate instead of String","messageBody":"","fileTypesAndContributionMap":{"test-code":{"insertions":6,"deletions":1}}},{"hash":"bdc5e02335afbec65a17c4bac7daf7858ddf1801","messageTitle":"Fix check style errors","messageBody":"","fileTypesAndContributionMap":{"test-code":{"insertions":1,"deletions":2}}},{"hash":"50f27c5bae738aab4964c35ca9e7e924d62200f3","messageTitle":"Refactor code according to PR comments","messageBody":"Rename some variables for clarity\nFix formatting for certain lines\nIntroduce constant for some magic literals\n","fileTypesAndContributionMap":{"functional-code":{"insertions":16,"deletions":18},"test-code":{"insertions":1,"deletions":3}}}]},{"date":"2022-03-16","commitResults":[{"hash":"d8d35bd75b42cdc0791c5baa9e932312969c719d","messageTitle":"Add more error messages for easier troubleshooting","messageBody":"","fileTypesAndContributionMap":{"functional-code":{"insertions":12,"deletions":3}}},{"hash":"13fbdcef641b310088347f28e7c9d2ca5a21a05b","messageTitle":"Add checks for duplicate task in data file","messageBody":"","fileTypesAndContributionMap":{"functional-code":{"insertions":21,"deletions":1}}},{"hash":"03c2c0be8db0e14ea1b5f0a96648112263e2341e","messageTitle":"Use showToUser in Main instead of println for consistency","messageBody":"","fileTypesAndContributionMap":{"functional-code":{"insertions":2,"deletions":2}}}]},{"date":"2022-03-23","commitResults":[{"hash":"b8179ff0182aa3e3dc47c603b8fa20f671f056fb","messageTitle":"Update DG with Storage portion","messageBody":"","fileTypesAndContributionMap":{"docs":{"insertions":44,"deletions":2}}},{"hash":"279170b797573ec1d2d3694f70ebfaf1c6dd2c00","messageTitle":"Add .puml files for Storage portion","messageBody":"","fileTypesAndContributionMap":{"docs":{"insertions":100,"deletions":0}}},{"hash":"9e6cfa82b64ca419291bff6b3c1d021fcd1ab99d","messageTitle":"Update image paths to be relative","messageBody":"","fileTypesAndContributionMap":{"docs":{"insertions":3,"deletions":3}}},{"hash":"da1dd05e9d9966be7874ba8d104b063ec8b4914e","messageTitle":"Fix typo in DG\u0027s value proposition section","messageBody":"","fileTypesAndContributionMap":{"docs":{"insertions":1,"deletions":1}}}]},{"date":"2022-03-24","commitResults":[{"hash":"a15daef057c52625de163f1d17fe99272048b54f","messageTitle":"Update User Guide for recurring tasks","messageBody":"","fileTypesAndContributionMap":{"docs":{"insertions":76,"deletions":14}}},{"hash":"27848891d403b25f434edc0c990ced42b4db9cdc","messageTitle":"Update user guide","messageBody":"","fileTypesAndContributionMap":{"docs":{"insertions":54,"deletions":25}}}]}],"BradenTeo":[{"date":"2022-03-03","commitResults":[{"hash":"88cbdee9e3eddbfe2948b259971c8ba3fe5d4eda","messageTitle":"edited aboutus","messageBody":"","fileTypesAndContributionMap":{"docs":{"insertions":7,"deletions":7}}},{"hash":"71784e33d55a9e6300a6baf92f5b6e666077e208","messageTitle":"minor change to AboutUs.md","messageBody":"","fileTypesAndContributionMap":{"docs":{"insertions":8,"deletions":7}}}]},{"date":"2022-03-12","commitResults":[{"hash":"394cd51c071275fa799e6f59d6af9570b5861bd6","messageTitle":"added functionality for Add ensured that taskList can be saved and loaded from local storage","messageBody":"","fileTypesAndContributionMap":{"functional-code":{"insertions":195,"deletions":238},"other":{"insertions":11,"deletions":12}}},{"hash":"9d81680b37a0b2988b88d319206f010c2246c9d3","messageTitle":"removed all instances of Deadline and Event, because all tasks are now of the same class","messageBody":"","fileTypesAndContributionMap":{"functional-code":{"insertions":4,"deletions":306}}}]},{"date":"2022-03-13","commitResults":[{"hash":"aa2d78d786cabdb88d25fb78030fa8cba85d3107","messageTitle":"added Edit command","messageBody":"","fileTypesAndContributionMap":{"functional-code":{"insertions":158,"deletions":11}}},{"hash":"a5769222bd94da89145bd5f048a8955bd241665a","messageTitle":"edited for checksyle errors","messageBody":"","fileTypesAndContributionMap":{"functional-code":{"insertions":31,"deletions":12}}}]},{"date":"2022-03-14","commitResults":[{"hash":"b9e3e71b44a75ff58e13980cbe19756fec5c745e","messageTitle":"edited PR as per teammates\u0027 reviews","messageBody":"","fileTypesAndContributionMap":{"other":{"insertions":0,"deletions":0}}},{"hash":"dd179fa7254b2b9c9d062773e35f84ac79eaf3a8","messageTitle":"edited PR as per teammates\u0027 comments","messageBody":"","fileTypesAndContributionMap":{"functional-code":{"insertions":47,"deletions":53}}}]}]},"authorFileTypeContributionMap":{"laiisaac":{"docs":127,"functional-code":303,"test-code":0},"jltha":{"docs":97,"functional-code":1541,"test-code":104,"other":3},"yuzhongng":{"docs":19,"functional-code":32,"test-code":0},"thedarie":{"docs":247,"functional-code":247,"test-code":50,"other":3},"BradenTeo":{"docs":7,"functional-code":217,"test-code":0}},"authorContributionVariance":{"laiisaac":6778.2856,"jltha":171575.78,"yuzhongng":971.2212,"thedarie":14466.356,"BradenTeo":17357.951},"authorDisplayNameMap":{"laiisaac":"CS2113T-T09-1 ISAA..ZILE","jltha":"CS2113T-T09-1 THA .. LIM","yuzhongng":"CS2113T-T09-1 NG Y..HONG","thedarie":"CS2113T-T09-1 HUNG..ARYL","BradenTeo":"CS2113T-T09-1 BRAD.. REN"}}
