{"repoSenseVersion":"40dab6ed93","reportGeneratedTime":"Mon Feb 28 08:09:08 2022 UTC+08:00","reportGenerationTime":" 1.41 second(s)","zoneId":"UTC+08:00","reportTitle":"CS2113 tP Code Dashboard","repos":[],"errorSet":[{"repoName":"AY2122S2-CS2113-T11-2/tp[master]","errorMessage":"Failed to clone from https://github.com/AY2122S2-CS2113-T11-2/tp.git"},{"repoName":"AY2122S2-CS2113-F10-4/tp[master]","errorMessage":"Failed to clone from https://github.com/AY2122S2-CS2113-F10-4/tp.git"},{"repoName":"AY2122S2-CS2113T-T09-4/tp[master]","errorMessage":"Failed to clone from https://github.com/AY2122S2-CS2113T-T09-4/tp.git"},{"repoName":"AY2122S2-CS2113-F12-1/tp[master]","errorMessage":"Failed to clone from https://github.com/AY2122S2-CS2113-F12-1/tp.git"},{"repoName":"AY2122S2-CS2113T-T09-3/tp[master]","errorMessage":"Failed to clone from https://github.com/AY2122S2-CS2113T-T09-3/tp.git"},{"repoName":"AY2122S2-CS2113-F10-3/tp[master]","errorMessage":"Failed to clone from https://github.com/AY2122S2-CS2113-F10-3/tp.git"},{"repoName":"AY2122S2-CS2113T-T09-1/tp[master]","errorMessage":"Failed to clone from https://github.com/AY2122S2-CS2113T-T09-1/tp.git"},{"repoName":"AY2122S2-CS2113-F12-3/tp[master]","errorMessage":"Failed to clone from https://github.com/AY2122S2-CS2113-F12-3/tp.git"},{"repoName":"AY2122S2-CS2113T-T09-2/tp[master]","errorMessage":"Failed to clone from https://github.com/AY2122S2-CS2113T-T09-2/tp.git"},{"repoName":"AY2122S2-CS2113-T11-4/tp[master]","errorMessage":"Failed to clone from https://github.com/AY2122S2-CS2113-T11-4/tp.git"},{"repoName":"AY2122S2-CS2113T-T10-2/tp[master]","errorMessage":"Failed to clone from https://github.com/AY2122S2-CS2113T-T10-2/tp.git"},{"repoName":"AY2122S2-CS2113T-T10-1/tp[master]","errorMessage":"Failed to clone from https://github.com/AY2122S2-CS2113T-T10-1/tp.git"},{"repoName":"AY2122S2-CS2113-T11-3/tp[master]","errorMessage":"Failed to clone from https://github.com/AY2122S2-CS2113-T11-3/tp.git"},{"repoName":"AY2122S2-CS2113T-T10-3/tp[master]","errorMessage":"Failed to clone from https://github.com/AY2122S2-CS2113T-T10-3/tp.git"},{"repoName":"AY2122S2-CS2113T-T10-4/tp[master]","errorMessage":"Failed to clone from https://github.com/AY2122S2-CS2113T-T10-4/tp.git"},{"repoName":"AY2122S2-CS2113-F10-2/tp[master]","errorMessage":"Failed to clone from https://github.com/AY2122S2-CS2113-F10-2/tp.git"},{"repoName":"AY2122S2-CS2113-T11-1/tp[master]","errorMessage":"Failed to clone from https://github.com/AY2122S2-CS2113-T11-1/tp.git"},{"repoName":"AY2122S2-CS2113-F12-2/tp[master]","errorMessage":"Failed to clone from https://github.com/AY2122S2-CS2113-F12-2/tp.git"},{"repoName":"AY2122S2-CS2113-F10-1/tp[master]","errorMessage":"Failed to clone from https://github.com/AY2122S2-CS2113-F10-1/tp.git"}],"sinceDate":"2022-02-18","untilDate":"2022-02-28","isSinceDateProvided":true,"isUntilDateProvided":false}
