{"repoSenseVersion":"adc02f59ec","reportGeneratedTime":"Thu Mar 10 12:41:02 2022 UTC+08:00","reportGenerationTime":" 5.31 second(s)","zoneId":"UTC+08:00","reportTitle":"CS2113 tP Code Dashboard","repos":[{"location":{"location":"https://github.com/AY2122S2-CS2113-F10-4/tp.git","repoName":"tp","organization":"AY2122S2-CS2113-F10-4"},"branch":"master","displayName":"AY2122S2-CS2113-F10-4/tp[master]","outputFolderName":"AY2122S2-CS2113-F10-4_tp_master"},{"location":{"location":"https://github.com/AY2122S2-CS2113-F10-2/tp.git","repoName":"tp","organization":"AY2122S2-CS2113-F10-2"},"branch":"master","displayName":"AY2122S2-CS2113-F10-2/tp[master]","outputFolderName":"AY2122S2-CS2113-F10-2_tp_master"},{"location":{"location":"https://github.com/AY2122S2-CS2113-T11-1/tp.git","repoName":"tp","organization":"AY2122S2-CS2113-T11-1"},"branch":"master","displayName":"AY2122S2-CS2113-T11-1/tp[master]","outputFolderName":"AY2122S2-CS2113-T11-1_tp_master"},{"location":{"location":"https://github.com/AY2122S2-CS2113-T11-3/tp.git","repoName":"tp","organization":"AY2122S2-CS2113-T11-3"},"branch":"master","displayName":"AY2122S2-CS2113-T11-3/tp[master]","outputFolderName":"AY2122S2-CS2113-T11-3_tp_master"},{"location":{"location":"https://github.com/AY2122S2-CS2113-T11-2/tp.git","repoName":"tp","organization":"AY2122S2-CS2113-T11-2"},"branch":"master","displayName":"AY2122S2-CS2113-T11-2/tp[master]","outputFolderName":"AY2122S2-CS2113-T11-2_tp_master"},{"location":{"location":"https://github.com/AY2122S2-CS2113-F12-3/tp.git","repoName":"tp","organization":"AY2122S2-CS2113-F12-3"},"branch":"master","displayName":"AY2122S2-CS2113-F12-3/tp[master]","outputFolderName":"AY2122S2-CS2113-F12-3_tp_master"},{"location":{"location":"https://github.com/AY2122S2-CS2113-T11-4/tp.git","repoName":"tp","organization":"AY2122S2-CS2113-T11-4"},"branch":"master","displayName":"AY2122S2-CS2113-T11-4/tp[master]","outputFolderName":"AY2122S2-CS2113-T11-4_tp_master"},{"location":{"location":"https://github.com/AY2122S2-CS2113-F10-1/tp.git","repoName":"tp","organization":"AY2122S2-CS2113-F10-1"},"branch":"master","displayName":"AY2122S2-CS2113-F10-1/tp[master]","outputFolderName":"AY2122S2-CS2113-F10-1_tp_master"},{"location":{"location":"https://github.com/AY2122S2-CS2113-F12-2/tp.git","repoName":"tp","organization":"AY2122S2-CS2113-F12-2"},"branch":"master","displayName":"AY2122S2-CS2113-F12-2/tp[master]","outputFolderName":"AY2122S2-CS2113-F12-2_tp_master"},{"location":{"location":"https://github.com/AY2122S2-CS2113-F12-1/tp.git","repoName":"tp","organization":"AY2122S2-CS2113-F12-1"},"branch":"master","displayName":"AY2122S2-CS2113-F12-1/tp[master]","outputFolderName":"AY2122S2-CS2113-F12-1_tp_master"},{"location":{"location":"https://github.com/AY2122S2-CS2113-F10-3/tp.git","repoName":"tp","organization":"AY2122S2-CS2113-F10-3"},"branch":"master","displayName":"AY2122S2-CS2113-F10-3/tp[master]","outputFolderName":"AY2122S2-CS2113-F10-3_tp_master"},{"location":{"location":"https://github.com/AY2122S2-CS2113T-T10-3/tp.git","repoName":"tp","organization":"AY2122S2-CS2113T-T10-3"},"branch":"master","displayName":"AY2122S2-CS2113T-T10-3/tp[master]","outputFolderName":"AY2122S2-CS2113T-T10-3_tp_master"},{"location":{"location":"https://github.com/AY2122S2-CS2113T-T10-1/tp.git","repoName":"tp","organization":"AY2122S2-CS2113T-T10-1"},"branch":"master","displayName":"AY2122S2-CS2113T-T10-1/tp[master]","outputFolderName":"AY2122S2-CS2113T-T10-1_tp_master"},{"location":{"location":"https://github.com/AY2122S2-CS2113T-T09-2/tp.git","repoName":"tp","organization":"AY2122S2-CS2113T-T09-2"},"branch":"master","displayName":"AY2122S2-CS2113T-T09-2/tp[master]","outputFolderName":"AY2122S2-CS2113T-T09-2_tp_master"},{"location":{"location":"https://github.com/AY2122S2-CS2113T-T10-2/tp.git","repoName":"tp","organization":"AY2122S2-CS2113T-T10-2"},"branch":"master","displayName":"AY2122S2-CS2113T-T10-2/tp[master]","outputFolderName":"AY2122S2-CS2113T-T10-2_tp_master"},{"location":{"location":"https://github.com/AY2122S2-CS2113T-T09-4/tp.git","repoName":"tp","organization":"AY2122S2-CS2113T-T09-4"},"branch":"master","displayName":"AY2122S2-CS2113T-T09-4/tp[master]","outputFolderName":"AY2122S2-CS2113T-T09-4_tp_master"},{"location":{"location":"https://github.com/AY2122S2-CS2113T-T09-3/tp.git","repoName":"tp","organization":"AY2122S2-CS2113T-T09-3"},"branch":"master","displayName":"AY2122S2-CS2113T-T09-3/tp[master]","outputFolderName":"AY2122S2-CS2113T-T09-3_tp_master"},{"location":{"location":"https://github.com/AY2122S2-CS2113T-T09-1/tp.git","repoName":"tp","organization":"AY2122S2-CS2113T-T09-1"},"branch":"master","displayName":"AY2122S2-CS2113T-T09-1/tp[master]","outputFolderName":"AY2122S2-CS2113T-T09-1_tp_master"},{"location":{"location":"https://github.com/AY2122S2-CS2113T-T10-4/tp.git","repoName":"tp","organization":"AY2122S2-CS2113T-T10-4"},"branch":"master","displayName":"AY2122S2-CS2113T-T10-4/tp[master]","outputFolderName":"AY2122S2-CS2113T-T10-4_tp_master"}],"errorSet":[],"sinceDate":"2022-02-18","untilDate":"2022-03-10","isSinceDateProvided":true,"isUntilDateProvided":false}
