{"repoSenseVersion":"2b864022bb","reportGeneratedTime":"Wed Apr 6 12:19:25 2022 UTC+08:00","reportGenerationTime":" 14.98 second(s)","zoneId":"UTC+08:00","reportTitle":"CS2113 tP Code Dashboard","repos":[{"location":{"location":"https://github.com/AY2122S2-CS2113-F10-4/tp.git","repoName":"tp","organization":"AY2122S2-CS2113-F10-4","domainName":"github"},"branch":"master","displayName":"AY2122S2-CS2113-F10-4/tp[master]","outputFolderName":"AY2122S2-CS2113-F10-4_tp_master"},{"location":{"location":"https://github.com/AY2122S2-CS2113-F10-2/tp.git","repoName":"tp","organization":"AY2122S2-CS2113-F10-2","domainName":"github"},"branch":"master","displayName":"AY2122S2-CS2113-F10-2/tp[master]","outputFolderName":"AY2122S2-CS2113-F10-2_tp_master"},{"location":{"location":"https://github.com/AY2122S2-CS2113-T11-1/tp.git","repoName":"tp","organization":"AY2122S2-CS2113-T11-1","domainName":"github"},"branch":"master","displayName":"AY2122S2-CS2113-T11-1/tp[master]","outputFolderName":"AY2122S2-CS2113-T11-1_tp_master"},{"location":{"location":"https://github.com/AY2122S2-CS2113-T11-3/tp.git","repoName":"tp","organization":"AY2122S2-CS2113-T11-3","domainName":"github"},"branch":"master","displayName":"AY2122S2-CS2113-T11-3/tp[master]","outputFolderName":"AY2122S2-CS2113-T11-3_tp_master"},{"location":{"location":"https://github.com/AY2122S2-CS2113-T11-2/tp.git","repoName":"tp","organization":"AY2122S2-CS2113-T11-2","domainName":"github"},"branch":"master","displayName":"AY2122S2-CS2113-T11-2/tp[master]","outputFolderName":"AY2122S2-CS2113-T11-2_tp_master"},{"location":{"location":"https://github.com/AY2122S2-CS2113-F12-3/tp.git","repoName":"tp","organization":"AY2122S2-CS2113-F12-3","domainName":"github"},"branch":"master","displayName":"AY2122S2-CS2113-F12-3/tp[master]","outputFolderName":"AY2122S2-CS2113-F12-3_tp_master"},{"location":{"location":"https://github.com/AY2122S2-CS2113-T11-4/tp.git","repoName":"tp","organization":"AY2122S2-CS2113-T11-4","domainName":"github"},"branch":"master","displayName":"AY2122S2-CS2113-T11-4/tp[master]","outputFolderName":"AY2122S2-CS2113-T11-4_tp_master"},{"location":{"location":"https://github.com/AY2122S2-CS2113-F10-1/tp.git","repoName":"tp","organization":"AY2122S2-CS2113-F10-1","domainName":"github"},"branch":"master","displayName":"AY2122S2-CS2113-F10-1/tp[master]","outputFolderName":"AY2122S2-CS2113-F10-1_tp_master"},{"location":{"location":"https://github.com/AY2122S2-CS2113-F12-2/tp.git","repoName":"tp","organization":"AY2122S2-CS2113-F12-2","domainName":"github"},"branch":"master","displayName":"AY2122S2-CS2113-F12-2/tp[master]","outputFolderName":"AY2122S2-CS2113-F12-2_tp_master"},{"location":{"location":"https://github.com/AY2122S2-CS2113-F12-1/tp.git","repoName":"tp","organization":"AY2122S2-CS2113-F12-1","domainName":"github"},"branch":"master","displayName":"AY2122S2-CS2113-F12-1/tp[master]","outputFolderName":"AY2122S2-CS2113-F12-1_tp_master"},{"location":{"location":"https://github.com/AY2122S2-CS2113-F10-3/tp.git","repoName":"tp","organization":"AY2122S2-CS2113-F10-3","domainName":"github"},"branch":"master","displayName":"AY2122S2-CS2113-F10-3/tp[master]","outputFolderName":"AY2122S2-CS2113-F10-3_tp_master"},{"location":{"location":"https://github.com/AY2122S2-CS2113T-T10-3/tp.git","repoName":"tp","organization":"AY2122S2-CS2113T-T10-3","domainName":"github"},"branch":"master","displayName":"AY2122S2-CS2113T-T10-3/tp[master]","outputFolderName":"AY2122S2-CS2113T-T10-3_tp_master"},{"location":{"location":"https://github.com/AY2122S2-CS2113T-T10-1/tp.git","repoName":"tp","organization":"AY2122S2-CS2113T-T10-1","domainName":"github"},"branch":"master","displayName":"AY2122S2-CS2113T-T10-1/tp[master]","outputFolderName":"AY2122S2-CS2113T-T10-1_tp_master"},{"location":{"location":"https://github.com/AY2122S2-CS2113T-T09-2/tp.git","repoName":"tp","organization":"AY2122S2-CS2113T-T09-2","domainName":"github"},"branch":"master","displayName":"AY2122S2-CS2113T-T09-2/tp[master]","outputFolderName":"AY2122S2-CS2113T-T09-2_tp_master"},{"location":{"location":"https://github.com/AY2122S2-CS2113T-T10-2/tp.git","repoName":"tp","organization":"AY2122S2-CS2113T-T10-2","domainName":"github"},"branch":"master","displayName":"AY2122S2-CS2113T-T10-2/tp[master]","outputFolderName":"AY2122S2-CS2113T-T10-2_tp_master"},{"location":{"location":"https://github.com/AY2122S2-CS2113T-T09-4/tp.git","repoName":"tp","organization":"AY2122S2-CS2113T-T09-4","domainName":"github"},"branch":"master","displayName":"AY2122S2-CS2113T-T09-4/tp[master]","outputFolderName":"AY2122S2-CS2113T-T09-4_tp_master"},{"location":{"location":"https://github.com/AY2122S2-CS2113T-T09-3/tp.git","repoName":"tp","organization":"AY2122S2-CS2113T-T09-3","domainName":"github"},"branch":"master","displayName":"AY2122S2-CS2113T-T09-3/tp[master]","outputFolderName":"AY2122S2-CS2113T-T09-3_tp_master"},{"location":{"location":"https://github.com/AY2122S2-CS2113T-T09-1/tp.git","repoName":"tp","organization":"AY2122S2-CS2113T-T09-1","domainName":"github"},"branch":"master","displayName":"AY2122S2-CS2113T-T09-1/tp[master]","outputFolderName":"AY2122S2-CS2113T-T09-1_tp_master"},{"location":{"location":"https://github.com/AY2122S2-CS2113T-T10-4/tp.git","repoName":"tp","organization":"AY2122S2-CS2113T-T10-4","domainName":"github"},"branch":"master","displayName":"AY2122S2-CS2113T-T10-4/tp[master]","outputFolderName":"AY2122S2-CS2113T-T10-4_tp_master"}],"errorSet":[],"sinceDate":"2022-02-18","untilDate":"2022-04-06","isSinceDateProvided":true,"isUntilDateProvided":false,"supportedDomainUrlMap":{"NOT_RECOGNIZED":{"BRANCH":"","REPO_URL":"UNSUPPORTED","BASE_URL":"UNSUPPORTED","HISTORY_PATH":"","COMMIT_PATH":"","BLAME_PATH":""},"github":{"BRANCH":"tree/$BRANCH","REPO_URL":"https://github.com/$ORGANIZATION/$REPO_NAME/","BASE_URL":"https://github.com/","HISTORY_PATH":"commits/$BRANCH/$FILE_PATH","COMMIT_PATH":"commit/$COMMIT_HASH","BLAME_PATH":"blame/$BRANCH/$FILE_PATH"}}}
