{"authorDailyContributionsMap":{"teanweijun":[{"date":"2022-03-03","commitResults":[{"hash":"85cac028606e9e2a967f154d30d6c1544e6d124e","messageTitle":"Update AboutUs for a PR test","messageBody":"","fileTypesAndContributionMap":{"docs":{"insertions":5,"deletions":5}}},{"hash":"c3d7d7b2e4799dfc3aa275bdd6932c43baf4fc85","messageTitle":"Update AboutUs with github webpage","messageBody":"","fileTypesAndContributionMap":{"docs":{"insertions":7,"deletions":7}}},{"hash":"208549aecb8f26ddb982ed41fd1218579ffd1e7d","messageTitle":"Add github link for all members in AboutUs","messageBody":"","fileTypesAndContributionMap":{"docs":{"insertions":7,"deletions":7}}}]},{"date":"2022-03-09","commitResults":[{"hash":"672137319b3ccc44f5ac035341d006f7503f454d","messageTitle":"Create person class with simple members","messageBody":"","fileTypesAndContributionMap":{"functional-code":{"insertions":7,"deletions":0}}},{"hash":"e0bdde52a5137f087495546e952bca3f114273f9","messageTitle":"Create person constructor","messageBody":"","fileTypesAndContributionMap":{"functional-code":{"insertions":6,"deletions":0}}},{"hash":"f7a6f19d79f24f3f7076e1a95b8ee34221e5fa96","messageTitle":"Create methods to add and delete income","messageBody":"","fileTypesAndContributionMap":{"functional-code":{"insertions":11,"deletions":0}}},{"hash":"ef143564c9381f8baa4617cd64175e5836e3cee4","messageTitle":"Create methods to add and delete expenditure","messageBody":"","fileTypesAndContributionMap":{"functional-code":{"insertions":12,"deletions":0}}},{"hash":"17c7c278b6fc909875894a5b98afaac88cc6fe65","messageTitle":"Create methods to list income and expenditure","messageBody":"","fileTypesAndContributionMap":{"functional-code":{"insertions":9,"deletions":0}}},{"hash":"8652232dc430721cd16d7ca07a6613315f6a574b","messageTitle":"Create methods to calculate disposable income","messageBody":"","fileTypesAndContributionMap":{"functional-code":{"insertions":20,"deletions":0}}},{"hash":"6289856fb1feae77b2647860c81572d79f5741af","messageTitle":"Create skeletal code for new PersonList class","messageBody":"","fileTypesAndContributionMap":{"functional-code":{"insertions":2,"deletions":0}}},{"hash":"b6405ab139d93647e8072fefb61ed1ff4f78ae2c","messageTitle":"Create constructor for PersonList","messageBody":"","fileTypesAndContributionMap":{"functional-code":{"insertions":12,"deletions":1}}},{"hash":"047714595b7ce9f5ce95ecbf4cb33e9c4e83ed04","messageTitle":"Create a method to get number of members in PersonList","messageBody":"","fileTypesAndContributionMap":{"functional-code":{"insertions":4,"deletions":0}}},{"hash":"6bd93cd4d3ed1339ab8dedf45a35d23ad4da3fab","messageTitle":"Create method to add persons to PersonList","messageBody":"","fileTypesAndContributionMap":{"functional-code":{"insertions":5,"deletions":0}}},{"hash":"3b243ff63c87babb65ba2972ade59b8b514cffe0","messageTitle":"Fix bug where number of members were not incremented on addition of persons","messageBody":"","fileTypesAndContributionMap":{"functional-code":{"insertions":2,"deletions":1}}},{"hash":"f877793294fb3003c9c38e9b7b0751c805f18490","messageTitle":"Create method to get total remaining disposable income","messageBody":"","fileTypesAndContributionMap":{"functional-code":{"insertions":8,"deletions":0}}},{"hash":"20509aae0ecec6739442eed0ba34bf4694eff354","messageTitle":"Fix bug where monetary values were stored as integers","messageBody":"","fileTypesAndContributionMap":{"functional-code":{"insertions":5,"deletions":5}}},{"hash":"0c1cf97473e49fb646624f6af1fc6d6534d32d13","messageTitle":"Create method to remove persons from list","messageBody":"","fileTypesAndContributionMap":{"functional-code":{"insertions":4,"deletions":0}}},{"hash":"bae2beb407ad1290ef126de63dbaedb68c35e50a","messageTitle":"Move person package under planitarium","messageBody":"","fileTypesAndContributionMap":{"other":{"insertions":0,"deletions":0}}},{"hash":"31d8869d3853d237c61744ccfc4f1f49bb8210c5","messageTitle":"Update package header","messageBody":"","fileTypesAndContributionMap":{"functional-code":{"insertions":1,"deletions":1}}},{"hash":"4dee55034f555c8b7432fbea94069c4f14fb5de3","messageTitle":"Move person package under planitarium","messageBody":"","fileTypesAndContributionMap":{"other":{"insertions":1,"deletions":1}}},{"hash":"728eb92586c4975371e2e8df991eabb032b85000","messageTitle":"Create method to list all member\u0027s income and expenditure","messageBody":"","fileTypesAndContributionMap":{"functional-code":{"insertions":9,"deletions":1}}}]},{"date":"2022-03-10","commitResults":[{"hash":"d39244a63070713202037a9968a2663c507a7f90","messageTitle":"Increase level of abstraction by initialising a class instead of ArrayLists","messageBody":"","fileTypesAndContributionMap":{"functional-code":{"insertions":6,"deletions":3}}},{"hash":"e0b854d0956bd601daaac78cc4cf0b63ac8cf394","messageTitle":"Synchronise code to correctly call methods from IncomeList and ExpenditureList classes","messageBody":"","fileTypesAndContributionMap":{"functional-code":{"insertions":15,"deletions":10}}},{"hash":"cc493c966dda6ed005a57cef452613a9bd5b7e1d","messageTitle":"Fix bug of code using float instead of double","messageBody":"","fileTypesAndContributionMap":{"functional-code":{"insertions":5,"deletions":13}}},{"hash":"7b9abebdcf4a2250b941bb86426c5ba2b29366ec","messageTitle":"Fix syntax bugs","messageBody":"","fileTypesAndContributionMap":{"functional-code":{"insertions":12,"deletions":9}}},{"hash":"61c7d46e939ce7dda803528d2d4a5be2caee6bb0","messageTitle":"Add javadoc comments for all methods in Person and PersonList classes","messageBody":"","fileTypesAndContributionMap":{"functional-code":{"insertions":80,"deletions":0}}},{"hash":"f67ca30f5dfd9a1c45c27236fc5527e4e725250d","messageTitle":"Fix bug where removing person does not decrease member count","messageBody":"Fixes #35\n","fileTypesAndContributionMap":{"functional-code":{"insertions":1,"deletions":0}}},{"hash":"05f08c7c11aca5fac02b23101b522ff1429717a2","messageTitle":"Add methods to get number of incomes and expenditures a person has","messageBody":"","fileTypesAndContributionMap":{"functional-code":{"insertions":18,"deletions":0}}},{"hash":"c7451f6315720cfaaec308305beec5e83d1e941b","messageTitle":"Fix synchronisation issues with Income and Expenditure class with respect to method names","messageBody":"","fileTypesAndContributionMap":{"functional-code":{"insertions":2,"deletions":2}}}]},{"date":"2022-03-11","commitResults":[{"hash":"12eb8a1507c36987b171a6beeb53380412a69d63","messageTitle":"Make Person class attributes not class level","messageBody":"","fileTypesAndContributionMap":{"functional-code":{"insertions":3,"deletions":3}}},{"hash":"efac28b19b29c4a032829dd530c91705ab4ece25","messageTitle":"Make Person class methods not class level","messageBody":"","fileTypesAndContributionMap":{"functional-code":{"insertions":12,"deletions":12}}},{"hash":"6014bd0995b9741d0a744efc3b08446472da52ba","messageTitle":"Make PersonList class attributes not class level","messageBody":"","fileTypesAndContributionMap":{"functional-code":{"insertions":2,"deletions":2}}},{"hash":"9308af419c6f4221898e17bd61716496545796c3","messageTitle":"Make PersonList class methods not class level","messageBody":"","fileTypesAndContributionMap":{"functional-code":{"insertions":6,"deletions":6}}},{"hash":"a75b727bb9166226b397fccfd074bda49deb935f","messageTitle":"Add method to retrieve the array list in PersonList objects","messageBody":"","fileTypesAndContributionMap":{"functional-code":{"insertions":9,"deletions":0}}},{"hash":"d2adc66b738f5931aa729051c20314a829f82a16","messageTitle":"Rename main test package and class","messageBody":"","fileTypesAndContributionMap":{"other":{"insertions":2,"deletions":2}}},{"hash":"7de370745ba869911c0cd1cfa1eab6453a7fdcc1","messageTitle":"Create test class for Person and PersonList","messageBody":"","fileTypesAndContributionMap":{"test-code":{"insertions":8,"deletions":0}}},{"hash":"a5de76957f626c5d9aa951d8f9d049ef3308bb67","messageTitle":"Create method to test setup of new PersonList object","messageBody":"","fileTypesAndContributionMap":{"test-code":{"insertions":9,"deletions":0}}},{"hash":"085095c8facff4abc1e9fc68629d46705855f723","messageTitle":"Make getRemain method not class level","messageBody":"","fileTypesAndContributionMap":{"functional-code":{"insertions":1,"deletions":1}}},{"hash":"2ca9bddaff69a0a80060e872765762ff3ee4e6e9","messageTitle":"Implement a method to get a specific person from the PersonList array list","messageBody":"","fileTypesAndContributionMap":{"functional-code":{"insertions":10,"deletions":0}}}]},{"date":"2022-03-13","commitResults":[{"hash":"38c8f084323996cda42e58b1aa0820684ef929e1","messageTitle":"Fix typo in getNumberOfIncomes() method","messageBody":"","fileTypesAndContributionMap":{"functional-code":{"insertions":1,"deletions":1}}},{"hash":"5d48f497ff1890f50289bcac8c30ffb46ee99e06","messageTitle":"Assert that any Person object created must have a name","messageBody":"","fileTypesAndContributionMap":{"functional-code":{"insertions":1,"deletions":0}}},{"hash":"e0c2b14ba73a9f76a63a13aebeaced9721692b3c","messageTitle":"Remove redundancy where a PersonList object calling getRemain() requires itself as a parameter","messageBody":"","fileTypesAndContributionMap":{"functional-code":{"insertions":2,"deletions":2}}},{"hash":"4aa8bda1973f45eaf4e4244f0d020a45eb6df26a","messageTitle":"Add assertions in getPerson() method to ensure that only valid indexes are passed in","messageBody":"","fileTypesAndContributionMap":{"functional-code":{"insertions":2,"deletions":0}}},{"hash":"f3535dbfac0275706cb132abe5de5b4e102a7cfb","messageTitle":"Assert that a valid name should be provided to addPerson() method","messageBody":"","fileTypesAndContributionMap":{"functional-code":{"insertions":1,"deletions":0}}},{"hash":"2d119eab6d9a8130a0e1f6d4114927939c3bccb9","messageTitle":"Assert that a valid index is passed into removePerson() method","messageBody":"","fileTypesAndContributionMap":{"functional-code":{"insertions":2,"deletions":0}}},{"hash":"d18a95c79aa6c85b35e851fe313ba55269ceb2b2","messageTitle":"Assert that a valid string must be supplied to the description fields of addIncome() and addExpend() methods","messageBody":"","fileTypesAndContributionMap":{"functional-code":{"insertions":2,"deletions":0}}},{"hash":"ca7560718cddb23f8a7907d8456e99c0824038ec","messageTitle":"Assert that a valid index must be passed into deleteIncome() and deleteExpend() methods","messageBody":"","fileTypesAndContributionMap":{"functional-code":{"insertions":10,"deletions":6}}},{"hash":"5b649c15651006a135d63cef8f1a1a98d0d7ebc6","messageTitle":"Improve structure of driver code","messageBody":"","fileTypesAndContributionMap":{"functional-code":{"insertions":14,"deletions":1}}},{"hash":"c8e28821de30d35c927e8c0ee5999dd38dabc3d1","messageTitle":"Fix typo of \"NULL\"s to \"null\"","messageBody":"","fileTypesAndContributionMap":{"functional-code":{"insertions":4,"deletions":4}}},{"hash":"9fd7bbbed254a70c6c01548df540fee54356338c","messageTitle":"Create a logger for the program","messageBody":"","fileTypesAndContributionMap":{"functional-code":{"insertions":24,"deletions":7}}}]},{"date":"2022-03-15","commitResults":[{"hash":"bf5b06c82a8b4ba8b2a21ecce94fa558da4d4ca8","messageTitle":"Fix merge conflicts and reorder methods in main driver file","messageBody":"","fileTypesAndContributionMap":{"functional-code":{"insertions":11,"deletions":13}}},{"hash":"aef8d91f9a8a3ba373a6a3a2f9d9929458251c54","messageTitle":"Fix bug where int was used to represent moneytary values","messageBody":"","fileTypesAndContributionMap":{"functional-code":{"insertions":4,"deletions":4}}},{"hash":"7a2de60b8635d4e47499be7f2c086b47cc97d5db","messageTitle":"Fix issue where header is printed twice in listing of income and expenditure","messageBody":"","fileTypesAndContributionMap":{"functional-code":{"insertions":2,"deletions":4}}},{"hash":"fe13fe277529d0910e35a2b33250ecaa526dea14","messageTitle":"Change getRemain() function to print out the disposable income instead of returning a value","messageBody":"","fileTypesAndContributionMap":{"functional-code":{"insertions":3,"deletions":5}}},{"hash":"8f0ffb2134a05d154252f03d84e8217bad694b9b","messageTitle":"Add clarity to print statements to show who the income or expenditure is added to","messageBody":"","fileTypesAndContributionMap":{"functional-code":{"insertions":5,"deletions":4}}},{"hash":"e343391b6e2db55170c4a83435796beccb7121c2","messageTitle":"Fix syntax to be compliant with gradle checks","messageBody":"","fileTypesAndContributionMap":{"functional-code":{"insertions":13,"deletions":15}}},{"hash":"b3f81663ecf482f8c7b4003b4e9445edcf50e852","messageTitle":"Update severity of log message should logger not be able to be inititalised","messageBody":"","fileTypesAndContributionMap":{"functional-code":{"insertions":1,"deletions":1}}},{"hash":"2639b37ff361571b2bc4a291a219f78b5f71d709","messageTitle":"Refactor logger related items to its own class","messageBody":"","fileTypesAndContributionMap":{"functional-code":{"insertions":45,"deletions":22}}},{"hash":"84dbed27a20cf8e87a6ef6dfa014ff1a54e7aabb","messageTitle":"Add print statements to confirm the successful addition or deletion of persons","messageBody":"","fileTypesAndContributionMap":{"functional-code":{"insertions":3,"deletions":0}}},{"hash":"b5e3ec2a28ac0445b6c9562c9502eae3c0716882","messageTitle":"Fix syntax of ProjectLogger to be compliant with gradle checks","messageBody":"","fileTypesAndContributionMap":{"functional-code":{"insertions":7,"deletions":2}}}]},{"date":"2022-03-16","commitResults":[{"hash":"1080c51a065c75654a3f0b10f905ad57435af5de","messageTitle":"Add new local variables in methods dealing with indexing starting from 0 to improve clarity of code","messageBody":"","fileTypesAndContributionMap":{"functional-code":{"insertions":5,"deletions":3}}},{"hash":"e1fde87022dd6e2ae694af915b268f44f201d379","messageTitle":"Remove use of magic numbers in PersonList","messageBody":"","fileTypesAndContributionMap":{"functional-code":{"insertions":3,"deletions":2}}},{"hash":"3ebb86dd798dbcaa41b85e075701937acb7006b9","messageTitle":"Remove use of magic numbers in Person","messageBody":"","fileTypesAndContributionMap":{"functional-code":{"insertions":3,"deletions":2}}},{"hash":"ff3c63db1e613b86a17d9e597f46cf912476e27f","messageTitle":"Add logging capabilities to methods of PersonList","messageBody":"","fileTypesAndContributionMap":{"functional-code":{"insertions":28,"deletions":1}}},{"hash":"1ed1137dc90574a9077635abbef3c877589944ee","messageTitle":"Fix bug where having multiple loggers initialised would remove the functions of some loggers","messageBody":"","fileTypesAndContributionMap":{"functional-code":{"insertions":1,"deletions":1}}},{"hash":"0b75fd3ffb0c0cbd934607fb4d163990d0383d72","messageTitle":"Fix bug where main logger was logging that a new input has been read before it was read","messageBody":"","fileTypesAndContributionMap":{"functional-code":{"insertions":1,"deletions":1}}},{"hash":"2d1a2cea0dfea00bcee7ed4d8d471bed92dca8b4","messageTitle":"Standardise accessibility of Person attributes","messageBody":"","fileTypesAndContributionMap":{"functional-code":{"insertions":1,"deletions":1}}},{"hash":"eec772923dca30671bfe4c4c32e0c19627d78352","messageTitle":"Refactor getRemain() to printRemain() to better reflect method functionality","messageBody":"","fileTypesAndContributionMap":{"functional-code":{"insertions":2,"deletions":2}}},{"hash":"652ba78c1a89fba58d4e80363e4f72caa93fff6a","messageTitle":"Add JUnit test to check for correct addition of numberOfMembers","messageBody":"","fileTypesAndContributionMap":{"test-code":{"insertions":7,"deletions":0}}},{"hash":"178eb96361fa102bcfd70a9f181ad9a37c95b32e","messageTitle":"Add JUnit test to check for correct subtraction of numberOfMembers","messageBody":"","fileTypesAndContributionMap":{"test-code":{"insertions":8,"deletions":0}}},{"hash":"6a47e5ed33bbe4c9dfb5c1c969337c2d7ea13570","messageTitle":"Add JUnit testing to check if assertion works in addPerson()","messageBody":"","fileTypesAndContributionMap":{"test-code":{"insertions":11,"deletions":0}}},{"hash":"9b0c4aa5cda6b270380737fa65ea7e5f8d71dd22","messageTitle":"Add JUnit testing to ensure funcitonality of removePerson()","messageBody":"","fileTypesAndContributionMap":{"test-code":{"insertions":19,"deletions":0}}},{"hash":"c2dd36d1e98f15f70a0740902cdae7ba9403eff4","messageTitle":"Add JUnit test to check if assertion works in getPerson()","messageBody":"","fileTypesAndContributionMap":{"test-code":{"insertions":16,"deletions":0}}},{"hash":"1901e89cf2959a761988f2c4dbca4d118b3d3253","messageTitle":"Add JUnit test to check if assertion works in addIncome()","messageBody":"","fileTypesAndContributionMap":{"test-code":{"insertions":23,"deletions":3}}},{"hash":"99af3a86a342086acf94deeb475d8d8b77635f68","messageTitle":"Add JUnit test to check if assertion works in deleteIncome()","messageBody":"","fileTypesAndContributionMap":{"test-code":{"insertions":11,"deletions":0}}},{"hash":"815a7f9e17316c3d0a661b300abb863713f55ace","messageTitle":"Add JUnit test to check if assertion works in addExpend()","messageBody":"","fileTypesAndContributionMap":{"test-code":{"insertions":11,"deletions":0}}},{"hash":"3f8f4d351ab30eef4234b64ba35abecc527f8653","messageTitle":"Add JUnit test to check if assertion works in deleteExpend()","messageBody":"","fileTypesAndContributionMap":{"test-code":{"insertions":11,"deletions":0}}},{"hash":"2330624f777fe8531054dbc448714730cdcef6e9","messageTitle":"Fix bugs discussed during meeting - Make code compliant with gradle - Add to aesthetics of UI by printing horizontal lines - Refactor main driver file to make code cleaner","messageBody":"","fileTypesAndContributionMap":{"functional-code":{"insertions":25,"deletions":33},"test-code":{"insertions":14,"deletions":66}}},{"hash":"a3ca34cc97b1129f97ac0210cf1086fb665fd23a","messageTitle":"Fix wrong positioning of brackets in main()","messageBody":"","fileTypesAndContributionMap":{"functional-code":{"insertions":1,"deletions":1}}}]}],"tjiarong":[{"date":"2022-03-03","commitResults":[{"hash":"72c59b59e74577b2c1533e02251f0ebb77748c24","messageTitle":"For PR","messageBody":"","fileTypesAndContributionMap":{"functional-code":{"insertions":1,"deletions":1}}},{"hash":"a64f1f88c7cb09439b87fd52332860fda32529d8","messageTitle":"Changed good morning to night","messageBody":"","fileTypesAndContributionMap":{"functional-code":{"insertions":1,"deletions":1}}},{"hash":"be70a538f1bceb526c6c6b973baa62bb7835764e","messageTitle":"Changed good night to goodbye","messageBody":"","fileTypesAndContributionMap":{"functional-code":{"insertions":1,"deletions":1}}},{"hash":"3fae23f6a1ec6177b518af821e2923b1e7ed1d27","messageTitle":"Updated with WJ github link","messageBody":"","fileTypesAndContributionMap":{"docs":{"insertions":7,"deletions":7}}}]},{"date":"2022-03-09","commitResults":[{"hash":"d6418d7b5add1c926a97c2d8159b028ba541d784","messageTitle":"Added Income and IncomeList class","messageBody":"","fileTypesAndContributionMap":{"functional-code":{"insertions":60,"deletions":0}}}]},{"date":"2022-03-15","commitResults":[{"hash":"782a50413f4dea0b66f68265e8be0481c4bd88aa","messageTitle":"Updated Income and IncomeList class with methods. Shifted both classes into package","messageBody":"","fileTypesAndContributionMap":{"functional-code":{"insertions":1,"deletions":1},"other":{"insertions":24,"deletions":6}}},{"hash":"a2bb5dee56be5853673d9a1c3175796324419ffc","messageTitle":"Minor bug fix to function type","messageBody":"","fileTypesAndContributionMap":{"functional-code":{"insertions":2,"deletions":2}}},{"hash":"fe9d91c71a50187d17e665ec8a189605a9799e51","messageTitle":"Created skeleton JUnit file for Income and IncomeList","messageBody":"","fileTypesAndContributionMap":{"test-code":{"insertions":56,"deletions":0}}},{"hash":"597ec6f5661988d5a2e5fd53bc69c683e4f0bb64","messageTitle":"Removed ToString method from test","messageBody":"","fileTypesAndContributionMap":{"test-code":{"insertions":0,"deletions":4}}},{"hash":"f7724eec5cd2afb10eaa677a7f796efd9f4202cb","messageTitle":"Initialised test case for getincomevalue","messageBody":"","fileTypesAndContributionMap":{"test-code":{"insertions":8,"deletions":1}}},{"hash":"f573e1dacca4bf752de01e69ed87371191b117a2","messageTitle":"Edited description of ToString function in Income","messageBody":"","fileTypesAndContributionMap":{"functional-code":{"insertions":1,"deletions":1}}},{"hash":"8e144137a7ea25b1d6788e6f8e69eec734df04f0","messageTitle":"Updated ToString v2","messageBody":"","fileTypesAndContributionMap":{"functional-code":{"insertions":1,"deletions":1}}}]},{"date":"2022-03-16","commitResults":[{"hash":"4c714638bdbb1ad906fb456fa4aad10ef64057f8","messageTitle":"Fixed missing period from Javadoc of constructor","messageBody":"","fileTypesAndContributionMap":{"functional-code":{"insertions":1,"deletions":1}}},{"hash":"3e84579fb2e24ac8cb8e504fbc09ce0615209157","messageTitle":"Fixed variable naming to camelcase","messageBody":"","fileTypesAndContributionMap":{"functional-code":{"insertions":2,"deletions":2}}},{"hash":"7e26114812162d98156053f15106654c97193161","messageTitle":"Added assert for constructor","messageBody":"","fileTypesAndContributionMap":{"functional-code":{"insertions":2,"deletions":0}}},{"hash":"8d62ea42b29953e61e7a980908a1c1aecea3e516","messageTitle":"Added Javadoc for getAmount function","messageBody":"","fileTypesAndContributionMap":{"functional-code":{"insertions":4,"deletions":0}}},{"hash":"5bd3b92df1390066acd7851a3d62836982efe40e","messageTitle":"Added Javadoc for getDescription function","messageBody":"","fileTypesAndContributionMap":{"functional-code":{"insertions":4,"deletions":0}}},{"hash":"a1dfc1f09954a00165ce89d7f374d50eb16d681c","messageTitle":"Added JavaDoc for ToString function","messageBody":"","fileTypesAndContributionMap":{"functional-code":{"insertions":4,"deletions":0}}},{"hash":"e7172f306d8c763763184e15531908700264fb5f","messageTitle":"Added JavaDoc for constructor and addIncome function","messageBody":"","fileTypesAndContributionMap":{"functional-code":{"insertions":8,"deletions":0}}},{"hash":"b61ef44b58a745a965efb5f211e178040702654c","messageTitle":"Added assertion for addIncome function","messageBody":"","fileTypesAndContributionMap":{"functional-code":{"insertions":2,"deletions":0}}},{"hash":"4d232281de495b3f5cc78f98c336a666f4e363d0","messageTitle":"Added JavaDoc for getIncomeValue function","messageBody":"","fileTypesAndContributionMap":{"functional-code":{"insertions":5,"deletions":0}}},{"hash":"134826a5c2df557291cc6efd2ab83668abeb763c","messageTitle":"Added assertion for getIncomeVlaue function","messageBody":"","fileTypesAndContributionMap":{"functional-code":{"insertions":2,"deletions":0}}},{"hash":"636aa3d929eb04e4097ec4b460706d423ff6e040","messageTitle":"Added JavaDoc for remove function","messageBody":"","fileTypesAndContributionMap":{"functional-code":{"insertions":4,"deletions":0}}},{"hash":"78231babcea0929121ff27353fe23a4f6c093f7a","messageTitle":"Added assert for remove function","messageBody":"","fileTypesAndContributionMap":{"functional-code":{"insertions":2,"deletions":0}}},{"hash":"65542bc829bbf0b4cf11468f6020b38e6e4b88c8","messageTitle":"Added JavaDoc and assert for getDescription function","messageBody":"","fileTypesAndContributionMap":{"functional-code":{"insertions":8,"deletions":0}}},{"hash":"84ea5493cc1bb793e233402362b3b6c310e86f3b","messageTitle":"Added Javadoc for getNumberOfIncomes function","messageBody":"","fileTypesAndContributionMap":{"functional-code":{"insertions":4,"deletions":0}}},{"hash":"f987a44c0d018bbb7da0e01ee1105e076a627dcd","messageTitle":"Added JavaDoc for getTotalIncome function","messageBody":"","fileTypesAndContributionMap":{"functional-code":{"insertions":4,"deletions":0}}},{"hash":"cc2a1eeb05868018523790f7a814a1c418df03bf","messageTitle":"Added JavaDoc for printIncomeList function","messageBody":"","fileTypesAndContributionMap":{"functional-code":{"insertions":3,"deletions":0}}},{"hash":"3b058a724e61f8de9f162aab6bbc364b9578b8f9","messageTitle":"Added logging for IncomeList","messageBody":"","fileTypesAndContributionMap":{"functional-code":{"insertions":36,"deletions":4}}}]}],"HansHengGit":[{"date":"2022-03-03","commitResults":[{"hash":"8b4d245ada55c65d90256e54c11eb37cfe9d7069","messageTitle":"add hans name","messageBody":"","fileTypesAndContributionMap":{"docs":{"insertions":5,"deletions":5}}}]},{"date":"2022-03-09","commitResults":[{"hash":"f1eab108d27edab8486674b85323fa5463d5d54a","messageTitle":"Replaced Duke.java to PlanITarium.java Fix borders in AboutUs which was causing an error","messageBody":"","fileTypesAndContributionMap":{"functional-code":{"insertions":29,"deletions":21},"docs":{"insertions":7,"deletions":7}}},{"hash":"fbc881a992fd87de1625f4d0850f8ed48724507e","messageTitle":"Update PlanITarium.java","messageBody":"Fixed Indentation of lines 18 to 26","fileTypesAndContributionMap":{"functional-code":{"insertions":9,"deletions":9}}},{"hash":"35501036e32f415d312de71eff96a289b9730f60","messageTitle":"Create Expenditure class with skeletal functions code","messageBody":"","fileTypesAndContributionMap":{"functional-code":{"insertions":69,"deletions":0}}},{"hash":"88a97cbd18f5335af8120c1fbb0d6227e3ddbb52","messageTitle":"Added getter for NumberOfExpenditures","messageBody":"removed try catch","fileTypesAndContributionMap":{"functional-code":{"insertions":9,"deletions":13}}},{"hash":"330f66ce1d27b187f38ba358e6cfabc0bf6dc7a1","messageTitle":"Change expenditureArrayList to private","messageBody":"","fileTypesAndContributionMap":{"functional-code":{"insertions":1,"deletions":1}}}]},{"date":"2022-03-10","commitResults":[{"hash":"e7a2134760fafe501343de5b14bfaf9a9aa8a3c9","messageTitle":"Fix error in Expenditure","messageBody":"","fileTypesAndContributionMap":{"functional-code":{"insertions":3,"deletions":3}}},{"hash":"09461113d493e5a31b4fecd51ccad072cfa6a7bb","messageTitle":"Implement getDescription() function","messageBody":"","fileTypesAndContributionMap":{"functional-code":{"insertions":7,"deletions":3}}},{"hash":"b6a1f5c388027814a5400196296154a375a7b1dd","messageTitle":"Update on getDescription function","messageBody":"","fileTypesAndContributionMap":{"functional-code":{"insertions":5,"deletions":1}}}]},{"date":"2022-03-11","commitResults":[{"hash":"6c585427d51168b0be01082c949136823cbff135","messageTitle":"Added javadocs for ExpenditureList and Expenditure class","messageBody":"","fileTypesAndContributionMap":{"functional-code":{"insertions":57,"deletions":2}}}]},{"date":"2022-03-13","commitResults":[{"hash":"b22873953d651747d4934cf3bb87cd172254f60f","messageTitle":"JUnit testing skeleton for Expenditure and ExpenditureList","messageBody":"","fileTypesAndContributionMap":{"test-code":{"insertions":30,"deletions":0}}}]},{"date":"2022-03-15","commitResults":[{"hash":"8d4e5f3259b14f1ead7ca54fe8a7fac6a34d4c45","messageTitle":"Packaged expenditure","messageBody":"","fileTypesAndContributionMap":{"functional-code":{"insertions":1,"deletions":1},"other":{"insertions":2,"deletions":2},"test-code":{"insertions":0,"deletions":1}}},{"hash":"a7d9ac7cffd0c58492cfffc01889afb5a569b825","messageTitle":"small fix to getExpenditureValue()","messageBody":"","fileTypesAndContributionMap":{"functional-code":{"insertions":10,"deletions":1}}},{"hash":"01c02d44f1247897bab7e998fb4c74f3b9459c6c","messageTitle":"Update to string print format","messageBody":"","fileTypesAndContributionMap":{"functional-code":{"insertions":1,"deletions":1}}}]},{"date":"2022-03-16","commitResults":[{"hash":"d88c86d8f3940b6b1d832f9606d5b167f3a22427","messageTitle":"Add assertion to expenditure","messageBody":"","fileTypesAndContributionMap":{"functional-code":{"insertions":8,"deletions":0}}},{"hash":"cc6154a2e2f437be5b4cff4fa5235809db7acebb","messageTitle":"JUnit testing for expenditureList and expenditure class","messageBody":"","fileTypesAndContributionMap":{"test-code":{"insertions":166,"deletions":8}}},{"hash":"5e46ccf4bd0b07b3d3f6c9a4f4b96d8d7110ca2e","messageTitle":"Added logging to expenditureList","messageBody":"","fileTypesAndContributionMap":{"functional-code":{"insertions":22,"deletions":5}}}]}],"1szheng":[{"date":"2022-03-03","commitResults":[{"hash":"e658ddcbb4aa7773390ac35e5877f5d93fd0fb1f","messageTitle":"test","messageBody":"","fileTypesAndContributionMap":{"docs":{"insertions":7,"deletions":7}}}]},{"date":"2022-03-09","commitResults":[{"hash":"96d814190ecdf8aad82d650233d7d05366783aab","messageTitle":"Amend error that occurs during checks.","messageBody":"","fileTypesAndContributionMap":{"functional-code":{"insertions":1,"deletions":1}}},{"hash":"4b505eda7659eb814b300be941cb0bbbbcba0fdc","messageTitle":"Add parser class and function skeletons.","messageBody":"","fileTypesAndContributionMap":{"functional-code":{"insertions":92,"deletions":0}}},{"hash":"8008b8d4bdd06e394e70e3b6cd28fc804abf96da","messageTitle":"Implement methods that parses text and its delimiters.","messageBody":"","fileTypesAndContributionMap":{"functional-code":{"insertions":31,"deletions":15}}},{"hash":"52905aa13c05bb4cfe5ffb67e3f280339d9fbfb1","messageTitle":"Move Parser class into parser package and under planitarium package","messageBody":"","fileTypesAndContributionMap":{"functional-code":{"insertions":0,"deletions":21},"other":{"insertions":3,"deletions":3}}},{"hash":"4fda2f9a10fedc2ebdab295032383bf71078c4e8","messageTitle":"Implement method to check validity of money","messageBody":"","fileTypesAndContributionMap":{"functional-code":{"insertions":17,"deletions":5}}},{"hash":"5a6dfb32d062c87d69c33b941f07e6cf272ee0fe","messageTitle":"Implement method to check for validity of user index","messageBody":"","fileTypesAndContributionMap":{"functional-code":{"insertions":14,"deletions":7}}}]},{"date":"2022-03-10","commitResults":[{"hash":"9644eaa92db0499fdbfa14b1674df63fab34de50","messageTitle":"Fix typing difference of float into double","messageBody":"","fileTypesAndContributionMap":{"functional-code":{"insertions":6,"deletions":5}}},{"hash":"705f4d361992517c85766616f74927eaf46ffc85","messageTitle":"Improve code quality in boolean expression","messageBody":"","fileTypesAndContributionMap":{"functional-code":{"insertions":4,"deletions":1}}}]},{"date":"2022-03-11","commitResults":[{"hash":"7394c2cfda240c1043688482d20979f1338b3608","messageTitle":"Update minimum accepted user index value","messageBody":"","fileTypesAndContributionMap":{"functional-code":{"insertions":1,"deletions":1}}},{"hash":"c1020cca92804641fa9d78d2377c5cef340a129b","messageTitle":"Add validity checking method for expenditure index","messageBody":"","fileTypesAndContributionMap":{"functional-code":{"insertions":18,"deletions":0}}},{"hash":"f58057d07c1c2f2326a58f034adf965915c201c1","messageTitle":"Update javadoc for index-checking methods","messageBody":"","fileTypesAndContributionMap":{"functional-code":{"insertions":4,"deletions":2}}},{"hash":"4ade24941e89224e35bf3685b3f6a420dd04c34d","messageTitle":"Add validity checking method for income index","messageBody":"","fileTypesAndContributionMap":{"functional-code":{"insertions":21,"deletions":1}}},{"hash":"32e4b09cc0038d16e137d752230bbe2d232154fe","messageTitle":"Add method to parse income/expenditure description from user input","messageBody":"","fileTypesAndContributionMap":{"functional-code":{"insertions":17,"deletions":6}}},{"hash":"a25e5f21af55d46692fa44b14b854226827d603c","messageTitle":"Refactor boolean conditionals into a method for reusability and align to SLAP","messageBody":"","fileTypesAndContributionMap":{"functional-code":{"insertions":17,"deletions":14}}},{"hash":"c81e20973e0762fc85b0502bb71be9d84dfc93ec","messageTitle":"Fix a bug in boolean logic","messageBody":"","fileTypesAndContributionMap":{"functional-code":{"insertions":1,"deletions":1}}},{"hash":"379dd4c5de74eb74de7cfa530b67c831d47e9180","messageTitle":"Refactor index range checking method for better readability","messageBody":"","fileTypesAndContributionMap":{"functional-code":{"insertions":17,"deletions":8}}},{"hash":"3e61576222d2eb7a5fc46fce966afac7c32c9bda","messageTitle":"Improve method names and fix one method arguments","messageBody":"","fileTypesAndContributionMap":{"functional-code":{"insertions":15,"deletions":13}}},{"hash":"67e95170db000afe0f1a798000eec5468ece85fb","messageTitle":"Add parser JUnit test skeleton Actual JUnit tests for Parser methods to be implemented at a later date","messageBody":"","fileTypesAndContributionMap":{"test-code":{"insertions":33,"deletions":0}}},{"hash":"7c7b23b025933719787aad2117166d5762bbde2f","messageTitle":"Add method with appropriate naming convention to be implemented at a later date","messageBody":"","fileTypesAndContributionMap":{"test-code":{"insertions":4,"deletions":1}}}]},{"date":"2022-03-13","commitResults":[{"hash":"4aabf96ed295a4466244bcba63219ea444f3bc1c","messageTitle":"Add support method for retrieving a record\u0027s index Temporary term and delimiter in place, to be discussed","messageBody":"","fileTypesAndContributionMap":{"functional-code":{"insertions":12,"deletions":1}}},{"hash":"e7e263a0e30f129b31361468ae910443d8d748cf","messageTitle":"Add trim for output string in parser methods","messageBody":"","fileTypesAndContributionMap":{"functional-code":{"insertions":7,"deletions":8}}},{"hash":"008526f1c07e5e67e1583e8ce45d438609cacd8a","messageTitle":"Add custom exception class","messageBody":"","fileTypesAndContributionMap":{"functional-code":{"insertions":14,"deletions":0}}},{"hash":"7700f572897ee7f1cc2f63f813df058c0971d4ed","messageTitle":"Update javadoc for two methods","messageBody":"","fileTypesAndContributionMap":{"functional-code":{"insertions":2,"deletions":0}}},{"hash":"791b80a1ff447b8cb36b8e1403252f58aeb31c2f","messageTitle":"Add custom exceptions to input parser methods","messageBody":"","fileTypesAndContributionMap":{"functional-code":{"insertions":32,"deletions":6}}},{"hash":"cf73acef81d01b92ed8e1b96c3f49cd8c4f41da3","messageTitle":"Update checkValidMoney method to return a valid double","messageBody":"","fileTypesAndContributionMap":{"functional-code":{"insertions":3,"deletions":1}}},{"hash":"2311891e3a4e823b72a2047bfc65fe529125c1d0","messageTitle":"Add custom exception class for invalid monies","messageBody":"","fileTypesAndContributionMap":{"functional-code":{"insertions":14,"deletions":0}}},{"hash":"a17fb1cc2cd26eb1953ae199a9fe495685b58e1c","messageTitle":"Add custom exception to get money method","messageBody":"","fileTypesAndContributionMap":{"functional-code":{"insertions":18,"deletions":11}}},{"hash":"03add2a59105c255f2f0f29d008ccea2f2f262e8","messageTitle":"Add custom exception class for invalid indexes","messageBody":"","fileTypesAndContributionMap":{"functional-code":{"insertions":14,"deletions":0}}},{"hash":"c7fd839c85e0e79a1fde58c903d0a6879446ef31","messageTitle":"Update checkValidUserIndex method to return a valid user index","messageBody":"","fileTypesAndContributionMap":{"functional-code":{"insertions":13,"deletions":8}}},{"hash":"06baff5ecf7d0fd9f9509f634d8ff5700cd8cbbb","messageTitle":"Update checkValidExpenditureIndex method to return a valid expenditure index","messageBody":"","fileTypesAndContributionMap":{"functional-code":{"insertions":12,"deletions":8}}},{"hash":"87de22462a27d2735a6deb514757316647a90e5d","messageTitle":"Update checkValidIncomeIndex method to return a valid income index","messageBody":"","fileTypesAndContributionMap":{"functional-code":{"insertions":12,"deletions":8}}},{"hash":"88b6482422df059638aa55ab004020eb0dbe3cae","messageTitle":"Update javadoc for Parser class","messageBody":"","fileTypesAndContributionMap":{"functional-code":{"insertions":15,"deletions":6}}}]},{"date":"2022-03-15","commitResults":[{"hash":"c118a5b5528ff40b50c15bf950668e257f75b8b0","messageTitle":"Add constants for asserts in Parser","messageBody":"","fileTypesAndContributionMap":{"functional-code":{"insertions":8,"deletions":0}}},{"hash":"84e2b7decee7bb69a65eef1b8353d68cc0984a01","messageTitle":"Fix indentation in Parser","messageBody":"","fileTypesAndContributionMap":{"functional-code":{"insertions":1,"deletions":1}}},{"hash":"e8ae7e1c69ee479ebf39d60d579f4e1756a5297a","messageTitle":"Add asserts to Parser as defensive technique","messageBody":"","fileTypesAndContributionMap":{"functional-code":{"insertions":16,"deletions":4}}},{"hash":"3a9e17afe9d55c3a473c911c2f15c3f493eec78d","messageTitle":"Add JUnit testing for some Parser methods","messageBody":"","fileTypesAndContributionMap":{"test-code":{"insertions":36,"deletions":2}}},{"hash":"963df2c0368bac4ec0aacb6b36ade20ef0e546c0","messageTitle":"Update variable names and formatting for Parser","messageBody":"","fileTypesAndContributionMap":{"functional-code":{"insertions":11,"deletions":11}}},{"hash":"6460d12b6239c8962f1fa24e3cb1a4d4277c2843","messageTitle":"Update javadoc for Parser","messageBody":"","fileTypesAndContributionMap":{"functional-code":{"insertions":2,"deletions":0}}},{"hash":"0a07b20111aa28043da5b21f7dc76e38631a57f1","messageTitle":"Add basic JUnit test for Parser method","messageBody":"","fileTypesAndContributionMap":{"test-code":{"insertions":34,"deletions":3}}}]},{"date":"2022-03-16","commitResults":[{"hash":"c5cb4490191987fe9e53400a631c5cca1e8583a3","messageTitle":"Update commented out comment to be in line with code","messageBody":"","fileTypesAndContributionMap":{"functional-code":{"insertions":1,"deletions":1}}},{"hash":"2c357110bfe9df821885434eceef4a320406e704","messageTitle":"Add logger to Parser class","messageBody":"","fileTypesAndContributionMap":{"functional-code":{"insertions":9,"deletions":0}}},{"hash":"d4fc63407b22c8e48d7930227185ed916ddabbd5","messageTitle":"Add logging for parser methods in Parser","messageBody":"","fileTypesAndContributionMap":{"functional-code":{"insertions":21,"deletions":7}}},{"hash":"fe596d06795d512041ddd5e83a3c7aec0288922a","messageTitle":"Add logger for valid money method in Parser","messageBody":"","fileTypesAndContributionMap":{"functional-code":{"insertions":4,"deletions":0}}},{"hash":"2b3b7d982f9dedcba7bb3e23a29b74c0f006d977","messageTitle":"Add logger for valid index methods in Parser","messageBody":"","fileTypesAndContributionMap":{"functional-code":{"insertions":9,"deletions":0}}},{"hash":"3e823853a8e05e7cf2c5bd50c91c8812932adc09","messageTitle":"Add logger for check methods in Parser","messageBody":"","fileTypesAndContributionMap":{"functional-code":{"insertions":10,"deletions":1}}},{"hash":"70be14599a7914385a2876678790305a8a0017ba","messageTitle":"Add exception to indicate duplicate delimiters for Parser","messageBody":"","fileTypesAndContributionMap":{"functional-code":{"insertions":17,"deletions":0}}},{"hash":"635aa9008fadbad0e09cc253d81601682f81c735","messageTitle":"Fix bug multiple delimiters were allowed in Parser","messageBody":"","fileTypesAndContributionMap":{"functional-code":{"insertions":32,"deletions":15}}},{"hash":"065b793196e253bf6f811aa3928e8a6e73c34e97","messageTitle":"Add exception thrown to methods which calls Parser methods with updated exception","messageBody":"","fileTypesAndContributionMap":{"functional-code":{"insertions":3,"deletions":1}}}]}],"hlwang56":[{"date":"2022-03-03","commitResults":[{"hash":"4b1e845fc1747f62c33b9ac0b43f71b3eb1ffa17","messageTitle":"Update AboutUs.md","messageBody":"","fileTypesAndContributionMap":{"docs":{"insertions":4,"deletions":4}}}]},{"date":"2022-03-08","commitResults":[{"hash":"ddd52356f1766a658563fa13cd472456fe9beed8","messageTitle":"Update command fields and add a UI printer for further using","messageBody":"","fileTypesAndContributionMap":{"functional-code":{"insertions":84,"deletions":0}}}]},{"date":"2022-03-09","commitResults":[{"hash":"f28140ee2caef60eeecad9d4e442c78e0d929c5d","messageTitle":"Update Command.java","messageBody":"update as skeleton code\n","fileTypesAndContributionMap":{"functional-code":{"insertions":3,"deletions":2}}},{"hash":"5b4219abf1c90a62e2f68e443e7afd2359bc2100","messageTitle":"Update Command.java","messageBody":"","fileTypesAndContributionMap":{"functional-code":{"insertions":1,"deletions":1}}},{"hash":"ca8b2338a6fc7170179ef19549d89938b18d3987","messageTitle":"fix syntax error","messageBody":"","fileTypesAndContributionMap":{"functional-code":{"insertions":6,"deletions":4},"other":{"insertions":3,"deletions":3},"docs":{"insertions":1,"deletions":1}}},{"hash":"a3c5ccd1b6a9857e6b2cea1d2c8419c39c41e086","messageTitle":"Update build.gradle","messageBody":"","fileTypesAndContributionMap":{"other":{"insertions":2,"deletions":2}}},{"hash":"579266aef4026db643765a8b7893818689066f7a","messageTitle":"fix syntax error","messageBody":"","fileTypesAndContributionMap":{"functional-code":{"insertions":3,"deletions":3}}},{"hash":"6b567bf175920d377a8c65e913063ee0c873bd77","messageTitle":"Update Command.java","messageBody":"","fileTypesAndContributionMap":{"functional-code":{"insertions":4,"deletions":3}}},{"hash":"7ed85181ab5199f3bf8247115c73d44b366091a5","messageTitle":"fixed command part","messageBody":"","fileTypesAndContributionMap":{"functional-code":{"insertions":17,"deletions":5}}}]},{"date":"2022-03-10","commitResults":[{"hash":"3b7c0b9587b85f51df1eca6c7b2e1c58f13b9da1","messageTitle":"fix conflict","messageBody":"","fileTypesAndContributionMap":{"functional-code":{"insertions":56,"deletions":25}}}]},{"date":"2022-03-13","commitResults":[{"hash":"c2a6e5a31e4f0e585b51b535239aea5b3333477f","messageTitle":"fixed some changes on command","messageBody":"","fileTypesAndContributionMap":{"functional-code":{"insertions":6,"deletions":2}}},{"hash":"dd6872cfcb3fb3be21ecc2ea8954b1633a99ade4","messageTitle":"Update Command.java","messageBody":"","fileTypesAndContributionMap":{"functional-code":{"insertions":66,"deletions":21}}},{"hash":"2ac49523048c4e34fd677217bc568e066a67bcce","messageTitle":"Update Command.java","messageBody":"","fileTypesAndContributionMap":{"functional-code":{"insertions":4,"deletions":4}}}]},{"date":"2022-03-14","commitResults":[{"hash":"beff911d7d24b43f33bbe807f2c5458a8e8030e7","messageTitle":"update command and add junit","messageBody":"","fileTypesAndContributionMap":{"functional-code":{"insertions":55,"deletions":43},"test-code":{"insertions":14,"deletions":0}}},{"hash":"2a4480a6469b093ee1f32c82e2671a42e05698de","messageTitle":"fix syntax error","messageBody":"","fileTypesAndContributionMap":{"functional-code":{"insertions":6,"deletions":7}}}]},{"date":"2022-03-15","commitResults":[{"hash":"776532a3060347771a76e126123b030099f06ca7","messageTitle":"Update PlanITarium.java","messageBody":"","fileTypesAndContributionMap":{"functional-code":{"insertions":2,"deletions":2}}},{"hash":"924480f57240391c10dab4a4f7237a876d926a92","messageTitle":"fix some bugs to make the program run","messageBody":"","fileTypesAndContributionMap":{"functional-code":{"insertions":40,"deletions":22},"test-code":{"insertions":3,"deletions":2}}},{"hash":"cb27fd5f37ea0572bc01b47707269b5e5dd51443","messageTitle":"Update CommandTest.java","messageBody":"","fileTypesAndContributionMap":{"test-code":{"insertions":1,"deletions":1}}},{"hash":"a0086bd973114919f5776c1aa4f3b2b576015a36","messageTitle":"Extract Command Class","messageBody":"","fileTypesAndContributionMap":{"functional-code":{"insertions":101,"deletions":0}}}]},{"date":"2022-03-16","commitResults":[{"hash":"50509c32267e82581f1507f6891051cc85af021b","messageTitle":"Extract all the command and rearrange packages","messageBody":"","fileTypesAndContributionMap":{"functional-code":{"insertions":212,"deletions":195},"other":{"insertions":24,"deletions":26},"test-code":{"insertions":1,"deletions":1}}},{"hash":"ab71c3f8e0d55b16f9ee5f9784080b3428a9f823","messageTitle":"fix syntax error","messageBody":"","fileTypesAndContributionMap":{"functional-code":{"insertions":1,"deletions":2}}},{"hash":"6298052a0ba34f3ad6bf7dc0dcb10a5810df267b","messageTitle":"fix exception error","messageBody":"","fileTypesAndContributionMap":{"functional-code":{"insertions":2,"deletions":2}}},{"hash":"35021d2c4c6e11a81247ec7535a58706e219f090","messageTitle":"fix syntax error","messageBody":"","fileTypesAndContributionMap":{"functional-code":{"insertions":2,"deletions":2}}},{"hash":"f41131ab7a48572d6b6acc641666f3ed3cf909cf","messageTitle":"fix bugs and syntax error","messageBody":"","fileTypesAndContributionMap":{"functional-code":{"insertions":19,"deletions":13}}},{"hash":"5515566060ab506bf9c0c01fdc179e781742016a","messageTitle":"fix syntax error","messageBody":"","fileTypesAndContributionMap":{"functional-code":{"insertions":1,"deletions":1}}},{"hash":"833a5d83e066ae08aac5c99a8fd696b688b26b3f","messageTitle":"Add Javadoc and JUnit","messageBody":"","fileTypesAndContributionMap":{"functional-code":{"insertions":66,"deletions":10},"test-code":{"insertions":28,"deletions":15}}}]}]},"authorFileTypeContributionMap":{"teanweijun":{"docs":0,"functional-code":337,"test-code":142},"tjiarong":{"docs":0,"functional-code":165,"test-code":55},"HansHengGit":{"docs":7,"functional-code":166,"test-code":135},"1szheng":{"docs":0,"functional-code":395,"test-code":67},"hlwang56":{"docs":1,"functional-code":403,"test-code":23,"other":2}},"authorContributionVariance":{"teanweijun":5715.607,"tjiarong":857.358,"HansHengGit":2572.6917,"1szheng":5024.291,"hlwang56":14941.823},"authorDisplayNameMap":{"teanweijun":"CS2113T-T10-2 TEAN.. JUN","tjiarong":"CS2113T-T10-2 TEO ..RONG","HansHengGit":"CS2113T-T10-2 HANS.. WEI","1szheng":"CS2113T-T10-2 WAN ..HENG","hlwang56":"CS2113T-T10-2 WANG..ILIN"}}
