{"authorDailyContributionsMap":{"teanweijun":[{"date":"2022-03-03","commitResults":[{"hash":"85cac028606e9e2a967f154d30d6c1544e6d124e","messageTitle":"Update AboutUs for a PR test","messageBody":"","fileTypesAndContributionMap":{"docs":{"insertions":5,"deletions":5}}},{"hash":"c3d7d7b2e4799dfc3aa275bdd6932c43baf4fc85","messageTitle":"Update AboutUs with github webpage","messageBody":"","fileTypesAndContributionMap":{"docs":{"insertions":7,"deletions":7}}},{"hash":"208549aecb8f26ddb982ed41fd1218579ffd1e7d","messageTitle":"Add github link for all members in AboutUs","messageBody":"","fileTypesAndContributionMap":{"docs":{"insertions":7,"deletions":7}}}]},{"date":"2022-03-09","commitResults":[{"hash":"672137319b3ccc44f5ac035341d006f7503f454d","messageTitle":"Create person class with simple members","messageBody":"","fileTypesAndContributionMap":{"functional-code":{"insertions":7,"deletions":0}}},{"hash":"e0bdde52a5137f087495546e952bca3f114273f9","messageTitle":"Create person constructor","messageBody":"","fileTypesAndContributionMap":{"functional-code":{"insertions":6,"deletions":0}}},{"hash":"f7a6f19d79f24f3f7076e1a95b8ee34221e5fa96","messageTitle":"Create methods to add and delete income","messageBody":"","fileTypesAndContributionMap":{"functional-code":{"insertions":11,"deletions":0}}},{"hash":"ef143564c9381f8baa4617cd64175e5836e3cee4","messageTitle":"Create methods to add and delete expenditure","messageBody":"","fileTypesAndContributionMap":{"functional-code":{"insertions":12,"deletions":0}}},{"hash":"17c7c278b6fc909875894a5b98afaac88cc6fe65","messageTitle":"Create methods to list income and expenditure","messageBody":"","fileTypesAndContributionMap":{"functional-code":{"insertions":9,"deletions":0}}},{"hash":"8652232dc430721cd16d7ca07a6613315f6a574b","messageTitle":"Create methods to calculate disposable income","messageBody":"","fileTypesAndContributionMap":{"functional-code":{"insertions":20,"deletions":0}}},{"hash":"6289856fb1feae77b2647860c81572d79f5741af","messageTitle":"Create skeletal code for new PersonList class","messageBody":"","fileTypesAndContributionMap":{"functional-code":{"insertions":2,"deletions":0}}},{"hash":"b6405ab139d93647e8072fefb61ed1ff4f78ae2c","messageTitle":"Create constructor for PersonList","messageBody":"","fileTypesAndContributionMap":{"functional-code":{"insertions":12,"deletions":1}}},{"hash":"047714595b7ce9f5ce95ecbf4cb33e9c4e83ed04","messageTitle":"Create a method to get number of members in PersonList","messageBody":"","fileTypesAndContributionMap":{"functional-code":{"insertions":4,"deletions":0}}},{"hash":"6bd93cd4d3ed1339ab8dedf45a35d23ad4da3fab","messageTitle":"Create method to add persons to PersonList","messageBody":"","fileTypesAndContributionMap":{"functional-code":{"insertions":5,"deletions":0}}},{"hash":"3b243ff63c87babb65ba2972ade59b8b514cffe0","messageTitle":"Fix bug where number of members were not incremented on addition of persons","messageBody":"","fileTypesAndContributionMap":{"functional-code":{"insertions":2,"deletions":1}}},{"hash":"f877793294fb3003c9c38e9b7b0751c805f18490","messageTitle":"Create method to get total remaining disposable income","messageBody":"","fileTypesAndContributionMap":{"functional-code":{"insertions":8,"deletions":0}}},{"hash":"20509aae0ecec6739442eed0ba34bf4694eff354","messageTitle":"Fix bug where monetary values were stored as integers","messageBody":"","fileTypesAndContributionMap":{"functional-code":{"insertions":5,"deletions":5}}},{"hash":"0c1cf97473e49fb646624f6af1fc6d6534d32d13","messageTitle":"Create method to remove persons from list","messageBody":"","fileTypesAndContributionMap":{"functional-code":{"insertions":4,"deletions":0}}},{"hash":"bae2beb407ad1290ef126de63dbaedb68c35e50a","messageTitle":"Move person package under planitarium","messageBody":"","fileTypesAndContributionMap":{"other":{"insertions":0,"deletions":0}}},{"hash":"31d8869d3853d237c61744ccfc4f1f49bb8210c5","messageTitle":"Update package header","messageBody":"","fileTypesAndContributionMap":{"functional-code":{"insertions":1,"deletions":1}}},{"hash":"4dee55034f555c8b7432fbea94069c4f14fb5de3","messageTitle":"Move person package under planitarium","messageBody":"","fileTypesAndContributionMap":{"other":{"insertions":1,"deletions":1}}},{"hash":"728eb92586c4975371e2e8df991eabb032b85000","messageTitle":"Create method to list all member\u0027s income and expenditure","messageBody":"","fileTypesAndContributionMap":{"functional-code":{"insertions":9,"deletions":1}}}]},{"date":"2022-03-10","commitResults":[{"hash":"d39244a63070713202037a9968a2663c507a7f90","messageTitle":"Increase level of abstraction by initialising a class instead of ArrayLists","messageBody":"","fileTypesAndContributionMap":{"functional-code":{"insertions":6,"deletions":3}}},{"hash":"e0b854d0956bd601daaac78cc4cf0b63ac8cf394","messageTitle":"Synchronise code to correctly call methods from IncomeList and ExpenditureList classes","messageBody":"","fileTypesAndContributionMap":{"functional-code":{"insertions":15,"deletions":10}}},{"hash":"cc493c966dda6ed005a57cef452613a9bd5b7e1d","messageTitle":"Fix bug of code using float instead of double","messageBody":"","fileTypesAndContributionMap":{"functional-code":{"insertions":5,"deletions":13}}},{"hash":"7b9abebdcf4a2250b941bb86426c5ba2b29366ec","messageTitle":"Fix syntax bugs","messageBody":"","fileTypesAndContributionMap":{"functional-code":{"insertions":12,"deletions":9}}},{"hash":"61c7d46e939ce7dda803528d2d4a5be2caee6bb0","messageTitle":"Add javadoc comments for all methods in Person and PersonList classes","messageBody":"","fileTypesAndContributionMap":{"functional-code":{"insertions":80,"deletions":0}}},{"hash":"f67ca30f5dfd9a1c45c27236fc5527e4e725250d","messageTitle":"Fix bug where removing person does not decrease member count","messageBody":"Fixes #35\n","fileTypesAndContributionMap":{"functional-code":{"insertions":1,"deletions":0}}},{"hash":"05f08c7c11aca5fac02b23101b522ff1429717a2","messageTitle":"Add methods to get number of incomes and expenditures a person has","messageBody":"","fileTypesAndContributionMap":{"functional-code":{"insertions":18,"deletions":0}}},{"hash":"c7451f6315720cfaaec308305beec5e83d1e941b","messageTitle":"Fix synchronisation issues with Income and Expenditure class with respect to method names","messageBody":"","fileTypesAndContributionMap":{"functional-code":{"insertions":2,"deletions":2}}}]},{"date":"2022-03-11","commitResults":[{"hash":"12eb8a1507c36987b171a6beeb53380412a69d63","messageTitle":"Make Person class attributes not class level","messageBody":"","fileTypesAndContributionMap":{"functional-code":{"insertions":3,"deletions":3}}},{"hash":"efac28b19b29c4a032829dd530c91705ab4ece25","messageTitle":"Make Person class methods not class level","messageBody":"","fileTypesAndContributionMap":{"functional-code":{"insertions":12,"deletions":12}}},{"hash":"6014bd0995b9741d0a744efc3b08446472da52ba","messageTitle":"Make PersonList class attributes not class level","messageBody":"","fileTypesAndContributionMap":{"functional-code":{"insertions":2,"deletions":2}}},{"hash":"9308af419c6f4221898e17bd61716496545796c3","messageTitle":"Make PersonList class methods not class level","messageBody":"","fileTypesAndContributionMap":{"functional-code":{"insertions":6,"deletions":6}}},{"hash":"a75b727bb9166226b397fccfd074bda49deb935f","messageTitle":"Add method to retrieve the array list in PersonList objects","messageBody":"","fileTypesAndContributionMap":{"functional-code":{"insertions":9,"deletions":0}}},{"hash":"d2adc66b738f5931aa729051c20314a829f82a16","messageTitle":"Rename main test package and class","messageBody":"","fileTypesAndContributionMap":{"other":{"insertions":2,"deletions":2}}},{"hash":"7de370745ba869911c0cd1cfa1eab6453a7fdcc1","messageTitle":"Create test class for Person and PersonList","messageBody":"","fileTypesAndContributionMap":{"test-code":{"insertions":8,"deletions":0}}},{"hash":"a5de76957f626c5d9aa951d8f9d049ef3308bb67","messageTitle":"Create method to test setup of new PersonList object","messageBody":"","fileTypesAndContributionMap":{"test-code":{"insertions":9,"deletions":0}}},{"hash":"085095c8facff4abc1e9fc68629d46705855f723","messageTitle":"Make getRemain method not class level","messageBody":"","fileTypesAndContributionMap":{"functional-code":{"insertions":1,"deletions":1}}},{"hash":"2ca9bddaff69a0a80060e872765762ff3ee4e6e9","messageTitle":"Implement a method to get a specific person from the PersonList array list","messageBody":"","fileTypesAndContributionMap":{"functional-code":{"insertions":10,"deletions":0}}}]}],"tjiarong":[{"date":"2022-03-03","commitResults":[{"hash":"72c59b59e74577b2c1533e02251f0ebb77748c24","messageTitle":"For PR","messageBody":"","fileTypesAndContributionMap":{"functional-code":{"insertions":1,"deletions":1}}},{"hash":"a64f1f88c7cb09439b87fd52332860fda32529d8","messageTitle":"Changed good morning to night","messageBody":"","fileTypesAndContributionMap":{"functional-code":{"insertions":1,"deletions":1}}},{"hash":"be70a538f1bceb526c6c6b973baa62bb7835764e","messageTitle":"Changed good night to goodbye","messageBody":"","fileTypesAndContributionMap":{"functional-code":{"insertions":1,"deletions":1}}},{"hash":"3fae23f6a1ec6177b518af821e2923b1e7ed1d27","messageTitle":"Updated with WJ github link","messageBody":"","fileTypesAndContributionMap":{"docs":{"insertions":7,"deletions":7}}}]},{"date":"2022-03-09","commitResults":[{"hash":"d6418d7b5add1c926a97c2d8159b028ba541d784","messageTitle":"Added Income and IncomeList class","messageBody":"","fileTypesAndContributionMap":{"functional-code":{"insertions":60,"deletions":0}}}]}],"HansHengGit":[{"date":"2022-03-03","commitResults":[{"hash":"8b4d245ada55c65d90256e54c11eb37cfe9d7069","messageTitle":"add hans name","messageBody":"","fileTypesAndContributionMap":{"docs":{"insertions":5,"deletions":5}}}]},{"date":"2022-03-09","commitResults":[{"hash":"f1eab108d27edab8486674b85323fa5463d5d54a","messageTitle":"Replaced Duke.java to PlanITarium.java Fix borders in AboutUs which was causing an error","messageBody":"","fileTypesAndContributionMap":{"functional-code":{"insertions":29,"deletions":21},"docs":{"insertions":7,"deletions":7}}},{"hash":"fbc881a992fd87de1625f4d0850f8ed48724507e","messageTitle":"Update PlanITarium.java","messageBody":"Fixed Indentation of lines 18 to 26","fileTypesAndContributionMap":{"functional-code":{"insertions":9,"deletions":9}}},{"hash":"35501036e32f415d312de71eff96a289b9730f60","messageTitle":"Create Expenditure class with skeletal functions code","messageBody":"","fileTypesAndContributionMap":{"functional-code":{"insertions":69,"deletions":0}}},{"hash":"88a97cbd18f5335af8120c1fbb0d6227e3ddbb52","messageTitle":"Added getter for NumberOfExpenditures","messageBody":"removed try catch","fileTypesAndContributionMap":{"functional-code":{"insertions":9,"deletions":13}}},{"hash":"330f66ce1d27b187f38ba358e6cfabc0bf6dc7a1","messageTitle":"Change expenditureArrayList to private","messageBody":"","fileTypesAndContributionMap":{"functional-code":{"insertions":1,"deletions":1}}}]},{"date":"2022-03-10","commitResults":[{"hash":"e7a2134760fafe501343de5b14bfaf9a9aa8a3c9","messageTitle":"Fix error in Expenditure","messageBody":"","fileTypesAndContributionMap":{"functional-code":{"insertions":3,"deletions":3}}},{"hash":"09461113d493e5a31b4fecd51ccad072cfa6a7bb","messageTitle":"Implement getDescription() function","messageBody":"","fileTypesAndContributionMap":{"functional-code":{"insertions":7,"deletions":3}}},{"hash":"b6a1f5c388027814a5400196296154a375a7b1dd","messageTitle":"Update on getDescription function","messageBody":"","fileTypesAndContributionMap":{"functional-code":{"insertions":5,"deletions":1}}}]},{"date":"2022-03-11","commitResults":[{"hash":"6c585427d51168b0be01082c949136823cbff135","messageTitle":"Added javadocs for ExpenditureList and Expenditure class","messageBody":"","fileTypesAndContributionMap":{"functional-code":{"insertions":57,"deletions":2}}}]},{"date":"2022-03-13","commitResults":[{"hash":"b22873953d651747d4934cf3bb87cd172254f60f","messageTitle":"JUnit testing skeleton for Expenditure and ExpenditureList","messageBody":"","fileTypesAndContributionMap":{"test-code":{"insertions":30,"deletions":0}}}]}],"1szheng":[{"date":"2022-03-03","commitResults":[{"hash":"e658ddcbb4aa7773390ac35e5877f5d93fd0fb1f","messageTitle":"test","messageBody":"","fileTypesAndContributionMap":{"docs":{"insertions":7,"deletions":7}}}]},{"date":"2022-03-09","commitResults":[{"hash":"96d814190ecdf8aad82d650233d7d05366783aab","messageTitle":"Amend error that occurs during checks.","messageBody":"","fileTypesAndContributionMap":{"functional-code":{"insertions":1,"deletions":1}}},{"hash":"4b505eda7659eb814b300be941cb0bbbbcba0fdc","messageTitle":"Add parser class and function skeletons.","messageBody":"","fileTypesAndContributionMap":{"functional-code":{"insertions":92,"deletions":0}}},{"hash":"8008b8d4bdd06e394e70e3b6cd28fc804abf96da","messageTitle":"Implement methods that parses text and its delimiters.","messageBody":"","fileTypesAndContributionMap":{"functional-code":{"insertions":31,"deletions":15}}},{"hash":"52905aa13c05bb4cfe5ffb67e3f280339d9fbfb1","messageTitle":"Move Parser class into parser package and under planitarium package","messageBody":"","fileTypesAndContributionMap":{"functional-code":{"insertions":0,"deletions":21},"other":{"insertions":3,"deletions":3}}},{"hash":"4fda2f9a10fedc2ebdab295032383bf71078c4e8","messageTitle":"Implement method to check validity of money","messageBody":"","fileTypesAndContributionMap":{"functional-code":{"insertions":17,"deletions":5}}},{"hash":"5a6dfb32d062c87d69c33b941f07e6cf272ee0fe","messageTitle":"Implement method to check for validity of user index","messageBody":"","fileTypesAndContributionMap":{"functional-code":{"insertions":14,"deletions":7}}}]},{"date":"2022-03-10","commitResults":[{"hash":"9644eaa92db0499fdbfa14b1674df63fab34de50","messageTitle":"Fix typing difference of float into double","messageBody":"","fileTypesAndContributionMap":{"functional-code":{"insertions":6,"deletions":5}}},{"hash":"705f4d361992517c85766616f74927eaf46ffc85","messageTitle":"Improve code quality in boolean expression","messageBody":"","fileTypesAndContributionMap":{"functional-code":{"insertions":4,"deletions":1}}}]},{"date":"2022-03-11","commitResults":[{"hash":"7394c2cfda240c1043688482d20979f1338b3608","messageTitle":"Update minimum accepted user index value","messageBody":"","fileTypesAndContributionMap":{"functional-code":{"insertions":1,"deletions":1}}},{"hash":"c1020cca92804641fa9d78d2377c5cef340a129b","messageTitle":"Add validity checking method for expenditure index","messageBody":"","fileTypesAndContributionMap":{"functional-code":{"insertions":18,"deletions":0}}},{"hash":"f58057d07c1c2f2326a58f034adf965915c201c1","messageTitle":"Update javadoc for index-checking methods","messageBody":"","fileTypesAndContributionMap":{"functional-code":{"insertions":4,"deletions":2}}},{"hash":"4ade24941e89224e35bf3685b3f6a420dd04c34d","messageTitle":"Add validity checking method for income index","messageBody":"","fileTypesAndContributionMap":{"functional-code":{"insertions":21,"deletions":1}}},{"hash":"32e4b09cc0038d16e137d752230bbe2d232154fe","messageTitle":"Add method to parse income/expenditure description from user input","messageBody":"","fileTypesAndContributionMap":{"functional-code":{"insertions":17,"deletions":6}}},{"hash":"a25e5f21af55d46692fa44b14b854226827d603c","messageTitle":"Refactor boolean conditionals into a method for reusability and align to SLAP","messageBody":"","fileTypesAndContributionMap":{"functional-code":{"insertions":17,"deletions":14}}},{"hash":"c81e20973e0762fc85b0502bb71be9d84dfc93ec","messageTitle":"Fix a bug in boolean logic","messageBody":"","fileTypesAndContributionMap":{"functional-code":{"insertions":1,"deletions":1}}},{"hash":"379dd4c5de74eb74de7cfa530b67c831d47e9180","messageTitle":"Refactor index range checking method for better readability","messageBody":"","fileTypesAndContributionMap":{"functional-code":{"insertions":17,"deletions":8}}},{"hash":"3e61576222d2eb7a5fc46fce966afac7c32c9bda","messageTitle":"Improve method names and fix one method arguments","messageBody":"","fileTypesAndContributionMap":{"functional-code":{"insertions":15,"deletions":13}}},{"hash":"67e95170db000afe0f1a798000eec5468ece85fb","messageTitle":"Add parser JUnit test skeleton Actual JUnit tests for Parser methods to be implemented at a later date","messageBody":"","fileTypesAndContributionMap":{"test-code":{"insertions":33,"deletions":0}}},{"hash":"7c7b23b025933719787aad2117166d5762bbde2f","messageTitle":"Add method with appropriate naming convention to be implemented at a later date","messageBody":"","fileTypesAndContributionMap":{"test-code":{"insertions":4,"deletions":1}}}]}],"hlwang56":[{"date":"2022-03-03","commitResults":[{"hash":"4b1e845fc1747f62c33b9ac0b43f71b3eb1ffa17","messageTitle":"Update AboutUs.md","messageBody":"","fileTypesAndContributionMap":{"docs":{"insertions":4,"deletions":4}}}]},{"date":"2022-03-08","commitResults":[{"hash":"ddd52356f1766a658563fa13cd472456fe9beed8","messageTitle":"Update command fields and add a UI printer for further using","messageBody":"","fileTypesAndContributionMap":{"functional-code":{"insertions":84,"deletions":0}}}]},{"date":"2022-03-09","commitResults":[{"hash":"f28140ee2caef60eeecad9d4e442c78e0d929c5d","messageTitle":"Update Command.java","messageBody":"update as skeleton code\n","fileTypesAndContributionMap":{"functional-code":{"insertions":3,"deletions":2}}},{"hash":"5b4219abf1c90a62e2f68e443e7afd2359bc2100","messageTitle":"Update Command.java","messageBody":"","fileTypesAndContributionMap":{"functional-code":{"insertions":1,"deletions":1}}},{"hash":"ca8b2338a6fc7170179ef19549d89938b18d3987","messageTitle":"fix syntax error","messageBody":"","fileTypesAndContributionMap":{"functional-code":{"insertions":6,"deletions":4},"other":{"insertions":3,"deletions":3},"docs":{"insertions":1,"deletions":1}}},{"hash":"a3c5ccd1b6a9857e6b2cea1d2c8419c39c41e086","messageTitle":"Update build.gradle","messageBody":"","fileTypesAndContributionMap":{"other":{"insertions":2,"deletions":2}}},{"hash":"579266aef4026db643765a8b7893818689066f7a","messageTitle":"fix syntax error","messageBody":"","fileTypesAndContributionMap":{"functional-code":{"insertions":3,"deletions":3}}},{"hash":"6b567bf175920d377a8c65e913063ee0c873bd77","messageTitle":"Update Command.java","messageBody":"","fileTypesAndContributionMap":{"functional-code":{"insertions":4,"deletions":3}}}]}]},"authorFileTypeContributionMap":{"teanweijun":{"docs":0,"functional-code":229,"test-code":19},"tjiarong":{"docs":0,"functional-code":60,"test-code":0},"HansHengGit":{"docs":7,"functional-code":157,"test-code":30},"1szheng":{"docs":0,"functional-code":196,"test-code":36},"hlwang56":{"docs":1,"functional-code":88,"test-code":0,"other":2}},"authorContributionVariance":{"teanweijun":2035.1598,"tjiarong":155.55556,"HansHengGit":1330.8057,"1szheng":3112.1926,"hlwang56":338.99307},"authorDisplayNameMap":{"teanweijun":"CS2113T-T10-2 TEAN.. JUN","tjiarong":"CS2113T-T10-2 TEO ..RONG","HansHengGit":"CS2113T-T10-2 HANS.. WEI","1szheng":"CS2113T-T10-2 WAN ..HENG","hlwang56":"CS2113T-T10-2 WANG..ILIN"}}
