[{"path":"docs/AboutUs.md","fileType":"docs","lines":[{"lineNumber":1,"author":{"gitId":"-"},"content":"# About us","lastModifiedDate":"2020-05-24"},{"lineNumber":2,"author":{"gitId":"-"},"content":"","lastModifiedDate":"2020-05-24"},{"lineNumber":3,"author":{"gitId":"-"},"content":"Display |      Name       |              Github Profile               | Portfolio","lastModifiedDate":"2020-05-24"},{"lineNumber":4,"author":{"gitId":"Anvitha-r"},"content":"--------|:---------------:|:-----------------------------------------:|:---------:","lastModifiedDate":"2022-03-07"},{"lineNumber":5,"author":{"gitId":"shxr3f"},"content":"![](https://via.placeholder.com/100.png?text\u003dPhoto) | Mohamed Sharif  |    [Github](https://github.com/shxr3f)    | [Portfolio](docs/team/johndoe.md)","lastModifiedDate":"2022-03-03"},{"lineNumber":6,"author":{"gitId":"tanweili"},"content":"![](https://via.placeholder.com/100.png?text\u003dPhoto) |     Wei Li      |   [Github](https://github.com/tanweili)   | [Portfolio](docs/team/johndoe.md)","lastModifiedDate":"2022-03-03"},{"lineNumber":7,"author":{"gitId":"Anvitha-r"},"content":"![](https://via.placeholder.com/100.png?text\u003dPhoto) |       Tai       |  [Github](https://github.com/kktai1512)   | [Portfolio](docs/team/johndoe.md)","lastModifiedDate":"2022-03-07"},{"lineNumber":8,"author":{"gitId":"wraineflores"},"content":"![](https://via.placeholder.com/100.png?text\u003dPhoto) |  Wraine Flores  | [Github](https://github.com/wraineflores) | [Portfolio](docs/team/johndoe.md)","lastModifiedDate":"2022-03-09"},{"lineNumber":9,"author":{"gitId":"Anvitha-r"},"content":"![](https://via.placeholder.com/100.png?text\u003dPhoto) | Anvitha Rajaram |  [Github](https://github.com/Anvitha-r)   | [Portfolio](docs/team/johndoe.md)","lastModifiedDate":"2022-03-07"}],"authorContributionMap":{"tanweili":1,"wraineflores":1,"Anvitha-r":3,"-":3,"shxr3f":1}},{"path":"src/main/java/seedu/duke/Duke.java","fileType":"functional-code","lines":[{"lineNumber":1,"author":{"gitId":"-"},"content":"package seedu.duke;","lastModifiedDate":"2020-05-24"},{"lineNumber":2,"author":{"gitId":"-"},"content":"","lastModifiedDate":"2020-05-24"},{"lineNumber":3,"author":{"gitId":"-"},"content":"public class Duke {","lastModifiedDate":"2019-07-29"},{"lineNumber":4,"author":{"gitId":"Anvitha-r"},"content":"","lastModifiedDate":"2022-03-07"},{"lineNumber":5,"author":{"gitId":"-"},"content":"    /**","lastModifiedDate":"2020-05-24"},{"lineNumber":6,"author":{"gitId":"-"},"content":"     * Main entry-point for the java.duke.Duke application.","lastModifiedDate":"2020-05-24"},{"lineNumber":7,"author":{"gitId":"-"},"content":"     */","lastModifiedDate":"2020-05-24"},{"lineNumber":8,"author":{"gitId":"-"},"content":"    public static void main(String[] args) {","lastModifiedDate":"2019-07-29"},{"lineNumber":9,"author":{"gitId":"shxr3f"},"content":"        Manager manager \u003d new Manager();","lastModifiedDate":"2022-03-09"},{"lineNumber":10,"author":{"gitId":"shxr3f"},"content":"        manager.runLoop();","lastModifiedDate":"2022-03-09"},{"lineNumber":11,"author":{"gitId":"shxr3f"},"content":"        System.out.println(\"Terminated\");","lastModifiedDate":"2022-03-09"},{"lineNumber":12,"author":{"gitId":"-"},"content":"    }","lastModifiedDate":"2019-07-29"},{"lineNumber":13,"author":{"gitId":"-"},"content":"}","lastModifiedDate":"2019-07-29"}],"authorContributionMap":{"Anvitha-r":1,"-":9,"shxr3f":3}},{"path":"src/main/java/seedu/duke/Manager.java","fileType":"functional-code","lines":[{"lineNumber":1,"author":{"gitId":"Anvitha-r"},"content":"package seedu.duke;","lastModifiedDate":"2022-03-07"},{"lineNumber":2,"author":{"gitId":"Anvitha-r"},"content":"","lastModifiedDate":"2022-03-07"},{"lineNumber":3,"author":{"gitId":"shxr3f"},"content":"import seedu.duke.assets.MedicineList;","lastModifiedDate":"2022-03-13"},{"lineNumber":4,"author":{"gitId":"tanweili"},"content":"import seedu.duke.assets.PatientList;","lastModifiedDate":"2022-03-10"},{"lineNumber":5,"author":{"gitId":"tanweili"},"content":"import seedu.duke.helper.Command;","lastModifiedDate":"2022-03-10"},{"lineNumber":6,"author":{"gitId":"shxr3f"},"content":"import seedu.duke.helper.UI;","lastModifiedDate":"2022-03-09"},{"lineNumber":7,"author":{"gitId":"shxr3f"},"content":"","lastModifiedDate":"2022-03-09"},{"lineNumber":8,"author":{"gitId":"shxr3f"},"content":"/**","lastModifiedDate":"2022-03-09"},{"lineNumber":9,"author":{"gitId":"shxr3f"},"content":" * Manager class contains the main loop that runs until application is terminated.","lastModifiedDate":"2022-03-09"},{"lineNumber":10,"author":{"gitId":"shxr3f"},"content":" */","lastModifiedDate":"2022-03-09"},{"lineNumber":11,"author":{"gitId":"Anvitha-r"},"content":"public class Manager {","lastModifiedDate":"2022-03-07"},{"lineNumber":12,"author":{"gitId":"shxr3f"},"content":"    UI ui \u003d new UI();","lastModifiedDate":"2022-03-09"},{"lineNumber":13,"author":{"gitId":"tanweili"},"content":"    Command command \u003d new Command();","lastModifiedDate":"2022-03-10"},{"lineNumber":14,"author":{"gitId":"tanweili"},"content":"    PatientList patientList \u003d new PatientList();","lastModifiedDate":"2022-03-10"},{"lineNumber":15,"author":{"gitId":"shxr3f"},"content":"    private MedicineList medicineList \u003d new MedicineList();","lastModifiedDate":"2022-03-13"},{"lineNumber":16,"author":{"gitId":"shxr3f"},"content":"    private boolean isTerminated \u003d false;","lastModifiedDate":"2022-03-09"},{"lineNumber":17,"author":{"gitId":"shxr3f"},"content":"","lastModifiedDate":"2022-03-09"},{"lineNumber":18,"author":{"gitId":"shxr3f"},"content":"    /**","lastModifiedDate":"2022-03-09"},{"lineNumber":19,"author":{"gitId":"shxr3f"},"content":"     * Main application loop that holds switch case statement.","lastModifiedDate":"2022-03-09"},{"lineNumber":20,"author":{"gitId":"shxr3f"},"content":"     */","lastModifiedDate":"2022-03-09"},{"lineNumber":21,"author":{"gitId":"shxr3f"},"content":"    public void runLoop() {","lastModifiedDate":"2022-03-09"},{"lineNumber":22,"author":{"gitId":"shxr3f"},"content":"        ui.printGreeting();","lastModifiedDate":"2022-03-09"},{"lineNumber":23,"author":{"gitId":"shxr3f"},"content":"        while (!isTerminated) {","lastModifiedDate":"2022-03-09"},{"lineNumber":24,"author":{"gitId":"tanweili"},"content":"            String commandWord \u003d ui.readCommand();;","lastModifiedDate":"2022-03-11"},{"lineNumber":25,"author":{"gitId":"tanweili"},"content":"            String parameters \u003d ui.readParameters();","lastModifiedDate":"2022-03-10"},{"lineNumber":26,"author":{"gitId":"shxr3f"},"content":"            switch (commandWord) {","lastModifiedDate":"2022-03-09"},{"lineNumber":27,"author":{"gitId":"tanweili"},"content":"            case \"add patient\":","lastModifiedDate":"2022-03-10"},{"lineNumber":28,"author":{"gitId":"tanweili"},"content":"                command.addPatient(patientList, parameters);","lastModifiedDate":"2022-03-10"},{"lineNumber":29,"author":{"gitId":"tanweili"},"content":"                break;","lastModifiedDate":"2022-03-10"},{"lineNumber":30,"author":{"gitId":"tanweili"},"content":"            case \"delete patient\":","lastModifiedDate":"2022-03-10"},{"lineNumber":31,"author":{"gitId":"tanweili"},"content":"                command.deletePatient(patientList, parameters);","lastModifiedDate":"2022-03-10"},{"lineNumber":32,"author":{"gitId":"tanweili"},"content":"                break;","lastModifiedDate":"2022-03-10"},{"lineNumber":33,"author":{"gitId":"tanweili"},"content":"            case \"view patient\":","lastModifiedDate":"2022-03-10"},{"lineNumber":34,"author":{"gitId":"tanweili"},"content":"                break;","lastModifiedDate":"2022-03-10"},{"lineNumber":35,"author":{"gitId":"tanweili"},"content":"            case \"add doctor\":","lastModifiedDate":"2022-03-10"},{"lineNumber":36,"author":{"gitId":"tanweili"},"content":"                break;","lastModifiedDate":"2022-03-10"},{"lineNumber":37,"author":{"gitId":"tanweili"},"content":"            case \"delete doctor\":","lastModifiedDate":"2022-03-10"},{"lineNumber":38,"author":{"gitId":"tanweili"},"content":"                break;","lastModifiedDate":"2022-03-10"},{"lineNumber":39,"author":{"gitId":"tanweili"},"content":"            case \"view doctor\":","lastModifiedDate":"2022-03-10"},{"lineNumber":40,"author":{"gitId":"tanweili"},"content":"                break;","lastModifiedDate":"2022-03-10"},{"lineNumber":41,"author":{"gitId":"tanweili"},"content":"            case \"add medicine\":","lastModifiedDate":"2022-03-10"},{"lineNumber":42,"author":{"gitId":"shxr3f"},"content":"                command.addMedicine(medicineList, parameters);","lastModifiedDate":"2022-03-13"},{"lineNumber":43,"author":{"gitId":"tanweili"},"content":"                break;","lastModifiedDate":"2022-03-10"},{"lineNumber":44,"author":{"gitId":"tanweili"},"content":"            case \"delete medicine\":","lastModifiedDate":"2022-03-10"},{"lineNumber":45,"author":{"gitId":"tanweili"},"content":"                break;","lastModifiedDate":"2022-03-10"},{"lineNumber":46,"author":{"gitId":"tanweili"},"content":"            case \"view medicine\":","lastModifiedDate":"2022-03-10"},{"lineNumber":47,"author":{"gitId":"tanweili"},"content":"                break;","lastModifiedDate":"2022-03-10"},{"lineNumber":48,"author":{"gitId":"tanweili"},"content":"            case \"help\":","lastModifiedDate":"2022-03-10"},{"lineNumber":49,"author":{"gitId":"tanweili"},"content":"                ui.printHelp();","lastModifiedDate":"2022-03-10"},{"lineNumber":50,"author":{"gitId":"tanweili"},"content":"                break;","lastModifiedDate":"2022-03-10"},{"lineNumber":51,"author":{"gitId":"shxr3f"},"content":"            case \"bye\":","lastModifiedDate":"2022-03-09"},{"lineNumber":52,"author":{"gitId":"shxr3f"},"content":"                isTerminated \u003d true;","lastModifiedDate":"2022-03-09"},{"lineNumber":53,"author":{"gitId":"shxr3f"},"content":"                ui.printBye();","lastModifiedDate":"2022-03-09"},{"lineNumber":54,"author":{"gitId":"shxr3f"},"content":"                break;","lastModifiedDate":"2022-03-09"},{"lineNumber":55,"author":{"gitId":"shxr3f"},"content":"            default:","lastModifiedDate":"2022-03-09"},{"lineNumber":56,"author":{"gitId":"shxr3f"},"content":"                System.out.println(commandWord);","lastModifiedDate":"2022-03-09"},{"lineNumber":57,"author":{"gitId":"shxr3f"},"content":"                break;","lastModifiedDate":"2022-03-09"},{"lineNumber":58,"author":{"gitId":"shxr3f"},"content":"            }","lastModifiedDate":"2022-03-09"},{"lineNumber":59,"author":{"gitId":"shxr3f"},"content":"        }","lastModifiedDate":"2022-03-09"},{"lineNumber":60,"author":{"gitId":"shxr3f"},"content":"    }","lastModifiedDate":"2022-03-09"},{"lineNumber":61,"author":{"gitId":"Anvitha-r"},"content":"}","lastModifiedDate":"2022-03-07"}],"authorContributionMap":{"tanweili":29,"Anvitha-r":4,"shxr3f":28}},{"path":"src/main/java/seedu/duke/assets/Doctor.java","fileType":"functional-code","lines":[{"lineNumber":1,"author":{"gitId":"Anvitha-r"},"content":"package seedu.duke.assets;","lastModifiedDate":"2022-03-07"},{"lineNumber":2,"author":{"gitId":"Anvitha-r"},"content":"","lastModifiedDate":"2022-03-07"},{"lineNumber":3,"author":{"gitId":"wraineflores"},"content":"public class Doctor extends Person {","lastModifiedDate":"2022-03-12"},{"lineNumber":4,"author":{"gitId":"Anvitha-r"},"content":"    String specialization;","lastModifiedDate":"2022-03-07"},{"lineNumber":5,"author":{"gitId":"kktai1512"},"content":"","lastModifiedDate":"2022-03-09"},{"lineNumber":6,"author":{"gitId":"wraineflores"},"content":"    public Doctor(String nric, String fullName, int age, char gender, String address,","lastModifiedDate":"2022-03-12"},{"lineNumber":7,"author":{"gitId":"wraineflores"},"content":"                  String dob, String specialization) {","lastModifiedDate":"2022-03-12"},{"lineNumber":8,"author":{"gitId":"wraineflores"},"content":"        super(nric, fullName, age, gender, address, dob);","lastModifiedDate":"2022-03-12"},{"lineNumber":9,"author":{"gitId":"kktai1512"},"content":"        this.specialization \u003d specialization;","lastModifiedDate":"2022-03-09"},{"lineNumber":10,"author":{"gitId":"kktai1512"},"content":"    }","lastModifiedDate":"2022-03-09"},{"lineNumber":11,"author":{"gitId":"wraineflores"},"content":"","lastModifiedDate":"2022-03-12"},{"lineNumber":12,"author":{"gitId":"wraineflores"},"content":"    public String getSpecialization() {","lastModifiedDate":"2022-03-12"},{"lineNumber":13,"author":{"gitId":"wraineflores"},"content":"        return specialization;","lastModifiedDate":"2022-03-12"},{"lineNumber":14,"author":{"gitId":"wraineflores"},"content":"    }","lastModifiedDate":"2022-03-12"},{"lineNumber":15,"author":{"gitId":"wraineflores"},"content":"    ","lastModifiedDate":"2022-03-12"},{"lineNumber":16,"author":{"gitId":"wraineflores"},"content":"    // @override toString()","lastModifiedDate":"2022-03-12"},{"lineNumber":17,"author":{"gitId":"Anvitha-r"},"content":"}","lastModifiedDate":"2022-03-07"}],"authorContributionMap":{"wraineflores":10,"Anvitha-r":4,"kktai1512":3}},{"path":"src/main/java/seedu/duke/assets/DoctorList.java","fileType":"functional-code","lines":[{"lineNumber":1,"author":{"gitId":"kktai1512"},"content":"package seedu.duke.assets;","lastModifiedDate":"2022-03-09"},{"lineNumber":2,"author":{"gitId":"kktai1512"},"content":"","lastModifiedDate":"2022-03-09"},{"lineNumber":3,"author":{"gitId":"kktai1512"},"content":"import java.util.ArrayList;","lastModifiedDate":"2022-03-09"},{"lineNumber":4,"author":{"gitId":"kktai1512"},"content":"","lastModifiedDate":"2022-03-09"},{"lineNumber":5,"author":{"gitId":"kktai1512"},"content":"public class DoctorList {","lastModifiedDate":"2022-03-09"},{"lineNumber":6,"author":{"gitId":"kktai1512"},"content":"","lastModifiedDate":"2022-03-09"},{"lineNumber":7,"author":{"gitId":"kktai1512"},"content":"    ArrayList\u003cDoctor\u003e doctorList;","lastModifiedDate":"2022-03-09"},{"lineNumber":8,"author":{"gitId":"kktai1512"},"content":"","lastModifiedDate":"2022-03-09"},{"lineNumber":9,"author":{"gitId":"kktai1512"},"content":"","lastModifiedDate":"2022-03-09"},{"lineNumber":10,"author":{"gitId":"kktai1512"},"content":"    //view particular doctor","lastModifiedDate":"2022-03-09"},{"lineNumber":11,"author":{"gitId":"kktai1512"},"content":"    public void viewDoctor(String nric) {","lastModifiedDate":"2022-03-10"},{"lineNumber":12,"author":{"gitId":"kktai1512"},"content":"","lastModifiedDate":"2022-03-09"},{"lineNumber":13,"author":{"gitId":"kktai1512"},"content":"    }","lastModifiedDate":"2022-03-09"},{"lineNumber":14,"author":{"gitId":"kktai1512"},"content":"","lastModifiedDate":"2022-03-09"},{"lineNumber":15,"author":{"gitId":"kktai1512"},"content":"    //view all doctor","lastModifiedDate":"2022-03-09"},{"lineNumber":16,"author":{"gitId":"kktai1512"},"content":"    public void viewDoctor() {","lastModifiedDate":"2022-03-09"},{"lineNumber":17,"author":{"gitId":"kktai1512"},"content":"","lastModifiedDate":"2022-03-09"},{"lineNumber":18,"author":{"gitId":"kktai1512"},"content":"    }","lastModifiedDate":"2022-03-09"},{"lineNumber":19,"author":{"gitId":"kktai1512"},"content":"}","lastModifiedDate":"2022-03-09"}],"authorContributionMap":{"kktai1512":19}},{"path":"src/main/java/seedu/duke/assets/Medicine.java","fileType":"functional-code","lines":[{"lineNumber":1,"author":{"gitId":"Anvitha-r"},"content":"package seedu.duke.assets;","lastModifiedDate":"2022-03-07"},{"lineNumber":2,"author":{"gitId":"Anvitha-r"},"content":"","lastModifiedDate":"2022-03-07"},{"lineNumber":3,"author":{"gitId":"Anvitha-r"},"content":"public class Medicine {","lastModifiedDate":"2022-03-07"},{"lineNumber":4,"author":{"gitId":"shxr3f"},"content":"    private int medicineId;","lastModifiedDate":"2022-03-13"},{"lineNumber":5,"author":{"gitId":"shxr3f"},"content":"    private String medicineName;","lastModifiedDate":"2022-03-13"},{"lineNumber":6,"author":{"gitId":"shxr3f"},"content":"    private int dosage; //in milligrams","lastModifiedDate":"2022-03-13"},{"lineNumber":7,"author":{"gitId":"shxr3f"},"content":"    private String expiry;","lastModifiedDate":"2022-03-13"},{"lineNumber":8,"author":{"gitId":"shxr3f"},"content":"    private String sideEffects;","lastModifiedDate":"2022-03-13"},{"lineNumber":9,"author":{"gitId":"shxr3f"},"content":"    private int quantity;","lastModifiedDate":"2022-03-13"},{"lineNumber":10,"author":{"gitId":"Anvitha-r"},"content":"","lastModifiedDate":"2022-03-07"},{"lineNumber":11,"author":{"gitId":"shxr3f"},"content":"    public Medicine(int medicineId, String medicineName, int dosage, String expiry,","lastModifiedDate":"2022-03-13"},{"lineNumber":12,"author":{"gitId":"shxr3f"},"content":"                    String sideEffects, int quantity) {","lastModifiedDate":"2022-03-13"},{"lineNumber":13,"author":{"gitId":"shxr3f"},"content":"        this.medicineId \u003d medicineId;","lastModifiedDate":"2022-03-13"},{"lineNumber":14,"author":{"gitId":"shxr3f"},"content":"        this.medicineName \u003d medicineName;","lastModifiedDate":"2022-03-13"},{"lineNumber":15,"author":{"gitId":"shxr3f"},"content":"        this.dosage \u003d dosage;","lastModifiedDate":"2022-03-13"},{"lineNumber":16,"author":{"gitId":"shxr3f"},"content":"        this.expiry \u003d expiry;","lastModifiedDate":"2022-03-13"},{"lineNumber":17,"author":{"gitId":"shxr3f"},"content":"        this.sideEffects \u003d sideEffects;","lastModifiedDate":"2022-03-13"},{"lineNumber":18,"author":{"gitId":"shxr3f"},"content":"        this.quantity \u003d quantity;","lastModifiedDate":"2022-03-13"},{"lineNumber":19,"author":{"gitId":"shxr3f"},"content":"    }","lastModifiedDate":"2022-03-13"},{"lineNumber":20,"author":{"gitId":"Anvitha-r"},"content":"}","lastModifiedDate":"2022-03-07"}],"authorContributionMap":{"Anvitha-r":5,"shxr3f":15}},{"path":"src/main/java/seedu/duke/assets/MedicineList.java","fileType":"functional-code","lines":[{"lineNumber":1,"author":{"gitId":"shxr3f"},"content":"package seedu.duke.assets;","lastModifiedDate":"2022-03-13"},{"lineNumber":2,"author":{"gitId":"shxr3f"},"content":"","lastModifiedDate":"2022-03-13"},{"lineNumber":3,"author":{"gitId":"shxr3f"},"content":"import java.util.ArrayList;","lastModifiedDate":"2022-03-13"},{"lineNumber":4,"author":{"gitId":"shxr3f"},"content":"","lastModifiedDate":"2022-03-13"},{"lineNumber":5,"author":{"gitId":"shxr3f"},"content":"public class MedicineList {","lastModifiedDate":"2022-03-13"},{"lineNumber":6,"author":{"gitId":"shxr3f"},"content":"    private ArrayList\u003cMedicine\u003e medicines \u003d new ArrayList\u003c\u003e();","lastModifiedDate":"2022-03-13"},{"lineNumber":7,"author":{"gitId":"shxr3f"},"content":"","lastModifiedDate":"2022-03-13"},{"lineNumber":8,"author":{"gitId":"shxr3f"},"content":"    public void add(String[] parameterArray) {","lastModifiedDate":"2022-03-13"},{"lineNumber":9,"author":{"gitId":"shxr3f"},"content":"        Medicine newMedicine \u003d new Medicine(medicines.size(),parameterArray[0],Integer.parseInt(parameterArray[1]),","lastModifiedDate":"2022-03-13"},{"lineNumber":10,"author":{"gitId":"shxr3f"},"content":"                parameterArray[2],parameterArray[3],Integer.parseInt(parameterArray[4]));","lastModifiedDate":"2022-03-13"},{"lineNumber":11,"author":{"gitId":"shxr3f"},"content":"        medicines.add(newMedicine);","lastModifiedDate":"2022-03-13"},{"lineNumber":12,"author":{"gitId":"shxr3f"},"content":"    }","lastModifiedDate":"2022-03-13"},{"lineNumber":13,"author":{"gitId":"shxr3f"},"content":"}","lastModifiedDate":"2022-03-13"}],"authorContributionMap":{"shxr3f":13}},{"path":"src/main/java/seedu/duke/assets/Patient.java","fileType":"functional-code","lines":[{"lineNumber":1,"author":{"gitId":"Anvitha-r"},"content":"package seedu.duke.assets;","lastModifiedDate":"2022-03-07"},{"lineNumber":2,"author":{"gitId":"Anvitha-r"},"content":"","lastModifiedDate":"2022-03-07"},{"lineNumber":3,"author":{"gitId":"wraineflores"},"content":"public class Patient extends Person {","lastModifiedDate":"2022-03-12"},{"lineNumber":4,"author":{"gitId":"Anvitha-r"},"content":"    String dateAdmission;","lastModifiedDate":"2022-03-07"},{"lineNumber":5,"author":{"gitId":"Anvitha-r"},"content":"","lastModifiedDate":"2022-03-07"},{"lineNumber":6,"author":{"gitId":"kktai1512"},"content":"    public Patient(String nric, String fullName, int age, char gender, String address, String dob,","lastModifiedDate":"2022-03-09"},{"lineNumber":7,"author":{"gitId":"kktai1512"},"content":"                   String dateAdmission) {","lastModifiedDate":"2022-03-09"},{"lineNumber":8,"author":{"gitId":"wraineflores"},"content":"        super(nric, fullName, age, gender, address, dob);","lastModifiedDate":"2022-03-12"},{"lineNumber":9,"author":{"gitId":"kktai1512"},"content":"        this.dateAdmission \u003d dateAdmission;","lastModifiedDate":"2022-03-09"},{"lineNumber":10,"author":{"gitId":"kktai1512"},"content":"    }","lastModifiedDate":"2022-03-09"},{"lineNumber":11,"author":{"gitId":"kktai1512"},"content":"","lastModifiedDate":"2022-03-09"},{"lineNumber":12,"author":{"gitId":"kktai1512"},"content":"    public String getDateAdmission() {","lastModifiedDate":"2022-03-09"},{"lineNumber":13,"author":{"gitId":"kktai1512"},"content":"        return dateAdmission;","lastModifiedDate":"2022-03-09"},{"lineNumber":14,"author":{"gitId":"kktai1512"},"content":"    }","lastModifiedDate":"2022-03-09"},{"lineNumber":15,"author":{"gitId":"Anvitha-r"},"content":"","lastModifiedDate":"2022-03-07"},{"lineNumber":16,"author":{"gitId":"kktai1512"},"content":"    @Override","lastModifiedDate":"2022-03-09"},{"lineNumber":17,"author":{"gitId":"kktai1512"},"content":"    public String toString() {","lastModifiedDate":"2022-03-09"},{"lineNumber":18,"author":{"gitId":"kktai1512"},"content":"        return \"Patient{\"","lastModifiedDate":"2022-03-10"},{"lineNumber":19,"author":{"gitId":"wraineflores"},"content":"                + \"NRIC\u003d\u0027\" + getNric() + \u0027\\\u0027\u0027","lastModifiedDate":"2022-03-12"},{"lineNumber":20,"author":{"gitId":"wraineflores"},"content":"                + \", Full Name\u003d\u0027\" + getFullName() + \u0027\\\u0027\u0027","lastModifiedDate":"2022-03-12"},{"lineNumber":21,"author":{"gitId":"wraineflores"},"content":"                + \", Age\u003d\" + getAge()","lastModifiedDate":"2022-03-12"},{"lineNumber":22,"author":{"gitId":"wraineflores"},"content":"                + \", Gender\u003d\" + getGender()","lastModifiedDate":"2022-03-12"},{"lineNumber":23,"author":{"gitId":"wraineflores"},"content":"                + \", Address\u003d\u0027\" + getAddress()","lastModifiedDate":"2022-03-12"},{"lineNumber":24,"author":{"gitId":"wraineflores"},"content":"                + \u0027\\\u0027\u0027 + \", DOB\u003d\u0027\" + getDob() + \u0027\\\u0027\u0027","lastModifiedDate":"2022-03-12"},{"lineNumber":25,"author":{"gitId":"wraineflores"},"content":"                + \", DateOfAdmission\u003d\u0027\" + getDateAdmission() + \u0027\\\u0027\u0027 + \u0027}\u0027;","lastModifiedDate":"2022-03-12"},{"lineNumber":26,"author":{"gitId":"kktai1512"},"content":"    }","lastModifiedDate":"2022-03-09"},{"lineNumber":27,"author":{"gitId":"Anvitha-r"},"content":"}","lastModifiedDate":"2022-03-07"}],"authorContributionMap":{"wraineflores":9,"Anvitha-r":6,"kktai1512":12}},{"path":"src/main/java/seedu/duke/assets/PatientList.java","fileType":"functional-code","lines":[{"lineNumber":1,"author":{"gitId":"kktai1512"},"content":"package seedu.duke.assets;","lastModifiedDate":"2022-03-09"},{"lineNumber":2,"author":{"gitId":"kktai1512"},"content":"","lastModifiedDate":"2022-03-09"},{"lineNumber":3,"author":{"gitId":"kktai1512"},"content":"import java.util.ArrayList;","lastModifiedDate":"2022-03-09"},{"lineNumber":4,"author":{"gitId":"kktai1512"},"content":"","lastModifiedDate":"2022-03-09"},{"lineNumber":5,"author":{"gitId":"kktai1512"},"content":"public class PatientList {","lastModifiedDate":"2022-03-09"},{"lineNumber":6,"author":{"gitId":"kktai1512"},"content":"","lastModifiedDate":"2022-03-09"},{"lineNumber":7,"author":{"gitId":"tanweili"},"content":"    private ArrayList\u003cPatient\u003e patientList;","lastModifiedDate":"2022-03-10"},{"lineNumber":8,"author":{"gitId":"kktai1512"},"content":"","lastModifiedDate":"2022-03-09"},{"lineNumber":9,"author":{"gitId":"kktai1512"},"content":"    public Patient getPatient(String nric) {","lastModifiedDate":"2022-03-10"},{"lineNumber":10,"author":{"gitId":"kktai1512"},"content":"        for (Patient patient : patientList) {","lastModifiedDate":"2022-03-09"},{"lineNumber":11,"author":{"gitId":"kktai1512"},"content":"            if (patient.getNric().equals(nric)) {","lastModifiedDate":"2022-03-10"},{"lineNumber":12,"author":{"gitId":"kktai1512"},"content":"                return patient;","lastModifiedDate":"2022-03-09"},{"lineNumber":13,"author":{"gitId":"kktai1512"},"content":"            }","lastModifiedDate":"2022-03-09"},{"lineNumber":14,"author":{"gitId":"kktai1512"},"content":"        }","lastModifiedDate":"2022-03-09"},{"lineNumber":15,"author":{"gitId":"kktai1512"},"content":"        return null;","lastModifiedDate":"2022-03-09"},{"lineNumber":16,"author":{"gitId":"kktai1512"},"content":"    }","lastModifiedDate":"2022-03-09"},{"lineNumber":17,"author":{"gitId":"kktai1512"},"content":"","lastModifiedDate":"2022-03-09"},{"lineNumber":18,"author":{"gitId":"kktai1512"},"content":"    //view particular patient","lastModifiedDate":"2022-03-09"},{"lineNumber":19,"author":{"gitId":"kktai1512"},"content":"    public void viewPatient(String nric) {","lastModifiedDate":"2022-03-10"},{"lineNumber":20,"author":{"gitId":"kktai1512"},"content":"        //todo: add null exception","lastModifiedDate":"2022-03-09"},{"lineNumber":21,"author":{"gitId":"kktai1512"},"content":"        System.out.println(getPatient(nric).toString());","lastModifiedDate":"2022-03-10"},{"lineNumber":22,"author":{"gitId":"kktai1512"},"content":"    }","lastModifiedDate":"2022-03-09"},{"lineNumber":23,"author":{"gitId":"kktai1512"},"content":"","lastModifiedDate":"2022-03-09"},{"lineNumber":24,"author":{"gitId":"kktai1512"},"content":"    //view all patients","lastModifiedDate":"2022-03-09"},{"lineNumber":25,"author":{"gitId":"kktai1512"},"content":"    public void viewPatient() {","lastModifiedDate":"2022-03-09"},{"lineNumber":26,"author":{"gitId":"kktai1512"},"content":"        System.out.println(patientList.toString());","lastModifiedDate":"2022-03-09"},{"lineNumber":27,"author":{"gitId":"kktai1512"},"content":"    }","lastModifiedDate":"2022-03-09"},{"lineNumber":28,"author":{"gitId":"kktai1512"},"content":"","lastModifiedDate":"2022-03-09"},{"lineNumber":29,"author":{"gitId":"kktai1512"},"content":"    @Override","lastModifiedDate":"2022-03-09"},{"lineNumber":30,"author":{"gitId":"kktai1512"},"content":"    public String toString() {","lastModifiedDate":"2022-03-09"},{"lineNumber":31,"author":{"gitId":"kktai1512"},"content":"        return \"aaa\";","lastModifiedDate":"2022-03-09"},{"lineNumber":32,"author":{"gitId":"kktai1512"},"content":"    }","lastModifiedDate":"2022-03-09"},{"lineNumber":33,"author":{"gitId":"tanweili"},"content":"","lastModifiedDate":"2022-03-10"},{"lineNumber":34,"author":{"gitId":"tanweili"},"content":"    public int getSize() {","lastModifiedDate":"2022-03-10"},{"lineNumber":35,"author":{"gitId":"tanweili"},"content":"        return patientList.size();","lastModifiedDate":"2022-03-10"},{"lineNumber":36,"author":{"gitId":"tanweili"},"content":"    }","lastModifiedDate":"2022-03-10"},{"lineNumber":37,"author":{"gitId":"tanweili"},"content":"","lastModifiedDate":"2022-03-10"},{"lineNumber":38,"author":{"gitId":"tanweili"},"content":"    public void removePatient(int index) {","lastModifiedDate":"2022-03-10"},{"lineNumber":39,"author":{"gitId":"tanweili"},"content":"        patientList.remove(index);","lastModifiedDate":"2022-03-10"},{"lineNumber":40,"author":{"gitId":"tanweili"},"content":"    }","lastModifiedDate":"2022-03-10"},{"lineNumber":41,"author":{"gitId":"kktai1512"},"content":"}","lastModifiedDate":"2022-03-09"}],"authorContributionMap":{"tanweili":9,"kktai1512":32}},{"path":"src/main/java/seedu/duke/assets/Person.java","fileType":"functional-code","lines":[{"lineNumber":1,"author":{"gitId":"wraineflores"},"content":"package seedu.duke.assets;","lastModifiedDate":"2022-03-12"},{"lineNumber":2,"author":{"gitId":"wraineflores"},"content":"","lastModifiedDate":"2022-03-12"},{"lineNumber":3,"author":{"gitId":"shxr3f"},"content":"public abstract class Person {","lastModifiedDate":"2022-03-13"},{"lineNumber":4,"author":{"gitId":"wraineflores"},"content":"    String nric;","lastModifiedDate":"2022-03-12"},{"lineNumber":5,"author":{"gitId":"wraineflores"},"content":"    String fullName;","lastModifiedDate":"2022-03-12"},{"lineNumber":6,"author":{"gitId":"wraineflores"},"content":"    int age;","lastModifiedDate":"2022-03-12"},{"lineNumber":7,"author":{"gitId":"wraineflores"},"content":"    char gender;","lastModifiedDate":"2022-03-12"},{"lineNumber":8,"author":{"gitId":"wraineflores"},"content":"    String address;","lastModifiedDate":"2022-03-12"},{"lineNumber":9,"author":{"gitId":"wraineflores"},"content":"    String dob;","lastModifiedDate":"2022-03-12"},{"lineNumber":10,"author":{"gitId":"wraineflores"},"content":"","lastModifiedDate":"2022-03-12"},{"lineNumber":11,"author":{"gitId":"wraineflores"},"content":"    public Person(String nric, String fullName, int age, char gender, String address,","lastModifiedDate":"2022-03-12"},{"lineNumber":12,"author":{"gitId":"wraineflores"},"content":"                  String dob) {","lastModifiedDate":"2022-03-12"},{"lineNumber":13,"author":{"gitId":"wraineflores"},"content":"        this.nric \u003d nric;","lastModifiedDate":"2022-03-12"},{"lineNumber":14,"author":{"gitId":"wraineflores"},"content":"        this.fullName \u003d fullName;","lastModifiedDate":"2022-03-12"},{"lineNumber":15,"author":{"gitId":"wraineflores"},"content":"        this.age \u003d age;","lastModifiedDate":"2022-03-12"},{"lineNumber":16,"author":{"gitId":"wraineflores"},"content":"        this.gender \u003d gender;","lastModifiedDate":"2022-03-12"},{"lineNumber":17,"author":{"gitId":"wraineflores"},"content":"        this.address \u003d address;","lastModifiedDate":"2022-03-12"},{"lineNumber":18,"author":{"gitId":"wraineflores"},"content":"        this.dob \u003d dob;","lastModifiedDate":"2022-03-12"},{"lineNumber":19,"author":{"gitId":"wraineflores"},"content":"    }","lastModifiedDate":"2022-03-12"},{"lineNumber":20,"author":{"gitId":"wraineflores"},"content":"","lastModifiedDate":"2022-03-12"},{"lineNumber":21,"author":{"gitId":"wraineflores"},"content":"    public String getNric() {","lastModifiedDate":"2022-03-12"},{"lineNumber":22,"author":{"gitId":"wraineflores"},"content":"        return nric;","lastModifiedDate":"2022-03-12"},{"lineNumber":23,"author":{"gitId":"wraineflores"},"content":"    }","lastModifiedDate":"2022-03-12"},{"lineNumber":24,"author":{"gitId":"wraineflores"},"content":"","lastModifiedDate":"2022-03-12"},{"lineNumber":25,"author":{"gitId":"wraineflores"},"content":"    public String getFullName() {","lastModifiedDate":"2022-03-12"},{"lineNumber":26,"author":{"gitId":"wraineflores"},"content":"        return fullName;","lastModifiedDate":"2022-03-12"},{"lineNumber":27,"author":{"gitId":"wraineflores"},"content":"    }","lastModifiedDate":"2022-03-12"},{"lineNumber":28,"author":{"gitId":"wraineflores"},"content":"","lastModifiedDate":"2022-03-12"},{"lineNumber":29,"author":{"gitId":"wraineflores"},"content":"    public int getAge() {","lastModifiedDate":"2022-03-12"},{"lineNumber":30,"author":{"gitId":"wraineflores"},"content":"        return age;","lastModifiedDate":"2022-03-12"},{"lineNumber":31,"author":{"gitId":"wraineflores"},"content":"    }","lastModifiedDate":"2022-03-12"},{"lineNumber":32,"author":{"gitId":"wraineflores"},"content":"","lastModifiedDate":"2022-03-12"},{"lineNumber":33,"author":{"gitId":"wraineflores"},"content":"    public char getGender() {","lastModifiedDate":"2022-03-12"},{"lineNumber":34,"author":{"gitId":"wraineflores"},"content":"        return gender;","lastModifiedDate":"2022-03-12"},{"lineNumber":35,"author":{"gitId":"wraineflores"},"content":"    }","lastModifiedDate":"2022-03-12"},{"lineNumber":36,"author":{"gitId":"wraineflores"},"content":"","lastModifiedDate":"2022-03-12"},{"lineNumber":37,"author":{"gitId":"wraineflores"},"content":"    public String getAddress() {","lastModifiedDate":"2022-03-12"},{"lineNumber":38,"author":{"gitId":"wraineflores"},"content":"        return address;","lastModifiedDate":"2022-03-12"},{"lineNumber":39,"author":{"gitId":"wraineflores"},"content":"    }","lastModifiedDate":"2022-03-12"},{"lineNumber":40,"author":{"gitId":"wraineflores"},"content":"","lastModifiedDate":"2022-03-12"},{"lineNumber":41,"author":{"gitId":"wraineflores"},"content":"    public String getDob() {","lastModifiedDate":"2022-03-12"},{"lineNumber":42,"author":{"gitId":"wraineflores"},"content":"        return dob;","lastModifiedDate":"2022-03-12"},{"lineNumber":43,"author":{"gitId":"wraineflores"},"content":"    }","lastModifiedDate":"2022-03-12"},{"lineNumber":44,"author":{"gitId":"wraineflores"},"content":"}","lastModifiedDate":"2022-03-12"}],"authorContributionMap":{"wraineflores":43,"shxr3f":1}},{"path":"src/main/java/seedu/duke/helper/Command.java","fileType":"functional-code","lines":[{"lineNumber":1,"author":{"gitId":"Anvitha-r"},"content":"package seedu.duke.helper;","lastModifiedDate":"2022-03-07"},{"lineNumber":2,"author":{"gitId":"Anvitha-r"},"content":"","lastModifiedDate":"2022-03-07"},{"lineNumber":3,"author":{"gitId":"shxr3f"},"content":"import seedu.duke.assets.MedicineList;","lastModifiedDate":"2022-03-13"},{"lineNumber":4,"author":{"gitId":"tanweili"},"content":"import seedu.duke.assets.Patient;","lastModifiedDate":"2022-03-10"},{"lineNumber":5,"author":{"gitId":"kktai1512"},"content":"import seedu.duke.assets.PatientList;","lastModifiedDate":"2022-03-09"},{"lineNumber":6,"author":{"gitId":"kktai1512"},"content":"","lastModifiedDate":"2022-03-09"},{"lineNumber":7,"author":{"gitId":"Anvitha-r"},"content":"public class Command {","lastModifiedDate":"2022-03-07"},{"lineNumber":8,"author":{"gitId":"tanweili"},"content":"    private UI ui \u003d new UI();","lastModifiedDate":"2022-03-11"},{"lineNumber":9,"author":{"gitId":"Anvitha-r"},"content":"    //contains all the commands required for patient, doctor and medicine","lastModifiedDate":"2022-03-07"},{"lineNumber":10,"author":{"gitId":"kktai1512"},"content":"","lastModifiedDate":"2022-03-09"},{"lineNumber":11,"author":{"gitId":"shxr3f"},"content":"    private boolean nullChecker(String string) {","lastModifiedDate":"2022-03-13"},{"lineNumber":12,"author":{"gitId":"shxr3f"},"content":"        return string !\u003d null;","lastModifiedDate":"2022-03-13"},{"lineNumber":13,"author":{"gitId":"shxr3f"},"content":"    }","lastModifiedDate":"2022-03-13"},{"lineNumber":14,"author":{"gitId":"shxr3f"},"content":"","lastModifiedDate":"2022-03-13"},{"lineNumber":15,"author":{"gitId":"shxr3f"},"content":"","lastModifiedDate":"2022-03-13"},{"lineNumber":16,"author":{"gitId":"kktai1512"},"content":"    public void viewPatient(PatientList patientList, String parameters) {","lastModifiedDate":"2022-03-09"},{"lineNumber":17,"author":{"gitId":"shxr3f"},"content":"        if (!nullChecker(parameters)) {","lastModifiedDate":"2022-03-13"},{"lineNumber":18,"author":{"gitId":"shxr3f"},"content":"            return;","lastModifiedDate":"2022-03-13"},{"lineNumber":19,"author":{"gitId":"shxr3f"},"content":"        }","lastModifiedDate":"2022-03-13"},{"lineNumber":20,"author":{"gitId":"kktai1512"},"content":"        if (Parser.parseViewPatient(parameters) \u003d\u003d null) {","lastModifiedDate":"2022-03-09"},{"lineNumber":21,"author":{"gitId":"kktai1512"},"content":"            patientList.viewPatient();","lastModifiedDate":"2022-03-09"},{"lineNumber":22,"author":{"gitId":"kktai1512"},"content":"        }","lastModifiedDate":"2022-03-09"},{"lineNumber":23,"author":{"gitId":"kktai1512"},"content":"        patientList.viewPatient(parameters);","lastModifiedDate":"2022-03-09"},{"lineNumber":24,"author":{"gitId":"kktai1512"},"content":"    }","lastModifiedDate":"2022-03-09"},{"lineNumber":25,"author":{"gitId":"tanweili"},"content":"","lastModifiedDate":"2022-03-10"},{"lineNumber":26,"author":{"gitId":"tanweili"},"content":"    public void addPatient(PatientList patientList, String parameters) {","lastModifiedDate":"2022-03-10"},{"lineNumber":27,"author":{"gitId":"shxr3f"},"content":"        if (!nullChecker(parameters)) {","lastModifiedDate":"2022-03-13"},{"lineNumber":28,"author":{"gitId":"shxr3f"},"content":"            return;","lastModifiedDate":"2022-03-13"},{"lineNumber":29,"author":{"gitId":"shxr3f"},"content":"        }","lastModifiedDate":"2022-03-13"},{"lineNumber":30,"author":{"gitId":"tanweili"},"content":"        String[] parametersArray \u003d Parser.parseAddPatient(parameters);","lastModifiedDate":"2022-03-10"},{"lineNumber":31,"author":{"gitId":"tanweili"},"content":"        if (parametersArray \u003d\u003d null) {","lastModifiedDate":"2022-03-10"},{"lineNumber":32,"author":{"gitId":"tanweili"},"content":"            ui.printAddPatientWrongFormatMessage();","lastModifiedDate":"2022-03-11"},{"lineNumber":33,"author":{"gitId":"tanweili"},"content":"        } else {","lastModifiedDate":"2022-03-10"},{"lineNumber":34,"author":{"gitId":"tanweili"},"content":"            Patient newPatient \u003d new Patient(parametersArray[0], parametersArray[1],","lastModifiedDate":"2022-03-10"},{"lineNumber":35,"author":{"gitId":"tanweili"},"content":"                    Integer.parseInt(parametersArray[2]), parametersArray[3].charAt(0),","lastModifiedDate":"2022-03-10"},{"lineNumber":36,"author":{"gitId":"tanweili"},"content":"                    parametersArray[4], parametersArray[5], parametersArray[6]);","lastModifiedDate":"2022-03-10"},{"lineNumber":37,"author":{"gitId":"tanweili"},"content":"            System.out.println(\"The patient above has been added!\");","lastModifiedDate":"2022-03-10"},{"lineNumber":38,"author":{"gitId":"tanweili"},"content":"        }","lastModifiedDate":"2022-03-10"},{"lineNumber":39,"author":{"gitId":"tanweili"},"content":"    }","lastModifiedDate":"2022-03-10"},{"lineNumber":40,"author":{"gitId":"tanweili"},"content":"","lastModifiedDate":"2022-03-10"},{"lineNumber":41,"author":{"gitId":"tanweili"},"content":"    public void deletePatient(PatientList patientList, String stringIndex) {","lastModifiedDate":"2022-03-10"},{"lineNumber":42,"author":{"gitId":"tanweili"},"content":"        int index \u003d Integer.parseInt(stringIndex);","lastModifiedDate":"2022-03-10"},{"lineNumber":43,"author":{"gitId":"tanweili"},"content":"        if (0 \u003c\u003d index \u0026\u0026 index \u003c\u003d patientList.getSize()) {","lastModifiedDate":"2022-03-10"},{"lineNumber":44,"author":{"gitId":"tanweili"},"content":"            patientList.removePatient(index);","lastModifiedDate":"2022-03-10"},{"lineNumber":45,"author":{"gitId":"tanweili"},"content":"            System.out.println(\"The patient with the above index number has been removed!\");","lastModifiedDate":"2022-03-10"},{"lineNumber":46,"author":{"gitId":"tanweili"},"content":"        } else {","lastModifiedDate":"2022-03-10"},{"lineNumber":47,"author":{"gitId":"tanweili"},"content":"            System.out.println(\"Oops! Please input a valid index number!\");","lastModifiedDate":"2022-03-10"},{"lineNumber":48,"author":{"gitId":"tanweili"},"content":"        }","lastModifiedDate":"2022-03-10"},{"lineNumber":49,"author":{"gitId":"tanweili"},"content":"    }","lastModifiedDate":"2022-03-10"},{"lineNumber":50,"author":{"gitId":"shxr3f"},"content":"","lastModifiedDate":"2022-03-13"},{"lineNumber":51,"author":{"gitId":"shxr3f"},"content":"    public void addMedicine(MedicineList medicineList, String parameters) {","lastModifiedDate":"2022-03-13"},{"lineNumber":52,"author":{"gitId":"shxr3f"},"content":"        if (!nullChecker(parameters)) {","lastModifiedDate":"2022-03-13"},{"lineNumber":53,"author":{"gitId":"shxr3f"},"content":"            return;","lastModifiedDate":"2022-03-13"},{"lineNumber":54,"author":{"gitId":"shxr3f"},"content":"        }","lastModifiedDate":"2022-03-13"},{"lineNumber":55,"author":{"gitId":"shxr3f"},"content":"        String[] parameterArray \u003d Parser.parseAddMedicine(parameters);","lastModifiedDate":"2022-03-13"},{"lineNumber":56,"author":{"gitId":"shxr3f"},"content":"        if (parameterArray \u003d\u003d null) {","lastModifiedDate":"2022-03-13"},{"lineNumber":57,"author":{"gitId":"shxr3f"},"content":"            System.out.println(\"Wrong Medicine Format\");","lastModifiedDate":"2022-03-13"},{"lineNumber":58,"author":{"gitId":"shxr3f"},"content":"            return;","lastModifiedDate":"2022-03-13"},{"lineNumber":59,"author":{"gitId":"shxr3f"},"content":"        }","lastModifiedDate":"2022-03-13"},{"lineNumber":60,"author":{"gitId":"shxr3f"},"content":"        medicineList.add(parameterArray);","lastModifiedDate":"2022-03-13"},{"lineNumber":61,"author":{"gitId":"shxr3f"},"content":"        System.out.println(\"Medicine has been added\");;","lastModifiedDate":"2022-03-13"},{"lineNumber":62,"author":{"gitId":"shxr3f"},"content":"    }","lastModifiedDate":"2022-03-13"},{"lineNumber":63,"author":{"gitId":"Anvitha-r"},"content":"}","lastModifiedDate":"2022-03-07"}],"authorContributionMap":{"tanweili":24,"Anvitha-r":5,"shxr3f":25,"kktai1512":9}},{"path":"src/main/java/seedu/duke/helper/Parser.java","fileType":"functional-code","lines":[{"lineNumber":1,"author":{"gitId":"Anvitha-r"},"content":"package seedu.duke.helper;","lastModifiedDate":"2022-03-07"},{"lineNumber":2,"author":{"gitId":"Anvitha-r"},"content":"","lastModifiedDate":"2022-03-07"},{"lineNumber":3,"author":{"gitId":"tanweili"},"content":"import java.time.LocalDate;","lastModifiedDate":"2022-03-10"},{"lineNumber":4,"author":{"gitId":"shxr3f"},"content":"import java.time.format.DateTimeParseException;","lastModifiedDate":"2022-03-13"},{"lineNumber":5,"author":{"gitId":"kktai1512"},"content":"import java.util.ArrayList;","lastModifiedDate":"2022-03-09"},{"lineNumber":6,"author":{"gitId":"tanweili"},"content":"import java.util.regex.Matcher;","lastModifiedDate":"2022-03-10"},{"lineNumber":7,"author":{"gitId":"tanweili"},"content":"import java.util.regex.Pattern;","lastModifiedDate":"2022-03-10"},{"lineNumber":8,"author":{"gitId":"kktai1512"},"content":"","lastModifiedDate":"2022-03-09"},{"lineNumber":9,"author":{"gitId":"Anvitha-r"},"content":"public class Parser {","lastModifiedDate":"2022-03-07"},{"lineNumber":10,"author":{"gitId":"kktai1512"},"content":"","lastModifiedDate":"2022-03-09"},{"lineNumber":11,"author":{"gitId":"kktai1512"},"content":"    public static ArrayList\u003cString\u003e parseViewPatient(String description) {","lastModifiedDate":"2022-03-09"},{"lineNumber":12,"author":{"gitId":"kktai1512"},"content":"        //if no NRIC","lastModifiedDate":"2022-03-09"},{"lineNumber":13,"author":{"gitId":"kktai1512"},"content":"        if (description \u003d\u003d null) {","lastModifiedDate":"2022-03-09"},{"lineNumber":14,"author":{"gitId":"kktai1512"},"content":"            return null;","lastModifiedDate":"2022-03-09"},{"lineNumber":15,"author":{"gitId":"kktai1512"},"content":"        }","lastModifiedDate":"2022-03-09"},{"lineNumber":16,"author":{"gitId":"kktai1512"},"content":"","lastModifiedDate":"2022-03-09"},{"lineNumber":17,"author":{"gitId":"kktai1512"},"content":"        //if NRIC","lastModifiedDate":"2022-03-09"},{"lineNumber":18,"author":{"gitId":"kktai1512"},"content":"        ArrayList\u003cString\u003e parameters \u003d new ArrayList\u003cString\u003e();","lastModifiedDate":"2022-03-09"},{"lineNumber":19,"author":{"gitId":"kktai1512"},"content":"        parameters.add(description);","lastModifiedDate":"2022-03-09"},{"lineNumber":20,"author":{"gitId":"kktai1512"},"content":"        return parameters;","lastModifiedDate":"2022-03-09"},{"lineNumber":21,"author":{"gitId":"kktai1512"},"content":"    }","lastModifiedDate":"2022-03-09"},{"lineNumber":22,"author":{"gitId":"kktai1512"},"content":"","lastModifiedDate":"2022-03-10"},{"lineNumber":23,"author":{"gitId":"kktai1512"},"content":"    public static String[] commandParser(String userInput) {","lastModifiedDate":"2022-03-10"},{"lineNumber":24,"author":{"gitId":"shxr3f"},"content":"        return userInput.trim().split(\"/info\");","lastModifiedDate":"2022-03-09"},{"lineNumber":25,"author":{"gitId":"shxr3f"},"content":"    }","lastModifiedDate":"2022-03-09"},{"lineNumber":26,"author":{"gitId":"tanweili"},"content":"","lastModifiedDate":"2022-03-10"},{"lineNumber":27,"author":{"gitId":"tanweili"},"content":"    public static String[] parseAddPatient(String parameters) {","lastModifiedDate":"2022-03-10"},{"lineNumber":28,"author":{"gitId":"tanweili"},"content":"        // Currently the basic input order should be to just follow the order","lastModifiedDate":"2022-03-10"},{"lineNumber":29,"author":{"gitId":"tanweili"},"content":"        // in Patient class: nric, fullName, age, gender, address, dob, dateAdmission","lastModifiedDate":"2022-03-10"},{"lineNumber":30,"author":{"gitId":"tanweili"},"content":"        String[] parametersArray \u003d parameters.split(\",\");","lastModifiedDate":"2022-03-10"},{"lineNumber":31,"author":{"gitId":"tanweili"},"content":"        for (int i \u003d 0; i \u003c parametersArray.length; i++) {","lastModifiedDate":"2022-03-11"},{"lineNumber":32,"author":{"gitId":"tanweili"},"content":"            parametersArray[i] \u003d parametersArray[i].trim();","lastModifiedDate":"2022-03-11"},{"lineNumber":33,"author":{"gitId":"tanweili"},"content":"        }","lastModifiedDate":"2022-03-11"},{"lineNumber":34,"author":{"gitId":"tanweili"},"content":"        if (parametersArray.length \u003d\u003d 7 \u0026\u0026 validateNric(parametersArray[0])","lastModifiedDate":"2022-03-11"},{"lineNumber":35,"author":{"gitId":"tanweili"},"content":"                \u0026\u0026 validateFullName(parametersArray[1]) \u0026\u0026 validateAge(parametersArray[2])","lastModifiedDate":"2022-03-11"},{"lineNumber":36,"author":{"gitId":"tanweili"},"content":"                \u0026\u0026 validateGender(parametersArray[3]) \u0026\u0026 validateAddress(parametersArray[4])","lastModifiedDate":"2022-03-11"},{"lineNumber":37,"author":{"gitId":"tanweili"},"content":"                \u0026\u0026 validateDob(parametersArray[5]) \u0026\u0026 validateAdmissionDate(parametersArray[6])) {","lastModifiedDate":"2022-03-11"},{"lineNumber":38,"author":{"gitId":"tanweili"},"content":"            return parametersArray;","lastModifiedDate":"2022-03-11"},{"lineNumber":39,"author":{"gitId":"tanweili"},"content":"        } else {","lastModifiedDate":"2022-03-11"},{"lineNumber":40,"author":{"gitId":"tanweili"},"content":"            return null;","lastModifiedDate":"2022-03-10"},{"lineNumber":41,"author":{"gitId":"tanweili"},"content":"        }","lastModifiedDate":"2022-03-10"},{"lineNumber":42,"author":{"gitId":"tanweili"},"content":"    }","lastModifiedDate":"2022-03-11"},{"lineNumber":43,"author":{"gitId":"tanweili"},"content":"","lastModifiedDate":"2022-03-10"},{"lineNumber":44,"author":{"gitId":"shxr3f"},"content":"    public static String[] parseAddMedicine(String parameters) {","lastModifiedDate":"2022-03-13"},{"lineNumber":45,"author":{"gitId":"shxr3f"},"content":"        String[] medicineParameters \u003d parameters.trim().split(\",\");","lastModifiedDate":"2022-03-13"},{"lineNumber":46,"author":{"gitId":"shxr3f"},"content":"        if (medicineParameters.length \u003d\u003d  5 \u0026\u0026 validateMedicine(medicineParameters)) {","lastModifiedDate":"2022-03-13"},{"lineNumber":47,"author":{"gitId":"shxr3f"},"content":"            return medicineParameters;","lastModifiedDate":"2022-03-13"},{"lineNumber":48,"author":{"gitId":"shxr3f"},"content":"        } else {","lastModifiedDate":"2022-03-13"},{"lineNumber":49,"author":{"gitId":"shxr3f"},"content":"            return null;","lastModifiedDate":"2022-03-13"},{"lineNumber":50,"author":{"gitId":"shxr3f"},"content":"        }","lastModifiedDate":"2022-03-13"},{"lineNumber":51,"author":{"gitId":"shxr3f"},"content":"    }","lastModifiedDate":"2022-03-13"},{"lineNumber":52,"author":{"gitId":"shxr3f"},"content":"","lastModifiedDate":"2022-03-13"},{"lineNumber":53,"author":{"gitId":"tanweili"},"content":"    private static boolean validateNric(String nric) {","lastModifiedDate":"2022-03-10"},{"lineNumber":54,"author":{"gitId":"tanweili"},"content":"        Pattern nricPattern \u003d Pattern.compile(\"[A-Z][0-9]{7}[A-Z]\");","lastModifiedDate":"2022-03-10"},{"lineNumber":55,"author":{"gitId":"tanweili"},"content":"        Matcher nricMatcher \u003d nricPattern.matcher(nric);","lastModifiedDate":"2022-03-10"},{"lineNumber":56,"author":{"gitId":"tanweili"},"content":"        //System.out.println(nric + \" \" +nricMatcher.matches());","lastModifiedDate":"2022-03-11"},{"lineNumber":57,"author":{"gitId":"tanweili"},"content":"        return nricMatcher.matches();","lastModifiedDate":"2022-03-10"},{"lineNumber":58,"author":{"gitId":"tanweili"},"content":"    }","lastModifiedDate":"2022-03-10"},{"lineNumber":59,"author":{"gitId":"tanweili"},"content":"","lastModifiedDate":"2022-03-10"},{"lineNumber":60,"author":{"gitId":"tanweili"},"content":"    private static boolean validateFullName(String fullName) {","lastModifiedDate":"2022-03-10"},{"lineNumber":61,"author":{"gitId":"tanweili"},"content":"        Pattern fullNamePattern \u003d Pattern.compile(\"([a-zA-Z]+( [a-zA-Z]+)+)\");","lastModifiedDate":"2022-03-10"},{"lineNumber":62,"author":{"gitId":"tanweili"},"content":"        Matcher fullNameMatcher \u003d fullNamePattern.matcher(fullName);","lastModifiedDate":"2022-03-10"},{"lineNumber":63,"author":{"gitId":"tanweili"},"content":"        //System.out.println(fullName + \" \" + fullNameMatcher.matches());","lastModifiedDate":"2022-03-11"},{"lineNumber":64,"author":{"gitId":"tanweili"},"content":"        return fullNameMatcher.matches();","lastModifiedDate":"2022-03-10"},{"lineNumber":65,"author":{"gitId":"tanweili"},"content":"    }","lastModifiedDate":"2022-03-10"},{"lineNumber":66,"author":{"gitId":"tanweili"},"content":"","lastModifiedDate":"2022-03-10"},{"lineNumber":67,"author":{"gitId":"tanweili"},"content":"    private static boolean validateAge(String ageString) {","lastModifiedDate":"2022-03-10"},{"lineNumber":68,"author":{"gitId":"tanweili"},"content":"        int age \u003d Integer.parseInt(ageString);","lastModifiedDate":"2022-03-10"},{"lineNumber":69,"author":{"gitId":"tanweili"},"content":"        if (1 \u003c\u003d age \u0026\u0026 age \u003c\u003d 120) {","lastModifiedDate":"2022-03-10"},{"lineNumber":70,"author":{"gitId":"tanweili"},"content":"            //System.out.println(\"Age true\");","lastModifiedDate":"2022-03-11"},{"lineNumber":71,"author":{"gitId":"tanweili"},"content":"            return true;","lastModifiedDate":"2022-03-10"},{"lineNumber":72,"author":{"gitId":"tanweili"},"content":"        } else {","lastModifiedDate":"2022-03-10"},{"lineNumber":73,"author":{"gitId":"tanweili"},"content":"            //System.out.println(\"Age false;\");","lastModifiedDate":"2022-03-11"},{"lineNumber":74,"author":{"gitId":"tanweili"},"content":"            return false;","lastModifiedDate":"2022-03-10"},{"lineNumber":75,"author":{"gitId":"tanweili"},"content":"        }","lastModifiedDate":"2022-03-10"},{"lineNumber":76,"author":{"gitId":"tanweili"},"content":"    }","lastModifiedDate":"2022-03-10"},{"lineNumber":77,"author":{"gitId":"tanweili"},"content":"","lastModifiedDate":"2022-03-10"},{"lineNumber":78,"author":{"gitId":"tanweili"},"content":"    private static boolean validateGender(String gender) {","lastModifiedDate":"2022-03-10"},{"lineNumber":79,"author":{"gitId":"tanweili"},"content":"        Pattern genderPattern \u003d Pattern.compile(\"M|F\");","lastModifiedDate":"2022-03-10"},{"lineNumber":80,"author":{"gitId":"tanweili"},"content":"        Matcher genderMatcher \u003d genderPattern.matcher(gender);","lastModifiedDate":"2022-03-10"},{"lineNumber":81,"author":{"gitId":"tanweili"},"content":"        //System.out.println(gender + \" \" + genderMatcher.matches());","lastModifiedDate":"2022-03-11"},{"lineNumber":82,"author":{"gitId":"tanweili"},"content":"        return genderMatcher.matches();","lastModifiedDate":"2022-03-10"},{"lineNumber":83,"author":{"gitId":"tanweili"},"content":"    }","lastModifiedDate":"2022-03-10"},{"lineNumber":84,"author":{"gitId":"tanweili"},"content":"","lastModifiedDate":"2022-03-10"},{"lineNumber":85,"author":{"gitId":"tanweili"},"content":"    private static boolean validateAddress(String address) {","lastModifiedDate":"2022-03-10"},{"lineNumber":86,"author":{"gitId":"tanweili"},"content":"        Pattern addressPattern \u003d Pattern.compile(\"[\\\\w\\\\-\\\\s\u0027()]*\");","lastModifiedDate":"2022-03-10"},{"lineNumber":87,"author":{"gitId":"tanweili"},"content":"        Matcher addressMatcher \u003d addressPattern.matcher(address);","lastModifiedDate":"2022-03-10"},{"lineNumber":88,"author":{"gitId":"tanweili"},"content":"        //System.out.println(address + \" \" + addressMatcher.matches());","lastModifiedDate":"2022-03-11"},{"lineNumber":89,"author":{"gitId":"tanweili"},"content":"        return addressMatcher.matches();","lastModifiedDate":"2022-03-10"},{"lineNumber":90,"author":{"gitId":"tanweili"},"content":"    }","lastModifiedDate":"2022-03-10"},{"lineNumber":91,"author":{"gitId":"tanweili"},"content":"","lastModifiedDate":"2022-03-10"},{"lineNumber":92,"author":{"gitId":"tanweili"},"content":"    private static boolean validateDob(String dobString) {","lastModifiedDate":"2022-03-10"},{"lineNumber":93,"author":{"gitId":"tanweili"},"content":"        LocalDate dob \u003d LocalDate.parse(dobString);","lastModifiedDate":"2022-03-10"},{"lineNumber":94,"author":{"gitId":"tanweili"},"content":"        LocalDate today \u003d LocalDate.now();","lastModifiedDate":"2022-03-10"},{"lineNumber":95,"author":{"gitId":"tanweili"},"content":"        LocalDate dobLimit \u003d LocalDate.parse(\"1900-01-01\");","lastModifiedDate":"2022-03-10"},{"lineNumber":96,"author":{"gitId":"tanweili"},"content":"        if (dob.isAfter(dobLimit) \u0026\u0026 dob.isBefore(today)) {","lastModifiedDate":"2022-03-10"},{"lineNumber":97,"author":{"gitId":"tanweili"},"content":"            //System.out.println(\"dob true\");","lastModifiedDate":"2022-03-11"},{"lineNumber":98,"author":{"gitId":"tanweili"},"content":"            return true;","lastModifiedDate":"2022-03-10"},{"lineNumber":99,"author":{"gitId":"tanweili"},"content":"        } else {","lastModifiedDate":"2022-03-10"},{"lineNumber":100,"author":{"gitId":"tanweili"},"content":"            //System.out.println(\"dob false\");","lastModifiedDate":"2022-03-11"},{"lineNumber":101,"author":{"gitId":"tanweili"},"content":"            return false;","lastModifiedDate":"2022-03-10"},{"lineNumber":102,"author":{"gitId":"tanweili"},"content":"        }","lastModifiedDate":"2022-03-10"},{"lineNumber":103,"author":{"gitId":"tanweili"},"content":"    }","lastModifiedDate":"2022-03-10"},{"lineNumber":104,"author":{"gitId":"tanweili"},"content":"","lastModifiedDate":"2022-03-10"},{"lineNumber":105,"author":{"gitId":"tanweili"},"content":"    private static boolean validateAdmissionDate(String admissionDateString) {","lastModifiedDate":"2022-03-10"},{"lineNumber":106,"author":{"gitId":"tanweili"},"content":"        LocalDate admissionDate \u003d LocalDate.parse(admissionDateString);","lastModifiedDate":"2022-03-10"},{"lineNumber":107,"author":{"gitId":"tanweili"},"content":"        LocalDate today \u003d LocalDate.now();","lastModifiedDate":"2022-03-10"},{"lineNumber":108,"author":{"gitId":"tanweili"},"content":"        LocalDate admissionDateLimit \u003d LocalDate.parse(\"1980-01-01\");","lastModifiedDate":"2022-03-10"},{"lineNumber":109,"author":{"gitId":"tanweili"},"content":"        if (admissionDate.isAfter(admissionDateLimit) \u0026\u0026 admissionDate.isBefore(today)) {","lastModifiedDate":"2022-03-10"},{"lineNumber":110,"author":{"gitId":"tanweili"},"content":"            //System.out.println(\"Admission true\");","lastModifiedDate":"2022-03-11"},{"lineNumber":111,"author":{"gitId":"tanweili"},"content":"            return true;","lastModifiedDate":"2022-03-10"},{"lineNumber":112,"author":{"gitId":"tanweili"},"content":"        } else {","lastModifiedDate":"2022-03-10"},{"lineNumber":113,"author":{"gitId":"tanweili"},"content":"            //System.out.println(\"Admission false\");","lastModifiedDate":"2022-03-11"},{"lineNumber":114,"author":{"gitId":"tanweili"},"content":"            return false;","lastModifiedDate":"2022-03-10"},{"lineNumber":115,"author":{"gitId":"tanweili"},"content":"        }","lastModifiedDate":"2022-03-10"},{"lineNumber":116,"author":{"gitId":"tanweili"},"content":"    }","lastModifiedDate":"2022-03-10"},{"lineNumber":117,"author":{"gitId":"shxr3f"},"content":"","lastModifiedDate":"2022-03-13"},{"lineNumber":118,"author":{"gitId":"shxr3f"},"content":"    private static boolean validateMedicineName(String medicineName) {","lastModifiedDate":"2022-03-13"},{"lineNumber":119,"author":{"gitId":"shxr3f"},"content":"        return medicineName.matches(\"[a-zA-z]+\");","lastModifiedDate":"2022-03-13"},{"lineNumber":120,"author":{"gitId":"shxr3f"},"content":"    }","lastModifiedDate":"2022-03-13"},{"lineNumber":121,"author":{"gitId":"shxr3f"},"content":"","lastModifiedDate":"2022-03-13"},{"lineNumber":122,"author":{"gitId":"shxr3f"},"content":"    private static boolean validateDosage(String dosage) {","lastModifiedDate":"2022-03-13"},{"lineNumber":123,"author":{"gitId":"shxr3f"},"content":"        try {","lastModifiedDate":"2022-03-13"},{"lineNumber":124,"author":{"gitId":"shxr3f"},"content":"            int dosageInt \u003d Integer.parseInt(dosage);","lastModifiedDate":"2022-03-13"},{"lineNumber":125,"author":{"gitId":"shxr3f"},"content":"            return dosageInt \u003e 0;","lastModifiedDate":"2022-03-13"},{"lineNumber":126,"author":{"gitId":"shxr3f"},"content":"        } catch (NumberFormatException numberFormatException) {","lastModifiedDate":"2022-03-13"},{"lineNumber":127,"author":{"gitId":"shxr3f"},"content":"            return false;","lastModifiedDate":"2022-03-13"},{"lineNumber":128,"author":{"gitId":"shxr3f"},"content":"        }","lastModifiedDate":"2022-03-13"},{"lineNumber":129,"author":{"gitId":"shxr3f"},"content":"    }","lastModifiedDate":"2022-03-13"},{"lineNumber":130,"author":{"gitId":"shxr3f"},"content":"","lastModifiedDate":"2022-03-13"},{"lineNumber":131,"author":{"gitId":"shxr3f"},"content":"    private static boolean validateExpiry(String expiry) {","lastModifiedDate":"2022-03-13"},{"lineNumber":132,"author":{"gitId":"shxr3f"},"content":"        try {","lastModifiedDate":"2022-03-13"},{"lineNumber":133,"author":{"gitId":"shxr3f"},"content":"            LocalDate expiryDate \u003d LocalDate.parse(expiry);","lastModifiedDate":"2022-03-13"},{"lineNumber":134,"author":{"gitId":"shxr3f"},"content":"            LocalDate minimumDate \u003d LocalDate.now().plusMonths(6);","lastModifiedDate":"2022-03-13"},{"lineNumber":135,"author":{"gitId":"shxr3f"},"content":"            if (expiryDate.isBefore(minimumDate)) {","lastModifiedDate":"2022-03-13"},{"lineNumber":136,"author":{"gitId":"shxr3f"},"content":"                return false;","lastModifiedDate":"2022-03-13"},{"lineNumber":137,"author":{"gitId":"shxr3f"},"content":"            }","lastModifiedDate":"2022-03-13"},{"lineNumber":138,"author":{"gitId":"shxr3f"},"content":"            return true;","lastModifiedDate":"2022-03-13"},{"lineNumber":139,"author":{"gitId":"shxr3f"},"content":"        } catch (DateTimeParseException dateTimeParseException) {","lastModifiedDate":"2022-03-13"},{"lineNumber":140,"author":{"gitId":"shxr3f"},"content":"            return false;","lastModifiedDate":"2022-03-13"},{"lineNumber":141,"author":{"gitId":"shxr3f"},"content":"        }","lastModifiedDate":"2022-03-13"},{"lineNumber":142,"author":{"gitId":"shxr3f"},"content":"    }","lastModifiedDate":"2022-03-13"},{"lineNumber":143,"author":{"gitId":"shxr3f"},"content":"","lastModifiedDate":"2022-03-13"},{"lineNumber":144,"author":{"gitId":"shxr3f"},"content":"    private static  boolean validateQuantity(String quantity) {","lastModifiedDate":"2022-03-13"},{"lineNumber":145,"author":{"gitId":"shxr3f"},"content":"        try {","lastModifiedDate":"2022-03-13"},{"lineNumber":146,"author":{"gitId":"shxr3f"},"content":"            int quantityInt \u003d Integer.parseInt(quantity);","lastModifiedDate":"2022-03-13"},{"lineNumber":147,"author":{"gitId":"shxr3f"},"content":"            return quantityInt \u003e 0;","lastModifiedDate":"2022-03-13"},{"lineNumber":148,"author":{"gitId":"shxr3f"},"content":"        } catch (NumberFormatException numberFormatException) {","lastModifiedDate":"2022-03-13"},{"lineNumber":149,"author":{"gitId":"shxr3f"},"content":"            return false;","lastModifiedDate":"2022-03-13"},{"lineNumber":150,"author":{"gitId":"shxr3f"},"content":"        }","lastModifiedDate":"2022-03-13"},{"lineNumber":151,"author":{"gitId":"shxr3f"},"content":"    }","lastModifiedDate":"2022-03-13"},{"lineNumber":152,"author":{"gitId":"shxr3f"},"content":"","lastModifiedDate":"2022-03-13"},{"lineNumber":153,"author":{"gitId":"shxr3f"},"content":"    private static boolean validateMedicine(String[] parameters) {","lastModifiedDate":"2022-03-13"},{"lineNumber":154,"author":{"gitId":"shxr3f"},"content":"        boolean check \u003d true;","lastModifiedDate":"2022-03-13"},{"lineNumber":155,"author":{"gitId":"shxr3f"},"content":"        for (int i \u003d 0; i \u003c 5; i++) {","lastModifiedDate":"2022-03-13"},{"lineNumber":156,"author":{"gitId":"shxr3f"},"content":"            switch (i) {","lastModifiedDate":"2022-03-13"},{"lineNumber":157,"author":{"gitId":"shxr3f"},"content":"            case 0:","lastModifiedDate":"2022-03-13"},{"lineNumber":158,"author":{"gitId":"shxr3f"},"content":"                check \u003d validateMedicineName(parameters[i]);","lastModifiedDate":"2022-03-13"},{"lineNumber":159,"author":{"gitId":"shxr3f"},"content":"                break;","lastModifiedDate":"2022-03-13"},{"lineNumber":160,"author":{"gitId":"shxr3f"},"content":"            case 1:","lastModifiedDate":"2022-03-13"},{"lineNumber":161,"author":{"gitId":"shxr3f"},"content":"                check \u003d check \u0026\u0026 validateDosage(parameters[i]);","lastModifiedDate":"2022-03-13"},{"lineNumber":162,"author":{"gitId":"shxr3f"},"content":"                break;","lastModifiedDate":"2022-03-13"},{"lineNumber":163,"author":{"gitId":"shxr3f"},"content":"            case 2:","lastModifiedDate":"2022-03-13"},{"lineNumber":164,"author":{"gitId":"shxr3f"},"content":"                check \u003d check \u0026\u0026 validateExpiry(parameters[i]);","lastModifiedDate":"2022-03-13"},{"lineNumber":165,"author":{"gitId":"shxr3f"},"content":"                break;","lastModifiedDate":"2022-03-13"},{"lineNumber":166,"author":{"gitId":"shxr3f"},"content":"            case 4:","lastModifiedDate":"2022-03-13"},{"lineNumber":167,"author":{"gitId":"shxr3f"},"content":"                check \u003d check \u0026\u0026 validateQuantity(parameters[i]);","lastModifiedDate":"2022-03-13"},{"lineNumber":168,"author":{"gitId":"shxr3f"},"content":"                break;","lastModifiedDate":"2022-03-13"},{"lineNumber":169,"author":{"gitId":"shxr3f"},"content":"            default:","lastModifiedDate":"2022-03-13"},{"lineNumber":170,"author":{"gitId":"shxr3f"},"content":"                break;","lastModifiedDate":"2022-03-13"},{"lineNumber":171,"author":{"gitId":"shxr3f"},"content":"            }","lastModifiedDate":"2022-03-13"},{"lineNumber":172,"author":{"gitId":"shxr3f"},"content":"        }","lastModifiedDate":"2022-03-13"},{"lineNumber":173,"author":{"gitId":"shxr3f"},"content":"        return check;","lastModifiedDate":"2022-03-13"},{"lineNumber":174,"author":{"gitId":"shxr3f"},"content":"    }","lastModifiedDate":"2022-03-13"},{"lineNumber":175,"author":{"gitId":"shxr3f"},"content":"","lastModifiedDate":"2022-03-13"},{"lineNumber":176,"author":{"gitId":"shxr3f"},"content":"","lastModifiedDate":"2022-03-13"},{"lineNumber":177,"author":{"gitId":"shxr3f"},"content":"","lastModifiedDate":"2022-03-13"},{"lineNumber":178,"author":{"gitId":"shxr3f"},"content":"","lastModifiedDate":"2022-03-13"},{"lineNumber":179,"author":{"gitId":"shxr3f"},"content":"","lastModifiedDate":"2022-03-13"},{"lineNumber":180,"author":{"gitId":"shxr3f"},"content":"","lastModifiedDate":"2022-03-13"},{"lineNumber":181,"author":{"gitId":"shxr3f"},"content":"","lastModifiedDate":"2022-03-13"},{"lineNumber":182,"author":{"gitId":"shxr3f"},"content":"","lastModifiedDate":"2022-03-13"},{"lineNumber":183,"author":{"gitId":"shxr3f"},"content":"","lastModifiedDate":"2022-03-13"},{"lineNumber":184,"author":{"gitId":"shxr3f"},"content":"","lastModifiedDate":"2022-03-13"},{"lineNumber":185,"author":{"gitId":"shxr3f"},"content":"","lastModifiedDate":"2022-03-13"},{"lineNumber":186,"author":{"gitId":"shxr3f"},"content":"","lastModifiedDate":"2022-03-13"},{"lineNumber":187,"author":{"gitId":"shxr3f"},"content":"","lastModifiedDate":"2022-03-13"},{"lineNumber":188,"author":{"gitId":"Anvitha-r"},"content":"}","lastModifiedDate":"2022-03-07"}],"authorContributionMap":{"tanweili":85,"Anvitha-r":4,"shxr3f":83,"kktai1512":16}},{"path":"src/main/java/seedu/duke/helper/UI.java","fileType":"functional-code","lines":[{"lineNumber":1,"author":{"gitId":"Anvitha-r"},"content":"package seedu.duke.helper;","lastModifiedDate":"2022-03-07"},{"lineNumber":2,"author":{"gitId":"Anvitha-r"},"content":"","lastModifiedDate":"2022-03-07"},{"lineNumber":3,"author":{"gitId":"shxr3f"},"content":"import java.util.Scanner;","lastModifiedDate":"2022-03-09"},{"lineNumber":4,"author":{"gitId":"shxr3f"},"content":"","lastModifiedDate":"2022-03-09"},{"lineNumber":5,"author":{"gitId":"Anvitha-r"},"content":"public class UI {","lastModifiedDate":"2022-03-07"},{"lineNumber":6,"author":{"gitId":"shxr3f"},"content":"    private String userInput;","lastModifiedDate":"2022-03-09"},{"lineNumber":7,"author":{"gitId":"shxr3f"},"content":"    private Scanner reader \u003d new Scanner(System.in);","lastModifiedDate":"2022-03-09"},{"lineNumber":8,"author":{"gitId":"shxr3f"},"content":"    private Parser parser \u003d new Parser();","lastModifiedDate":"2022-03-09"},{"lineNumber":9,"author":{"gitId":"shxr3f"},"content":"","lastModifiedDate":"2022-03-09"},{"lineNumber":10,"author":{"gitId":"shxr3f"},"content":"    private void readInput() {","lastModifiedDate":"2022-03-09"},{"lineNumber":11,"author":{"gitId":"shxr3f"},"content":"        this.userInput \u003d reader.nextLine();","lastModifiedDate":"2022-03-09"},{"lineNumber":12,"author":{"gitId":"shxr3f"},"content":"    }","lastModifiedDate":"2022-03-09"},{"lineNumber":13,"author":{"gitId":"shxr3f"},"content":"","lastModifiedDate":"2022-03-09"},{"lineNumber":14,"author":{"gitId":"shxr3f"},"content":"    public String readCommand() {","lastModifiedDate":"2022-03-09"},{"lineNumber":15,"author":{"gitId":"shxr3f"},"content":"        readInput();","lastModifiedDate":"2022-03-09"},{"lineNumber":16,"author":{"gitId":"tanweili"},"content":"        return parser.commandParser(userInput)[0].trim();","lastModifiedDate":"2022-03-10"},{"lineNumber":17,"author":{"gitId":"shxr3f"},"content":"    }","lastModifiedDate":"2022-03-09"},{"lineNumber":18,"author":{"gitId":"shxr3f"},"content":"","lastModifiedDate":"2022-03-09"},{"lineNumber":19,"author":{"gitId":"shxr3f"},"content":"    public String readParameters() {","lastModifiedDate":"2022-03-09"},{"lineNumber":20,"author":{"gitId":"shxr3f"},"content":"        String[] userInputArray \u003d parser.commandParser(userInput);","lastModifiedDate":"2022-03-13"},{"lineNumber":21,"author":{"gitId":"shxr3f"},"content":"        if (userInputArray.length \u003d\u003d 1) {","lastModifiedDate":"2022-03-13"},{"lineNumber":22,"author":{"gitId":"shxr3f"},"content":"            return null;","lastModifiedDate":"2022-03-13"},{"lineNumber":23,"author":{"gitId":"shxr3f"},"content":"        }","lastModifiedDate":"2022-03-13"},{"lineNumber":24,"author":{"gitId":"tanweili"},"content":"        return parser.commandParser(userInput)[1].trim();","lastModifiedDate":"2022-03-10"},{"lineNumber":25,"author":{"gitId":"shxr3f"},"content":"    }","lastModifiedDate":"2022-03-09"},{"lineNumber":26,"author":{"gitId":"wraineflores"},"content":"","lastModifiedDate":"2022-03-09"},{"lineNumber":27,"author":{"gitId":"wraineflores"},"content":"    public void printNewLineSeparator() {","lastModifiedDate":"2022-03-09"},{"lineNumber":28,"author":{"gitId":"wraineflores"},"content":"        System.out.println(\"-------------------------\");","lastModifiedDate":"2022-03-09"},{"lineNumber":29,"author":{"gitId":"wraineflores"},"content":"    }","lastModifiedDate":"2022-03-09"},{"lineNumber":30,"author":{"gitId":"wraineflores"},"content":"","lastModifiedDate":"2022-03-09"},{"lineNumber":31,"author":{"gitId":"wraineflores"},"content":"    public void printGreeting() {","lastModifiedDate":"2022-03-09"},{"lineNumber":32,"author":{"gitId":"wraineflores"},"content":"        printNewLineSeparator();","lastModifiedDate":"2022-03-09"},{"lineNumber":33,"author":{"gitId":"wraineflores"},"content":"        System.out.println(\"Welcome! This is the Hospital Management System.\");","lastModifiedDate":"2022-03-09"},{"lineNumber":34,"author":{"gitId":"wraineflores"},"content":"        System.out.println(\"Please type in your input:\");","lastModifiedDate":"2022-03-09"},{"lineNumber":35,"author":{"gitId":"wraineflores"},"content":"    }","lastModifiedDate":"2022-03-09"},{"lineNumber":36,"author":{"gitId":"wraineflores"},"content":"","lastModifiedDate":"2022-03-09"},{"lineNumber":37,"author":{"gitId":"wraineflores"},"content":"    public void printHelp() {","lastModifiedDate":"2022-03-09"},{"lineNumber":38,"author":{"gitId":"wraineflores"},"content":"        printNewLineSeparator();","lastModifiedDate":"2022-03-09"},{"lineNumber":39,"author":{"gitId":"tanweili"},"content":"        System.out.println(\"Here are the commands and examples:\");","lastModifiedDate":"2022-03-11"},{"lineNumber":40,"author":{"gitId":"wraineflores"},"content":"        System.out.println(\"1. add patient\\n2. delete patient\\n3. view patient\");","lastModifiedDate":"2022-03-09"},{"lineNumber":41,"author":{"gitId":"wraineflores"},"content":"        System.out.println(\"4. add doctor\\n5. delete doctor\\n6. view doctor\");","lastModifiedDate":"2022-03-09"},{"lineNumber":42,"author":{"gitId":"wraineflores"},"content":"        System.out.println(\"6. add patient\\n7. delete patient\\n9. view patient\");","lastModifiedDate":"2022-03-09"},{"lineNumber":43,"author":{"gitId":"wraineflores"},"content":"        System.out.println(\"10. bye\");","lastModifiedDate":"2022-03-09"},{"lineNumber":44,"author":{"gitId":"wraineflores"},"content":"    }","lastModifiedDate":"2022-03-09"},{"lineNumber":45,"author":{"gitId":"wraineflores"},"content":"","lastModifiedDate":"2022-03-09"},{"lineNumber":46,"author":{"gitId":"wraineflores"},"content":"    public void printWrongInput() {","lastModifiedDate":"2022-03-09"},{"lineNumber":47,"author":{"gitId":"wraineflores"},"content":"        printNewLineSeparator();","lastModifiedDate":"2022-03-09"},{"lineNumber":48,"author":{"gitId":"wraineflores"},"content":"        System.out.println(\"Sorry. Input was invalid.\");","lastModifiedDate":"2022-03-09"},{"lineNumber":49,"author":{"gitId":"wraineflores"},"content":"        printHelp();","lastModifiedDate":"2022-03-09"},{"lineNumber":50,"author":{"gitId":"wraineflores"},"content":"    }","lastModifiedDate":"2022-03-09"},{"lineNumber":51,"author":{"gitId":"wraineflores"},"content":"","lastModifiedDate":"2022-03-09"},{"lineNumber":52,"author":{"gitId":"wraineflores"},"content":"    public void printBye() {","lastModifiedDate":"2022-03-09"},{"lineNumber":53,"author":{"gitId":"wraineflores"},"content":"        printNewLineSeparator();","lastModifiedDate":"2022-03-09"},{"lineNumber":54,"author":{"gitId":"wraineflores"},"content":"        System.out.println(\"Goodbye! Exiting the programme.\");","lastModifiedDate":"2022-03-09"},{"lineNumber":55,"author":{"gitId":"wraineflores"},"content":"    }","lastModifiedDate":"2022-03-09"},{"lineNumber":56,"author":{"gitId":"tanweili"},"content":"","lastModifiedDate":"2022-03-11"},{"lineNumber":57,"author":{"gitId":"tanweili"},"content":"    public void printAddPatientWrongFormatMessage() {","lastModifiedDate":"2022-03-11"},{"lineNumber":58,"author":{"gitId":"tanweili"},"content":"        System.out.println(\"It seems like the you are missing some parameters to add a new patient!\");","lastModifiedDate":"2022-03-11"},{"lineNumber":59,"author":{"gitId":"tanweili"},"content":"        System.out.println(\"Please follow the format in the example given below:\");","lastModifiedDate":"2022-03-11"},{"lineNumber":60,"author":{"gitId":"tanweili"},"content":"        System.out.println(\"add patient /info S1234567A, John Doe, 23, M, 10 Baker Street, 1999-12-31, 2021-02-15\");","lastModifiedDate":"2022-03-11"},{"lineNumber":61,"author":{"gitId":"tanweili"},"content":"    }","lastModifiedDate":"2022-03-11"},{"lineNumber":62,"author":{"gitId":"Anvitha-r"},"content":"}","lastModifiedDate":"2022-03-07"}],"authorContributionMap":{"tanweili":9,"wraineflores":29,"Anvitha-r":4,"shxr3f":20}},{"path":"src/test/java/seedu/duke/DukeTest.java","fileType":"test-code","lines":[{"lineNumber":1,"author":{"gitId":"-"},"content":"package seedu.duke;","lastModifiedDate":"2020-05-24"},{"lineNumber":2,"author":{"gitId":"-"},"content":"","lastModifiedDate":"2020-05-24"},{"lineNumber":3,"author":{"gitId":"-"},"content":"import org.junit.jupiter.api.Test;","lastModifiedDate":"2020-05-24"},{"lineNumber":4,"author":{"gitId":"-"},"content":"","lastModifiedDate":"2020-05-24"},{"lineNumber":5,"author":{"gitId":"wraineflores"},"content":"import static org.junit.jupiter.api.Assertions.assertTrue;","lastModifiedDate":"2022-03-03"},{"lineNumber":6,"author":{"gitId":"wraineflores"},"content":"","lastModifiedDate":"2022-03-03"},{"lineNumber":7,"author":{"gitId":"-"},"content":"class DukeTest {","lastModifiedDate":"2020-05-24"},{"lineNumber":8,"author":{"gitId":"-"},"content":"    @Test","lastModifiedDate":"2020-05-24"},{"lineNumber":9,"author":{"gitId":"-"},"content":"    public void sampleTest() {","lastModifiedDate":"2020-05-24"},{"lineNumber":10,"author":{"gitId":"-"},"content":"        assertTrue(true);","lastModifiedDate":"2020-05-24"},{"lineNumber":11,"author":{"gitId":"-"},"content":"    }","lastModifiedDate":"2020-05-24"},{"lineNumber":12,"author":{"gitId":"-"},"content":"}","lastModifiedDate":"2020-05-24"}],"authorContributionMap":{"wraineflores":2,"-":10}}]
