{"authorDailyContributionsMap":{"tanweili":[{"date":"2022-03-03","commitResults":[{"hash":"7a952bf649f6458365f3afcbb2579dba0d9c8186","messageTitle":"Add Wei Li\u0027s name and github weblink to AboutUs.md","messageBody":"","fileTypesAndContributionMap":{"docs":{"insertions":1,"deletions":1}}}]},{"date":"2022-03-10","commitResults":[{"hash":"36919eb43d8b9946ddbda01e1f05ee186d246b56","messageTitle":"Trim string outputs of readCommand() and readParameters()","messageBody":"For proper parsing of commands and parameters and keyword\nrecognition that may not work due to the extra space\ncharacter.\n","fileTypesAndContributionMap":{"functional-code":{"insertions":2,"deletions":2}}},{"hash":"845181addf288782472b552d6e213bae5ccf6962","messageTitle":"Implement basic switch-case statement in Manager class","messageBody":"To have a standard syntax in how we identify the command for now.\n\nFixes #28\n","fileTypesAndContributionMap":{"functional-code":{"insertions":20,"deletions":2}}},{"hash":"836c3b5e74c0e543aca3b3840596b7dcd674bb52","messageTitle":"Implement basic validation template for parseAddPatient","messageBody":"Also added break keyword in Manager to prevent fallthrough\n","fileTypesAndContributionMap":{"functional-code":{"insertions":36,"deletions":5}}},{"hash":"60c979e3a25b3ece635894f0050bc1d58c7de1ca","messageTitle":"Implement addPatient Method in Command Class","messageBody":"","fileTypesAndContributionMap":{"functional-code":{"insertions":14,"deletions":1}}},{"hash":"6eb27a38d5332ffc5d1b30bea3b94f2a21650538","messageTitle":"Implement deletePatient method in Command","messageBody":"Add getSize() and removePatient() methods in PatientList to support\ndeletePatient.\nArray of patients in PatientList class is now private.\n","fileTypesAndContributionMap":{"functional-code":{"insertions":19,"deletions":2}}},{"hash":"9f78d877a1b65065107d0a9a60b3dbe64fc5627a","messageTitle":"Add add patient and delete patient case statement logic","messageBody":"","fileTypesAndContributionMap":{"functional-code":{"insertions":10,"deletions":3}}},{"hash":"1b4d55056f9a548c360c44fe1548eedb1d8c3bf3","messageTitle":"Refactor code for validation in parseAddPatient into various methods","messageBody":"Methods to validate each piece of information can be reused for adding\nDoctors and Medicines.\n","fileTypesAndContributionMap":{"functional-code":{"insertions":54,"deletions":16}}}]},{"date":"2022-03-11","commitResults":[{"hash":"976c3d89cfd9c3d66931ec1f4e8d04b8a51167e8","messageTitle":"Finalize AddPatient method for now","messageBody":"AddPatient is working as long as the input format is correct but\nthere is a lot of code quality issues to be addressed.\n\nAlso the typing in bye will crash the application for now due to\nthe way we are implementing readParameter now which also needs\nto be addressed.\n","fileTypesAndContributionMap":{"functional-code":{"insertions":30,"deletions":9}}},{"hash":"941cd27cc5214975f338b587a8e5e3fbfc56d033","messageTitle":"Change AdmissionDate to admissionDate in Patient","messageBody":"Code quality as pointed by Wraine.\n","fileTypesAndContributionMap":{"functional-code":{"insertions":5,"deletions":5}}},{"hash":"a0abd771b5f504a996804170fee053f341dc0bfc","messageTitle":"Update checkstyle for \u0026\u0026 in Parser","messageBody":"Based on Gradle error message.\n","fileTypesAndContributionMap":{"functional-code":{"insertions":4,"deletions":4}}}]}],"wraineflores":[{"date":"2022-03-03","commitResults":[{"hash":"8d196d3793d069a40091b52c305b7609454f2dc7","messageTitle":"Added name in AboutUS","messageBody":"","fileTypesAndContributionMap":{"docs":{"insertions":2,"deletions":2},"test-code":{"insertions":2,"deletions":2}}}]},{"date":"2022-03-07","commitResults":[{"hash":"4ce22deb6b8dad112799245f805dd6122baeb4f6","messageTitle":"error","messageBody":"","fileTypesAndContributionMap":{"functional-code":{"insertions":62,"deletions":0}}},{"hash":"e20469614e2d3d92c1234f58620ba28db1810c4a","messageTitle":"finally pulled fetched then made small commit","messageBody":"","fileTypesAndContributionMap":{"functional-code":{"insertions":0,"deletions":62}}}]},{"date":"2022-03-09","commitResults":[{"hash":"b558aa3461624215173180bf7e255c8fa0805948","messageTitle":"Fixes #14 greet, help \u0026 bye methods are created in UI class","messageBody":"","fileTypesAndContributionMap":{"functional-code":{"insertions":30,"deletions":0}}},{"hash":"759ff9326fcd6d95501781bdaea53bcfd49aa271","messageTitle":"Edited the AboutUs.md","messageBody":"","fileTypesAndContributionMap":{"docs":{"insertions":3,"deletions":3}}}]},{"date":"2022-03-12","commitResults":[{"hash":"755e3bccead4901fde2297cf38327a4c2661434d","messageTitle":"Created a Person superclass","messageBody":"","fileTypesAndContributionMap":{"functional-code":{"insertions":56,"deletions":54}}},{"hash":"95009526221b738812bed69913559d4f2970c1ae","messageTitle":"Update on Patient class for get methods","messageBody":"","fileTypesAndContributionMap":{"functional-code":{"insertions":7,"deletions":7}}}]}],"Anvitha-r":[{"date":"2022-03-07","commitResults":[{"hash":"11bd9e906f015a750943bffe7913b3eba5fd885b","messageTitle":"skeleton","messageBody":"","fileTypesAndContributionMap":{"functional-code":{"insertions":38,"deletions":0}}},{"hash":"5ccbadb67f0953b029f049b254629041071aa3f3","messageTitle":"skeleton","messageBody":"","fileTypesAndContributionMap":{"functional-code":{"insertions":23,"deletions":0},"docs":{"insertions":7,"deletions":7}}}]}],"shxr3f":[{"date":"2022-03-03","commitResults":[{"hash":"59b7f7a57b97c76e1ed12cc17f5ba643e9cd9637","messageTitle":"Added my details in AboutUs.md","messageBody":"","fileTypesAndContributionMap":{"docs":{"insertions":7,"deletions":7}}}]},{"date":"2022-03-09","commitResults":[{"hash":"9ed5c56036e503fa605f9d6396b1431ddeef62e2","messageTitle":"Corrected naming style to fit conding standards.","messageBody":"","fileTypesAndContributionMap":{"functional-code":{"insertions":2,"deletions":2}}},{"hash":"df13cb9a9df2032beeff6f2c5eae0cf3a43f3a19","messageTitle":"Implemented commandParser method.","messageBody":"","fileTypesAndContributionMap":{"functional-code":{"insertions":4,"deletions":0}}},{"hash":"2b6976c9890241ebbde608247af7e6712f0136f1","messageTitle":"Include runLoop method in Manager and included some general UI methods to read inputs.","messageBody":"","fileTypesAndContributionMap":{"functional-code":{"insertions":50,"deletions":19}}}]}],"kktai1512":[{"date":"2022-03-03","commitResults":[{"hash":"6ed8f3723e20718e5eecaca02dc21c1fdbc29023","messageTitle":"change about us","messageBody":"","fileTypesAndContributionMap":{"docs":{"insertions":7,"deletions":7}}}]},{"date":"2022-03-09","commitResults":[{"hash":"d9142a30d2cbf8c21e92b2275cae4984283a71d8","messageTitle":"view patient and add doctor","messageBody":"","fileTypesAndContributionMap":{"functional-code":{"insertions":141,"deletions":0}}}]},{"date":"2022-03-10","commitResults":[{"hash":"6f7c896cef51966739797aa1c858224184b845f2","messageTitle":"fix Address naming","messageBody":"","fileTypesAndContributionMap":{"functional-code":{"insertions":2,"deletions":2}}},{"hash":"1fd640d1fbfa9f9d970d7afae4426ffea6e016d5","messageTitle":"fix checkstyle","messageBody":"","fileTypesAndContributionMap":{"functional-code":{"insertions":17,"deletions":18}}},{"hash":"3a9f2198f12f8655f536fa7b60043a93dfd54cd7","messageTitle":"fix checkstyle 2","messageBody":"","fileTypesAndContributionMap":{"functional-code":{"insertions":6,"deletions":6}}}]}]},"authorFileTypeContributionMap":{"tanweili":{"docs":1,"functional-code":156,"test-code":0},"wraineflores":{"docs":1,"functional-code":92,"test-code":2},"Anvitha-r":{"docs":3,"functional-code":39,"test-code":0},"shxr3f":{"docs":1,"functional-code":46,"test-code":0},"kktai1512":{"docs":0,"functional-code":91,"test-code":0}},"authorContributionVariance":{"tanweili":1532.1398,"wraineflores":1234.9944,"Anvitha-r":233.93193,"shxr3f":250.65033,"kktai1512":905.7806},"authorDisplayNameMap":{"tanweili":"CS2113T-T09-3 TAN ..I LI","wraineflores":"CS2113T-T09-3 FLOR..EIRA","Anvitha-r":"CS2113T-T09-3 ANVI..ARAM","shxr3f":"CS2113T-T09-3 MOHA..ARIF","kktai1512":"CS2113T-T09-3 TAI ..IANG"}}
