{"authorDailyContributionsMap":{"tanweili":[{"date":"2022-03-03","commitResults":[{"hash":"7a952bf649f6458365f3afcbb2579dba0d9c8186","messageTitle":"Add Wei Li\u0027s name and github weblink to AboutUs.md","messageBody":"","fileTypesAndContributionMap":{"docs":{"insertions":1,"deletions":1}}}]}],"wraineflores":[{"date":"2022-03-03","commitResults":[{"hash":"8d196d3793d069a40091b52c305b7609454f2dc7","messageTitle":"Added name in AboutUS","messageBody":"","fileTypesAndContributionMap":{"docs":{"insertions":2,"deletions":2},"test-code":{"insertions":2,"deletions":2}}}]},{"date":"2022-03-07","commitResults":[{"hash":"4ce22deb6b8dad112799245f805dd6122baeb4f6","messageTitle":"error","messageBody":"","fileTypesAndContributionMap":{"functional-code":{"insertions":62,"deletions":0}}},{"hash":"e20469614e2d3d92c1234f58620ba28db1810c4a","messageTitle":"finally pulled fetched then made small commit","messageBody":"","fileTypesAndContributionMap":{"functional-code":{"insertions":0,"deletions":62}}}]},{"date":"2022-03-09","commitResults":[{"hash":"b558aa3461624215173180bf7e255c8fa0805948","messageTitle":"Fixes #14 greet, help \u0026 bye methods are created in UI class","messageBody":"","fileTypesAndContributionMap":{"functional-code":{"insertions":30,"deletions":0}}},{"hash":"759ff9326fcd6d95501781bdaea53bcfd49aa271","messageTitle":"Edited the AboutUs.md","messageBody":"","fileTypesAndContributionMap":{"docs":{"insertions":3,"deletions":3}}}]}],"Anvitha-r":[{"date":"2022-03-07","commitResults":[{"hash":"11bd9e906f015a750943bffe7913b3eba5fd885b","messageTitle":"skeleton","messageBody":"","fileTypesAndContributionMap":{"functional-code":{"insertions":38,"deletions":0}}},{"hash":"5ccbadb67f0953b029f049b254629041071aa3f3","messageTitle":"skeleton","messageBody":"","fileTypesAndContributionMap":{"functional-code":{"insertions":23,"deletions":0},"docs":{"insertions":7,"deletions":7}}}]}],"shxr3f":[{"date":"2022-03-03","commitResults":[{"hash":"59b7f7a57b97c76e1ed12cc17f5ba643e9cd9637","messageTitle":"Added my details in AboutUs.md","messageBody":"","fileTypesAndContributionMap":{"docs":{"insertions":7,"deletions":7}}}]}],"kktai1512":[{"date":"2022-03-03","commitResults":[{"hash":"6ed8f3723e20718e5eecaca02dc21c1fdbc29023","messageTitle":"change about us","messageBody":"","fileTypesAndContributionMap":{"docs":{"insertions":7,"deletions":7}}}]}]},"authorFileTypeContributionMap":{"tanweili":{"docs":1,"functional-code":0,"test-code":0},"wraineflores":{"docs":1,"functional-code":30,"test-code":2},"Anvitha-r":{"docs":3,"functional-code":61,"test-code":0},"shxr3f":{"docs":1,"functional-code":0,"test-code":0},"kktai1512":{"docs":0,"functional-code":0,"test-code":0}},"authorContributionVariance":{"tanweili":0.19,"wraineflores":766.2399,"Anvitha-r":267.1875,"shxr3f":9.310002,"kktai1512":9.310002},"authorDisplayNameMap":{"tanweili":"CS2113T-T09-3 TAN ..I LI","wraineflores":"CS2113T-T09-3 FLOR..EIRA","Anvitha-r":"CS2113T-T09-3 ANVI..ARAM","shxr3f":"CS2113T-T09-3 MOHA..ARIF","kktai1512":"CS2113T-T09-3 TAI ..IANG"}}
