{"authorDailyContributionsMap":{"tanweili":[{"date":"2022-03-03","commitResults":[{"hash":"7a952bf649f6458365f3afcbb2579dba0d9c8186","messageTitle":"Add Wei Li\u0027s name and github weblink to AboutUs.md","messageBody":"","fileTypesAndContributionMap":{"docs":{"insertions":1,"deletions":1}}}]},{"date":"2022-03-10","commitResults":[{"hash":"36919eb43d8b9946ddbda01e1f05ee186d246b56","messageTitle":"Trim string outputs of readCommand() and readParameters()","messageBody":"For proper parsing of commands and parameters and keyword\nrecognition that may not work due to the extra space\ncharacter.\n","fileTypesAndContributionMap":{"functional-code":{"insertions":2,"deletions":2}}},{"hash":"845181addf288782472b552d6e213bae5ccf6962","messageTitle":"Implement basic switch-case statement in Manager class","messageBody":"To have a standard syntax in how we identify the command for now.\n\nFixes #28\n","fileTypesAndContributionMap":{"functional-code":{"insertions":20,"deletions":2}}},{"hash":"836c3b5e74c0e543aca3b3840596b7dcd674bb52","messageTitle":"Implement basic validation template for parseAddPatient","messageBody":"Also added break keyword in Manager to prevent fallthrough\n","fileTypesAndContributionMap":{"functional-code":{"insertions":36,"deletions":5}}},{"hash":"60c979e3a25b3ece635894f0050bc1d58c7de1ca","messageTitle":"Implement addPatient Method in Command Class","messageBody":"","fileTypesAndContributionMap":{"functional-code":{"insertions":14,"deletions":1}}},{"hash":"6eb27a38d5332ffc5d1b30bea3b94f2a21650538","messageTitle":"Implement deletePatient method in Command","messageBody":"Add getSize() and removePatient() methods in PatientList to support\ndeletePatient.\nArray of patients in PatientList class is now private.\n","fileTypesAndContributionMap":{"functional-code":{"insertions":19,"deletions":2}}},{"hash":"9f78d877a1b65065107d0a9a60b3dbe64fc5627a","messageTitle":"Add add patient and delete patient case statement logic","messageBody":"","fileTypesAndContributionMap":{"functional-code":{"insertions":10,"deletions":3}}},{"hash":"1b4d55056f9a548c360c44fe1548eedb1d8c3bf3","messageTitle":"Refactor code for validation in parseAddPatient into various methods","messageBody":"Methods to validate each piece of information can be reused for adding\nDoctors and Medicines.\n","fileTypesAndContributionMap":{"functional-code":{"insertions":54,"deletions":16}}}]},{"date":"2022-03-11","commitResults":[{"hash":"976c3d89cfd9c3d66931ec1f4e8d04b8a51167e8","messageTitle":"Finalize AddPatient method for now","messageBody":"AddPatient is working as long as the input format is correct but\nthere is a lot of code quality issues to be addressed.\n\nAlso the typing in bye will crash the application for now due to\nthe way we are implementing readParameter now which also needs\nto be addressed.\n","fileTypesAndContributionMap":{"functional-code":{"insertions":30,"deletions":9}}},{"hash":"941cd27cc5214975f338b587a8e5e3fbfc56d033","messageTitle":"Change AdmissionDate to admissionDate in Patient","messageBody":"Code quality as pointed by Wraine.\n","fileTypesAndContributionMap":{"functional-code":{"insertions":5,"deletions":5}}},{"hash":"a0abd771b5f504a996804170fee053f341dc0bfc","messageTitle":"Update checkstyle for \u0026\u0026 in Parser","messageBody":"Based on Gradle error message.\n","fileTypesAndContributionMap":{"functional-code":{"insertions":4,"deletions":4}}}]},{"date":"2022-03-15","commitResults":[{"hash":"51f431a7c7f72319cf9eb9c16c44584ff21809a2","messageTitle":"Refactor parseAddPatient method","messageBody":"I find that Sharif\u0027s way of adding medicine adheres more to the code\nquality so I refactored mine in a similar fashion.\n\nMy next steps are to add in exceptions for the code of my parts and\nthen JUnit testing.\n","fileTypesAndContributionMap":{"functional-code":{"insertions":61,"deletions":58}}},{"hash":"2ec66e3b5f6a0e37a8232c7f92ad519f9e6edf60","messageTitle":"Add exceptions for adding and deleting patients","messageBody":"To prevent crashing. My next step is to add in descriptions\nto instruct the user what to do when they encounter an error.\n","fileTypesAndContributionMap":{"functional-code":{"insertions":18,"deletions":4}}},{"hash":"70797e81fd81e6169a4111d5ecfc352099318f21","messageTitle":"Add desciptions for addPatient input format errors","messageBody":"To guide users on what exactly to correct in order to fit our\nformat specification for addPatient inputs.\n","fileTypesAndContributionMap":{"functional-code":{"insertions":60,"deletions":42}}},{"hash":"ba24ef10fda0aa16ed042ef618db6d7dae331d69","messageTitle":"Refactor NullChecker to isNull","messageBody":"Changed the naming to be more explicit in meaning. Also inverted the\nfunction logic to better suit as guard clause functionality.\n","fileTypesAndContributionMap":{"functional-code":{"insertions":5,"deletions":6}}},{"hash":"2e231de8ad5039839f84eae99bf0788db5aa39d3","messageTitle":"Implement saving new Patient object to patientList","messageBody":"","fileTypesAndContributionMap":{"functional-code":{"insertions":30,"deletions":26}}},{"hash":"5feb5d9d7746e7838057c97901bc94032d166bca","messageTitle":"Update validateFullName regular expression","messageBody":"To be able to handle single word name as well.\n","fileTypesAndContributionMap":{"functional-code":{"insertions":1,"deletions":1}}},{"hash":"b4f95123f0907cf3c27f6474fbfec573c023295c","messageTitle":"Add exception, description and 1-indexing to deletePatient","messageBody":"Exception to make the code more defensive. Description to make\nthe code more user friendly when user input format is not correct.\n1-indexing to make the input more intuitive for users instead of\n0-indexing.\n","fileTypesAndContributionMap":{"functional-code":{"insertions":27,"deletions":9}}}]},{"date":"2022-03-16","commitResults":[{"hash":"bc18d175c8e81b390509dbca5bb9b92d0a13fe42","messageTitle":"Fix views for DoctorList,PatientList and MedicineList","messageBody":"","fileTypesAndContributionMap":{"functional-code":{"insertions":15,"deletions":24}}},{"hash":"fa694d2493cffc53af9c84bf08c0f374b40b9978","messageTitle":"Fix medicine 0-indexing to 1-indexing","messageBody":"","fileTypesAndContributionMap":{"functional-code":{"insertions":1,"deletions":1}}},{"hash":"f7f300b1cfc519993a37acf14d95ed534ecfdb15","messageTitle":"Fixed load doctor issues","messageBody":"","fileTypesAndContributionMap":{"functional-code":{"insertions":5,"deletions":5}}},{"hash":"fbdaf48112c57334887fee261fc3212192944f0f","messageTitle":"Fix medicine description formatting","messageBody":"","fileTypesAndContributionMap":{"functional-code":{"insertions":10,"deletions":4}}},{"hash":"885afbb3955acb2c2cbc9e06060d3e24d004471a","messageTitle":"Fix length of code to adhere to coding standards","messageBody":"","fileTypesAndContributionMap":{"functional-code":{"insertions":3,"deletions":2}}}]},{"date":"2022-03-22","commitResults":[{"hash":"7d1428bfc2c0f8063ef181d4dd3a3946e7f01d2f","messageTitle":"Add JUnit testing methods","messageBody":"For some of the methods I created in V1.0.\n","fileTypesAndContributionMap":{"functional-code":{"insertions":0,"deletions":1},"test-code":{"insertions":31,"deletions":1}}},{"hash":"de5c79251a93a950e3e4fb5d7912c8a9f434c3fb","messageTitle":"Implement basic Appointment and AppointmentList","messageBody":"AppointmentList will be the main interface to store appointment\nrelated information. Features added are adding new appointment,\nshowing all appointment and finding by patient name, doctor name,\nnric or date. More code still needs to be added to Parse and\nCommand to accomodate this addition.\n","fileTypesAndContributionMap":{"functional-code":{"insertions":101,"deletions":0}}},{"hash":"bcd40c6c98dd428fb6b294ce358263a4c5cf5a48","messageTitle":"Add parseAddAppointment in Parse Class","messageBody":"For validation of add appointment input in a similar fashion to\nhow the other add function had been done. For the person doing\nthe extraction of validation, please take note of this new addition.\n","fileTypesAndContributionMap":{"functional-code":{"insertions":85,"deletions":20}}},{"hash":"708c4005521bbb9977cb46b566092902adfea909","messageTitle":"Add preliminary addAppointment method in Manager","messageBody":"This addAppointment method behaves similarly to addPatient and\naddDoctor for now. This is not the final version as more code needs\nto be added to validate against both patientList and doctorList\nwhile adding.\n","fileTypesAndContributionMap":{"functional-code":{"insertions":56,"deletions":10}}},{"hash":"835805af768b4d74713405c52a92c7e8e3682fac","messageTitle":"Add appointment now accepts doctor NRIC also","messageBody":"To facilitate possible finding by NRIC in the future.\n","fileTypesAndContributionMap":{"functional-code":{"insertions":40,"deletions":15}}}]},{"date":"2022-03-23","commitResults":[{"hash":"3549d6d18be45a78884cd83cae9c47f48834fb69","messageTitle":"Add UI print methods to appointment related output","messageBody":"To standardized output with the rest of the program.\n","fileTypesAndContributionMap":{"functional-code":{"insertions":12,"deletions":12}}},{"hash":"22b8d09691ad1d3c2151d4814b0e54bf908cfda2","messageTitle":"Add UI print methods to new Appt and ApptList code","messageBody":"To standardize output print formats thus far.\n","fileTypesAndContributionMap":{"functional-code":{"insertions":19,"deletions":15}}},{"hash":"d8899f3fa4123cfe4bb4c0536d40e336e4f5b6c8","messageTitle":"Add basic text for ApptList.find() feature","messageBody":"For DG draft deadline. To add in puml and update code to implement\nfind appointment features.\n","fileTypesAndContributionMap":{"docs":{"insertions":18,"deletions":4}}},{"hash":"31da821b8688a13c636205c1a514bdd1e2c316bc","messageTitle":"Add find appointment functionality","messageBody":"Add code across Manager, Command, Parser, Validator in their\nrespective standard to have find appointment in the front end.\n","fileTypesAndContributionMap":{"functional-code":{"insertions":28,"deletions":1}}}]},{"date":"2022-03-24","commitResults":[{"hash":"f21ec27aa83616dc484a2bfde6d03c4746651fb6","messageTitle":"Improve delete of patient and doctor","messageBody":"Made .validateNric method in Validator public so that it can be used\nin Parser in the current fashion. Both deletes now expects NRIC format\nexplicitly.\n","fileTypesAndContributionMap":{"functional-code":{"insertions":3,"deletions":1}}}]},{"date":"2022-03-25","commitResults":[{"hash":"124f2219515e9a36daba4faae5c22ea7966ec417","messageTitle":"Integrating previous appt code into the current codebase","messageBody":"Created and implemented various methods across the classes in the\nindividual fashion. However, there\u0027s a bug where I am unable to view\nthe appointment I just added. I have to rerun Duke before I am able\nto view.\n","fileTypesAndContributionMap":{"functional-code":{"insertions":138,"deletions":58}}}]},{"date":"2022-03-26","commitResults":[{"hash":"228cf0e7599345f52fab555573dcf001d4a0d41c","messageTitle":"Resolve bug in previous committed","messageBody":"It was the ordering of nric vs name in constructor method of addAppt.\nAlso deleted the commented old code in Command.\n","fileTypesAndContributionMap":{"functional-code":{"insertions":24,"deletions":151}}},{"hash":"0d201e22b7419e1c6adfa0fee52bfe2c30f2e2e6","messageTitle":"Add some JUnit and Assertions","messageBody":"The assertions I added are just some simple values at the end of\nmethods. Not sure if that is the way to do assertions. Please do\nnot merge yet as I intent to do up some more appt related stuff\nin this branch.\n","fileTypesAndContributionMap":{"functional-code":{"insertions":24,"deletions":0},"other":{"insertions":1,"deletions":0},"test-code":{"insertions":104,"deletions":7}}}]},{"date":"2022-03-27","commitResults":[{"hash":"c514032415269fd35424af6f1959dfc6454f817d","messageTitle":"Remove save file code assertions","messageBody":"Will fail when gradle.run as file can be 0 and remain 0 when invalid\ncommand.\n","fileTypesAndContributionMap":{"functional-code":{"insertions":0,"deletions":9}}},{"hash":"a70e42cb18aa49aeed2e0b88b84f2d5883b961f3","messageTitle":"Add HalpMiException to abstract Command","messageBody":"To accomodate findDoctor Command throwing HalpMiException. Also\nmade some changes to accomodate view appointment however have not\nfinish yet.\n","fileTypesAndContributionMap":{"functional-code":{"insertions":44,"deletions":38}}},{"hash":"6bd201472372293759fdb5aa67f3008a5c5ffc57","messageTitle":"Implement code to view appointments in table","messageBody":"User now able to view all appointments or by specific criteria\nin the table format.\n","fileTypesAndContributionMap":{"functional-code":{"insertions":10,"deletions":10}}},{"hash":"34bf7bc79a93780554cb34a3152baa8ed6a914a9","messageTitle":"Commenting out ApptListTest for now","messageBody":"Due to changes in output test, will wait until changes are finalized\nbefore adding in tests.\n","fileTypesAndContributionMap":{"functional-code":{"insertions":14,"deletions":23},"test-code":{"insertions":4,"deletions":11}}},{"hash":"d6585d8f981a43bd2cf3e0c5c32207f6ed4dd2c9","messageTitle":"Implement delete appt","messageBody":"User is now able to delete appt by appt ID.\n","fileTypesAndContributionMap":{"functional-code":{"insertions":30,"deletions":23}}},{"hash":"d1ed12c9530652cb9cd706b253c7a2b95ff24d42","messageTitle":"Update UserGuide","messageBody":"To add in appt related information.\n","fileTypesAndContributionMap":{"functional-code":{"insertions":21,"deletions":1},"docs":{"insertions":46,"deletions":7}}},{"hash":"de52571c0869324d32696d23ede5409fccb625ce","messageTitle":"Minor update to DG for find appt command","messageBody":"Not sure if find appt command can still be in implementation portion.\nHence, have not yet add in puml for that.\n","fileTypesAndContributionMap":{"docs":{"insertions":13,"deletions":4}}},{"hash":"d03d16b5be431e66e9b04391c95d6f72e304b0cc","messageTitle":"Add in ADD_PATIENT_SUCCESS","messageBody":"To pass CI as my other branch not yet pull to master.\n","fileTypesAndContributionMap":{"functional-code":{"insertions":1,"deletions":0}}}]},{"date":"2022-03-29","commitResults":[{"hash":"27efbb27f13f0e4acd57df0b917897baec68bcf4","messageTitle":"Refactor view appt","messageBody":"To have the same flow between classes as the other classes.\n","fileTypesAndContributionMap":{"functional-code":{"insertions":225,"deletions":118}}},{"hash":"7d229b5e5ed65bccf38aa1924852442dd40da95f","messageTitle":"Update appt small bug where no error message for view appt","messageBody":"When there is view appt with incorrect format, no error message is\nshown previously.\n","fileTypesAndContributionMap":{"functional-code":{"insertions":52,"deletions":7}}}]},{"date":"2022-03-30","commitResults":[{"hash":"ab2d59bcefc561556f399487a67dc4693434e846","messageTitle":"Add UML for Med and Appt classes","messageBody":"Diagrams are in the folder. Please help to check if they are correct.\nEspecially the constructor methods I am not too sure. And whether is\nit okay to use arraylist in the diagram.\n","fileTypesAndContributionMap":{"functional-code":{"insertions":2,"deletions":2},"docs":{"insertions":95,"deletions":0}}},{"hash":"9265aae11ed392a860a46610baaf53cee1758b9c","messageTitle":"Fix checkstyle issue","messageBody":"To pass CI tests.\n","fileTypesAndContributionMap":{"functional-code":{"insertions":2,"deletions":2}}},{"hash":"372938c3f9c3f79df37e8355f12e2bc189008403","messageTitle":"Add UML to DeveloperGuide","messageBody":"Please help to check if the description are okay.\n","fileTypesAndContributionMap":{"docs":{"insertions":26,"deletions":1}}}]}],"wraineflores":[{"date":"2022-03-03","commitResults":[{"hash":"8d196d3793d069a40091b52c305b7609454f2dc7","messageTitle":"Added name in AboutUS","messageBody":"","fileTypesAndContributionMap":{"docs":{"insertions":2,"deletions":2},"test-code":{"insertions":2,"deletions":2}}}]},{"date":"2022-03-07","commitResults":[{"hash":"4ce22deb6b8dad112799245f805dd6122baeb4f6","messageTitle":"error","messageBody":"","fileTypesAndContributionMap":{"functional-code":{"insertions":62,"deletions":0}}},{"hash":"e20469614e2d3d92c1234f58620ba28db1810c4a","messageTitle":"finally pulled fetched then made small commit","messageBody":"","fileTypesAndContributionMap":{"functional-code":{"insertions":0,"deletions":62}}}]},{"date":"2022-03-09","commitResults":[{"hash":"b558aa3461624215173180bf7e255c8fa0805948","messageTitle":"Fixes #14 greet, help \u0026 bye methods are created in UI class","messageBody":"","fileTypesAndContributionMap":{"functional-code":{"insertions":30,"deletions":0}}},{"hash":"759ff9326fcd6d95501781bdaea53bcfd49aa271","messageTitle":"Edited the AboutUs.md","messageBody":"","fileTypesAndContributionMap":{"docs":{"insertions":3,"deletions":3}}}]},{"date":"2022-03-12","commitResults":[{"hash":"755e3bccead4901fde2297cf38327a4c2661434d","messageTitle":"Created a Person superclass","messageBody":"","fileTypesAndContributionMap":{"functional-code":{"insertions":56,"deletions":54}}},{"hash":"95009526221b738812bed69913559d4f2970c1ae","messageTitle":"Update on Patient class for get methods","messageBody":"","fileTypesAndContributionMap":{"functional-code":{"insertions":7,"deletions":7}}}]},{"date":"2022-03-16","commitResults":[{"hash":"4324df3b7e1199b780f710130d848159de699a2c","messageTitle":"Slight formatting change","messageBody":"","fileTypesAndContributionMap":{"functional-code":{"insertions":31,"deletions":6}}},{"hash":"274bed1d8cfa4d91e27d20779422d5218f2e7c5f","messageTitle":"Created viewMedicine function Closes #12 Fixes #12 Closes #13 Fixes #13","messageBody":"","fileTypesAndContributionMap":{"functional-code":{"insertions":48,"deletions":7}}},{"hash":"e403e1ccb7af4d615c4d7a80add7109c9a8bca41","messageTitle":"Updated UI help method. Tried Junit testing","messageBody":"","fileTypesAndContributionMap":{"functional-code":{"insertions":22,"deletions":4},"test-code":{"insertions":29,"deletions":4}}},{"hash":"551308956b0d6775599e4847f55a2ecaa7991e49","messageTitle":"slight formatting change","messageBody":"","fileTypesAndContributionMap":{"functional-code":{"insertions":8,"deletions":8}}},{"hash":"5d39b36937bb4b87aad13a82ffa2418181d10258","messageTitle":"went back to previous ParserTest version","messageBody":"","fileTypesAndContributionMap":{"test-code":{"insertions":5,"deletions":7}}},{"hash":"15ce06fdacabe57b82a450a149b47aaae01dbf26","messageTitle":"Removed \"1,\" from printHelp in add medicine","messageBody":"","fileTypesAndContributionMap":{"functional-code":{"insertions":1,"deletions":1}}},{"hash":"bbd731f85586e0e35039782c5463b034d2246fd3","messageTitle":"Updated the viewMedicine for index search","messageBody":"","fileTypesAndContributionMap":{"functional-code":{"insertions":18,"deletions":7}}},{"hash":"6ff6ebb2842579846770a9786c260db0248bb872","messageTitle":"night time commit","messageBody":"","fileTypesAndContributionMap":{"functional-code":{"insertions":0,"deletions":2}}}]},{"date":"2022-03-23","commitResults":[{"hash":"82c96af01435a3436adfddde5070c2839236916f","messageTitle":"DG UML updates","messageBody":"","fileTypesAndContributionMap":{"functional-code":{"insertions":2,"deletions":1},"docs":{"insertions":22,"deletions":0}}},{"hash":"321053670f3c424b7238307ae8f273364428ce4d","messageTitle":"DG Manager component update","messageBody":"","fileTypesAndContributionMap":{"functional-code":{"insertions":1,"deletions":1},"docs":{"insertions":101,"deletions":18},"test-code":{"insertions":15,"deletions":0}}},{"hash":"813bf925ff257eabe9f76922c9b5bf6ecafe7699","messageTitle":"CommandUML for DG update","messageBody":"","fileTypesAndContributionMap":{"docs":{"insertions":42,"deletions":11}}},{"hash":"1f548c893e1891ce6977220f5358b7d2755fb490","messageTitle":"DG draft Closes #71","messageBody":"","fileTypesAndContributionMap":{"docs":{"insertions":13,"deletions":0}}},{"hash":"8c1fc95f9e46d21095a7070554d79e55b99bf55e","messageTitle":"DG UML draft Closes #71","messageBody":"","fileTypesAndContributionMap":{"docs":{"insertions":0,"deletions":25}}}]},{"date":"2022-03-26","commitResults":[{"hash":"dfab9d3ab7bddc98bd43d3d51d255c0ab3adb173","messageTitle":"Changes for Finder classes","messageBody":"","fileTypesAndContributionMap":{"functional-code":{"insertions":236,"deletions":0},"test-code":{"insertions":81,"deletions":0}}}]},{"date":"2022-03-27","commitResults":[{"hash":"389d2c07584e9b609c9840ecc60fb0fac5444951","messageTitle":"Update for FindDoctor, FindPatient \u0026 FindMedicine Closes #64 Closes #100","messageBody":"","fileTypesAndContributionMap":{"functional-code":{"insertions":723,"deletions":127},"test-code":{"insertions":0,"deletions":75}}},{"hash":"a94d89eb5f3f615985c45b7382a15ffca38cd37a","messageTitle":"Adds try-catch blocks in Lists subclasses","messageBody":"","fileTypesAndContributionMap":{"functional-code":{"insertions":124,"deletions":47}}},{"hash":"9b2f39ecac6ff079e47029ba0e00d31cf49d0afd","messageTitle":"Update downcasting of finder funtions","messageBody":"","fileTypesAndContributionMap":{"functional-code":{"insertions":82,"deletions":224}}}]},{"date":"2022-03-28","commitResults":[{"hash":"d993760260effc11d0c9005273e5469f9fd85659","messageTitle":"Update downcasting v5","messageBody":"","fileTypesAndContributionMap":{"functional-code":{"insertions":24,"deletions":24}}}]},{"date":"2022-03-29","commitResults":[{"hash":"a66b8c9fc95b79909736b238f85b3f8790697bf2","messageTitle":"UML update for Manager, Command \u0026 UI classes","messageBody":"","fileTypesAndContributionMap":{"functional-code":{"insertions":1,"deletions":3},"docs":{"insertions":112,"deletions":22}}}]},{"date":"2022-03-31","commitResults":[{"hash":"41f9b68528323a1211071857f1de9da849437542","messageTitle":"DG linking png images","messageBody":"","fileTypesAndContributionMap":{"docs":{"insertions":9,"deletions":9}}}]}],"Anvitha-r":[{"date":"2022-03-07","commitResults":[{"hash":"11bd9e906f015a750943bffe7913b3eba5fd885b","messageTitle":"skeleton","messageBody":"","fileTypesAndContributionMap":{"functional-code":{"insertions":38,"deletions":0}}},{"hash":"5ccbadb67f0953b029f049b254629041071aa3f3","messageTitle":"skeleton","messageBody":"","fileTypesAndContributionMap":{"functional-code":{"insertions":23,"deletions":0},"docs":{"insertions":7,"deletions":7}}}]},{"date":"2022-03-09","commitResults":[{"hash":"bf3124986021a1fc1c4a9c9191f5d594f4c9734f","messageTitle":"resolved the error from the read me docs","messageBody":"","fileTypesAndContributionMap":{"docs":{"insertions":7,"deletions":7}}}]},{"date":"2022-03-16","commitResults":[{"hash":"7b2a487d41f3cc4271ab22c125bf5048cd1f2e7d","messageTitle":"added the deleteDoctor and viewDoctor commands","messageBody":"","fileTypesAndContributionMap":{"functional-code":{"insertions":4,"deletions":0}}},{"hash":"27a7eabcec0cd40a635ff0f2d705468ffa86fbfc","messageTitle":"added the viewDoctor in doctor list","messageBody":"","fileTypesAndContributionMap":{"functional-code":{"insertions":22,"deletions":5}}},{"hash":"c74df26b05306e814499db3e30e903187eb97d3b","messageTitle":"added the viewDoctor in command and manager run loop","messageBody":"","fileTypesAndContributionMap":{"functional-code":{"insertions":16,"deletions":1}}},{"hash":"b2da7f5db2268c6428c004740237d840e21454d8","messageTitle":"implemented delete doc function in Command and manager","messageBody":"","fileTypesAndContributionMap":{"functional-code":{"insertions":18,"deletions":2}}},{"hash":"e9724a23767dc7540379b2b71dad54ccad10fbee","messageTitle":"edited the parse for view func","messageBody":"","fileTypesAndContributionMap":{"functional-code":{"insertions":34,"deletions":0}}},{"hash":"607bab734c38bde7ea852674e3bf281f2afbc1f0","messageTitle":"edited doctor class","messageBody":"","fileTypesAndContributionMap":{"functional-code":{"insertions":13,"deletions":7}}},{"hash":"bdb2f4bcf85d46de97146839caf1d68ce6af65f4","messageTitle":"updated the placeholder in the doctorList","messageBody":"","fileTypesAndContributionMap":{"functional-code":{"insertions":10,"deletions":1}}},{"hash":"41f0ff4d501fbd422dd0e3f2baceefc4b25fbdfc","messageTitle":"updated the missing methods and some changes","messageBody":"","fileTypesAndContributionMap":{"functional-code":{"insertions":21,"deletions":8}}},{"hash":"7e5247bc85c493c53ce051a71bdeddc54a03f82e","messageTitle":"removed the redundant codes","messageBody":"","fileTypesAndContributionMap":{"functional-code":{"insertions":2,"deletions":8}}},{"hash":"0457940ed8c2014082209fff9364a217013ec2da","messageTitle":"removed the redundant codes(1)","messageBody":"","fileTypesAndContributionMap":{"functional-code":{"insertions":0,"deletions":3}}},{"hash":"c41c3ac9fac1ab94377cf2336076df2776214573","messageTitle":"fix","messageBody":"","fileTypesAndContributionMap":{"docs":{"insertions":0,"deletions":9}}},{"hash":"c46eede65629eb8463854a85ee5e6783119483cd","messageTitle":"fixed","messageBody":"","fileTypesAndContributionMap":{"functional-code":{"insertions":2,"deletions":2}}},{"hash":"ba22f801a01bec2fc748163c71f52206699b3216","messageTitle":"nil","messageBody":"","fileTypesAndContributionMap":{"functional-code":{"insertions":1,"deletions":0}}},{"hash":"c9d4671ea4007dba825120deeb498ec6fd38312d","messageTitle":"nil 1","messageBody":"","fileTypesAndContributionMap":{"functional-code":{"insertions":2,"deletions":7}}},{"hash":"ec73755415195a285228bc01959ad65cbd86dd18","messageTitle":"nil 2","messageBody":"","fileTypesAndContributionMap":{"functional-code":{"insertions":2,"deletions":2}}}]},{"date":"2022-03-25","commitResults":[{"hash":"42e8376a4ef854b6de53890c5e447548259c045e","messageTitle":"update the developer guide","messageBody":"","fileTypesAndContributionMap":{"docs":{"insertions":63,"deletions":15}}},{"hash":"832fdc58a895cf2a13bc5efd5a5cc06d45128d30","messageTitle":"update the logo for HalpMi","messageBody":"","fileTypesAndContributionMap":{"functional-code":{"insertions":16,"deletions":0}}}]},{"date":"2022-03-26","commitResults":[{"hash":"f24f6c732a13ff8f69d5c600e1969b34915c4c0e","messageTitle":"update view function for view doctor","messageBody":"","fileTypesAndContributionMap":{"functional-code":{"insertions":125,"deletions":14}}},{"hash":"d47167d0e761b9451ce587bd32701bc69f77070d","messageTitle":"update view function for view patient","messageBody":"","fileTypesAndContributionMap":{"functional-code":{"insertions":84,"deletions":16}}},{"hash":"aaf6d0f3d02edc2bc710a88ff9dd7fd7e2ddc71f","messageTitle":"update view function for view medicine","messageBody":"","fileTypesAndContributionMap":{"functional-code":{"insertions":36,"deletions":25}}},{"hash":"75d76e0f9353f0b3846f5e91f4d725b0e7acfc2d","messageTitle":"edit patient update","messageBody":"","fileTypesAndContributionMap":{"functional-code":{"insertions":85,"deletions":19}}},{"hash":"13738a157b08967d3ea4adf4f796652991871fc8","messageTitle":"fix formatting issues","messageBody":"","fileTypesAndContributionMap":{"functional-code":{"insertions":75,"deletions":220}}}]},{"date":"2022-03-27","commitResults":[{"hash":"db2925583defee894845dff10421e4b3eb30d1c4","messageTitle":"edit doctor implemented","messageBody":"","fileTypesAndContributionMap":{"functional-code":{"insertions":58,"deletions":7}}},{"hash":"531455b8c3ee6ba143e0f61cd624dcb4b1e1d995","messageTitle":"Merge branch \u0027editPatient\u0027 of https://github.com/Anvitha-r/tp into editPatient","messageBody":"* \u0027editPatient\u0027 of https://github.com/Anvitha-r/tp:\n\n# Conflicts:\n#\tsrc/main/java/seedu/duke/helper/Parser.java\n","fileTypesAndContributionMap":{"functional-code":{"insertions":4,"deletions":2}}},{"hash":"7ea32e0ffbe307b6b98e6642256c92051b162c07","messageTitle":"format find patient using table","messageBody":"","fileTypesAndContributionMap":{"functional-code":{"insertions":14,"deletions":14}}},{"hash":"dc2cd8918bbdafa5edc0adefd4ce6e07ea3f3013","messageTitle":"format find doctor using table","messageBody":"","fileTypesAndContributionMap":{"functional-code":{"insertions":13,"deletions":12}}},{"hash":"66c0b4cc1811a8e07cfef39acb1e078065b1af0a","messageTitle":"format find medicine using table","messageBody":"","fileTypesAndContributionMap":{"functional-code":{"insertions":30,"deletions":14}}},{"hash":"498f4ef7b203352dbdaebd22423a6b4119ac9fe2","messageTitle":"update format of find Doctor","messageBody":"","fileTypesAndContributionMap":{"functional-code":{"insertions":3,"deletions":8}}},{"hash":"286ebf0bbfab6e2e2b77fcf7ef75c7fdf8a3da5f","messageTitle":"update format of find medicine","messageBody":"","fileTypesAndContributionMap":{"functional-code":{"insertions":27,"deletions":0}}},{"hash":"9154672c342fece398eee910f7f151047eae71c7","messageTitle":"update format of find patient","messageBody":"","fileTypesAndContributionMap":{"functional-code":{"insertions":3,"deletions":4}}},{"hash":"9773df445bbb1be1952fe81939a93097aa215229","messageTitle":"update validate medicine","messageBody":"","fileTypesAndContributionMap":{"functional-code":{"insertions":44,"deletions":30}}},{"hash":"e448d393db0b784d46a166037567322f2087f030","messageTitle":"update find command","messageBody":"","fileTypesAndContributionMap":{"functional-code":{"insertions":7,"deletions":7}}},{"hash":"7c6a47d54e96ceaabb6f9cb540968825328ee2ab","messageTitle":"update checkstyle issues","messageBody":"","fileTypesAndContributionMap":{"functional-code":{"insertions":32,"deletions":31}}}]},{"date":"2022-03-28","commitResults":[{"hash":"4a5a51b911061d01bdd91caf2c1b01387ee60313","messageTitle":"fix the build issue","messageBody":"","fileTypesAndContributionMap":{"functional-code":{"insertions":1,"deletions":0}}},{"hash":"cff71748f2db4842b1a4ca6c761af309d887bbcc","messageTitle":"update exception to be thrown for view function for doctor given empty list","messageBody":"","fileTypesAndContributionMap":{"functional-code":{"insertions":17,"deletions":11}}},{"hash":"1ef5cea6d14bc7c01989fd8d48748dd176462a58","messageTitle":"update exception to be thrown for view function for medicine given empty list","messageBody":"","fileTypesAndContributionMap":{"functional-code":{"insertions":9,"deletions":5}}},{"hash":"a71dc631511bbfbb4559ba13ac308c018662c961","messageTitle":"update exception to be thrown for view function for patient given empty list","messageBody":"","fileTypesAndContributionMap":{"functional-code":{"insertions":13,"deletions":9}}},{"hash":"1fd48eced27b8fe39f0f7ffc6007fbbe6c468137","messageTitle":"update exception to be thrown for view function for appointment given empty list","messageBody":"","fileTypesAndContributionMap":{"functional-code":{"insertions":30,"deletions":9},"test-code":{"insertions":0,"deletions":26}}},{"hash":"9938627998cbcc0373cd620c0535aaf6392e0e22","messageTitle":"update statement for add function","messageBody":"","fileTypesAndContributionMap":{"functional-code":{"insertions":3,"deletions":0}}},{"hash":"2e8b3f084119b9f9f13fc6ecc9031e91831e04a4","messageTitle":"update statement for delete function","messageBody":"","fileTypesAndContributionMap":{"functional-code":{"insertions":3,"deletions":0}}},{"hash":"ac0de9fa88d6ef6d3ba464b2f35e11a0f008bf90","messageTitle":"update statement for add function","messageBody":"","fileTypesAndContributionMap":{"functional-code":{"insertions":1,"deletions":0}}},{"hash":"67b7453fd375b6d7debce106cfa263ec2a5f3a64","messageTitle":"update checkstyle issue","messageBody":"","fileTypesAndContributionMap":{"functional-code":{"insertions":2,"deletions":2}}},{"hash":"bd8d80e27b16f10e42d7cd3d7dc5418be6f818b3","messageTitle":"removed duplicates for print statements","messageBody":"","fileTypesAndContributionMap":{"functional-code":{"insertions":9,"deletions":12}}},{"hash":"b953ea6848b898f736cd4d97fdf2ae7899ca1929","messageTitle":"edit exception","messageBody":"","fileTypesAndContributionMap":{"functional-code":{"insertions":3,"deletions":3}}},{"hash":"b7d3c8283e48c8bb6c12dc895c74d9a996a7a0ab","messageTitle":"edit find and view parse function","messageBody":"","fileTypesAndContributionMap":{"functional-code":{"insertions":3,"deletions":8}}},{"hash":"17f2f3b25c5a1ab766f38435b69465ec6fa3554a","messageTitle":"checklist issue fixed","messageBody":"","fileTypesAndContributionMap":{"functional-code":{"insertions":7,"deletions":6},"other":{"insertions":1,"deletions":1},"test-code":{"insertions":7,"deletions":7}}}]},{"date":"2022-03-30","commitResults":[{"hash":"56618377c537d34cbf5c83de8a3c38c1e074455f","messageTitle":"add uml for patient and doctor classes","messageBody":"","fileTypesAndContributionMap":{"functional-code":{"insertions":0,"deletions":3},"docs":{"insertions":86,"deletions":0}}},{"hash":"ad23835752d7905d907ac55513c25e5cda9fac1b","messageTitle":"update the dg","messageBody":"","fileTypesAndContributionMap":{"docs":{"insertions":30,"deletions":0}}}]}],"shxr3f":[{"date":"2022-03-03","commitResults":[{"hash":"59b7f7a57b97c76e1ed12cc17f5ba643e9cd9637","messageTitle":"Added my details in AboutUs.md","messageBody":"","fileTypesAndContributionMap":{"docs":{"insertions":7,"deletions":7}}}]},{"date":"2022-03-09","commitResults":[{"hash":"9ed5c56036e503fa605f9d6396b1431ddeef62e2","messageTitle":"Corrected naming style to fit conding standards.","messageBody":"","fileTypesAndContributionMap":{"functional-code":{"insertions":2,"deletions":2}}},{"hash":"df13cb9a9df2032beeff6f2c5eae0cf3a43f3a19","messageTitle":"Implemented commandParser method.","messageBody":"","fileTypesAndContributionMap":{"functional-code":{"insertions":4,"deletions":0}}},{"hash":"2b6976c9890241ebbde608247af7e6712f0136f1","messageTitle":"Include runLoop method in Manager and included some general UI methods to read inputs.","messageBody":"","fileTypesAndContributionMap":{"functional-code":{"insertions":50,"deletions":19}}}]},{"date":"2022-03-13","commitResults":[{"hash":"d33ac71307e2a9ba3f5ee0840f3715ca8671680e","messageTitle":"Edited Medicine Class and Created MedicineList Class Changed medicineID to integer and created .add method in MedicineList Class","messageBody":"","fileTypesAndContributionMap":{"functional-code":{"insertions":28,"deletions":6}}},{"hash":"56e404a82b21368ea5ce45570962dea19cf51de5","messageTitle":"Implemented parseMedicine method Also implemented various validity check methods to check if parameters given are valid.","messageBody":"","fileTypesAndContributionMap":{"functional-code":{"insertions":82,"deletions":0}}},{"hash":"f14b6be42efec022a17e118af6aeb4c5d20a610c","messageTitle":"Made edits to Command Class Realised that when a command is given by user without any follow up parameters, programme crashes cuz parameters is a null string. Hence implemented nullChecker method that checks if parameters is null before proceeding. Also implemented addMedicine method.","messageBody":"","fileTypesAndContributionMap":{"functional-code":{"insertions":25,"deletions":0}}},{"hash":"cf4e037469f5d0ce03870c5b14213013593f68f2","messageTitle":"Edited readParameters method Returns null now when there are no parameters given.","messageBody":"","fileTypesAndContributionMap":{"functional-code":{"insertions":4,"deletions":0}}},{"hash":"c9f61f5d3c3900ae27fa3b5b8ed1ddb1e08bb487","messageTitle":"Edited Manager Class. The user can now call the add medicine command.","messageBody":"","fileTypesAndContributionMap":{"functional-code":{"insertions":3,"deletions":0}}},{"hash":"41be86c39458ccac9c96fc8c99ee4c9e2d5c3a4e","messageTitle":"Minor changes","messageBody":"","fileTypesAndContributionMap":{"functional-code":{"insertions":1,"deletions":2}}},{"hash":"f28373b2562fb10f52a23f4b9bb9f73ef4a38018","messageTitle":"Made person class abstract","messageBody":"","fileTypesAndContributionMap":{"functional-code":{"insertions":1,"deletions":1}}}]},{"date":"2022-03-15","commitResults":[{"hash":"492286d1be334db9e3b958fb7080deac8bd3e0cc","messageTitle":"Implemented methods that allow users to delete medicine from the records.","messageBody":"","fileTypesAndContributionMap":{"functional-code":{"insertions":25,"deletions":0}}},{"hash":"35fdbbccd3d78260ab23b406cd97a5ab78511814","messageTitle":"Tried out some junit testing on the methods under the Parser class.","messageBody":"","fileTypesAndContributionMap":{"functional-code":{"insertions":2,"deletions":1},"test-code":{"insertions":58,"deletions":0}}},{"hash":"dc11379ec378358087a004cf029c8dd24e4d1231","messageTitle":"Changed imports to avoid starimports.","messageBody":"","fileTypesAndContributionMap":{"test-code":{"insertions":3,"deletions":1}}},{"hash":"8dbbd093d230943063daec6d188833ad374a711a","messageTitle":"Removing starimports.","messageBody":"","fileTypesAndContributionMap":{"test-code":{"insertions":3,"deletions":1}}},{"hash":"8f5416a929c50f0270272c9b820af570f283ccbc","messageTitle":"Just adjusting issues from merge.","messageBody":"","fileTypesAndContributionMap":{"functional-code":{"insertions":1,"deletions":1}}}]},{"date":"2022-03-16","commitResults":[{"hash":"bfe8f1f4abd3153d981759d483a13d14d54e6c6c","messageTitle":"Created Storage Class","messageBody":"","fileTypesAndContributionMap":{"functional-code":{"insertions":44,"deletions":0}}},{"hash":"a58363d7f27b0eb8df26b7cbfc0feec0656df4b3","messageTitle":"edited saveMedicineData method","messageBody":"","fileTypesAndContributionMap":{"functional-code":{"insertions":24,"deletions":0}}},{"hash":"352a2b2acb70527d5f5a82eabfda1548e5a087be","messageTitle":"Added saveString method to each class that returns a string that will be saved.","messageBody":"","fileTypesAndContributionMap":{"functional-code":{"insertions":15,"deletions":0}}},{"hash":"178e7d37fd71e0337af2a1594b35dfb90aecce0a","messageTitle":"Included a getList method in each List Class that allows other classes to access the full list.","messageBody":"","fileTypesAndContributionMap":{"functional-code":{"insertions":14,"deletions":1}}},{"hash":"39756cfb67e212e75f4df3d61771487d951ac18b","messageTitle":"Implemented methods to save and load data from txt files.","messageBody":"","fileTypesAndContributionMap":{"functional-code":{"insertions":90,"deletions":12}}},{"hash":"a861d529f9ab248a2e56d6699b9cd2d98d6f60bd","messageTitle":"All the lists will be stored in the storage class. Storage obj will be initiated in the Manager Class at the launch of the app. This will load all the data that was previously saved. On the exit of the application all data is then saved in csv format in a folder named data.","messageBody":"","fileTypesAndContributionMap":{"functional-code":{"insertions":7,"deletions":6}}},{"hash":"b429513b208e632561d52d17ed786e17b420d8ae","messageTitle":"Implemented 3 methods in UI. printPrompt() prints \"You: \" signalling the user to give his/her input printParagraph() takes in a string that has a few sentences. It will print out the paragraph with indetations for better readability. printCont() takes in a single string that you want to print out but do not require \"HalpMi: \" to appear.","messageBody":"","fileTypesAndContributionMap":{"functional-code":{"insertions":19,"deletions":0}}},{"hash":"c4d40df54d134c810e1f48f913fab37b05640183","messageTitle":"Edited manager class","messageBody":"","fileTypesAndContributionMap":{"functional-code":{"insertions":3,"deletions":4}}},{"hash":"38955959159ef1c86b7105b1ebe0d374b98ba479","messageTitle":"Changed isNull condition","messageBody":"","fileTypesAndContributionMap":{"functional-code":{"insertions":1,"deletions":1}}}]},{"date":"2022-03-22","commitResults":[{"hash":"ef14d469214cdf234eb5f881ac700ed10a969dbc","messageTitle":"Updated UI Class","messageBody":"","fileTypesAndContributionMap":{"functional-code":{"insertions":37,"deletions":52}}},{"hash":"445aefaafb0dd9cc6b8372a31e00ccc0e0f13956","messageTitle":"Updated print statements in Doctor and DoctorList classes","messageBody":"","fileTypesAndContributionMap":{"functional-code":{"insertions":8,"deletions":7}}},{"hash":"2c1a7da501d5f12a315a281f824286b1fd4c096d","messageTitle":"Update Print Statements in MedicineList Class","messageBody":"","fileTypesAndContributionMap":{"functional-code":{"insertions":8,"deletions":5}}},{"hash":"d400819223125908c295e51c204a7b020b61d104","messageTitle":"Update print statements in Patient and PatientList Classes","messageBody":"","fileTypesAndContributionMap":{"functional-code":{"insertions":7,"deletions":6}}},{"hash":"0b92e65faf1b7998a7cf6882b75addb302ead03c","messageTitle":"Updated Print Statements in Helper Classes","messageBody":"","fileTypesAndContributionMap":{"functional-code":{"insertions":34,"deletions":34}}},{"hash":"261cc62db8d183630ce86c51d611334becfcff25","messageTitle":"Made changes to Text-Ui-Test files","messageBody":"","fileTypesAndContributionMap":{"functional-code":{"insertions":0,"deletions":1}}},{"hash":"4f49f6f19de2a758a591b5ed60884a7eb335a64a","messageTitle":"Updated User Guide","messageBody":"","fileTypesAndContributionMap":{"docs":{"insertions":104,"deletions":18}}},{"hash":"09c5dc77d75c4d7de5caebe0bee0dc9027361e7a","messageTitle":"Make some formatting changes to user guide","messageBody":"","fileTypesAndContributionMap":{"docs":{"insertions":12,"deletions":0}}}]},{"date":"2022-03-23","commitResults":[{"hash":"823062a19b0f768083fc33c78a190c39e29ebee5","messageTitle":"Updated Developer Guide Skeleton","messageBody":"","fileTypesAndContributionMap":{"docs":{"insertions":110,"deletions":19}}},{"hash":"545901b79503590c8eae22f5733bd30fd1ea0b49","messageTitle":"Included a new DuplicateEntryException Realised that we are not accounting for any duplicate inserts of a particular asset, hence new exception.","messageBody":"","fileTypesAndContributionMap":{"functional-code":{"insertions":4,"deletions":0}}},{"hash":"2ea236b5e5d1ffde5a8b2df86f1e016d767dc2ad","messageTitle":"Created new NotFoundException This is to deal with cases where delete, find or edit cannot locate an asset with the user given attribute.","messageBody":"","fileTypesAndContributionMap":{"functional-code":{"insertions":4,"deletions":0}}},{"hash":"6727006d1c192b0d154682de2dfa68218df0ce3f","messageTitle":"Changes MedicineId to a string. Reason being, user can now give unique names to each batch.","messageBody":"","fileTypesAndContributionMap":{"functional-code":{"insertions":13,"deletions":4}}},{"hash":"248923a68ab23827ec62827672e49da7673e4358","messageTitle":"Edited MedicineList Class. Changed viewMedicine logic, now user can view medicines by the name. Added editMedcine method that allows users to edit medicine entries.","messageBody":"","fileTypesAndContributionMap":{"functional-code":{"insertions":51,"deletions":17}}},{"hash":"b13e9ead09477ba41c4fb39e57e29823129dfa46","messageTitle":"Updated other classes to finish edit medicine functionality.","messageBody":"","fileTypesAndContributionMap":{"functional-code":{"insertions":42,"deletions":11}}},{"hash":"6fe9628c4872de4e44a46708ad3fe4c58e5aad7f","messageTitle":"Corrected CheckStyle Issues","messageBody":"","fileTypesAndContributionMap":{"functional-code":{"insertions":3,"deletions":2}}},{"hash":"c5ce9376cda88dd80f1bfc62c488bfa4e46089f7","messageTitle":"Update JUnit Tests","messageBody":"","fileTypesAndContributionMap":{"test-code":{"insertions":4,"deletions":4}}},{"hash":"d3052eb0c0215a16756e3acb2d4df7b54aaedccb","messageTitle":"Minor changes to conform to checkstyle.","messageBody":"","fileTypesAndContributionMap":{"test-code":{"insertions":1,"deletions":1}}},{"hash":"638472ea517e73dcebb39bdb2bf4d50af9da4194","messageTitle":"Enabling Assertions","messageBody":"","fileTypesAndContributionMap":{"other":{"insertions":1,"deletions":0}}},{"hash":"b0c8b6913b089f06c42b348b54f75eec2c9dad6b","messageTitle":"Some assertions included for editMedicine functionality!","messageBody":"","fileTypesAndContributionMap":{"functional-code":{"insertions":2,"deletions":0}}},{"hash":"b314abf7f60d5087af46f115c31f1b3589155204","messageTitle":"Minor Changes","messageBody":"","fileTypesAndContributionMap":{"functional-code":{"insertions":1,"deletions":1}}}]},{"date":"2022-03-24","commitResults":[{"hash":"63b86592f80b95d85e5b0e0ab4c862949a81db58","messageTitle":"Made Abstract List Class","messageBody":"","fileTypesAndContributionMap":{"functional-code":{"insertions":49,"deletions":16}}},{"hash":"8211d09a25d80a83f030659b649cb1ad067c8e4d","messageTitle":"Made Abstract Command Class","messageBody":"","fileTypesAndContributionMap":{"functional-code":{"insertions":293,"deletions":132}}},{"hash":"1e754385d9be89311ec29163ee9392e33658ff7e","messageTitle":"Created abstract execute() method","messageBody":"","fileTypesAndContributionMap":{"functional-code":{"insertions":1,"deletions":0}}},{"hash":"be427bd04a80b6b9b8520f60092ad9ccb197da23","messageTitle":"Included methods to return command object","messageBody":"","fileTypesAndContributionMap":{"functional-code":{"insertions":49,"deletions":6}}},{"hash":"9b926cfaec9b9146105e87964a6bd83660fd807d","messageTitle":"Edited List Classes","messageBody":"","fileTypesAndContributionMap":{"functional-code":{"insertions":22,"deletions":6}}},{"hash":"5dfe2e35eb3235eb78c4e7540e07a6fbe6decaf8","messageTitle":"Updated Parser edit methods","messageBody":"","fileTypesAndContributionMap":{"functional-code":{"insertions":24,"deletions":0}}},{"hash":"3e5cfed28dab4ce3c8b62d37f3c1e74e4c861624","messageTitle":"Updated storage and ui","messageBody":"","fileTypesAndContributionMap":{"functional-code":{"insertions":16,"deletions":3}}},{"hash":"061072fd66fa70a225617401a85c4a158c353462","messageTitle":"Created a new Status Enum","messageBody":"","fileTypesAndContributionMap":{"functional-code":{"insertions":16,"deletions":0}}},{"hash":"60d1125c639fad05b9c7ac30248af03341896ec4","messageTitle":"Implemented various Comand classes and execute functions","messageBody":"","fileTypesAndContributionMap":{"functional-code":{"insertions":184,"deletions":131},"other":{"insertions":22,"deletions":17}}},{"hash":"c665df44a6ce5528daf86e10e065f413a6e75960","messageTitle":"Checking Checkstyle","messageBody":"","fileTypesAndContributionMap":{"functional-code":{"insertions":29,"deletions":27},"test-code":{"insertions":2,"deletions":24}}},{"hash":"8436b47dfb697ecd4d72ffeba8074f2b4c1635e4","messageTitle":"Edited Exceptions","messageBody":"","fileTypesAndContributionMap":{"functional-code":{"insertions":18,"deletions":0}}},{"hash":"c7c835d93bc50d469450f51e57e7a12035ced529","messageTitle":"Initialised Exceptions","messageBody":"","fileTypesAndContributionMap":{"functional-code":{"insertions":7,"deletions":7}}},{"hash":"bd531af57dd4d384c78ea2fa0c5cf5d22b786610","messageTitle":"Changed validateMedicine","messageBody":"","fileTypesAndContributionMap":{"functional-code":{"insertions":4,"deletions":2}}},{"hash":"c0fd7d77b13db31f2b7c3430a8f473adb336b79c","messageTitle":"Edited Manager","messageBody":"","fileTypesAndContributionMap":{"functional-code":{"insertions":4,"deletions":7}}}]},{"date":"2022-03-25","commitResults":[{"hash":"8be17489c7880c72020f5eaa62c35c72305fcb1d","messageTitle":"Implemented JUnit Tests for AddCommands","messageBody":"","fileTypesAndContributionMap":{"test-code":{"insertions":118,"deletions":0}}},{"hash":"166fbcc9e2e4093e8f2a1068ba3892b3a67e4261","messageTitle":"Error in parser corrected","messageBody":"","fileTypesAndContributionMap":{"functional-code":{"insertions":2,"deletions":1}}},{"hash":"289e40000bedd6a1d12c642182613ca0280b5021","messageTitle":"Implemented JUnit Tests for DeleteCommands","messageBody":"","fileTypesAndContributionMap":{"test-code":{"insertions":130,"deletions":0}}},{"hash":"9775344acc4a20430a19e1d4782626b853e585d1","messageTitle":"Implemented JUnit Test for EditMedicineCommand","messageBody":"","fileTypesAndContributionMap":{"test-code":{"insertions":43,"deletions":0}}},{"hash":"8412b74a41f680d8211fe8ecbfd0970c61e6ef1f","messageTitle":"Implemented JUnit Tests for add Parser methods.","messageBody":"","fileTypesAndContributionMap":{"functional-code":{"insertions":1,"deletions":1},"test-code":{"insertions":87,"deletions":6}}},{"hash":"c79bcbbcd79043e4c2caf57b4605b62f70318668","messageTitle":"Additional Test cases.","messageBody":"","fileTypesAndContributionMap":{"test-code":{"insertions":6,"deletions":4}}},{"hash":"d4d353ed710e6ad87aed43ef1137603016cca072","messageTitle":"Correcting CheckStyle issues.","messageBody":"","fileTypesAndContributionMap":{"functional-code":{"insertions":2,"deletions":2}}},{"hash":"65382ed11d297ba61d8b0c211bab3b3a55fbf1bf","messageTitle":"Implemented JUnit tests for parseDelete and parseView methods","messageBody":"","fileTypesAndContributionMap":{"functional-code":{"insertions":2,"deletions":0},"test-code":{"insertions":180,"deletions":0}}},{"hash":"9dc9a0df50cadacab70fe6d0a3e8ec1498233b7f","messageTitle":"Implemented JUnit tests for parseEditMedicine method","messageBody":"","fileTypesAndContributionMap":{"test-code":{"insertions":27,"deletions":0}}},{"hash":"2716493886bb497cbb890f35d0a5387db9f0c4a6","messageTitle":"Edited to conform to CheckStyle","messageBody":"","fileTypesAndContributionMap":{"test-code":{"insertions":35,"deletions":31}}}]},{"date":"2022-03-26","commitResults":[{"hash":"a6d8a3cb9799fc26d5d2a5df1711b8d28e2b504c","messageTitle":"Changed Comment to conform to checkstyle","messageBody":"","fileTypesAndContributionMap":{"functional-code":{"insertions":135,"deletions":138}}},{"hash":"75a45379d6b0fb33c7140555396998871d7c25b3","messageTitle":"Edited Test-UI-Test","messageBody":"","fileTypesAndContributionMap":{"functional-code":{"insertions":1,"deletions":0}}},{"hash":"bde49b203639c8062a336f33aae1ce8dd2ebf185","messageTitle":"Included methods to find expired medicine and to shift them to separate list.","messageBody":"","fileTypesAndContributionMap":{"functional-code":{"insertions":35,"deletions":0}}},{"hash":"94494cea29102e0c0a71a02ddf76fe0daaccae95","messageTitle":"Created 2 new command classes to deal with updating medicine inventory and clearing.","messageBody":"","fileTypesAndContributionMap":{"functional-code":{"insertions":48,"deletions":0}}},{"hash":"8109faeadd41113d8f22e780cae524493c89b780","messageTitle":"Removed 6 month requirement to add medcine. You can add now as long as expiry after current date.","messageBody":"","fileTypesAndContributionMap":{"functional-code":{"insertions":1,"deletions":1}}},{"hash":"4308eee4b1153daa5afdff23d7d571aaf4a8cc12","messageTitle":"Created parser methods for new medicine features and created new success statuses.","messageBody":"","fileTypesAndContributionMap":{"functional-code":{"insertions":18,"deletions":0}}},{"hash":"00b0a4d1a2415c94fa2c39e3ee1ae79e899d12af","messageTitle":"Included new commands in manager","messageBody":"","fileTypesAndContributionMap":{"functional-code":{"insertions":8,"deletions":0}}},{"hash":"b086c25dec23318f78dcb031a132ba10269ed270","messageTitle":"Implemented JUnit tests for new methods!","messageBody":"","fileTypesAndContributionMap":{"test-code":{"insertions":41,"deletions":0}}}]},{"date":"2022-03-27","commitResults":[{"hash":"ea5d6f0fd25b0284edf22d5eacbb62bd32f7c1e1","messageTitle":"Update ReadMe","messageBody":"","fileTypesAndContributionMap":{"docs":{"insertions":10,"deletions":96}}},{"hash":"debbbca7ae354dfdb60689719ea46c5a658c4fa5","messageTitle":"Update Introduction of User Guide","messageBody":"","fileTypesAndContributionMap":{"docs":{"insertions":17,"deletions":1}}},{"hash":"55e9af226a082f26091fe1b2933237153e60ebbe","messageTitle":"Original mixup with gender and address corrected.","messageBody":"","fileTypesAndContributionMap":{"functional-code":{"insertions":7,"deletions":8}}},{"hash":"9c4873891c23aa5d0e7759143a94a455de86ff17","messageTitle":"updated view expired medicine with new table implementation","messageBody":"","fileTypesAndContributionMap":{"functional-code":{"insertions":11,"deletions":8}}},{"hash":"9af787ee98783decadcf79de257bab1d91d5f8f3","messageTitle":"Logo Issue and update test ui","messageBody":"","fileTypesAndContributionMap":{"functional-code":{"insertions":1,"deletions":6}}},{"hash":"7c1706001a822dbf489dacefa98e58eedcd3d0ba","messageTitle":"update parser test","messageBody":"","fileTypesAndContributionMap":{"functional-code":{"insertions":1,"deletions":1},"test-code":{"insertions":1,"deletions":2}}},{"hash":"0e8cf6f56622e3538be4460fbcc424264ca5af29","messageTitle":"Remove star import","messageBody":"","fileTypesAndContributionMap":{"test-code":{"insertions":3,"deletions":2}}},{"hash":"37d8d1f09185591f32b3f10c6e2835a51feee7f6","messageTitle":"More Updates to UserGUide","messageBody":"","fileTypesAndContributionMap":{"docs":{"insertions":10,"deletions":0}}},{"hash":"a4a40900f164de6e023df9274c0a97e4ae55ecc8","messageTitle":"Included a content table","messageBody":"","fileTypesAndContributionMap":{"docs":{"insertions":21,"deletions":0}}},{"hash":"b92949863443d513af8aaa454a0388892eda9187","messageTitle":"Added divisions for new parts","messageBody":"","fileTypesAndContributionMap":{"docs":{"insertions":36,"deletions":7}}}]},{"date":"2022-03-28","commitResults":[{"hash":"f847dc0b3e2b442a3ba54121d5f30503ddf87997","messageTitle":"Implementing edit appointment function","messageBody":"","fileTypesAndContributionMap":{"functional-code":{"insertions":52,"deletions":1}}},{"hash":"3c0d0ac4730d3558111159d38d4d034a97619207","messageTitle":"Implement UI print Status","messageBody":"","fileTypesAndContributionMap":{"functional-code":{"insertions":45,"deletions":1}}},{"hash":"365c932c0a34dfae9c82c901d7e79d22920994ca","messageTitle":"edited UI Tests","messageBody":"","fileTypesAndContributionMap":{"functional-code":{"insertions":1,"deletions":2}}},{"hash":"d3045a56e1209107481c0ac9185cdcf2481c78aa","messageTitle":"Update User Guide","messageBody":"","fileTypesAndContributionMap":{"docs":{"insertions":159,"deletions":20}}},{"hash":"d6d9ac7853c3b74aadb8e380d184fc8c70e3e037","messageTitle":"Update ReadME","messageBody":"","fileTypesAndContributionMap":{"docs":{"insertions":3,"deletions":3}}},{"hash":"5a4da373fe201d5f7df5f792b20487bcdb14dd78","messageTitle":"Update UG","messageBody":"","fileTypesAndContributionMap":{"docs":{"insertions":38,"deletions":20}}}]},{"date":"2022-03-29","commitResults":[{"hash":"ed5eea069180c4725daeef60624b4b7617be071d","messageTitle":"Created Sequence Diagram for Overall Architecture","messageBody":"","fileTypesAndContributionMap":{"docs":{"insertions":111,"deletions":0}}}]},{"date":"2022-03-30","commitResults":[{"hash":"df067cb706cc9417ea0daaf78016f22fb65019a1","messageTitle":"Included Sequence Diagram in DG","messageBody":"","fileTypesAndContributionMap":{"docs":{"insertions":16,"deletions":10}}},{"hash":"dc1826644049101a0973e5e79bd09dd3aa7b6f52","messageTitle":"Create Class Diagram for Stroage Class Including small description of the methods and variables.","messageBody":"","fileTypesAndContributionMap":{"docs":{"insertions":45,"deletions":2}}},{"hash":"422712700cde9ca6ef4e07e77384aa64b227b324","messageTitle":"Update UserGuide","messageBody":"","fileTypesAndContributionMap":{"docs":{"insertions":22,"deletions":0}}},{"hash":"44092a4e9145f6010af1d6df9f313a38932c7771","messageTitle":"Included Architecture Diagram","messageBody":"","fileTypesAndContributionMap":{"docs":{"insertions":2,"deletions":0}}},{"hash":"f9c8e71450d5e14769389c72b7a6dac5e315e4fd","messageTitle":"Making corrections to format","messageBody":"","fileTypesAndContributionMap":{"docs":{"insertions":20,"deletions":8}}},{"hash":"0e06254371e3307cdda019149798987cdcdd6283","messageTitle":"More changes to formatting","messageBody":"","fileTypesAndContributionMap":{"docs":{"insertions":2,"deletions":2}}},{"hash":"9d8559ea3ab8b867d0039fc91b4400547ebafe92","messageTitle":"Adding full stops.","messageBody":"","fileTypesAndContributionMap":{"docs":{"insertions":15,"deletions":12}}}]}],"kktai1512":[{"date":"2022-03-03","commitResults":[{"hash":"6ed8f3723e20718e5eecaca02dc21c1fdbc29023","messageTitle":"change about us","messageBody":"","fileTypesAndContributionMap":{"docs":{"insertions":7,"deletions":7}}}]},{"date":"2022-03-09","commitResults":[{"hash":"d9142a30d2cbf8c21e92b2275cae4984283a71d8","messageTitle":"view patient and add doctor","messageBody":"","fileTypesAndContributionMap":{"functional-code":{"insertions":141,"deletions":0}}}]},{"date":"2022-03-10","commitResults":[{"hash":"6f7c896cef51966739797aa1c858224184b845f2","messageTitle":"fix Address naming","messageBody":"","fileTypesAndContributionMap":{"functional-code":{"insertions":2,"deletions":2}}},{"hash":"1fd640d1fbfa9f9d970d7afae4426ffea6e016d5","messageTitle":"fix checkstyle","messageBody":"","fileTypesAndContributionMap":{"functional-code":{"insertions":17,"deletions":18}}},{"hash":"3a9f2198f12f8655f536fa7b60043a93dfd54cd7","messageTitle":"fix checkstyle 2","messageBody":"","fileTypesAndContributionMap":{"functional-code":{"insertions":6,"deletions":6}}}]},{"date":"2022-03-15","commitResults":[{"hash":"3618d2d04f65129d7764d2096e1f7480933e76b2","messageTitle":"update viewPatient","messageBody":"","fileTypesAndContributionMap":{"functional-code":{"insertions":19,"deletions":6}}}]},{"date":"2022-03-16","commitResults":[{"hash":"7ba65f4a74b51e09593202138706d4f97a6de6f1","messageTitle":"refactor validate person","messageBody":"","fileTypesAndContributionMap":{"functional-code":{"insertions":50,"deletions":2}}},{"hash":"7c34ed93785f8111d0092c1cd385dfea8f3e84e5","messageTitle":"add add doctor in manager","messageBody":"","fileTypesAndContributionMap":{"functional-code":{"insertions":14,"deletions":4}}},{"hash":"f9255bd34e7ab3cfcd85c25a9a61c9fd9618a7a7","messageTitle":"add doctor fix","messageBody":"","fileTypesAndContributionMap":{"functional-code":{"insertions":12,"deletions":3}}},{"hash":"2a2ca2c4f78236d0bc6723eddcedf87c4a9e6d3b","messageTitle":"successfully view patient","messageBody":"","fileTypesAndContributionMap":{"functional-code":{"insertions":4,"deletions":15}}},{"hash":"4e740d0bba78dd5563c5e436b949c57679153e97","messageTitle":"fix patientlist to string","messageBody":"","fileTypesAndContributionMap":{"functional-code":{"insertions":1,"deletions":1}}},{"hash":"c3f5fb68e6c8c880f5cbe0d24428351294dee67f","messageTitle":"fix coding standard if else","messageBody":"","fileTypesAndContributionMap":{"functional-code":{"insertions":1,"deletions":2}}},{"hash":"c3be1633ca81b89b9c87e045f038ba94daf677e5","messageTitle":"create basic readme","messageBody":"","fileTypesAndContributionMap":{"docs":{"insertions":94,"deletions":6}}}]},{"date":"2022-03-23","commitResults":[{"hash":"25c9605bfb0b7be0867495b04548450721c14c55","messageTitle":"abstract validation to validator helper class","messageBody":"","fileTypesAndContributionMap":{"functional-code":{"insertions":193,"deletions":189},"test-code":{"insertions":1,"deletions":1}}},{"hash":"91e577c63cdbf906b04c956d5ea7a1ee3efcbdc5","messageTitle":"arrange methods to achieve cohesion","messageBody":"","fileTypesAndContributionMap":{"functional-code":{"insertions":82,"deletions":75}}},{"hash":"9342e2eed1e7f9b28bd4a49500492231e1eb8878","messageTitle":"validator","messageBody":"","fileTypesAndContributionMap":{"functional-code":{"insertions":2,"deletions":2}}},{"hash":"f6d26e3de0fef1ad30db80aa92f70fcbb6a8ef80","messageTitle":"add an exception class","messageBody":"","fileTypesAndContributionMap":{"functional-code":{"insertions":7,"deletions":0}}},{"hash":"315715a0b28bef35f08d3caf4555e720299e1766","messageTitle":"add some javadocs for validator","messageBody":"","fileTypesAndContributionMap":{"functional-code":{"insertions":53,"deletions":16}}},{"hash":"d235b3fb31308a3d4d3716d54ea81bcefe7eb9d2","messageTitle":"add parameter length check function","messageBody":"","fileTypesAndContributionMap":{"functional-code":{"insertions":14,"deletions":7}}},{"hash":"a3ad6e99d43aa4516b9d713739682a05cb4a47f5","messageTitle":"futher abstract patient and doctor vaidator","messageBody":"","fileTypesAndContributionMap":{"functional-code":{"insertions":29,"deletions":47}}},{"hash":"b4c5c4661787db9835ee5bfd6b4289e9a8b2cd78","messageTitle":"add doctor and add patient simplify","messageBody":"","fileTypesAndContributionMap":{"functional-code":{"insertions":23,"deletions":28}}},{"hash":"4958de94dbcac4c347b2604b78d64b56e32c1597","messageTitle":"further clean up and refactor","messageBody":"","fileTypesAndContributionMap":{"functional-code":{"insertions":45,"deletions":65},"test-code":{"insertions":2,"deletions":1}}},{"hash":"d91d1d91ae98050b2135a081b3c0bf83ea980222","messageTitle":"change delete mdicine method in medicinelist logic to delete based on real index","messageBody":"","fileTypesAndContributionMap":{"functional-code":{"insertions":3,"deletions":3}}},{"hash":"6c81d4aa085b4a216980c350390198651df71cef","messageTitle":"further clean up and abstract","messageBody":"","fileTypesAndContributionMap":{"functional-code":{"insertions":19,"deletions":19},"test-code":{"insertions":2,"deletions":2}}},{"hash":"bc71a9f5d562187f5ccda9550d870cea7a3eaff4","messageTitle":"fix bugs","messageBody":"","fileTypesAndContributionMap":{"functional-code":{"insertions":2,"deletions":2},"test-code":{"insertions":2,"deletions":3}}},{"hash":"a697c9ac3a938f0e9b3f44abe3ca03b370ffa3a3","messageTitle":"fix checkstyle","messageBody":"","fileTypesAndContributionMap":{"functional-code":{"insertions":5,"deletions":52}}},{"hash":"cdaf77180b887e4f8370e3a7e0c62c7fa558c675","messageTitle":"merge from master","messageBody":"","fileTypesAndContributionMap":{"functional-code":{"insertions":73,"deletions":86}}},{"hash":"94533d18f6baf0d11626043897b8b9eea67e5c4e","messageTitle":"fix checkstyle test","messageBody":"","fileTypesAndContributionMap":{"test-code":{"insertions":2,"deletions":1}}}]},{"date":"2022-03-25","commitResults":[{"hash":"d4bc4c4a2d9d9d79cb762b3b0f14f0679428b384","messageTitle":"merge from upstream","messageBody":"","fileTypesAndContributionMap":{"functional-code":{"insertions":1,"deletions":0}}},{"hash":"095dfcdc60309658e396f2c4dfb104c396246819","messageTitle":"rubbish UML","messageBody":"","fileTypesAndContributionMap":{"docs":{"insertions":14,"deletions":0}}}]},{"date":"2022-03-28","commitResults":[{"hash":"a117319f82c2941a5d0f867e2ef71f6959635381","messageTitle":"UML update for parser and validator","messageBody":"","fileTypesAndContributionMap":{"docs":{"insertions":32,"deletions":13}}},{"hash":"50cc48ada0eee917874a489ea0c13c3393e7a511","messageTitle":"update DG","messageBody":"","fileTypesAndContributionMap":{"docs":{"insertions":5,"deletions":3}}}]},{"date":"2022-03-30","commitResults":[{"hash":"d8ef9eee73211102bfdb93da288da6f204c1be63","messageTitle":"DG uml","messageBody":"","fileTypesAndContributionMap":{"docs":{"insertions":15,"deletions":4}}},{"hash":"c1cdbe92bdbfb38f6a43cf30c195ffb911970346","messageTitle":"Parser UML","messageBody":"","fileTypesAndContributionMap":{"docs":{"insertions":31,"deletions":0}}},{"hash":"d917e38c44ccf63a522de524f89c0f11196ac2b1","messageTitle":"validatorUML","messageBody":"","fileTypesAndContributionMap":{"docs":{"insertions":33,"deletions":0}}},{"hash":"9989947a1efe4d7f699a6f6d0a0f6a0b42a8337a","messageTitle":"exception uml","messageBody":"","fileTypesAndContributionMap":{"docs":{"insertions":17,"deletions":0}}},{"hash":"6ff982e1f16be020b1c55a3f1573c6b376cbd0e1","messageTitle":"rename exception class diagam","messageBody":"","fileTypesAndContributionMap":{"docs":{"insertions":0,"deletions":0}}},{"hash":"94d8574d4046166f3f09dbc3884a4e5649927dfa","messageTitle":"exception uml revert back to pre-refactored","messageBody":"","fileTypesAndContributionMap":{"docs":{"insertions":11,"deletions":8}}},{"hash":"d48e1e8427ae75e3d73b8db7b0a2391ece0aa224","messageTitle":"updated DG with uml","messageBody":"","fileTypesAndContributionMap":{"docs":{"insertions":23,"deletions":5}}}]}]},"authorFileTypeContributionMap":{"tanweili":{"docs":185,"functional-code":620,"test-code":92,"other":1},"wraineflores":{"docs":196,"functional-code":820,"test-code":44},"Anvitha-r":{"docs":175,"functional-code":596,"test-code":8},"shxr3f":{"docs":649,"functional-code":981,"test-code":664,"other":1},"kktai1512":{"docs":145,"functional-code":293,"test-code":2}},"authorContributionVariance":{"tanweili":13513.361,"wraineflores":48958.887,"Anvitha-r":15689.717,"shxr3f":46783.582,"kktai1512":32245.953},"authorDisplayNameMap":{"tanweili":"CS2113T-T09-3 TAN ..I LI","wraineflores":"CS2113T-T09-3 FLOR..EIRA","Anvitha-r":"CS2113T-T09-3 ANVI..ARAM","shxr3f":"CS2113T-T09-3 MOHA..ARIF","kktai1512":"CS2113T-T09-3 TAI ..IANG"}}
