[{"path":"docs/AboutUs.md","fileType":"docs","lines":[{"lineNumber":1,"author":{"gitId":"-"},"content":"# About us","lastModifiedDate":"2020-05-24"},{"lineNumber":2,"author":{"gitId":"-"},"content":"","lastModifiedDate":"2020-05-24"},{"lineNumber":3,"author":{"gitId":"yanjie1017"},"content":"","lastModifiedDate":"2022-03-07"},{"lineNumber":4,"author":{"gitId":"ibrahimisramos"},"content":"| Display                                             |      Name      |               Github Profile                |                Portfolio                 |","lastModifiedDate":"2022-03-03"},{"lineNumber":5,"author":{"gitId":"ibrahimisramos"},"content":"|-----------------------------------------------------|:--------------:|:-------------------------------------------:|:----------------------------------------:|","lastModifiedDate":"2022-03-03"},{"lineNumber":6,"author":{"gitId":"ibrahimisramos"},"content":"| ![](https://via.placeholder.com/100.png?text\u003dPhoto) | Ibrahim Sharul | [Github](https://github.com/ibrahimisramos) | [Portfolio](docs/team/ibrahimisramos.md) |","lastModifiedDate":"2022-03-03"},{"lineNumber":7,"author":{"gitId":"angyongming"},"content":"| ![](https://via.placeholder.com/100.png?text\u003dPhoto) | Ang Yong Ming  |  [Github](https://github.com/angyongming)   |  [Portfolio](docs/team/angyongming.md)   |","lastModifiedDate":"2022-03-07"},{"lineNumber":8,"author":{"gitId":"yanjie1017"},"content":"| ![](https://via.placeholder.com/100.png?text\u003dPhoto) |  Toh Yan Jie   |   [Github](https://github.com/yanjie1017)   |   [Portfolio](docs/team/tohyanjie.md)    |","lastModifiedDate":"2022-03-04"},{"lineNumber":9,"author":{"gitId":"yanjie1017"},"content":"| ![](https://via.placeholder.com/100.png?text\u003dPhoto) |     Li Hao     | [Github](https://github.com/lihao-InfoSec)  | [Portfolio](docs/team/README.md)         |","lastModifiedDate":"2022-03-07"},{"lineNumber":10,"author":{"gitId":"yanjie1017"},"content":"","lastModifiedDate":"2022-03-04"}],"authorContributionMap":{"yanjie1017":4,"angyongming":1,"-":2,"ibrahimisramos":3}},{"path":"docs/team/ibrahimsharul.md","fileType":"docs","lines":[{"lineNumber":1,"author":{"gitId":"ibrahimisramos"},"content":"# ibrahim sharul - Project Portfolio Page","lastModifiedDate":"2022-03-03"},{"lineNumber":2,"author":{"gitId":"ibrahimisramos"},"content":"","lastModifiedDate":"2022-03-03"},{"lineNumber":3,"author":{"gitId":"ibrahimisramos"},"content":"## Overview","lastModifiedDate":"2022-03-03"},{"lineNumber":4,"author":{"gitId":"ibrahimisramos"},"content":"Testing","lastModifiedDate":"2022-03-03"},{"lineNumber":5,"author":{"gitId":"ibrahimisramos"},"content":"","lastModifiedDate":"2022-03-03"},{"lineNumber":6,"author":{"gitId":"ibrahimisramos"},"content":"### Summary of Contributions","lastModifiedDate":"2022-03-03"},{"lineNumber":7,"author":{"gitId":"ibrahimisramos"},"content":"Project leader","lastModifiedDate":"2022-03-03"}],"authorContributionMap":{"ibrahimisramos":7}},{"path":"docs/team/tohyanjie.md","fileType":"docs","lines":[{"lineNumber":1,"author":{"gitId":"yanjie1017"},"content":"# Toh Yan Jie","lastModifiedDate":"2022-03-03"}],"authorContributionMap":{"yanjie1017":1}},{"path":"src/main/java/seedu/duke/AddCommand.java","fileType":"functional-code","lines":[{"lineNumber":1,"author":{"gitId":"yanjie1017"},"content":"package seedu.duke;","lastModifiedDate":"2022-03-09"},{"lineNumber":2,"author":{"gitId":"yanjie1017"},"content":"","lastModifiedDate":"2022-03-09"},{"lineNumber":3,"author":{"gitId":"yanjie1017"},"content":"public class AddCommand {","lastModifiedDate":"2022-03-09"},{"lineNumber":4,"author":{"gitId":"yanjie1017"},"content":"    public static Event execute(String[] addDescription) {","lastModifiedDate":"2022-03-09"},{"lineNumber":5,"author":{"gitId":"yanjie1017"},"content":"        // check parameter value errors","lastModifiedDate":"2022-03-09"},{"lineNumber":6,"author":{"gitId":"angyongming"},"content":"        Event newInput \u003d new Lesson(addDescription);","lastModifiedDate":"2022-03-09"},{"lineNumber":7,"author":{"gitId":"angyongming"},"content":"        Timetable.add(newInput);","lastModifiedDate":"2022-03-09"},{"lineNumber":8,"author":{"gitId":"angyongming"},"content":"        return newInput;","lastModifiedDate":"2022-03-09"},{"lineNumber":9,"author":{"gitId":"angyongming"},"content":"    }","lastModifiedDate":"2022-03-09"},{"lineNumber":10,"author":{"gitId":"angyongming"},"content":"","lastModifiedDate":"2022-03-09"},{"lineNumber":11,"author":{"gitId":"angyongming"},"content":"    public static void printConfirmation(Event event) {","lastModifiedDate":"2022-03-09"},{"lineNumber":12,"author":{"gitId":"angyongming"},"content":"        System.out.println(\"The following event has been added to your timetable:\");","lastModifiedDate":"2022-03-09"},{"lineNumber":13,"author":{"gitId":"angyongming"},"content":"        System.out.println(event);","lastModifiedDate":"2022-03-09"},{"lineNumber":14,"author":{"gitId":"yanjie1017"},"content":"    }","lastModifiedDate":"2022-03-09"},{"lineNumber":15,"author":{"gitId":"yanjie1017"},"content":"}","lastModifiedDate":"2022-03-09"}],"authorContributionMap":{"yanjie1017":7,"angyongming":8}},{"path":"src/main/java/seedu/duke/ClearCommand.java","fileType":"functional-code","lines":[{"lineNumber":1,"author":{"gitId":"ibrahimisramos"},"content":"package seedu.duke;","lastModifiedDate":"2022-03-09"},{"lineNumber":2,"author":{"gitId":"ibrahimisramos"},"content":"","lastModifiedDate":"2022-03-09"},{"lineNumber":3,"author":{"gitId":"ibrahimisramos"},"content":"import static seedu.duke.Timetable.list;","lastModifiedDate":"2022-03-09"},{"lineNumber":4,"author":{"gitId":"ibrahimisramos"},"content":"","lastModifiedDate":"2022-03-09"},{"lineNumber":5,"author":{"gitId":"ibrahimisramos"},"content":"public class ClearCommand {","lastModifiedDate":"2022-03-09"},{"lineNumber":6,"author":{"gitId":"ibrahimisramos"},"content":"","lastModifiedDate":"2022-03-09"},{"lineNumber":7,"author":{"gitId":"ibrahimisramos"},"content":"    public static void clearList(){","lastModifiedDate":"2022-03-09"},{"lineNumber":8,"author":{"gitId":"ibrahimisramos"},"content":"        for (int i \u003d 0; i \u003c list.size(); i++){","lastModifiedDate":"2022-03-09"},{"lineNumber":9,"author":{"gitId":"ibrahimisramos"},"content":"            list.remove(i);","lastModifiedDate":"2022-03-09"},{"lineNumber":10,"author":{"gitId":"ibrahimisramos"},"content":"        }","lastModifiedDate":"2022-03-09"},{"lineNumber":11,"author":{"gitId":"ibrahimisramos"},"content":"    }","lastModifiedDate":"2022-03-09"},{"lineNumber":12,"author":{"gitId":"ibrahimisramos"},"content":"}","lastModifiedDate":"2022-03-09"}],"authorContributionMap":{"ibrahimisramos":12}},{"path":"src/main/java/seedu/duke/Command.java","fileType":"functional-code","lines":[{"lineNumber":1,"author":{"gitId":"ibrahimisramos"},"content":"package seedu.duke;","lastModifiedDate":"2022-03-09"},{"lineNumber":2,"author":{"gitId":"ibrahimisramos"},"content":"","lastModifiedDate":"2022-03-09"},{"lineNumber":3,"author":{"gitId":"ibrahimisramos"},"content":"public abstract class Command {","lastModifiedDate":"2022-03-09"},{"lineNumber":4,"author":{"gitId":"ibrahimisramos"},"content":"","lastModifiedDate":"2022-03-09"},{"lineNumber":5,"author":{"gitId":"ibrahimisramos"},"content":"    public abstract Event execute(String[] args);","lastModifiedDate":"2022-03-09"},{"lineNumber":6,"author":{"gitId":"ibrahimisramos"},"content":"}","lastModifiedDate":"2022-03-09"}],"authorContributionMap":{"ibrahimisramos":6}},{"path":"src/main/java/seedu/duke/DeleteCommand.java","fileType":"functional-code","lines":[{"lineNumber":1,"author":{"gitId":"ibrahimisramos"},"content":"package seedu.duke;","lastModifiedDate":"2022-03-09"},{"lineNumber":2,"author":{"gitId":"ibrahimisramos"},"content":"","lastModifiedDate":"2022-03-09"},{"lineNumber":3,"author":{"gitId":"ibrahimisramos"},"content":"import static seedu.duke.Errors.ErrorTypes.INVALID_LIST_INDEX_DELETE;","lastModifiedDate":"2022-03-09"},{"lineNumber":4,"author":{"gitId":"ibrahimisramos"},"content":"import static seedu.duke.Errors.INVALID_LIST_INDEX_DELETE_STRING_DETECTED;","lastModifiedDate":"2022-03-09"},{"lineNumber":5,"author":{"gitId":"ibrahimisramos"},"content":"import static seedu.duke.Timetable.list;","lastModifiedDate":"2022-03-09"},{"lineNumber":6,"author":{"gitId":"ibrahimisramos"},"content":"","lastModifiedDate":"2022-03-09"},{"lineNumber":7,"author":{"gitId":"ibrahimisramos"},"content":"public class DeleteCommand {","lastModifiedDate":"2022-03-09"},{"lineNumber":8,"author":{"gitId":"ibrahimisramos"},"content":"","lastModifiedDate":"2022-03-09"},{"lineNumber":9,"author":{"gitId":"ibrahimisramos"},"content":"    public static void executeDelete(String parameters) {","lastModifiedDate":"2022-03-09"},{"lineNumber":10,"author":{"gitId":"ibrahimisramos"},"content":"        try {","lastModifiedDate":"2022-03-09"},{"lineNumber":11,"author":{"gitId":"ibrahimisramos"},"content":"            int index \u003d Integer.parseInt(parameters);","lastModifiedDate":"2022-03-09"},{"lineNumber":12,"author":{"gitId":"ibrahimisramos"},"content":"            if (index \u003c 0 || index \u003e\u003d list.size()) {","lastModifiedDate":"2022-03-09"},{"lineNumber":13,"author":{"gitId":"ibrahimisramos"},"content":"                System.out.println(INVALID_LIST_INDEX_DELETE);","lastModifiedDate":"2022-03-09"},{"lineNumber":14,"author":{"gitId":"ibrahimisramos"},"content":"            }","lastModifiedDate":"2022-03-09"},{"lineNumber":15,"author":{"gitId":"ibrahimisramos"},"content":"            Event event \u003d list.get(index-1);","lastModifiedDate":"2022-03-09"},{"lineNumber":16,"author":{"gitId":"ibrahimisramos"},"content":"            list.remove(index-1);","lastModifiedDate":"2022-03-09"},{"lineNumber":17,"author":{"gitId":"ibrahimisramos"},"content":"            printDeleteConfirmation(event);","lastModifiedDate":"2022-03-09"},{"lineNumber":18,"author":{"gitId":"ibrahimisramos"},"content":"        } catch (NumberFormatException nfe) {","lastModifiedDate":"2022-03-09"},{"lineNumber":19,"author":{"gitId":"ibrahimisramos"},"content":"            System.out.println(INVALID_LIST_INDEX_DELETE_STRING_DETECTED);","lastModifiedDate":"2022-03-09"},{"lineNumber":20,"author":{"gitId":"ibrahimisramos"},"content":"        }","lastModifiedDate":"2022-03-09"},{"lineNumber":21,"author":{"gitId":"ibrahimisramos"},"content":"    }","lastModifiedDate":"2022-03-09"},{"lineNumber":22,"author":{"gitId":"ibrahimisramos"},"content":"","lastModifiedDate":"2022-03-09"},{"lineNumber":23,"author":{"gitId":"ibrahimisramos"},"content":"    public static void printDeleteConfirmation(Event event) {","lastModifiedDate":"2022-03-09"},{"lineNumber":24,"author":{"gitId":"ibrahimisramos"},"content":"        System.out.println(\"The following event has been deleted from your timetable:\");","lastModifiedDate":"2022-03-09"},{"lineNumber":25,"author":{"gitId":"ibrahimisramos"},"content":"        System.out.println(event);","lastModifiedDate":"2022-03-09"},{"lineNumber":26,"author":{"gitId":"ibrahimisramos"},"content":"    }","lastModifiedDate":"2022-03-09"},{"lineNumber":27,"author":{"gitId":"ibrahimisramos"},"content":"}","lastModifiedDate":"2022-03-09"}],"authorContributionMap":{"ibrahimisramos":27}},{"path":"src/main/java/seedu/duke/Duke.java","fileType":"functional-code","lines":[{"lineNumber":1,"author":{"gitId":"-"},"content":"package seedu.duke;","lastModifiedDate":"2020-05-24"},{"lineNumber":2,"author":{"gitId":"-"},"content":"","lastModifiedDate":"2020-05-24"},{"lineNumber":3,"author":{"gitId":"angyongming"},"content":"import java.sql.Time;","lastModifiedDate":"2022-03-09"},{"lineNumber":4,"author":{"gitId":"-"},"content":"import java.util.Scanner;","lastModifiedDate":"2020-05-24"},{"lineNumber":5,"author":{"gitId":"-"},"content":"","lastModifiedDate":"2020-05-24"},{"lineNumber":6,"author":{"gitId":"ibrahimisramos"},"content":"import static seedu.duke.ClearCommand.clearList;","lastModifiedDate":"2022-03-09"},{"lineNumber":7,"author":{"gitId":"ibrahimisramos"},"content":"import static seedu.duke.DeleteCommand.executeDelete;","lastModifiedDate":"2022-03-09"},{"lineNumber":8,"author":{"gitId":"ibrahimisramos"},"content":"import static seedu.duke.Parser.getDeleteString;","lastModifiedDate":"2022-03-09"},{"lineNumber":9,"author":{"gitId":"ibrahimisramos"},"content":"","lastModifiedDate":"2022-03-09"},{"lineNumber":10,"author":{"gitId":"-"},"content":"public class Duke {","lastModifiedDate":"2019-07-29"},{"lineNumber":11,"author":{"gitId":"angyongming"},"content":"","lastModifiedDate":"2022-03-09"},{"lineNumber":12,"author":{"gitId":"yanjie1017"},"content":"    private static Scanner SCANNER \u003d new Scanner(System.in);","lastModifiedDate":"2022-03-09"},{"lineNumber":13,"author":{"gitId":"yanjie1017"},"content":"    private static final String ADD_COMMAND \u003d \"add\";","lastModifiedDate":"2022-03-09"},{"lineNumber":14,"author":{"gitId":"angyongming"},"content":"    private static final String LIST_COMMAND \u003d \"list\";","lastModifiedDate":"2022-03-09"},{"lineNumber":15,"author":{"gitId":"ibrahimisramos"},"content":"    private static final String DELETE_COMMAND \u003d \"delete\";","lastModifiedDate":"2022-03-09"},{"lineNumber":16,"author":{"gitId":"ibrahimisramos"},"content":"    private static final String CLEAR_COMMAND \u003d \"clear\";","lastModifiedDate":"2022-03-09"},{"lineNumber":17,"author":{"gitId":"yanjie1017"},"content":"","lastModifiedDate":"2022-03-09"},{"lineNumber":18,"author":{"gitId":"-"},"content":"    public static void main(String[] args) {","lastModifiedDate":"2019-07-29"},{"lineNumber":19,"author":{"gitId":"-"},"content":"        String logo \u003d \" ____        _        \\n\"","lastModifiedDate":"2019-07-29"},{"lineNumber":20,"author":{"gitId":"-"},"content":"                + \"|  _ \\\\ _   _| | _____ \\n\"","lastModifiedDate":"2019-07-29"},{"lineNumber":21,"author":{"gitId":"-"},"content":"                + \"| | | | | | | |/ / _ \\\\\\n\"","lastModifiedDate":"2019-07-29"},{"lineNumber":22,"author":{"gitId":"-"},"content":"                + \"| |_| | |_| |   \u003c  __/\\n\"","lastModifiedDate":"2019-07-29"},{"lineNumber":23,"author":{"gitId":"-"},"content":"                + \"|____/ \\\\__,_|_|\\\\_\\\\___|\\n\";","lastModifiedDate":"2019-07-29"},{"lineNumber":24,"author":{"gitId":"-"},"content":"        System.out.println(\"Hello from\\n\" + logo);","lastModifiedDate":"2019-07-29"},{"lineNumber":25,"author":{"gitId":"-"},"content":"        System.out.println(\"What is your name?\");","lastModifiedDate":"2020-05-24"},{"lineNumber":26,"author":{"gitId":"-"},"content":"","lastModifiedDate":"2020-05-24"},{"lineNumber":27,"author":{"gitId":"yanjie1017"},"content":"        System.out.println(\"Hello \" + SCANNER.nextLine());","lastModifiedDate":"2022-03-09"},{"lineNumber":28,"author":{"gitId":"yanjie1017"},"content":"","lastModifiedDate":"2022-03-09"},{"lineNumber":29,"author":{"gitId":"angyongming"},"content":"        //check for bye message","lastModifiedDate":"2022-03-09"},{"lineNumber":30,"author":{"gitId":"angyongming"},"content":"        while (true) {","lastModifiedDate":"2022-03-09"},{"lineNumber":31,"author":{"gitId":"yanjie1017"},"content":"            String input \u003d getInput();","lastModifiedDate":"2022-03-09"},{"lineNumber":32,"author":{"gitId":"yanjie1017"},"content":"            Parser parser \u003d new Parser(input);","lastModifiedDate":"2022-03-09"},{"lineNumber":33,"author":{"gitId":"angyongming"},"content":"            String parsedCommand \u003d parser.getCommand();","lastModifiedDate":"2022-03-09"},{"lineNumber":34,"author":{"gitId":"angyongming"},"content":"            if (parsedCommand.equals(ADD_COMMAND)) {","lastModifiedDate":"2022-03-09"},{"lineNumber":35,"author":{"gitId":"angyongming"},"content":"                addEvent(parser);","lastModifiedDate":"2022-03-09"},{"lineNumber":36,"author":{"gitId":"angyongming"},"content":"            } else if (parsedCommand.equals(LIST_COMMAND)) {","lastModifiedDate":"2022-03-09"},{"lineNumber":37,"author":{"gitId":"angyongming"},"content":"                listTimetable();","lastModifiedDate":"2022-03-09"},{"lineNumber":38,"author":{"gitId":"ibrahimisramos"},"content":"            } else if (parsedCommand.equals(DELETE_COMMAND)) {","lastModifiedDate":"2022-03-09"},{"lineNumber":39,"author":{"gitId":"ibrahimisramos"},"content":"                executeDelete(getDeleteString(input));","lastModifiedDate":"2022-03-09"},{"lineNumber":40,"author":{"gitId":"ibrahimisramos"},"content":"            } else if (parsedCommand.equals(CLEAR_COMMAND)) {","lastModifiedDate":"2022-03-09"},{"lineNumber":41,"author":{"gitId":"ibrahimisramos"},"content":"                clearList();","lastModifiedDate":"2022-03-09"},{"lineNumber":42,"author":{"gitId":"angyongming"},"content":"            }","lastModifiedDate":"2022-03-09"},{"lineNumber":43,"author":{"gitId":"ibrahimisramos"},"content":"","lastModifiedDate":"2022-03-09"},{"lineNumber":44,"author":{"gitId":"yanjie1017"},"content":"        }","lastModifiedDate":"2022-03-09"},{"lineNumber":45,"author":{"gitId":"yanjie1017"},"content":"    }","lastModifiedDate":"2022-03-09"},{"lineNumber":46,"author":{"gitId":"yanjie1017"},"content":"","lastModifiedDate":"2022-03-09"},{"lineNumber":47,"author":{"gitId":"yanjie1017"},"content":"    private static String getInput() {","lastModifiedDate":"2022-03-09"},{"lineNumber":48,"author":{"gitId":"angyongming"},"content":"        String newInput \u003d SCANNER.nextLine();","lastModifiedDate":"2022-03-09"},{"lineNumber":49,"author":{"gitId":"angyongming"},"content":"        String trimmedInput \u003d newInput.trim();","lastModifiedDate":"2022-03-09"},{"lineNumber":50,"author":{"gitId":"angyongming"},"content":"        return trimmedInput;","lastModifiedDate":"2022-03-09"},{"lineNumber":51,"author":{"gitId":"yanjie1017"},"content":"    }","lastModifiedDate":"2022-03-09"},{"lineNumber":52,"author":{"gitId":"yanjie1017"},"content":"","lastModifiedDate":"2022-03-09"},{"lineNumber":53,"author":{"gitId":"angyongming"},"content":"    private static void addEvent(Parser parser) {","lastModifiedDate":"2022-03-09"},{"lineNumber":54,"author":{"gitId":"angyongming"},"content":"        String[] eventDescription \u003d parser.getAddDescription();","lastModifiedDate":"2022-03-09"},{"lineNumber":55,"author":{"gitId":"angyongming"},"content":"        Event upcomingEvent \u003d AddCommand.execute(eventDescription);","lastModifiedDate":"2022-03-09"},{"lineNumber":56,"author":{"gitId":"angyongming"},"content":"        AddCommand.printConfirmation(upcomingEvent);","lastModifiedDate":"2022-03-09"},{"lineNumber":57,"author":{"gitId":"-"},"content":"    }","lastModifiedDate":"2019-07-29"},{"lineNumber":58,"author":{"gitId":"angyongming"},"content":"","lastModifiedDate":"2022-03-09"},{"lineNumber":59,"author":{"gitId":"angyongming"},"content":"    private static void listTimetable() {","lastModifiedDate":"2022-03-09"},{"lineNumber":60,"author":{"gitId":"angyongming"},"content":"        for (int i \u003d 0; i \u003c Timetable.size(); i++) {","lastModifiedDate":"2022-03-09"},{"lineNumber":61,"author":{"gitId":"ibrahimisramos"},"content":"            System.out.println(i + 1 + \".\" + Timetable.get(i));","lastModifiedDate":"2022-03-09"},{"lineNumber":62,"author":{"gitId":"angyongming"},"content":"        }","lastModifiedDate":"2022-03-09"},{"lineNumber":63,"author":{"gitId":"angyongming"},"content":"    }","lastModifiedDate":"2022-03-09"},{"lineNumber":64,"author":{"gitId":"angyongming"},"content":"","lastModifiedDate":"2022-03-09"},{"lineNumber":65,"author":{"gitId":"-"},"content":"}","lastModifiedDate":"2019-07-29"}],"authorContributionMap":{"yanjie1017":13,"angyongming":24,"-":16,"ibrahimisramos":12}},{"path":"src/main/java/seedu/duke/Errors.java","fileType":"functional-code","lines":[{"lineNumber":1,"author":{"gitId":"ibrahimisramos"},"content":"package seedu.duke;","lastModifiedDate":"2022-03-09"},{"lineNumber":2,"author":{"gitId":"ibrahimisramos"},"content":"","lastModifiedDate":"2022-03-09"},{"lineNumber":3,"author":{"gitId":"ibrahimisramos"},"content":"public class Errors {","lastModifiedDate":"2022-03-09"},{"lineNumber":4,"author":{"gitId":"ibrahimisramos"},"content":"    public enum ErrorTypes {","lastModifiedDate":"2022-03-09"},{"lineNumber":5,"author":{"gitId":"ibrahimisramos"},"content":"        INVALID_LIST_INDEX_DELETE,INVALID_LIST_INDEX_DELETE_STRING_DETECTED","lastModifiedDate":"2022-03-09"},{"lineNumber":6,"author":{"gitId":"ibrahimisramos"},"content":"    }","lastModifiedDate":"2022-03-09"},{"lineNumber":7,"author":{"gitId":"ibrahimisramos"},"content":"","lastModifiedDate":"2022-03-09"},{"lineNumber":8,"author":{"gitId":"ibrahimisramos"},"content":"    public static final String INVALID_LIST_INDEX_DELETE \u003d \" Hi I need a valid index in the list so I can delete\";","lastModifiedDate":"2022-03-09"},{"lineNumber":9,"author":{"gitId":"ibrahimisramos"},"content":"    public static final String INVALID_LIST_INDEX_DELETE_STRING_DETECTED \u003d \" Hi I did not receive a proper \"","lastModifiedDate":"2022-03-09"},{"lineNumber":10,"author":{"gitId":"ibrahimisramos"},"content":"            + \"integer index that I can parse\";","lastModifiedDate":"2022-03-09"},{"lineNumber":11,"author":{"gitId":"ibrahimisramos"},"content":"}","lastModifiedDate":"2022-03-09"}],"authorContributionMap":{"ibrahimisramos":11}},{"path":"src/main/java/seedu/duke/Event.java","fileType":"functional-code","lines":[{"lineNumber":1,"author":{"gitId":"yanjie1017"},"content":"package seedu.duke;","lastModifiedDate":"2022-03-09"},{"lineNumber":2,"author":{"gitId":"yanjie1017"},"content":"","lastModifiedDate":"2022-03-09"},{"lineNumber":3,"author":{"gitId":"yanjie1017"},"content":"public class Event {","lastModifiedDate":"2022-03-09"},{"lineNumber":4,"author":{"gitId":"yanjie1017"},"content":"    private String name;","lastModifiedDate":"2022-03-09"},{"lineNumber":5,"author":{"gitId":"yanjie1017"},"content":"    private String title;","lastModifiedDate":"2022-03-09"},{"lineNumber":6,"author":{"gitId":"yanjie1017"},"content":"    private String day;","lastModifiedDate":"2022-03-09"},{"lineNumber":7,"author":{"gitId":"yanjie1017"},"content":"    private int startTime;","lastModifiedDate":"2022-03-09"},{"lineNumber":8,"author":{"gitId":"yanjie1017"},"content":"    private int endTime;","lastModifiedDate":"2022-03-09"},{"lineNumber":9,"author":{"gitId":"angyongming"},"content":"    private String mode;","lastModifiedDate":"2022-03-09"},{"lineNumber":10,"author":{"gitId":"yanjie1017"},"content":"","lastModifiedDate":"2022-03-09"},{"lineNumber":11,"author":{"gitId":"angyongming"},"content":"    public Event(String name, String title, String day, int startTime, int endTime, String mode) {","lastModifiedDate":"2022-03-09"},{"lineNumber":12,"author":{"gitId":"yanjie1017"},"content":"        this.name \u003d name;","lastModifiedDate":"2022-03-09"},{"lineNumber":13,"author":{"gitId":"yanjie1017"},"content":"        this.title \u003d title;","lastModifiedDate":"2022-03-09"},{"lineNumber":14,"author":{"gitId":"yanjie1017"},"content":"        this.day \u003d day;","lastModifiedDate":"2022-03-09"},{"lineNumber":15,"author":{"gitId":"yanjie1017"},"content":"        this.startTime \u003d startTime;","lastModifiedDate":"2022-03-09"},{"lineNumber":16,"author":{"gitId":"yanjie1017"},"content":"        this.endTime \u003d endTime;","lastModifiedDate":"2022-03-09"},{"lineNumber":17,"author":{"gitId":"angyongming"},"content":"        this.mode \u003d mode;","lastModifiedDate":"2022-03-09"},{"lineNumber":18,"author":{"gitId":"yanjie1017"},"content":"    }","lastModifiedDate":"2022-03-09"},{"lineNumber":19,"author":{"gitId":"yanjie1017"},"content":"","lastModifiedDate":"2022-03-09"},{"lineNumber":20,"author":{"gitId":"yanjie1017"},"content":"    @Override","lastModifiedDate":"2022-03-09"},{"lineNumber":21,"author":{"gitId":"yanjie1017"},"content":"    public String toString() {","lastModifiedDate":"2022-03-09"},{"lineNumber":22,"author":{"gitId":"angyongming"},"content":"        return String.format(\"NAME: %s\\t\\tTITLE: %s\\t\\tDAY: %s\\t\\tSTART: %04d\\t\\tEND: %04d\\t\\tMODE: %s\",","lastModifiedDate":"2022-03-09"},{"lineNumber":23,"author":{"gitId":"angyongming"},"content":"                            name, title, day, startTime, endTime, mode);","lastModifiedDate":"2022-03-09"},{"lineNumber":24,"author":{"gitId":"yanjie1017"},"content":"    }","lastModifiedDate":"2022-03-09"},{"lineNumber":25,"author":{"gitId":"yanjie1017"},"content":"}","lastModifiedDate":"2022-03-09"}],"authorContributionMap":{"yanjie1017":20,"angyongming":5}},{"path":"src/main/java/seedu/duke/Lesson.java","fileType":"functional-code","lines":[{"lineNumber":1,"author":{"gitId":"yanjie1017"},"content":"package seedu.duke;","lastModifiedDate":"2022-03-09"},{"lineNumber":2,"author":{"gitId":"yanjie1017"},"content":"","lastModifiedDate":"2022-03-09"},{"lineNumber":3,"author":{"gitId":"yanjie1017"},"content":"public class Lesson extends Event {","lastModifiedDate":"2022-03-09"},{"lineNumber":4,"author":{"gitId":"angyongming"},"content":"    public Lesson(String name, String title, String day, int startTime, int endTime, String mode) {","lastModifiedDate":"2022-03-09"},{"lineNumber":5,"author":{"gitId":"angyongming"},"content":"        super(name, title, day, startTime, endTime, mode);","lastModifiedDate":"2022-03-09"},{"lineNumber":6,"author":{"gitId":"yanjie1017"},"content":"    }","lastModifiedDate":"2022-03-09"},{"lineNumber":7,"author":{"gitId":"yanjie1017"},"content":"","lastModifiedDate":"2022-03-09"},{"lineNumber":8,"author":{"gitId":"yanjie1017"},"content":"    public Lesson(String[] description) {","lastModifiedDate":"2022-03-09"},{"lineNumber":9,"author":{"gitId":"yanjie1017"},"content":"        this(description[0], description[1], description[2],","lastModifiedDate":"2022-03-09"},{"lineNumber":10,"author":{"gitId":"angyongming"},"content":"                Integer.parseInt(description[3]), Integer.parseInt(description[4]), description[5]);","lastModifiedDate":"2022-03-09"},{"lineNumber":11,"author":{"gitId":"yanjie1017"},"content":"    }","lastModifiedDate":"2022-03-09"},{"lineNumber":12,"author":{"gitId":"yanjie1017"},"content":"}","lastModifiedDate":"2022-03-09"}],"authorContributionMap":{"yanjie1017":9,"angyongming":3}},{"path":"src/main/java/seedu/duke/Parser.java","fileType":"functional-code","lines":[{"lineNumber":1,"author":{"gitId":"yanjie1017"},"content":"package seedu.duke;","lastModifiedDate":"2022-03-09"},{"lineNumber":2,"author":{"gitId":"yanjie1017"},"content":"","lastModifiedDate":"2022-03-09"},{"lineNumber":3,"author":{"gitId":"yanjie1017"},"content":"import java.util.Arrays;","lastModifiedDate":"2022-03-09"},{"lineNumber":4,"author":{"gitId":"yanjie1017"},"content":"","lastModifiedDate":"2022-03-09"},{"lineNumber":5,"author":{"gitId":"yanjie1017"},"content":"public class Parser {","lastModifiedDate":"2022-03-09"},{"lineNumber":6,"author":{"gitId":"yanjie1017"},"content":"    private final String command;","lastModifiedDate":"2022-03-09"},{"lineNumber":7,"author":{"gitId":"yanjie1017"},"content":"    private final String description;","lastModifiedDate":"2022-03-09"},{"lineNumber":8,"author":{"gitId":"yanjie1017"},"content":"","lastModifiedDate":"2022-03-09"},{"lineNumber":9,"author":{"gitId":"yanjie1017"},"content":"    private static final String NAME \u003d \"n/\";","lastModifiedDate":"2022-03-09"},{"lineNumber":10,"author":{"gitId":"yanjie1017"},"content":"    private static final String LESSON \u003d \"l/\";","lastModifiedDate":"2022-03-09"},{"lineNumber":11,"author":{"gitId":"yanjie1017"},"content":"    private static final String DAY \u003d \"d/\";","lastModifiedDate":"2022-03-09"},{"lineNumber":12,"author":{"gitId":"yanjie1017"},"content":"    private static final String STARTTIME \u003d \"st/\";","lastModifiedDate":"2022-03-09"},{"lineNumber":13,"author":{"gitId":"yanjie1017"},"content":"    private static final String ENDTIME \u003d \"et/\";","lastModifiedDate":"2022-03-09"},{"lineNumber":14,"author":{"gitId":"angyongming"},"content":"    private static final String MODE \u003d \"m/\";","lastModifiedDate":"2022-03-09"},{"lineNumber":15,"author":{"gitId":"angyongming"},"content":"    private static final String[] HEADINGS \u003d {NAME, LESSON, DAY, STARTTIME, ENDTIME, MODE};","lastModifiedDate":"2022-03-09"},{"lineNumber":16,"author":{"gitId":"yanjie1017"},"content":"","lastModifiedDate":"2022-03-09"},{"lineNumber":17,"author":{"gitId":"yanjie1017"},"content":"    public Parser(String input) {","lastModifiedDate":"2022-03-09"},{"lineNumber":18,"author":{"gitId":"yanjie1017"},"content":"        this.command \u003d getCommandFromInput(input);","lastModifiedDate":"2022-03-09"},{"lineNumber":19,"author":{"gitId":"yanjie1017"},"content":"        this.description \u003d getDescriptionFromInput(input);","lastModifiedDate":"2022-03-09"},{"lineNumber":20,"author":{"gitId":"yanjie1017"},"content":"    }","lastModifiedDate":"2022-03-09"},{"lineNumber":21,"author":{"gitId":"yanjie1017"},"content":"","lastModifiedDate":"2022-03-09"},{"lineNumber":22,"author":{"gitId":"yanjie1017"},"content":"    public String getCommand() {","lastModifiedDate":"2022-03-09"},{"lineNumber":23,"author":{"gitId":"yanjie1017"},"content":"        return command;","lastModifiedDate":"2022-03-09"},{"lineNumber":24,"author":{"gitId":"yanjie1017"},"content":"    }","lastModifiedDate":"2022-03-09"},{"lineNumber":25,"author":{"gitId":"yanjie1017"},"content":"","lastModifiedDate":"2022-03-09"},{"lineNumber":26,"author":{"gitId":"yanjie1017"},"content":"    // Allows input not in specified order as long as every parameter is passed","lastModifiedDate":"2022-03-09"},{"lineNumber":27,"author":{"gitId":"yanjie1017"},"content":"    public String[] getAddDescription() {","lastModifiedDate":"2022-03-09"},{"lineNumber":28,"author":{"gitId":"yanjie1017"},"content":"        // checks empty command description error","lastModifiedDate":"2022-03-09"},{"lineNumber":29,"author":{"gitId":"yanjie1017"},"content":"        // checks input format error","lastModifiedDate":"2022-03-09"},{"lineNumber":30,"author":{"gitId":"angyongming"},"content":"        String[] addDescription \u003d new String[6];","lastModifiedDate":"2022-03-09"},{"lineNumber":31,"author":{"gitId":"yanjie1017"},"content":"        int index \u003d -1;","lastModifiedDate":"2022-03-09"},{"lineNumber":32,"author":{"gitId":"yanjie1017"},"content":"        for (String str : description.split(\" \")) {","lastModifiedDate":"2022-03-09"},{"lineNumber":33,"author":{"gitId":"yanjie1017"},"content":"            if (checkHeadings(str) \u003d\u003d -1) {","lastModifiedDate":"2022-03-09"},{"lineNumber":34,"author":{"gitId":"yanjie1017"},"content":"                addDescription[index] +\u003d \" \" + str;","lastModifiedDate":"2022-03-09"},{"lineNumber":35,"author":{"gitId":"yanjie1017"},"content":"                addDescription[index] \u003d addDescription[index].trim();","lastModifiedDate":"2022-03-09"},{"lineNumber":36,"author":{"gitId":"yanjie1017"},"content":"            } else {","lastModifiedDate":"2022-03-09"},{"lineNumber":37,"author":{"gitId":"yanjie1017"},"content":"                index \u003d checkHeadings(str);","lastModifiedDate":"2022-03-09"},{"lineNumber":38,"author":{"gitId":"yanjie1017"},"content":"                addDescription[index] \u003d str.substring(str.indexOf(\"/\") + 1);","lastModifiedDate":"2022-03-09"},{"lineNumber":39,"author":{"gitId":"yanjie1017"},"content":"            }","lastModifiedDate":"2022-03-09"},{"lineNumber":40,"author":{"gitId":"yanjie1017"},"content":"        }","lastModifiedDate":"2022-03-09"},{"lineNumber":41,"author":{"gitId":"yanjie1017"},"content":"        return addDescription;","lastModifiedDate":"2022-03-09"},{"lineNumber":42,"author":{"gitId":"yanjie1017"},"content":"    }","lastModifiedDate":"2022-03-09"},{"lineNumber":43,"author":{"gitId":"yanjie1017"},"content":"","lastModifiedDate":"2022-03-09"},{"lineNumber":44,"author":{"gitId":"yanjie1017"},"content":"    private String getCommandFromInput(String input) {","lastModifiedDate":"2022-03-09"},{"lineNumber":45,"author":{"gitId":"yanjie1017"},"content":"        return input.split(\" \")[0].trim().toLowerCase();","lastModifiedDate":"2022-03-09"},{"lineNumber":46,"author":{"gitId":"yanjie1017"},"content":"    }","lastModifiedDate":"2022-03-09"},{"lineNumber":47,"author":{"gitId":"yanjie1017"},"content":"","lastModifiedDate":"2022-03-09"},{"lineNumber":48,"author":{"gitId":"yanjie1017"},"content":"    private String getDescriptionFromInput(String input) {","lastModifiedDate":"2022-03-09"},{"lineNumber":49,"author":{"gitId":"yanjie1017"},"content":"        String str \u003d \"\";","lastModifiedDate":"2022-03-09"},{"lineNumber":50,"author":{"gitId":"yanjie1017"},"content":"        int spaceIndex \u003d input.trim().indexOf(\" \");","lastModifiedDate":"2022-03-09"},{"lineNumber":51,"author":{"gitId":"yanjie1017"},"content":"        if (spaceIndex !\u003d -1) {","lastModifiedDate":"2022-03-09"},{"lineNumber":52,"author":{"gitId":"yanjie1017"},"content":"            str \u003d input.substring(spaceIndex + 1).trim();","lastModifiedDate":"2022-03-09"},{"lineNumber":53,"author":{"gitId":"yanjie1017"},"content":"        }","lastModifiedDate":"2022-03-09"},{"lineNumber":54,"author":{"gitId":"yanjie1017"},"content":"        return str;","lastModifiedDate":"2022-03-09"},{"lineNumber":55,"author":{"gitId":"yanjie1017"},"content":"    }","lastModifiedDate":"2022-03-09"},{"lineNumber":56,"author":{"gitId":"yanjie1017"},"content":"","lastModifiedDate":"2022-03-09"},{"lineNumber":57,"author":{"gitId":"yanjie1017"},"content":"    private int checkHeadings(String str) {","lastModifiedDate":"2022-03-09"},{"lineNumber":58,"author":{"gitId":"yanjie1017"},"content":"        for (int i \u003d 0; i \u003c HEADINGS.length; i++) {","lastModifiedDate":"2022-03-09"},{"lineNumber":59,"author":{"gitId":"yanjie1017"},"content":"            if (str.contains(HEADINGS[i])) {","lastModifiedDate":"2022-03-09"},{"lineNumber":60,"author":{"gitId":"yanjie1017"},"content":"                return i;","lastModifiedDate":"2022-03-09"},{"lineNumber":61,"author":{"gitId":"yanjie1017"},"content":"            }","lastModifiedDate":"2022-03-09"},{"lineNumber":62,"author":{"gitId":"yanjie1017"},"content":"        }","lastModifiedDate":"2022-03-09"},{"lineNumber":63,"author":{"gitId":"yanjie1017"},"content":"        return -1;","lastModifiedDate":"2022-03-09"},{"lineNumber":64,"author":{"gitId":"yanjie1017"},"content":"    }","lastModifiedDate":"2022-03-09"},{"lineNumber":65,"author":{"gitId":"ibrahimisramos"},"content":"","lastModifiedDate":"2022-03-09"},{"lineNumber":66,"author":{"gitId":"ibrahimisramos"},"content":"    public static String getDeleteString(String input){","lastModifiedDate":"2022-03-09"},{"lineNumber":67,"author":{"gitId":"ibrahimisramos"},"content":"        String str \u003d \"\";","lastModifiedDate":"2022-03-09"},{"lineNumber":68,"author":{"gitId":"ibrahimisramos"},"content":"        int spaceIndex \u003d input.trim().indexOf(\" \");","lastModifiedDate":"2022-03-09"},{"lineNumber":69,"author":{"gitId":"ibrahimisramos"},"content":"        if (spaceIndex !\u003d -1) {","lastModifiedDate":"2022-03-09"},{"lineNumber":70,"author":{"gitId":"ibrahimisramos"},"content":"            str \u003d input.substring(spaceIndex + 1).trim();","lastModifiedDate":"2022-03-09"},{"lineNumber":71,"author":{"gitId":"ibrahimisramos"},"content":"        }","lastModifiedDate":"2022-03-09"},{"lineNumber":72,"author":{"gitId":"ibrahimisramos"},"content":"        return str;","lastModifiedDate":"2022-03-09"},{"lineNumber":73,"author":{"gitId":"ibrahimisramos"},"content":"    }","lastModifiedDate":"2022-03-09"},{"lineNumber":74,"author":{"gitId":"yanjie1017"},"content":"}","lastModifiedDate":"2022-03-09"}],"authorContributionMap":{"yanjie1017":62,"angyongming":3,"ibrahimisramos":9}},{"path":"src/main/java/seedu/duke/Timetable.java","fileType":"functional-code","lines":[{"lineNumber":1,"author":{"gitId":"angyongming"},"content":"package seedu.duke;","lastModifiedDate":"2022-03-09"},{"lineNumber":2,"author":{"gitId":"angyongming"},"content":"","lastModifiedDate":"2022-03-09"},{"lineNumber":3,"author":{"gitId":"angyongming"},"content":"import java.util.ArrayList;","lastModifiedDate":"2022-03-09"},{"lineNumber":4,"author":{"gitId":"angyongming"},"content":"","lastModifiedDate":"2022-03-09"},{"lineNumber":5,"author":{"gitId":"angyongming"},"content":"public class Timetable {","lastModifiedDate":"2022-03-09"},{"lineNumber":6,"author":{"gitId":"angyongming"},"content":"","lastModifiedDate":"2022-03-09"},{"lineNumber":7,"author":{"gitId":"angyongming"},"content":"    public static final ArrayList\u003cEvent\u003e list \u003d new ArrayList\u003c\u003e();","lastModifiedDate":"2022-03-09"},{"lineNumber":8,"author":{"gitId":"angyongming"},"content":"","lastModifiedDate":"2022-03-09"},{"lineNumber":9,"author":{"gitId":"angyongming"},"content":"    public static void add(Event event) {","lastModifiedDate":"2022-03-09"},{"lineNumber":10,"author":{"gitId":"angyongming"},"content":"        list.add(event);","lastModifiedDate":"2022-03-09"},{"lineNumber":11,"author":{"gitId":"angyongming"},"content":"    }","lastModifiedDate":"2022-03-09"},{"lineNumber":12,"author":{"gitId":"angyongming"},"content":"","lastModifiedDate":"2022-03-09"},{"lineNumber":13,"author":{"gitId":"angyongming"},"content":"    public static int size() {","lastModifiedDate":"2022-03-09"},{"lineNumber":14,"author":{"gitId":"angyongming"},"content":"        return list.size();","lastModifiedDate":"2022-03-09"},{"lineNumber":15,"author":{"gitId":"angyongming"},"content":"    }","lastModifiedDate":"2022-03-09"},{"lineNumber":16,"author":{"gitId":"angyongming"},"content":"","lastModifiedDate":"2022-03-09"},{"lineNumber":17,"author":{"gitId":"angyongming"},"content":"    public static Event get(int eventIndex) {","lastModifiedDate":"2022-03-09"},{"lineNumber":18,"author":{"gitId":"angyongming"},"content":"        Event targetEvent \u003d list.get(eventIndex);","lastModifiedDate":"2022-03-09"},{"lineNumber":19,"author":{"gitId":"angyongming"},"content":"        return targetEvent;","lastModifiedDate":"2022-03-09"},{"lineNumber":20,"author":{"gitId":"angyongming"},"content":"    }","lastModifiedDate":"2022-03-09"},{"lineNumber":21,"author":{"gitId":"angyongming"},"content":"","lastModifiedDate":"2022-03-09"},{"lineNumber":22,"author":{"gitId":"angyongming"},"content":"}","lastModifiedDate":"2022-03-09"}],"authorContributionMap":{"angyongming":22}}]
