{"authorDailyContributionsMap":{"yanjie1017":[{"date":"2022-03-03","commitResults":[{"hash":"f62d3e732459de8f05767aa7c175ae3c891725a7","messageTitle":"Add profile","messageBody":"","fileTypesAndContributionMap":{"docs":{"insertions":2,"deletions":1}}}]},{"date":"2022-03-09","commitResults":[{"hash":"6d13608556041d2e6ca6e5dcb0af2ef9e4f275a6","messageTitle":"Refactor Duke to MeetingJio","messageBody":"","fileTypesAndContributionMap":{"functional-code":{"insertions":14,"deletions":21},"other":{"insertions":2,"deletions":2}}},{"hash":"71a6fa2f8b6742b067681826feddcd5b146ee225","messageTitle":"Add Parser.java","messageBody":"","fileTypesAndContributionMap":{"functional-code":{"insertions":37,"deletions":0}}},{"hash":"ae9f97354899153eb78e56311e797e2c956239b1","messageTitle":"Revert \"Add Parser.java\"","messageBody":"This reverts commit 71a6fa2f8b6742b067681826feddcd5b146ee225.\n","fileTypesAndContributionMap":{"functional-code":{"insertions":0,"deletions":37}}},{"hash":"fe969420297c8fdaf772c9814ba99a8fd5ee44dc","messageTitle":"Revert \"Refactor Duke to MeetingJio\"","messageBody":"This reverts commit 6d13608556041d2e6ca6e5dcb0af2ef9e4f275a6.\n","fileTypesAndContributionMap":{"functional-code":{"insertions":21,"deletions":14},"other":{"insertions":2,"deletions":2}}},{"hash":"5dfc0e57e34172d984f1cb89d80b963ba095f3ed","messageTitle":"Add Event and Lesson","messageBody":"","fileTypesAndContributionMap":{"functional-code":{"insertions":30,"deletions":0}}},{"hash":"efeb5b4670b22a301b7536b8b911f0585d8fc66a","messageTitle":"Add AddCommand","messageBody":"","fileTypesAndContributionMap":{"functional-code":{"insertions":95,"deletions":5}}}]},{"date":"2022-03-11","commitResults":[{"hash":"6981ce30ee1f6198a01c11760890df176798e581","messageTitle":"Refactor the classes and methods","messageBody":"","fileTypesAndContributionMap":{"functional-code":{"insertions":222,"deletions":144},"other":{"insertions":1,"deletions":1}}},{"hash":"6a6f26a26eb26ec9d3ac843883449bb6e609f03f","messageTitle":"Fix checkstyle issues","messageBody":"","fileTypesAndContributionMap":{"functional-code":{"insertions":8,"deletions":19}}},{"hash":"bcb510024e81f9f43357bbdfd3f08207a2df1601","messageTitle":"Handle DuplicateEventException","messageBody":"","fileTypesAndContributionMap":{"functional-code":{"insertions":101,"deletions":20},"test-code":{"insertions":27,"deletions":0}}}]},{"date":"2022-03-16","commitResults":[{"hash":"01a3df457b6ffbfbb3f78a70d8aef7606318388a","messageTitle":"Update JUnit test for Timetable and AddCommand","messageBody":"","fileTypesAndContributionMap":{"functional-code":{"insertions":11,"deletions":16},"other":{"insertions":3,"deletions":5},"test-code":{"insertions":63,"deletions":15}}},{"hash":"08e9aa14461246e3abe6805a1e674d9d81eaa6bd","messageTitle":"Update user guide","messageBody":"","fileTypesAndContributionMap":{"functional-code":{"insertions":0,"deletions":1},"docs":{"insertions":43,"deletions":22}}},{"hash":"6553e236bae17d33392d7ef5bcd7a0e6ba14f997","messageTitle":"Update user guide","messageBody":"","fileTypesAndContributionMap":{"docs":{"insertions":23,"deletions":11}}},{"hash":"297c8bcfd5dc3ff79e46419581cae6612f199f36","messageTitle":"Change parseCommand","messageBody":"","fileTypesAndContributionMap":{"functional-code":{"insertions":6,"deletions":4}}},{"hash":"cb3b8c9aae80d18f60857fd956d87be335e6b742","messageTitle":"Update Parser.java","messageBody":"","fileTypesAndContributionMap":{"functional-code":{"insertions":1,"deletions":1}}},{"hash":"155e0a730f32dbbf0a2816645fef947a5f077f1c","messageTitle":"Update portfolio","messageBody":"","fileTypesAndContributionMap":{"docs":{"insertions":23,"deletions":0}}},{"hash":"cb306b009b5923091897b138ddc607fc941502a8","messageTitle":"Update user guide","messageBody":"","fileTypesAndContributionMap":{"docs":{"insertions":2,"deletions":2}}},{"hash":"b4ec87d317b4ae4cff716dd44aae479f5ab0dd19","messageTitle":"Revert \"Update user guide\"","messageBody":"This reverts commit cb306b009b5923091897b138ddc607fc941502a8.\n","fileTypesAndContributionMap":{"docs":{"insertions":2,"deletions":2}}},{"hash":"038fd9938f5fec032badd81f1dc21e7058358662","messageTitle":"Update user guide","messageBody":"","fileTypesAndContributionMap":{"docs":{"insertions":2,"deletions":2}}}]},{"date":"2022-03-17","commitResults":[{"hash":"85cc4da3038f92d2537b1544bf38d621dd595221","messageTitle":"Refactor Duke to MeetingJio","messageBody":"","fileTypesAndContributionMap":{"other":{"insertions":107,"deletions":107}}},{"hash":"22fee98c1c106219f4ac945160b7cea0c313a0c7","messageTitle":"Add assertions","messageBody":"","fileTypesAndContributionMap":{"functional-code":{"insertions":15,"deletions":2},"other":{"insertions":1,"deletions":0}}},{"hash":"51a7d9b8eaf0dd95f52346074eb20601dadd9290","messageTitle":"Log assertion error","messageBody":"","fileTypesAndContributionMap":{"functional-code":{"insertions":3,"deletions":0}}},{"hash":"7e950a773c6fb6a35972f4a8ae7d9cbe3f970fcf","messageTitle":"Fix checkstyle issue in Parser","messageBody":"","fileTypesAndContributionMap":{"functional-code":{"insertions":1,"deletions":1}}},{"hash":"b5999a05b38540bb48ff1748bc21d84f7beab281","messageTitle":"Fix checkstyle issue in Event","messageBody":"","fileTypesAndContributionMap":{"functional-code":{"insertions":6,"deletions":6}}}]},{"date":"2022-03-22","commitResults":[{"hash":"99d5597b153af329ffda75b336a16d616b61eabd","messageTitle":"Create MasterTimetable","messageBody":"","fileTypesAndContributionMap":{"functional-code":{"insertions":68,"deletions":26},"other":{"insertions":12,"deletions":2}}},{"hash":"a3e65f5a763c6ad59bd90cb220d5855facb779f1","messageTitle":"Comment out tests","messageBody":"","fileTypesAndContributionMap":{"test-code":{"insertions":339,"deletions":338}}},{"hash":"d6e4e0114cba218a51ec70f75f3763261066c6fb","messageTitle":"Remove name from Event","messageBody":"","fileTypesAndContributionMap":{"functional-code":{"insertions":12,"deletions":17}}},{"hash":"ef527ec83c62421efa460030e5e3ee613ef8b14a","messageTitle":"Update JavaDoc in Command.java","messageBody":"","fileTypesAndContributionMap":{"functional-code":{"insertions":1,"deletions":1}}},{"hash":"209171108229d7ae25093f4d5c20a42b8167a240","messageTitle":"Update JavaDoc in ListCommand.java","messageBody":"","fileTypesAndContributionMap":{"functional-code":{"insertions":2,"deletions":1}}}]},{"date":"2022-03-23","commitResults":[{"hash":"bb3282f287d3e03359417b57aacd8ed91dd9067d","messageTitle":"Change AddCommand","messageBody":"","fileTypesAndContributionMap":{"functional-code":{"insertions":32,"deletions":12}}},{"hash":"b48189fdb0ffedc09b948f8f548cc6260e625383","messageTitle":"Fixes checkstyles","messageBody":"","fileTypesAndContributionMap":{"functional-code":{"insertions":1,"deletions":1}}},{"hash":"daa349dc043ea66d7e4faca82bdf6d8aff2e1eef","messageTitle":"Refactor AddCommand to AddLessonCommand","messageBody":"","fileTypesAndContributionMap":{"functional-code":{"insertions":6,"deletions":11},"other":{"insertions":3,"deletions":3},"test-code":{"insertions":7,"deletions":7}}},{"hash":"640c299e09edb0b7bc78a4290a55ff1cc94d600d","messageTitle":"Change /l to /t","messageBody":"","fileTypesAndContributionMap":{"functional-code":{"insertions":14,"deletions":9}}},{"hash":"f22a01b94e1f38de752604a3f1085df2a46636c4","messageTitle":"Trim input","messageBody":"","fileTypesAndContributionMap":{"functional-code":{"insertions":2,"deletions":2}}},{"hash":"d55f13fa884051ee6701f39bede5c5ce46d5dfd4","messageTitle":"Fixes checkstyles","messageBody":"","fileTypesAndContributionMap":{"functional-code":{"insertions":7,"deletions":1}}}]},{"date":"2022-03-25","commitResults":[{"hash":"ff2a3c60bf6cb0a26b25ac1f2dea87bb90e11d54","messageTitle":"Add AddLessonCommandSequenceDiagram","messageBody":"","fileTypesAndContributionMap":{"docs":{"insertions":23,"deletions":3}}},{"hash":"99e99901e0cfe56c0f2c7db83f5c9d4e56cf2a87","messageTitle":"Add AddLessonSequenceDiagram","messageBody":"","fileTypesAndContributionMap":{"docs":{"insertions":43,"deletions":2}}}]},{"date":"2022-03-30","commitResults":[{"hash":"e7ede73fbb29df61fb27777ed63ae4dbfbbfeb26","messageTitle":"Change AddLessonCommand","messageBody":"","fileTypesAndContributionMap":{"functional-code":{"insertions":58,"deletions":15}}},{"hash":"c8f86a5cfd76b69b82798d529f045586fd410d42","messageTitle":"Edit JavaDoc","messageBody":"","fileTypesAndContributionMap":{"functional-code":{"insertions":8,"deletions":8}}},{"hash":"21ca1d953bcdd98e7fce9ddc0ccf67612391801d","messageTitle":"Add AddUserCommand","messageBody":"","fileTypesAndContributionMap":{"functional-code":{"insertions":76,"deletions":6}}},{"hash":"bd51e9c622eeba195d10a76b9887470c99cc9dd2","messageTitle":"Comment out tests","messageBody":"","fileTypesAndContributionMap":{"test-code":{"insertions":47,"deletions":43}}},{"hash":"c19509bd594e64e1d7592c24c4acd8fb89a275d6","messageTitle":"Fix checkstyle","messageBody":"","fileTypesAndContributionMap":{"test-code":{"insertions":14,"deletions":14}}},{"hash":"32672ea2f6bd545c955d3f7d3b408397c78b3b39","messageTitle":"Fix checkstyle","messageBody":"","fileTypesAndContributionMap":{"test-code":{"insertions":29,"deletions":29}}},{"hash":"67f6df0d0351d338067feb15c7ef193221f46365","messageTitle":"Comment out tests","messageBody":"","fileTypesAndContributionMap":{"test-code":{"insertions":11,"deletions":11}}},{"hash":"d255c65c620d4796dd4c4c878b4b790b68f95b73","messageTitle":"Change input to lowercase","messageBody":"","fileTypesAndContributionMap":{"functional-code":{"insertions":2,"deletions":1}}},{"hash":"b2836c2d5387f0e58551b8bedda1027218845139","messageTitle":"Add AddUserCommand","messageBody":"","fileTypesAndContributionMap":{"functional-code":{"insertions":68,"deletions":30}}},{"hash":"00fc31a56a291ff9b3fee248ff15c107c92d8fce","messageTitle":"Add EditCommand.java","messageBody":"","fileTypesAndContributionMap":{"functional-code":{"insertions":247,"deletions":44}}},{"hash":"c75fdbc3975c35128fb5bd50e31965d9c4eb1ed0","messageTitle":"Add prepareEdit","messageBody":"","fileTypesAndContributionMap":{"functional-code":{"insertions":133,"deletions":47}}},{"hash":"bbbf938c88d35abcca306f018f9331bdce6bee44","messageTitle":"Fix splitArguments","messageBody":"","fileTypesAndContributionMap":{"functional-code":{"insertions":57,"deletions":12},"test-code":{"insertions":4,"deletions":0}}},{"hash":"98b1dc944785e45fd8c32e86c421008098b27abf","messageTitle":"Change prepareEdit","messageBody":"","fileTypesAndContributionMap":{"functional-code":{"insertions":97,"deletions":97}}},{"hash":"8a9eafbae2a5672d2764159b76a21ef1633f77eb","messageTitle":"Fix checkstyle","messageBody":"","fileTypesAndContributionMap":{"functional-code":{"insertions":5,"deletions":4}}},{"hash":"73cbad6bacd3237c0a48f13e0943449ece564c4a","messageTitle":"Fix checkstyle","messageBody":"","fileTypesAndContributionMap":{"functional-code":{"insertions":3,"deletions":2}}}]},{"date":"2022-03-31","commitResults":[{"hash":"85e25c3d09bbe2b330b09ad160188ad7a91782bb","messageTitle":"Add sequence diagrams for AddCommand","messageBody":"","fileTypesAndContributionMap":{"functional-code":{"insertions":3,"deletions":3},"docs":{"insertions":154,"deletions":21}}},{"hash":"553b50fb6cc358dd9defde611596952f3d6e98fd","messageTitle":"Update help messages","messageBody":"","fileTypesAndContributionMap":{"functional-code":{"insertions":19,"deletions":12},"docs":{"insertions":3,"deletions":13}}},{"hash":"9b0946ecebc8c1e74bca5da1f610099ae0c35b01","messageTitle":"Update UG","messageBody":"","fileTypesAndContributionMap":{"docs":{"insertions":60,"deletions":14}}},{"hash":"d74a391b98321d7bde5e4c28f0bc066bbb2c12fb","messageTitle":"Update UG","messageBody":"","fileTypesAndContributionMap":{"functional-code":{"insertions":5,"deletions":5},"docs":{"insertions":15,"deletions":11}}}]},{"date":"2022-04-07","commitResults":[{"hash":"87080463054045756f2a686f190049ec5b287d3d","messageTitle":"Fix minor issues and checkstyle","messageBody":"","fileTypesAndContributionMap":{"functional-code":{"insertions":54,"deletions":58}}},{"hash":"48431d46ac0f94ca41b105ca19afe675403ab4ce","messageTitle":"Add checkName","messageBody":"","fileTypesAndContributionMap":{"functional-code":{"insertions":45,"deletions":11}}},{"hash":"2fda9a5310469d6df27e74386e55f8d95f5500d9","messageTitle":"Format error messages","messageBody":"","fileTypesAndContributionMap":{"functional-code":{"insertions":38,"deletions":43},"test-code":{"insertions":6,"deletions":9}}},{"hash":"5e4c8f5de37c7771e3e518f125beab16be949047","messageTitle":"Make meetings non-editable","messageBody":"","fileTypesAndContributionMap":{"functional-code":{"insertions":25,"deletions":17}}},{"hash":"c95ac26dce5fbe3d4de2fdc3bde871620a0ac212","messageTitle":"Fix bug in prepareEdit","messageBody":"","fileTypesAndContributionMap":{"functional-code":{"insertions":3,"deletions":3}}},{"hash":"c4035302a9188cd89f8b09ad01da6cc6b92e9e3b","messageTitle":"Fix checkstyle","messageBody":"","fileTypesAndContributionMap":{"functional-code":{"insertions":5,"deletions":1}}},{"hash":"b7ba033746030cc554f9fce90163545ef94fab5b","messageTitle":"Fix checkstyle","messageBody":"","fileTypesAndContributionMap":{"functional-code":{"insertions":1,"deletions":1}}},{"hash":"84d452e49d9e3b15d1ecc30109400915688c644f","messageTitle":"Fix checkstyle","messageBody":"","fileTypesAndContributionMap":{"functional-code":{"insertions":3,"deletions":0}}},{"hash":"760d2b81cf6cb1d9273df5d99553ec4a7ec1a02a","messageTitle":"Fix checkstyle","messageBody":"","fileTypesAndContributionMap":{"functional-code":{"insertions":1,"deletions":0}}},{"hash":"f5efa3e32413e1f2120260080682e31cb233e56f","messageTitle":"Fix checkstyle","messageBody":"","fileTypesAndContributionMap":{"functional-code":{"insertions":2,"deletions":2}}},{"hash":"e1aa56b59b6c5080e3a52d371a9aa3c41761b131","messageTitle":"Fix checkstyle","messageBody":"","fileTypesAndContributionMap":{"functional-code":{"insertions":3,"deletions":2}}},{"hash":"1c57d14334ad186806882645b9ea8a95b3295d13","messageTitle":"Fix checkstyle","messageBody":"","fileTypesAndContributionMap":{"functional-code":{"insertions":2,"deletions":2}}},{"hash":"157b2f5a6a15aa221ef9a14b78c8c1498d8d27d1","messageTitle":"Fix checktstyle","messageBody":"","fileTypesAndContributionMap":{"functional-code":{"insertions":1,"deletions":1}}},{"hash":"046f7287218e0db1f45b77755fd2d7f46afdf785","messageTitle":"Add existing meetings to new timetable","messageBody":"","fileTypesAndContributionMap":{"functional-code":{"insertions":25,"deletions":5}}},{"hash":"03e3bf23825c6a3d5055ed2cbf5d6acd950b95cf","messageTitle":"Refactor test file","messageBody":"","fileTypesAndContributionMap":{"other":{"insertions":15,"deletions":3},"test-code":{"insertions":30,"deletions":0}}},{"hash":"c083babca89e76d30bbf500addb868a398f59e7e","messageTitle":"Add JUnit test for prepAddUser and prepEdit","messageBody":"","fileTypesAndContributionMap":{"test-code":{"insertions":63,"deletions":2}}},{"hash":"bea75da3e9a5d53b788066dcbe0b343e4c41576c","messageTitle":"Remove sort from addEvent methods","messageBody":"","fileTypesAndContributionMap":{"functional-code":{"insertions":0,"deletions":2}}},{"hash":"0c55f2c6e74bd6ddb4d4e24b8ce7817b8ccce289","messageTitle":"Remove mode check in equals method","messageBody":"","fileTypesAndContributionMap":{"functional-code":{"insertions":0,"deletions":4}}},{"hash":"a18f9f5d2b1e9eaf59c225b37617d9b85d157021","messageTitle":"Add JUnit test for timetables","messageBody":"","fileTypesAndContributionMap":{"test-code":{"insertions":101,"deletions":42}}},{"hash":"3d60910a98db1d79d73c4bb3ef6a701a7a60dd81","messageTitle":"Change AddUserCommandTest","messageBody":"","fileTypesAndContributionMap":{"test-code":{"insertions":3,"deletions":2}}},{"hash":"52ba42f52567779378da07a1b63c465bd75d6767","messageTitle":"Change TimetableTest.java","messageBody":"","fileTypesAndContributionMap":{"test-code":{"insertions":3,"deletions":3}}},{"hash":"4c302c35162ca1350d749b281f3689caeff3f421","messageTitle":"Add ExtraParametersException","messageBody":"","fileTypesAndContributionMap":{"functional-code":{"insertions":76,"deletions":59}}},{"hash":"818ac6d1fd02c9797ecd6ad17d13165bd0d9ba51","messageTitle":"Update ParserTest","messageBody":"","fileTypesAndContributionMap":{"test-code":{"insertions":2,"deletions":2}}},{"hash":"db391d6c7d5b6bc7909c8db24756fa4b2c345e94","messageTitle":"Change message","messageBody":"","fileTypesAndContributionMap":{"functional-code":{"insertions":2,"deletions":2}}},{"hash":"e0f3010d60e36989294b08694b82dbd243277169","messageTitle":"Update UG","messageBody":"","fileTypesAndContributionMap":{"functional-code":{"insertions":2,"deletions":2},"docs":{"insertions":178,"deletions":120}}},{"hash":"bcb44aac182c10dd1d5de19aae063d58a7b88b35","messageTitle":"Remove redundant lines","messageBody":"","fileTypesAndContributionMap":{"functional-code":{"insertions":0,"deletions":2}}},{"hash":"6d9b8b155411da0e5af25d056107dcc8973faf02","messageTitle":"Change PPP","messageBody":"","fileTypesAndContributionMap":{"docs":{"insertions":49,"deletions":11}}}]},{"date":"2022-04-08","commitResults":[{"hash":"e4bf253c57056e56c42ad41e59ccf4836b729fc7","messageTitle":"Rename PPP","messageBody":"","fileTypesAndContributionMap":{"docs":{"insertions":0,"deletions":0}}}]}],"lihao-InfoSec":[{"date":"2022-03-03","commitResults":[{"hash":"08bc3a1c62eee2e3feeaeead4fbe8ff1ffd0dd1f","messageTitle":"Edit details","messageBody":"","fileTypesAndContributionMap":{"docs":{"insertions":7,"deletions":7}}}]},{"date":"2022-03-14","commitResults":[{"hash":"39cbaf26539f659d05a34ab62e30ae0a5fc050a5","messageTitle":"Add Messages.java","messageBody":"","fileTypesAndContributionMap":{"functional-code":{"insertions":46,"deletions":0}}},{"hash":"8cc87d525c72f837c9206e9ad63ed190f4088e9e","messageTitle":"Add TextUi.java","messageBody":"","fileTypesAndContributionMap":{"functional-code":{"insertions":30,"deletions":0}}},{"hash":"2e0b15355387bb1ff67c9265d379e9b6a64dc1c3","messageTitle":"Update Duke.java to use Messages.java and TextUi.java","messageBody":"","fileTypesAndContributionMap":{"functional-code":{"insertions":12,"deletions":26}}},{"hash":"34370af563394aa854b954ebb89badb3334c80e3","messageTitle":"Add a execute command method","messageBody":"","fileTypesAndContributionMap":{"functional-code":{"insertions":15,"deletions":0}}},{"hash":"f8a2d3ced3e68459c1673b4c81c8f121a653ba5c","messageTitle":"Add help message","messageBody":"","fileTypesAndContributionMap":{"functional-code":{"insertions":2,"deletions":1}}},{"hash":"7ddd689fed60074a0860388bc15f6ba04051e045","messageTitle":"Add a exit command class","messageBody":"","fileTypesAndContributionMap":{"functional-code":{"insertions":13,"deletions":0}}},{"hash":"cc70be7d7a05f3e9adf192c59000c87d40a796bc","messageTitle":"Extract exit command","messageBody":"","fileTypesAndContributionMap":{"functional-code":{"insertions":2,"deletions":2}}},{"hash":"7d6936dbb1408dc8e8f19c7a469403234918264b","messageTitle":"Remove logo","messageBody":"","fileTypesAndContributionMap":{"functional-code":{"insertions":1,"deletions":1}}}]},{"date":"2022-03-16","commitResults":[{"hash":"c58e233dd69427b3023ec6305d71fb00f136e6a8","messageTitle":"Add logo and show error message method for failed start up","messageBody":"","fileTypesAndContributionMap":{"functional-code":{"insertions":7,"deletions":1}}},{"hash":"fc13ce6dc360320bdf609ea70d803640b1741955","messageTitle":" Add expected outcome for all commands","messageBody":"","fileTypesAndContributionMap":{"docs":{"insertions":56,"deletions":0}}},{"hash":"171471ef7494b2305f1ccee45c3ddaecb2610948","messageTitle":"Remove error message","messageBody":"","fileTypesAndContributionMap":{"functional-code":{"insertions":0,"deletions":4}}},{"hash":"7812b83005074a5b9c4bc3b9c20009a5c4c6facd","messageTitle":"Add a new error message for failed start up","messageBody":"","fileTypesAndContributionMap":{"functional-code":{"insertions":2,"deletions":0}}},{"hash":"f99051df1ddb735325c575e7fe5eb095a46d2d76","messageTitle":"Add a handle for runtime exception","messageBody":"","fileTypesAndContributionMap":{"functional-code":{"insertions":9,"deletions":1}}},{"hash":"46ea191c0d2d5e4f773bcb22a168761785199b7f","messageTitle":"Add a command result class","messageBody":"","fileTypesAndContributionMap":{"functional-code":{"insertions":18,"deletions":0}}},{"hash":"25d8c511ba62bb36ab5a9784030460fefd259ec0","messageTitle":"update about us","messageBody":"","fileTypesAndContributionMap":{"docs":{"insertions":1,"deletions":1}}},{"hash":"e19e8620477566add2c778ec15a48a66097c63a9","messageTitle":"Add portfolio","messageBody":"","fileTypesAndContributionMap":{"docs":{"insertions":6,"deletions":0}}},{"hash":"ce9e115b2044c846e173506cf51abe00ef3ccda3","messageTitle":"Add JavaDoc","messageBody":"","fileTypesAndContributionMap":{"functional-code":{"insertions":25,"deletions":2}}},{"hash":"22c18f29352db9882b71689665e9cd850fd2c187","messageTitle":"Update Portfolio","messageBody":"","fileTypesAndContributionMap":{"docs":{"insertions":2,"deletions":1}}},{"hash":"2239cfa5a2d060bfe2b3b2a1fcc149cd42592a51","messageTitle":"Fix style error","messageBody":"","fileTypesAndContributionMap":{"functional-code":{"insertions":3,"deletions":1}}},{"hash":"d863dc7baabf486b70cccf5142355f62be7593d4","messageTitle":"Update developer guide","messageBody":"","fileTypesAndContributionMap":{"docs":{"insertions":16,"deletions":6}}}]},{"date":"2022-03-24","commitResults":[{"hash":"245cbd09e904136094fe992ca12f885c4299aa14","messageTitle":"Add save sequence diagram","messageBody":"","fileTypesAndContributionMap":{"docs":{"insertions":42,"deletions":1}}}]},{"date":"2022-03-28","commitResults":[{"hash":"1c88b4d0daded07e5f235aefbdc788d18032ff2b","messageTitle":"Add save and load function","messageBody":"","fileTypesAndContributionMap":{"functional-code":{"insertions":232,"deletions":0}}},{"hash":"81685869c4572a15c35c277f9be37c544881fbcf","messageTitle":"Update meetingjio to make use of the save and load function","messageBody":"","fileTypesAndContributionMap":{"functional-code":{"insertions":7,"deletions":3}}},{"hash":"a6a0c1bb5d5c137ead965e71efb603be9403eb1f","messageTitle":"Add error handler for save and load function","messageBody":"","fileTypesAndContributionMap":{"functional-code":{"insertions":13,"deletions":0}}},{"hash":"74af2588caea378cb2e9e3eaffb0bf4dc49e0fc1","messageTitle":"Update the content","messageBody":"","fileTypesAndContributionMap":{"functional-code":{"insertions":4,"deletions":0}}},{"hash":"ddde95977a895aec604e53131d0ad99534860ce5","messageTitle":"fix style error","messageBody":"","fileTypesAndContributionMap":{"functional-code":{"insertions":20,"deletions":16}}},{"hash":"1e73c1aaf04f16ecbd99c2918db24379be9cb0e8","messageTitle":"fix an error in save data function","messageBody":"","fileTypesAndContributionMap":{"functional-code":{"insertions":4,"deletions":1}}}]},{"date":"2022-03-29","commitResults":[{"hash":"9a7a397f5e93d72a73179007c62e5b2bba1b12b2","messageTitle":"Remove storage operation exception class","messageBody":"","fileTypesAndContributionMap":{"functional-code":{"insertions":0,"deletions":7}}},{"hash":"2f353cd25437fd5660b241a06144d8f2163e2bf8","messageTitle":"Add incorrect index exception and missing parameter exception class","messageBody":"","fileTypesAndContributionMap":{"functional-code":{"insertions":8,"deletions":0}}},{"hash":"4e778db2e7e759f501f04b5f32615fefe8560238","messageTitle":"Add error messages for saving and loading data","messageBody":"","fileTypesAndContributionMap":{"functional-code":{"insertions":68,"deletions":0}}},{"hash":"1ef087838d44c65615c8753f1f72ab22eeefc811","messageTitle":"Add error handles for saving and loading data","messageBody":"","fileTypesAndContributionMap":{"functional-code":{"insertions":124,"deletions":41}}},{"hash":"a56c91a45658b1e73b1e6fd2bd67c5108d768ebb","messageTitle":"Edit the meetingjio to print the respective error message","messageBody":"","fileTypesAndContributionMap":{"functional-code":{"insertions":5,"deletions":2}}},{"hash":"d39ca1c3d608ae97d8acd1403863b7a89f534def","messageTitle":"fix error in style","messageBody":"","fileTypesAndContributionMap":{"functional-code":{"insertions":5,"deletions":15}}},{"hash":"a4f03e69a983fa287788baf0900a8f46d1b9a39e","messageTitle":"Add JavDoc for exceptions","messageBody":"","fileTypesAndContributionMap":{"functional-code":{"insertions":33,"deletions":1}}},{"hash":"696f3899d811edf124a8bb1b3f76fe4520270a96","messageTitle":"fix error in style","messageBody":"","fileTypesAndContributionMap":{"functional-code":{"insertions":1,"deletions":0}}},{"hash":"2e5f2a5e8255c789832fd03816c4328f30134b11","messageTitle":"Add JavDoc for save and load function","messageBody":"","fileTypesAndContributionMap":{"functional-code":{"insertions":119,"deletions":6}}}]},{"date":"2022-03-30","commitResults":[{"hash":"3a3f430a1b5e758a061d6df2ee79597ead7dc27d","messageTitle":"Add exit method","messageBody":"","fileTypesAndContributionMap":{"functional-code":{"insertions":8,"deletions":7},"docs":{"insertions":11,"deletions":0}}},{"hash":"f812ad1bbf25070790c3ccc4790bce8bc2ea42dd","messageTitle":"Add save sequence diagram and load sequence diagram","messageBody":"","fileTypesAndContributionMap":{"docs":{"insertions":98,"deletions":38}}},{"hash":"51079cb03e7616de3357f541f5a6b463a179d641","messageTitle":"Add error message for duplicate user name","messageBody":"","fileTypesAndContributionMap":{"functional-code":{"insertions":3,"deletions":0}}},{"hash":"564d57dacd33e86576893736a8d77ef60c605fa9","messageTitle":"Update load method to add name","messageBody":"","fileTypesAndContributionMap":{"functional-code":{"insertions":21,"deletions":2}}},{"hash":"9a57cf9d0eb845c5857340b947b570e5355f019a","messageTitle":"Update no events message","messageBody":"","fileTypesAndContributionMap":{"functional-code":{"insertions":1,"deletions":1}}}]},{"date":"2022-04-07","commitResults":[{"hash":"c76645adaa28be91fe0a2639108687c921c49a73","messageTitle":"Edit exit command","messageBody":"","fileTypesAndContributionMap":{"docs":{"insertions":2,"deletions":0}}},{"hash":"735d412f7acb55f2e165f62a10c9243698c1c470","messageTitle":"Update Project Portfolio Page","messageBody":"","fileTypesAndContributionMap":{"docs":{"insertions":49,"deletions":3}}}]}],"angyongming":[{"date":"2022-03-07","commitResults":[{"hash":"548323e44b1e785b3a9417c578ded80946ca95db","messageTitle":"Updated my profile","messageBody":"","fileTypesAndContributionMap":{"docs":{"insertions":2,"deletions":2}}}]},{"date":"2022-03-09","commitResults":[{"hash":"1b4281f2ef1a3a2e79aa0141c062d1b13926857b","messageTitle":"Created EventList class to function as the user\u0027s timetable","messageBody":"","fileTypesAndContributionMap":{"functional-code":{"insertions":33,"deletions":6}}},{"hash":"b4a17b59ecb65ab5aca80deca632c06730fc2e22","messageTitle":"Rename EventList to Timetable and initialise list function to list events within timetable","messageBody":"","fileTypesAndContributionMap":{"functional-code":{"insertions":41,"deletions":19}}},{"hash":"9448170218e8115273c313c57864bc316462a2ed","messageTitle":"Include functionality to AddCommand such that mode of lesson (online/physical) can be added and displayed in timetable","messageBody":"","fileTypesAndContributionMap":{"functional-code":{"insertions":12,"deletions":8}}},{"hash":"505bff750c1e25c754b1ccb7bae77f21beda0b47","messageTitle":"Comply with coding standards","messageBody":"","fileTypesAndContributionMap":{"functional-code":{"insertions":2,"deletions":2}}}]},{"date":"2022-03-15","commitResults":[{"hash":"2fef41217f9b7eff930c93d157bda1e1a8d5b454","messageTitle":"Handle list command if size of list is 0","messageBody":"","fileTypesAndContributionMap":{"functional-code":{"insertions":3,"deletions":0}}},{"hash":"035db1d9595f726f2f31cf4362c11b6e447560a7","messageTitle":"Implement Exception handling if parameters are missing or values from parameters are missing","messageBody":"","fileTypesAndContributionMap":{"functional-code":{"insertions":30,"deletions":8}}},{"hash":"8362e1b1d45ec7cdf5a3a5d6a3f744659da1e533","messageTitle":"Rectify exception handling for missing parameters and implement error handling for invalid day input","messageBody":"","fileTypesAndContributionMap":{"functional-code":{"insertions":31,"deletions":4}}},{"hash":"62364fbe4d6ebc2af9fb149f6554d641ee273d17","messageTitle":"implement exception handling for invalid time","messageBody":"","fileTypesAndContributionMap":{"functional-code":{"insertions":15,"deletions":4}}},{"hash":"13c32d27151496945631f6ba3efed6d292e8119a","messageTitle":"Implement exception handling for invalid mode","messageBody":"","fileTypesAndContributionMap":{"functional-code":{"insertions":18,"deletions":0}}},{"hash":"01d5ba42b6369ec8d90b5d488047dab5ea194d01","messageTitle":"Rectify checking validity of time","messageBody":"","fileTypesAndContributionMap":{"functional-code":{"insertions":5,"deletions":1}}},{"hash":"bff4c3e9c0c1f055b2c54d910b9729361e20170b","messageTitle":"specify error message","messageBody":"","fileTypesAndContributionMap":{"functional-code":{"insertions":23,"deletions":13}}},{"hash":"30d56833ebf84a8c4ede433932c155841f80284c","messageTitle":"comply to coding standards","messageBody":"","fileTypesAndContributionMap":{"functional-code":{"insertions":10,"deletions":5}}}]},{"date":"2022-03-16","commitResults":[{"hash":"0410262f49f32dc058be26dd7c8d8e0b108a2ba4","messageTitle":"Edit ErrorMessages class","messageBody":"","fileTypesAndContributionMap":{"functional-code":{"insertions":5,"deletions":3}}},{"hash":"1b1713f33956dd15aff630b000f235898a0bdc9d","messageTitle":"Implement JUnit testing and assertions for listCommand","messageBody":"","fileTypesAndContributionMap":{"test-code":{"insertions":19,"deletions":0}}},{"hash":"4b4f9a5f8e3f0a14b947e3265b41d1eab13dfeaf","messageTitle":"implement JUnit testing for prepareAdd in parser class","messageBody":"","fileTypesAndContributionMap":{"test-code":{"insertions":38,"deletions":2}}},{"hash":"5e0d8fd32a71db3f505196398e943533d2ca5766","messageTitle":"Incorporate more JUnit testing for prepareAdd","messageBody":"","fileTypesAndContributionMap":{"test-code":{"insertions":16,"deletions":6}}},{"hash":"657b2c94181d208f8bb1a0737ad5f6b112297c59","messageTitle":"Implement exception handling if overlapping events are added","messageBody":"","fileTypesAndContributionMap":{"functional-code":{"insertions":31,"deletions":3},"test-code":{"insertions":2,"deletions":1}}},{"hash":"5fb847720d5f37dceb004b50bd21c50b3226b8bb","messageTitle":"Implement JUnit testing for adding overlapping lessons","messageBody":"","fileTypesAndContributionMap":{"functional-code":{"insertions":7,"deletions":2},"test-code":{"insertions":46,"deletions":0}}},{"hash":"913fe133f971f2aab8794b78af8f5ab86f3a86a2","messageTitle":"Improve day and time overlap checks","messageBody":"","fileTypesAndContributionMap":{"functional-code":{"insertions":3,"deletions":1},"test-code":{"insertions":20,"deletions":0}}},{"hash":"98a8a5109b88f4321d5020fd974e1eff611ee940","messageTitle":"Comply with coding style","messageBody":"","fileTypesAndContributionMap":{"functional-code":{"insertions":6,"deletions":6}}},{"hash":"e5b7a31517a432caf73d895317d35d8b9e760d7b","messageTitle":"Use CommandResult for Exception Handling","messageBody":"","fileTypesAndContributionMap":{"functional-code":{"insertions":30,"deletions":25}}},{"hash":"55b4db5ca371f26005593f7ea8b9860ba0f90ab2","messageTitle":"Use CommandResult for JUnit testing","messageBody":"","fileTypesAndContributionMap":{"test-code":{"insertions":15,"deletions":9}}},{"hash":"7054a0d7260b796688e42a4b50fe30d03269d27c","messageTitle":"Rectify coding standard violations","messageBody":"","fileTypesAndContributionMap":{"functional-code":{"insertions":7,"deletions":1},"test-code":{"insertions":1,"deletions":1}}},{"hash":"a71ae0f946f37030a9bd60ce6a47cdbaef04ec52","messageTitle":"Update individual portfolio, user guide and about us to redirect to individual portfolio","messageBody":"","fileTypesAndContributionMap":{"docs":{"insertions":15,"deletions":13}}},{"hash":"20329a350ebe4cc84de18d3d417abc856d030313","messageTitle":"Incorporate documentation using JavaDoc","messageBody":"","fileTypesAndContributionMap":{"functional-code":{"insertions":54,"deletions":0},"test-code":{"insertions":43,"deletions":0}}},{"hash":"6b4555fae0794842e30973df6c1aa6b56a181367","messageTitle":"comply with javadoc coding standards","messageBody":"","fileTypesAndContributionMap":{"functional-code":{"insertions":11,"deletions":11},"test-code":{"insertions":10,"deletions":11}}},{"hash":"fef4689cfedae51017daf376a86438789f3e5719","messageTitle":"Rectify function to check overlap","messageBody":"","fileTypesAndContributionMap":{"functional-code":{"insertions":33,"deletions":11}}},{"hash":"7312da8f8a7c401056b3510afe1b480cea041ac1","messageTitle":"Edit overlaps","messageBody":"","fileTypesAndContributionMap":{"functional-code":{"insertions":2,"deletions":6}}}]},{"date":"2022-03-17","commitResults":[{"hash":"26e49a1b051713297d10d87aaf398ea6c3442902","messageTitle":"Implement JUnit testing for adding events with same timing belonging to different people","messageBody":"","fileTypesAndContributionMap":{"test-code":{"insertions":15,"deletions":0}}},{"hash":"4064958ce01c410a16b2d06dc6bcfb24fb8e3e12","messageTitle":"Incorporate assertions to make code more defensive","messageBody":"","fileTypesAndContributionMap":{"functional-code":{"insertions":3,"deletions":0}}},{"hash":"e0d662c62cbef43768fb41598ca5232b4df17030","messageTitle":"rectify coding standard violations for assertions","messageBody":"","fileTypesAndContributionMap":{"functional-code":{"insertions":3,"deletions":3}}}]},{"date":"2022-03-18","commitResults":[{"hash":"b7ebdc51fe8e0bf7c0562599fb26ab8367d9c8e6","messageTitle":"Implement logging to log assertion error if listCommand fails","messageBody":"","fileTypesAndContributionMap":{"functional-code":{"insertions":11,"deletions":2}}}]},{"date":"2022-03-23","commitResults":[{"hash":"e7f4e033e47bbdc93b0aab05dc630b6ad2726bd5","messageTitle":"Add sequence diagram for list command","messageBody":"","fileTypesAndContributionMap":{"docs":{"insertions":32,"deletions":0}}}]},{"date":"2022-03-24","commitResults":[{"hash":"8b5222cf460a4a3bffddf3ca5f3b738eb7e4b712","messageTitle":"Edit list command to handle \u0027list all\u0027 and list for each specific user","messageBody":"","fileTypesAndContributionMap":{"functional-code":{"insertions":65,"deletions":3}}},{"hash":"fc6455026adf90bb3806ce72db0cc46b3d773e86","messageTitle":"Update error handling for list","messageBody":"","fileTypesAndContributionMap":{"functional-code":{"insertions":18,"deletions":8}}},{"hash":"8735a636c50a516fa94320c1ec57849d1bdec7a7","messageTitle":"Modify JUnit testing for the modified list command","messageBody":"","fileTypesAndContributionMap":{"test-code":{"insertions":83,"deletions":23}}},{"hash":"8257094b8deca7379a99267835581eee6532c356","messageTitle":"Rectify coding standard violations","messageBody":"","fileTypesAndContributionMap":{"test-code":{"insertions":15,"deletions":15}}},{"hash":"dd979ad20b697a653c712a848f3c37cb565d842d","messageTitle":"Rectify CheckStyle errors","messageBody":"","fileTypesAndContributionMap":{"test-code":{"insertions":9,"deletions":9}}},{"hash":"eb4fc22e22e915192106ee77edd0ce5b15ae5d6c","messageTitle":"Streamline the list command further","messageBody":"","fileTypesAndContributionMap":{"functional-code":{"insertions":30,"deletions":39},"test-code":{"insertions":44,"deletions":7}}},{"hash":"e37df47a904c576169d6d6823ab55acb544f9a95","messageTitle":"Change the timetables attribute in MasterTimetable to private","messageBody":"","fileTypesAndContributionMap":{"functional-code":{"insertions":1,"deletions":1}}},{"hash":"397a8d75ece4a31d3097f23f321e7f52afa16631","messageTitle":"Change timetables attribute back to public so it can be accessed by list all command","messageBody":"","fileTypesAndContributionMap":{"functional-code":{"insertions":1,"deletions":1}}},{"hash":"c6f872cb023a4b0316f37f1b8f82c14f62e06278","messageTitle":"Rectify javadoc style errors in JUnit test","messageBody":"","fileTypesAndContributionMap":{"test-code":{"insertions":2,"deletions":2}}}]},{"date":"2022-03-25","commitResults":[{"hash":"5a91307de8e1b94aeb15c9650e7bfd698b5a303d","messageTitle":"Edit to make timetables a private final attribute instead of public static","messageBody":"","fileTypesAndContributionMap":{"functional-code":{"insertions":19,"deletions":2}}},{"hash":"1af4e296b74630cbca68d70e65274cf0202c651e","messageTitle":"Edit list command to not use timetables directly","messageBody":"","fileTypesAndContributionMap":{"functional-code":{"insertions":6,"deletions":14}}},{"hash":"6313b51497304e6f282a0d2bebe7680bdd363b07","messageTitle":"edit clear command to not use timetables directly","messageBody":"","fileTypesAndContributionMap":{"functional-code":{"insertions":4,"deletions":5}}},{"hash":"53aa7418540344a74fbd6bff51bd88c2093ae2fb","messageTitle":"Add JavaDoc for list commands","messageBody":"","fileTypesAndContributionMap":{"functional-code":{"insertions":32,"deletions":3}}},{"hash":"ca7236ca59a7d1cbecedfd596fb0b59d25c9519a","messageTitle":"Fix checkstyle errors for javadoc","messageBody":"","fileTypesAndContributionMap":{"functional-code":{"insertions":3,"deletions":2}}},{"hash":"4d9981cf8e8f13eb72a56d3605e2a8b51a3d14e4","messageTitle":"Improve user interface by sorting the timetables","messageBody":"","fileTypesAndContributionMap":{"functional-code":{"insertions":90,"deletions":10}}},{"hash":"3aa12f9011b79c15f2811a15993c32ae0065d13c","messageTitle":"rectify coding style erros","messageBody":"","fileTypesAndContributionMap":{"functional-code":{"insertions":8,"deletions":6}}},{"hash":"ff77b946de5053244ad8acc872220a8367f18573","messageTitle":"Add JUnit test for listCommand to test if list is sorted","messageBody":"","fileTypesAndContributionMap":{"test-code":{"insertions":13,"deletions":0}}}]},{"date":"2022-03-27","commitResults":[{"hash":"05777ca3de5b7841e8716a8c869155fb75441026","messageTitle":"Implement free function that finds all timeslots where everyone is free","messageBody":"","fileTypesAndContributionMap":{"functional-code":{"insertions":111,"deletions":0}}},{"hash":"5c75a54fa5b5cc5a7b198eb8f413ba959e0cbaba","messageTitle":"Implement exception handling for Free Command","messageBody":"","fileTypesAndContributionMap":{"functional-code":{"insertions":13,"deletions":5}}},{"hash":"4def68d9ba1a1cbf712fb5734b8d0f73c5950e33","messageTitle":"Eliminate use of magic numbers","messageBody":"","fileTypesAndContributionMap":{"functional-code":{"insertions":34,"deletions":16}}},{"hash":"7dcb3730f3b66737d266957262da32a675c2889b","messageTitle":"Update help message and error message for free command","messageBody":"","fileTypesAndContributionMap":{"functional-code":{"insertions":11,"deletions":5}}},{"hash":"ab579b769a163916489360ae1058db564b1a3eb8","messageTitle":"Implement function to allow user to search free timeslots based on duration","messageBody":"","fileTypesAndContributionMap":{"functional-code":{"insertions":32,"deletions":12}}},{"hash":"b7e7c0e9b65f21761fbc53b83ba04dba4fe4dc8b","messageTitle":"Add JavaDoc for free command","messageBody":"","fileTypesAndContributionMap":{"functional-code":{"insertions":94,"deletions":12}}},{"hash":"2c0dde9a2333f4caa902e136c9dca8055ae08f36","messageTitle":"Implement JUnit testing for free command","messageBody":"","fileTypesAndContributionMap":{"functional-code":{"insertions":3,"deletions":1},"test-code":{"insertions":117,"deletions":0}}},{"hash":"04b6291e8b8b5cd12732c6160a1d2109e08ca289","messageTitle":"Update UserGuide for free command","messageBody":"","fileTypesAndContributionMap":{"docs":{"insertions":40,"deletions":3}}},{"hash":"8920c1ebfbbce97fc46e30f10f94e57c9551b0ae","messageTitle":"refactor free command","messageBody":"","fileTypesAndContributionMap":{"functional-code":{"insertions":152,"deletions":150}}},{"hash":"415792c73386fb2ee21473d3b33b1801cd962df1","messageTitle":"Fix error in coding style","messageBody":"","fileTypesAndContributionMap":{"test-code":{"insertions":1,"deletions":0}}},{"hash":"d5ca10dfa5f080cfba7c09a3a169918cf470305b","messageTitle":"Update user guide","messageBody":"","fileTypesAndContributionMap":{"docs":{"insertions":8,"deletions":7}}}]},{"date":"2022-03-29","commitResults":[{"hash":"afe2149792382608e4a30756fe1de17edc6e0ffd","messageTitle":"Add UML sequence diagram for free command","messageBody":"","fileTypesAndContributionMap":{"docs":{"insertions":24,"deletions":0}}},{"hash":"77924c3bfc4b3b574cdf168958b9a7946ca2853d","messageTitle":"Modify UML sequence diagram for list command","messageBody":"","fileTypesAndContributionMap":{"docs":{"insertions":23,"deletions":25}}},{"hash":"ae576f5234c359f2420e7e5fde98fed995668d41","messageTitle":"update DG for list command and free command","messageBody":"","fileTypesAndContributionMap":{"docs":{"insertions":27,"deletions":5}}}]},{"date":"2022-03-30","commitResults":[{"hash":"20ff487b525a00619f6482f147b2d0424be4506b","messageTitle":"Edit messages","messageBody":"","fileTypesAndContributionMap":{"functional-code":{"insertions":15,"deletions":10}}},{"hash":"a6021271a0c15fb13c615ecf956f32e47c4cb609","messageTitle":"Add constraint to list command to determine what events to list out","messageBody":"","fileTypesAndContributionMap":{"functional-code":{"insertions":27,"deletions":12},"test-code":{"insertions":4,"deletions":4}}},{"hash":"bd4bdf599aeb46006ad3ca0182dfea7d77e18b93","messageTitle":"Modify and refactor list command","messageBody":"","fileTypesAndContributionMap":{"functional-code":{"insertions":38,"deletions":23}}},{"hash":"2019fa4f03d7bbb94225a70c8115472c014c9ed6","messageTitle":"Update JavaDoc for modified list command","messageBody":"","fileTypesAndContributionMap":{"functional-code":{"insertions":42,"deletions":12}}},{"hash":"db2064066fd99d8b7631066dd1020e789a6e9e3d","messageTitle":"add check in parser to ensure user cannot input a name that is \u0027all\u0027 as \u0027all\u0027 is a keyword in the list command","messageBody":"","fileTypesAndContributionMap":{"functional-code":{"insertions":4,"deletions":0}}},{"hash":"0d359c70e9401005e7756098f3b6a360c7a6f433","messageTitle":"Update JUnit testing for list command","messageBody":"","fileTypesAndContributionMap":{"functional-code":{"insertions":2,"deletions":1},"test-code":{"insertions":78,"deletions":29}}},{"hash":"8b7dd7619d4f303bb632f5ae00494196abf202ef","messageTitle":"Update user guide for list command","messageBody":"","fileTypesAndContributionMap":{"docs":{"insertions":51,"deletions":4}}},{"hash":"88dee35a90e16f02bef675e3591b92a94789c49b","messageTitle":"update messages","messageBody":"","fileTypesAndContributionMap":{"functional-code":{"insertions":16,"deletions":8}}},{"hash":"72abe0dc3b7efdb989cdf0be9e5afb1aaf95329e","messageTitle":"update developer guide and uml sequence diagram for list command","messageBody":"","fileTypesAndContributionMap":{"docs":{"insertions":2,"deletions":0}}},{"hash":"afb715a9c8ea1372aec17302d0a87f45043360e2","messageTitle":"Ensure user cannot add an event where start time \u003d end time","messageBody":"","fileTypesAndContributionMap":{"functional-code":{"insertions":1,"deletions":1}}},{"hash":"a400affcffdd3652ad1812dac35f354c1be5995f","messageTitle":"Update JUnit testing for addcommand","messageBody":"","fileTypesAndContributionMap":{"test-code":{"insertions":132,"deletions":114}}},{"hash":"d847d0559cf7fe83a40ca768e3f613b7a7b24f29","messageTitle":"update junit for parser","messageBody":"","fileTypesAndContributionMap":{"test-code":{"insertions":108,"deletions":109}}},{"hash":"8644ab0e1537f1ef316afe2165e644c3e041bd56","messageTitle":"Add JUnit testing for parser when adding event with same start time and end time","messageBody":"","fileTypesAndContributionMap":{"test-code":{"insertions":12,"deletions":0}}},{"hash":"f21ed6feb6c1a3b84dadb0c5a1899a32a5d9cf4f","messageTitle":"rectify coding style violation for javadoc","messageBody":"","fileTypesAndContributionMap":{"test-code":{"insertions":17,"deletions":15}}}]},{"date":"2022-04-06","commitResults":[{"hash":"322a8ac74e411f30ba38871b25326c8d057901dd","messageTitle":"Catch exception when user inputs \u0027free [negative number]\u0027","messageBody":"","fileTypesAndContributionMap":{"functional-code":{"insertions":5,"deletions":2}}},{"hash":"e06aa8bf4c6842aa09f939898ced7a8a1fd9ee7a","messageTitle":"Handle exception when free command is used with an event starting before 0800","messageBody":"","fileTypesAndContributionMap":{"functional-code":{"insertions":7,"deletions":0}}},{"hash":"a22fae6e18621a8c8798303062692ca3e89bfbac","messageTitle":"Modify JavaDoc to take into account changes to free command","messageBody":"","fileTypesAndContributionMap":{"functional-code":{"insertions":6,"deletions":0}}},{"hash":"caab62d53072895e6c4d16ec5882dc8e700a0d91","messageTitle":"Revamp free command to take into account 0000-0800","messageBody":"","fileTypesAndContributionMap":{"functional-code":{"insertions":11,"deletions":22}}},{"hash":"808b07e7900c972147edf072c131dcba482c9012","messageTitle":"Update exception handling, error messages, javadoc and JUnit testing for free command","messageBody":"","fileTypesAndContributionMap":{"functional-code":{"insertions":6,"deletions":9},"test-code":{"insertions":87,"deletions":39}}},{"hash":"9f6d1f5dd7230ba0cff93af45de0fb657bc9dbd7","messageTitle":"Minor edits to free command and update user guide","messageBody":"","fileTypesAndContributionMap":{"functional-code":{"insertions":2,"deletions":1},"docs":{"insertions":3,"deletions":2},"test-code":{"insertions":2,"deletions":1}}},{"hash":"d3f3eeeac3bae91bd924a4a8c7c498c57b3ace3b","messageTitle":"Modify according to TA\u0027s code review","messageBody":"","fileTypesAndContributionMap":{"functional-code":{"insertions":20,"deletions":10}}},{"hash":"6130c8e012adc7f50f49f69ab38eece4f56faeeb","messageTitle":"Edit error message for user does not exist to suggest user to add_user first","messageBody":"","fileTypesAndContributionMap":{"functional-code":{"insertions":1,"deletions":1}}},{"hash":"6b40637099a0b3eca969f2f722dfcf2a324db0cd","messageTitle":"Update user guide and developer guide","messageBody":"","fileTypesAndContributionMap":{"docs":{"insertions":33,"deletions":13}}},{"hash":"36551a68d712315aae74cf80f5ba9df37b9faa78","messageTitle":"Do up PPP","messageBody":"","fileTypesAndContributionMap":{"docs":{"insertions":40,"deletions":11}}}]},{"date":"2022-04-07","commitResults":[{"hash":"a91bc94ee6480d50ef650a07d66319162a39bf29","messageTitle":"refactored methods in free command to avoid cyclic dependencies","messageBody":"","fileTypesAndContributionMap":{"functional-code":{"insertions":18,"deletions":16}}}]}],"ibrahimisramos":[{"date":"2022-03-03","commitResults":[{"hash":"e460a2aa4d86335b06f1cb17b492a1ed22e0ea01","messageTitle":"Edited about us to include my name, added ibrahimsharul.md for profile page","messageBody":"","fileTypesAndContributionMap":{"docs":{"insertions":14,"deletions":7}}}]},{"date":"2022-03-09","commitResults":[{"hash":"9a41bff90db86be6102d5627aeb167ea54c65139","messageTitle":"Added delete command and clear command Finished #23,#21","messageBody":"","fileTypesAndContributionMap":{"functional-code":{"insertions":8,"deletions":0}}},{"hash":"d01f8ca2629d4b617c666ad921a152bec2d85a47","messageTitle":"Edited some of the other files to implement delete and clear command but further testing needs to be done","messageBody":"","fileTypesAndContributionMap":{"functional-code":{"insertions":73,"deletions":6}}}]},{"date":"2022-03-14","commitResults":[{"hash":"f583b4234b0af175d70bb748f2d549914e56a756","messageTitle":"Fixes #8 and #9","messageBody":"","fileTypesAndContributionMap":{"functional-code":{"insertions":10,"deletions":2}}},{"hash":"230b76e13cd81ed815bec434b7ac3d48dc613db7","messageTitle":"Fixes #8 and #9","messageBody":"","fileTypesAndContributionMap":{"functional-code":{"insertions":1,"deletions":1}}},{"hash":"ad7db8e30c74d157f1497ace880e7d577eefa02b","messageTitle":"Removed unused imports","messageBody":"","fileTypesAndContributionMap":{"functional-code":{"insertions":0,"deletions":1}}},{"hash":"52045ac7f4f012649e2afa2e8b790fc3e64f49f9","messageTitle":"Added prepareDeleteCommand_InvalidIndex_throwException to see if index is a valid integer","messageBody":"","fileTypesAndContributionMap":{"functional-code":{"insertions":1,"deletions":1},"test-code":{"insertions":64,"deletions":0}}},{"hash":"596fad70481facd8e7502ca0d4b7e707c1a5ebbe","messageTitle":"Remove throw exception from prepareDelete method","messageBody":"","fileTypesAndContributionMap":{"test-code":{"insertions":1,"deletions":1}}},{"hash":"9156776934f6391bc278490850612b74baf58509","messageTitle":"As a temporary measure check if help command is executed for invalid prepareDeleteCommand","messageBody":"","fileTypesAndContributionMap":{"test-code":{"insertions":3,"deletions":3}}},{"hash":"e5cb59fb526c59661e9c1b8c78def0f2693041ca","messageTitle":"Change JUnit Test for assert","messageBody":"","fileTypesAndContributionMap":{"test-code":{"insertions":2,"deletions":15}}},{"hash":"c04964b3cf6aa73114c7ddacdec16a57751aa2d9","messageTitle":"Amend populate timetable to use beforeeach","messageBody":"","fileTypesAndContributionMap":{"test-code":{"insertions":5,"deletions":4}}}]},{"date":"2022-03-15","commitResults":[{"hash":"b936a35429e9847ff93bbfed9c1490946196310e","messageTitle":"Add Logging to invalid integer string for delete index","messageBody":"","fileTypesAndContributionMap":{"functional-code":{"insertions":4,"deletions":0}}}]},{"date":"2022-03-16","commitResults":[{"hash":"43c35ba013da10f26063234207b31cce114c2999","messageTitle":"Add java-doc to delete related commands Fix #70","messageBody":"","fileTypesAndContributionMap":{"functional-code":{"insertions":16,"deletions":0},"test-code":{"insertions":16,"deletions":0}}},{"hash":"cced38107115700a3ff69e5e20b56390927ab169","messageTitle":"Added javadoc for ClearCommand","messageBody":"","fileTypesAndContributionMap":{"functional-code":{"insertions":6,"deletions":0}}},{"hash":"5f2b2335f6c0a6d6035454ee318e357f6ea107d4","messageTitle":"Edit to suit Command Result in event of exception","messageBody":"","fileTypesAndContributionMap":{"functional-code":{"insertions":6,"deletions":2},"test-code":{"insertions":5,"deletions":5}}},{"hash":"c3267e732ea00035ecfaec77fa9577f6c441f2d1","messageTitle":"Add Javadoc for add method","messageBody":"","fileTypesAndContributionMap":{"functional-code":{"insertions":12,"deletions":0}}}]},{"date":"2022-03-20","commitResults":[{"hash":"3ee5b650a8465992cc40749f2b8720a15b85c4f8","messageTitle":"Added Assert error when clear command doesnt clear whole list","messageBody":"","fileTypesAndContributionMap":{"functional-code":{"insertions":7,"deletions":4}}},{"hash":"df21040805129a301c6e9aab6270f65cf83a4607","messageTitle":"Added Assert error when delete command doesnt work properly","messageBody":"","fileTypesAndContributionMap":{"functional-code":{"insertions":4,"deletions":0}}},{"hash":"0571c974b062023edeea924e0b533408566f60ff","messageTitle":"Add Author tag for DeleteCommand and ClearCommand","messageBody":"","fileTypesAndContributionMap":{"functional-code":{"insertions":2,"deletions":0}}}]},{"date":"2022-03-23","commitResults":[{"hash":"2e19431210a69bba3ace15ed828860e730fea19b","messageTitle":"Add sequence diagram for Clear Command","messageBody":"","fileTypesAndContributionMap":{"docs":{"insertions":35,"deletions":0}}},{"hash":"e72fbf739e12cc89f9615ae4648b0d37b5b12998","messageTitle":"Add sequence diagram for clear into DG","messageBody":"","fileTypesAndContributionMap":{"docs":{"insertions":7,"deletions":0}}}]},{"date":"2022-03-24","commitResults":[{"hash":"95d894b595691e7f38d48ebb790d31d7d93e60fa","messageTitle":"add delete commands","messageBody":"","fileTypesAndContributionMap":{"functional-code":{"insertions":37,"deletions":7}}},{"hash":"99a5275139344b065588fa3d296e4adda417a1e8","messageTitle":"Modify DeleteCommand to accomodate new list Modified ClearCommand  to accomodate new list and app structure Add Sample commands so we need not manually type","messageBody":"","fileTypesAndContributionMap":{"functional-code":{"insertions":57,"deletions":10}}}]},{"date":"2022-03-27","commitResults":[{"hash":"145950641c663d21727ec7aae200277f8aaf38bf","messageTitle":"Parser file - Add PrepareAddMeeting method - Add new Add_meeting command to list of commands accepted","messageBody":"Add AddMeeting command class and new Meeting class file\n\nAdd getter and setter methods to timetable class file\n\nAdd checkIfEveryoneFree() method to MasterTimetable to aid addmeeting command\n","fileTypesAndContributionMap":{"functional-code":{"insertions":128,"deletions":7}}},{"hash":"065de8b8b031f116bebaeeff46b3a160164e68c9","messageTitle":"Add AddMeetingCommand to check if meeting exists then add to everyone timetable","messageBody":"","fileTypesAndContributionMap":{"functional-code":{"insertions":96,"deletions":31}}},{"hash":"37bd4ce9101273b426d8f35127950755332c03ad","messageTitle":"CheckStyle editing for When doing addMeeting and related code change parser file to make more explicit distinction between AddMeeting vs AddLesson","messageBody":"","fileTypesAndContributionMap":{"functional-code":{"insertions":94,"deletions":90}}},{"hash":"8c0906a5262777d2dbc7a2e01df28b093ddb0370","messageTitle":"Edit DeleteCommand to accomodate changes","messageBody":"","fileTypesAndContributionMap":{"functional-code":{"insertions":45,"deletions":4}}},{"hash":"6dc357f1d5b7586f788792f7c0dfe5d3a39097c2","messageTitle":"Edit DeleteCommand to delete meetings from everyone","messageBody":"","fileTypesAndContributionMap":{"functional-code":{"insertions":42,"deletions":4}}},{"hash":"815a8f986a4d5b1738a98da37178713f22d3e3d3","messageTitle":"Change Coding style violations","messageBody":"","fileTypesAndContributionMap":{"functional-code":{"insertions":7,"deletions":16}}},{"hash":"2f4e12313cf45b196927d2453302de93b279736f","messageTitle":"Add JUnit for ClearCommand","messageBody":"","fileTypesAndContributionMap":{"functional-code":{"insertions":3,"deletions":5},"test-code":{"insertions":98,"deletions":4}}},{"hash":"0c907c7cf84989730c743c24d574fa299c8b58fd","messageTitle":"Add More JUnit-test for ClearCommand","messageBody":"","fileTypesAndContributionMap":{"test-code":{"insertions":13,"deletions":0}}},{"hash":"f35876f4edd02afb98110dee555ab92062cf122d","messageTitle":"no message","messageBody":"","fileTypesAndContributionMap":{"docs":{"insertions":26,"deletions":7}}},{"hash":"fa919b5f2eb5e1c827ecd1e071e632b220d6791c","messageTitle":"Revert \"no message\"","messageBody":"This reverts commit f35876f4edd02afb98110dee555ab92062cf122d.\n","fileTypesAndContributionMap":{"docs":{"insertions":7,"deletions":26}}},{"hash":"de72cf3d80fc2c6fe8305476ddc5b30fbf780c7e","messageTitle":"Update UserGuide for add_meeting,clear and delete commands","messageBody":"","fileTypesAndContributionMap":{"docs":{"insertions":70,"deletions":23}}},{"hash":"f4a5f3f761496e77a129ab152bede416bfda1ec4","messageTitle":"Edit spaces for error message","messageBody":"","fileTypesAndContributionMap":{"functional-code":{"insertions":1,"deletions":1}}},{"hash":"a577c21bdc315a3bdb7d08bc2f89b6050f41c641","messageTitle":"Edit code style violations","messageBody":"","fileTypesAndContributionMap":{"functional-code":{"insertions":4,"deletions":1},"test-code":{"insertions":18,"deletions":16}}}]},{"date":"2022-03-28","commitResults":[{"hash":"787cf9e3e4b51b93ec69436274dbbc394b798e82","messageTitle":"Fix Add_meeting to properly save the meeting title","messageBody":"","fileTypesAndContributionMap":{"functional-code":{"insertions":1,"deletions":1}}},{"hash":"13a137de65d4a7a200a9a37aeb2b674b018c6bec","messageTitle":"Refactor code from executeCommand in Command class to Ui class Edited Helper methods from Parser into separate class Edit error messages for Add_meeting and delete Remove redundant delete method from parser class","messageBody":"","fileTypesAndContributionMap":{"functional-code":{"insertions":181,"deletions":74},"other":{"insertions":19,"deletions":99}}},{"hash":"9ca971c5e08e7c360da2113d3a5c3d30792e7308","messageTitle":"Extract argument parsing methods to new file ParserArguments","messageBody":"","fileTypesAndContributionMap":{"functional-code":{"insertions":98,"deletions":84}}},{"hash":"3a23afbe2022c7246343dbfff7d8a2a3f96a22c8","messageTitle":"Add check that When new user is added, all existing meetings are deleted","messageBody":"","fileTypesAndContributionMap":{"functional-code":{"insertions":24,"deletions":1}}},{"hash":"60ccacade952e1358a0902d68ed3c492f98506ca","messageTitle":"Add delete user\u0027s timetable from mastertimetable list when issue clear user and clear all","messageBody":"","fileTypesAndContributionMap":{"functional-code":{"insertions":7,"deletions":8}}},{"hash":"e3de81c4474b7b8a4cf94c0761e13a1c1c236ff8","messageTitle":"Add JavaDoc to ClearCommand code","messageBody":"","fileTypesAndContributionMap":{"functional-code":{"insertions":32,"deletions":2},"test-code":{"insertions":3,"deletions":8}}},{"hash":"a5da3e7b5f82db5d2bb25a448acdb0ac738cdebf","messageTitle":"Add JavaDoc for DeleteCommand","messageBody":"","fileTypesAndContributionMap":{"functional-code":{"insertions":19,"deletions":7}}}]},{"date":"2022-03-29","commitResults":[{"hash":"8b8176f24c87f3d81fa26c4815857f72681d0803","messageTitle":"Add JavaDoc for AddMeetingCommand class Add JavaDoc for MasterTimetable class Changed methods in Parser Arguments to static","messageBody":"","fileTypesAndContributionMap":{"functional-code":{"insertions":86,"deletions":12}}},{"hash":"60b6a4f7232965e5f6feb6a432c017b8b6e5f02d","messageTitle":"Update User guide","messageBody":"","fileTypesAndContributionMap":{"docs":{"insertions":19,"deletions":19}}}]},{"date":"2022-03-30","commitResults":[{"hash":"9c153cd1b81f871e76b7a0ed6ac0fbeee478675d","messageTitle":"Add Sequence diagram for ClearCommand","messageBody":"","fileTypesAndContributionMap":{"docs":{"insertions":20,"deletions":20}}},{"hash":"5ea5fe36c6035be1496d72595b70d12584672c18","messageTitle":"Add Sequence Diagram for Delete Command","messageBody":"","fileTypesAndContributionMap":{"docs":{"insertions":11,"deletions":0}}},{"hash":"81389693cdd384f31d512ee70d67724147eb9d0a","messageTitle":"Add Sequence Diagram for AddMeetingCommand","messageBody":"","fileTypesAndContributionMap":{"docs":{"insertions":72,"deletions":8}}},{"hash":"b412ad5104a5afbd64ff4560142b01ff415f504c","messageTitle":"Add Sequence diagrams of Add_meeting, Clear and Delete to DG","messageBody":"","fileTypesAndContributionMap":{"docs":{"insertions":36,"deletions":3}}}]},{"date":"2022-03-31","commitResults":[{"hash":"0172f4eb3ff2a52458f3770797c806fb9cc453b0","messageTitle":"Edit Error Message and testing out code","messageBody":"","fileTypesAndContributionMap":{"functional-code":{"insertions":6,"deletions":2}}}]},{"date":"2022-04-04","commitResults":[{"hash":"7e0d56b53b2458775da6b0a78faea98c64d512df","messageTitle":"Edit add_meeting command output from thursday to Wednesday","messageBody":"","fileTypesAndContributionMap":{"docs":{"insertions":1,"deletions":1}}},{"hash":"28099b843234b4a8412c4e79e41b298cdf6bc419","messageTitle":"Change error message and line of checking to check if is duplicate meeting first before checking if members can make it Add meeting newly added to meeting list","messageBody":"","fileTypesAndContributionMap":{"functional-code":{"insertions":4,"deletions":4},"docs":{"insertions":2,"deletions":2}}},{"hash":"8e99e90b0e71e9023fb99aac85ed85ec7412ab4b","messageTitle":"Change error message when extra parameters are supplied","messageBody":"","fileTypesAndContributionMap":{"functional-code":{"insertions":12,"deletions":4}}},{"hash":"f1c391c99d471c725dc50d619ed7aea6d9cb3de9","messageTitle":"Change delete command format under help command\u0027s help message Change clear command format under help command\u0027s help message Fix #195","messageBody":"","fileTypesAndContributionMap":{"functional-code":{"insertions":6,"deletions":4}}},{"hash":"b6e5ab1f1202072276b8eeffde4f7a77f5e33064","messageTitle":"Add clear and clear all into UG command summary","messageBody":"","fileTypesAndContributionMap":{"docs":{"insertions":11,"deletions":10}}},{"hash":"e576bdbcec2025ee8f2940bb91ddab1a36916dff","messageTitle":"Changed clear command UG to reflect the deletion of events and not solely lessons Fix #196","messageBody":"","fileTypesAndContributionMap":{"docs":{"insertions":7,"deletions":4}}},{"hash":"fe214c781e1f756f511051fa039de6eeee711ef4","messageTitle":"Add in check to see if no user exist when trying to add meeting and return error message","messageBody":"","fileTypesAndContributionMap":{"functional-code":{"insertions":5,"deletions":1}}},{"hash":"227efe686e15f16ee95c73152143375fdaf75126","messageTitle":"Made it more clear that the all users should be available for meetings","messageBody":"","fileTypesAndContributionMap":{"docs":{"insertions":2,"deletions":2}}},{"hash":"76c7b1cd243cf4281403acb7f4f59662a1a01af6","messageTitle":"Change CheckStyle violations","messageBody":"","fileTypesAndContributionMap":{"functional-code":{"insertions":6,"deletions":4}}},{"hash":"80e54fefcd9a95b423d36cdc3733b97c9443e02b","messageTitle":"Edit delete command format","messageBody":"","fileTypesAndContributionMap":{"docs":{"insertions":1,"deletions":1}}},{"hash":"aa1dad6d34f7fbc2794464d783a2573cb0ff9c8e","messageTitle":"Edit PPP for myself","messageBody":"","fileTypesAndContributionMap":{"docs":{"insertions":41,"deletions":4}}}]},{"date":"2022-04-05","commitResults":[{"hash":"3b494fdba3d42193e3d6efac9d5e846273cecf3c","messageTitle":"Change my md file to github username, Ibrahimisramos instead of actual name Added in my picture Edit About Us page to reflect changes","messageBody":"","fileTypesAndContributionMap":{"docs":{"insertions":6,"deletions":6}}},{"hash":"4c87c2c2235eed1f7f8910b646d4bc7e652eee58","messageTitle":"Edit test methods to prepareadd to prepareaddlesson to help distinguish between add lesson and add meeting","messageBody":"","fileTypesAndContributionMap":{"test-code":{"insertions":2,"deletions":2}}},{"hash":"82700d19774be1059c2f98de205b83ab2e0448b4","messageTitle":"Add test for add meeting if no users already exist in system Add test if add duplicate meeting","messageBody":"","fileTypesAndContributionMap":{"test-code":{"insertions":28,"deletions":7}}},{"hash":"00a3ec154e6346b804a23b124a1364bc8f52b7c1","messageTitle":"Add prepareAddOverlappingMeetings test","messageBody":"","fileTypesAndContributionMap":{"test-code":{"insertions":27,"deletions":2}}},{"hash":"e490acb95d6cef5ccd0bb94a15ffadd536897665","messageTitle":"Change boolean methods for meeting to follow convention Logged unhandled exception","messageBody":"","fileTypesAndContributionMap":{"functional-code":{"insertions":11,"deletions":8}}},{"hash":"a0dce64fb9e578fc534294036bf6685fb4e0434c","messageTitle":"Add J-unit testing for all paths for add_meeting Clear Checkstyle violations","messageBody":"","fileTypesAndContributionMap":{"functional-code":{"insertions":6,"deletions":4},"test-code":{"insertions":66,"deletions":45}}}]},{"date":"2022-04-06","commitResults":[{"hash":"9a9fc4d313482d3f04d20d1d16e271075052cf95","messageTitle":"Add more test methods for ParserTest to test AddMeeting","messageBody":"","fileTypesAndContributionMap":{"test-code":{"insertions":54,"deletions":5}}},{"hash":"03c94c238060509f31fee8c4cade677a5a6597f2","messageTitle":"Edit UG to reflect current reflection that we cannot have a meeting spanning past midnight and that we will issue a fix","messageBody":"","fileTypesAndContributionMap":{"docs":{"insertions":4,"deletions":0}}},{"hash":"e80b15599276b4ac0b0bdbd54a931f28c3fa8757","messageTitle":"Parse all arguments in parser to lowercase Fix bug in clear method that doesnt check properly if meeting previously exist","messageBody":"","fileTypesAndContributionMap":{"functional-code":{"insertions":11,"deletions":5},"test-code":{"insertions":43,"deletions":4}}},{"hash":"04cee031a275f5ce9a800939af676357161a53bc","messageTitle":"Add JUnit to test extra parameters","messageBody":"","fileTypesAndContributionMap":{"test-code":{"insertions":17,"deletions":8}}},{"hash":"9737f161538df5e9abfcfb27d998bcb62f6a0216","messageTitle":"Add J-Unit for testing","messageBody":"","fileTypesAndContributionMap":{"test-code":{"insertions":135,"deletions":56}}},{"hash":"d3214ca9997092b8423ad7bce02e5d223a9ba3e9","messageTitle":"Did testing for delete meeting but not working. Need to retry because delete is not done properly","messageBody":"","fileTypesAndContributionMap":{"functional-code":{"insertions":2,"deletions":0},"test-code":{"insertions":80,"deletions":12}}}]},{"date":"2022-04-07","commitResults":[{"hash":"561c55bdf5eb43d389ae437e66e1dcf6d34d3b09","messageTitle":"Edit PPP","messageBody":"","fileTypesAndContributionMap":{"docs":{"insertions":19,"deletions":12}}},{"hash":"efa2e681374a24a49aea0aceba138169119fe76a","messageTitle":"Add Pipe border for condense diagram","messageBody":"","fileTypesAndContributionMap":{"docs":{"insertions":4,"deletions":4}}},{"hash":"afc5da9a11dcf41cf51ddc60646f303160881301","messageTitle":"Update sequence diagram of delete command","messageBody":"","fileTypesAndContributionMap":{"docs":{"insertions":17,"deletions":10}}},{"hash":"b3b5925bd2e665468dae6981ba225988053feda1","messageTitle":"Edit sequence diagram for clearcommand","messageBody":"","fileTypesAndContributionMap":{"docs":{"insertions":13,"deletions":6}}},{"hash":"af2acc8d41d980041ef0a033a67f457e885c897a","messageTitle":"Edit AddMeeting sequence diagram Add object diagram for AddMeeting","messageBody":"","fileTypesAndContributionMap":{"docs":{"insertions":28,"deletions":26}}},{"hash":"50e84d2a767cf0435ff46d577188c3afa2dc37d3","messageTitle":"Edit Sequence diagram for add meeting command","messageBody":"","fileTypesAndContributionMap":{"docs":{"insertions":3,"deletions":3}}},{"hash":"2c4f80872eba511e7384f4274343d48a5adb8a47","messageTitle":"Edit Delete and AddMeeting Command sequence diagram","messageBody":"","fileTypesAndContributionMap":{"docs":{"insertions":23,"deletions":7}}},{"hash":"6fea9e7a561ecf533a9b4c2659c9455c84229917","messageTitle":"Edit ClearCommand sequence diagram","messageBody":"","fileTypesAndContributionMap":{"docs":{"insertions":1,"deletions":1}}}]},{"date":"2022-04-08","commitResults":[{"hash":"ed9d41fd1cc3672e5666e48876804d4672cecd83","messageTitle":"Edit sequence diagram for clear command","messageBody":"","fileTypesAndContributionMap":{"docs":{"insertions":2,"deletions":2}}},{"hash":"a44ed52f69aa0ac8fad113713270e4902bc1dda0","messageTitle":"Remove magic string","messageBody":"","fileTypesAndContributionMap":{"functional-code":{"insertions":11,"deletions":6}}},{"hash":"f24fda45d85643bc14ce8943173c7e3f69b746c2","messageTitle":"Change boolean methods to follow conventions Remove magic strings Add JavaDoc","messageBody":"","fileTypesAndContributionMap":{"functional-code":{"insertions":26,"deletions":20}}},{"hash":"603a8e85b74ea0572c55e4d9e5fe51ed0c7d1f14","messageTitle":"Rectify Code Quality violations","messageBody":"","fileTypesAndContributionMap":{"functional-code":{"insertions":6,"deletions":6},"test-code":{"insertions":7,"deletions":15}}},{"hash":"423f434fca0625d5cd6021bda7745c1097e06c4e","messageTitle":"Fix #198, #128, #39, #189, #192, #213, #230 Test if code is working for the issues identified in PE-D","messageBody":"","fileTypesAndContributionMap":{"functional-code":{"insertions":1,"deletions":1}}}]}]},"authorFileTypeContributionMap":{"yanjie1017":{"docs":485,"functional-code":1000,"test-code":212,"other":3},"lihao-InfoSec":{"docs":211,"functional-code":679,"test-code":0},"angyongming":{"docs":200,"functional-code":773,"test-code":600},"ibrahimisramos":{"docs":273,"functional-code":705,"test-code":461}},"authorContributionVariance":{"yanjie1017":72211.6,"lihao-InfoSec":6658.6973,"angyongming":36843.61,"ibrahimisramos":27760.625},"authorDisplayNameMap":{"yanjie1017":"CS2113-T11-3 TOH .. JIE","lihao-InfoSec":"CS2113-T11-3 LI H.. HAO","angyongming":"CS2113-T11-3 ANG ..MING","ibrahimisramos":"CS2113-T11-3 IBRA..ARUL"}}
