{"authorDailyContributionsMap":{"yanjie1017":[{"date":"2022-03-03","commitResults":[{"hash":"f62d3e732459de8f05767aa7c175ae3c891725a7","messageTitle":"Add profile","messageBody":"","fileTypesAndContributionMap":{"docs":{"insertions":2,"deletions":1}}}]},{"date":"2022-03-09","commitResults":[{"hash":"6d13608556041d2e6ca6e5dcb0af2ef9e4f275a6","messageTitle":"Refactor Duke to MeetingJio","messageBody":"","fileTypesAndContributionMap":{"functional-code":{"insertions":14,"deletions":21},"other":{"insertions":2,"deletions":2}}},{"hash":"71a6fa2f8b6742b067681826feddcd5b146ee225","messageTitle":"Add Parser.java","messageBody":"","fileTypesAndContributionMap":{"functional-code":{"insertions":37,"deletions":0}}},{"hash":"ae9f97354899153eb78e56311e797e2c956239b1","messageTitle":"Revert \"Add Parser.java\"","messageBody":"This reverts commit 71a6fa2f8b6742b067681826feddcd5b146ee225.\n","fileTypesAndContributionMap":{"functional-code":{"insertions":0,"deletions":37}}},{"hash":"fe969420297c8fdaf772c9814ba99a8fd5ee44dc","messageTitle":"Revert \"Refactor Duke to MeetingJio\"","messageBody":"This reverts commit 6d13608556041d2e6ca6e5dcb0af2ef9e4f275a6.\n","fileTypesAndContributionMap":{"functional-code":{"insertions":21,"deletions":14},"other":{"insertions":2,"deletions":2}}},{"hash":"5dfc0e57e34172d984f1cb89d80b963ba095f3ed","messageTitle":"Add Event and Lesson","messageBody":"","fileTypesAndContributionMap":{"functional-code":{"insertions":30,"deletions":0}}},{"hash":"efeb5b4670b22a301b7536b8b911f0585d8fc66a","messageTitle":"Add AddCommand","messageBody":"","fileTypesAndContributionMap":{"functional-code":{"insertions":95,"deletions":5}}}]},{"date":"2022-03-11","commitResults":[{"hash":"6981ce30ee1f6198a01c11760890df176798e581","messageTitle":"Refactor the classes and methods","messageBody":"","fileTypesAndContributionMap":{"functional-code":{"insertions":222,"deletions":144},"other":{"insertions":1,"deletions":1}}},{"hash":"6a6f26a26eb26ec9d3ac843883449bb6e609f03f","messageTitle":"Fix checkstyle issues","messageBody":"","fileTypesAndContributionMap":{"functional-code":{"insertions":8,"deletions":19}}},{"hash":"bcb510024e81f9f43357bbdfd3f08207a2df1601","messageTitle":"Handle DuplicateEventException","messageBody":"","fileTypesAndContributionMap":{"functional-code":{"insertions":101,"deletions":20},"test-code":{"insertions":27,"deletions":0}}}]},{"date":"2022-03-16","commitResults":[{"hash":"01a3df457b6ffbfbb3f78a70d8aef7606318388a","messageTitle":"Update JUnit test for Timetable and AddCommand","messageBody":"","fileTypesAndContributionMap":{"functional-code":{"insertions":11,"deletions":16},"other":{"insertions":3,"deletions":5},"test-code":{"insertions":63,"deletions":15}}},{"hash":"08e9aa14461246e3abe6805a1e674d9d81eaa6bd","messageTitle":"Update user guide","messageBody":"","fileTypesAndContributionMap":{"functional-code":{"insertions":0,"deletions":1},"docs":{"insertions":43,"deletions":22}}},{"hash":"6553e236bae17d33392d7ef5bcd7a0e6ba14f997","messageTitle":"Update user guide","messageBody":"","fileTypesAndContributionMap":{"docs":{"insertions":23,"deletions":11}}},{"hash":"297c8bcfd5dc3ff79e46419581cae6612f199f36","messageTitle":"Change parseCommand","messageBody":"","fileTypesAndContributionMap":{"functional-code":{"insertions":6,"deletions":4}}},{"hash":"cb3b8c9aae80d18f60857fd956d87be335e6b742","messageTitle":"Update Parser.java","messageBody":"","fileTypesAndContributionMap":{"functional-code":{"insertions":1,"deletions":1}}},{"hash":"155e0a730f32dbbf0a2816645fef947a5f077f1c","messageTitle":"Update portfolio","messageBody":"","fileTypesAndContributionMap":{"docs":{"insertions":23,"deletions":0}}},{"hash":"cb306b009b5923091897b138ddc607fc941502a8","messageTitle":"Update user guide","messageBody":"","fileTypesAndContributionMap":{"docs":{"insertions":2,"deletions":2}}},{"hash":"b4ec87d317b4ae4cff716dd44aae479f5ab0dd19","messageTitle":"Revert \"Update user guide\"","messageBody":"This reverts commit cb306b009b5923091897b138ddc607fc941502a8.\n","fileTypesAndContributionMap":{"docs":{"insertions":2,"deletions":2}}},{"hash":"038fd9938f5fec032badd81f1dc21e7058358662","messageTitle":"Update user guide","messageBody":"","fileTypesAndContributionMap":{"docs":{"insertions":2,"deletions":2}}}]}],"lihao-InfoSec":[{"date":"2022-03-03","commitResults":[{"hash":"08bc3a1c62eee2e3feeaeead4fbe8ff1ffd0dd1f","messageTitle":"Edit details","messageBody":"","fileTypesAndContributionMap":{"docs":{"insertions":7,"deletions":7}}}]},{"date":"2022-03-14","commitResults":[{"hash":"39cbaf26539f659d05a34ab62e30ae0a5fc050a5","messageTitle":"Add Messages.java","messageBody":"","fileTypesAndContributionMap":{"functional-code":{"insertions":46,"deletions":0}}},{"hash":"8cc87d525c72f837c9206e9ad63ed190f4088e9e","messageTitle":"Add TextUi.java","messageBody":"","fileTypesAndContributionMap":{"functional-code":{"insertions":30,"deletions":0}}},{"hash":"2e0b15355387bb1ff67c9265d379e9b6a64dc1c3","messageTitle":"Update Duke.java to use Messages.java and TextUi.java","messageBody":"","fileTypesAndContributionMap":{"functional-code":{"insertions":12,"deletions":26}}},{"hash":"34370af563394aa854b954ebb89badb3334c80e3","messageTitle":"Add a execute command method","messageBody":"","fileTypesAndContributionMap":{"functional-code":{"insertions":15,"deletions":0}}},{"hash":"f8a2d3ced3e68459c1673b4c81c8f121a653ba5c","messageTitle":"Add help message","messageBody":"","fileTypesAndContributionMap":{"functional-code":{"insertions":2,"deletions":1}}},{"hash":"7ddd689fed60074a0860388bc15f6ba04051e045","messageTitle":"Add a exit command class","messageBody":"","fileTypesAndContributionMap":{"functional-code":{"insertions":13,"deletions":0}}},{"hash":"cc70be7d7a05f3e9adf192c59000c87d40a796bc","messageTitle":"Extract exit command","messageBody":"","fileTypesAndContributionMap":{"functional-code":{"insertions":2,"deletions":2}}},{"hash":"7d6936dbb1408dc8e8f19c7a469403234918264b","messageTitle":"Remove logo","messageBody":"","fileTypesAndContributionMap":{"functional-code":{"insertions":1,"deletions":1}}}]},{"date":"2022-03-16","commitResults":[{"hash":"c58e233dd69427b3023ec6305d71fb00f136e6a8","messageTitle":"Add logo and show error message method for failed start up","messageBody":"","fileTypesAndContributionMap":{"functional-code":{"insertions":7,"deletions":1}}},{"hash":"fc13ce6dc360320bdf609ea70d803640b1741955","messageTitle":" Add expected outcome for all commands","messageBody":"","fileTypesAndContributionMap":{"docs":{"insertions":56,"deletions":0}}},{"hash":"171471ef7494b2305f1ccee45c3ddaecb2610948","messageTitle":"Remove error message","messageBody":"","fileTypesAndContributionMap":{"functional-code":{"insertions":0,"deletions":4}}},{"hash":"7812b83005074a5b9c4bc3b9c20009a5c4c6facd","messageTitle":"Add a new error message for failed start up","messageBody":"","fileTypesAndContributionMap":{"functional-code":{"insertions":2,"deletions":0}}},{"hash":"f99051df1ddb735325c575e7fe5eb095a46d2d76","messageTitle":"Add a handle for runtime exception","messageBody":"","fileTypesAndContributionMap":{"functional-code":{"insertions":9,"deletions":1}}},{"hash":"46ea191c0d2d5e4f773bcb22a168761785199b7f","messageTitle":"Add a command result class","messageBody":"","fileTypesAndContributionMap":{"functional-code":{"insertions":18,"deletions":0}}},{"hash":"25d8c511ba62bb36ab5a9784030460fefd259ec0","messageTitle":"update about us","messageBody":"","fileTypesAndContributionMap":{"docs":{"insertions":1,"deletions":1}}},{"hash":"e19e8620477566add2c778ec15a48a66097c63a9","messageTitle":"Add portfolio","messageBody":"","fileTypesAndContributionMap":{"docs":{"insertions":6,"deletions":0}}},{"hash":"ce9e115b2044c846e173506cf51abe00ef3ccda3","messageTitle":"Add JavaDoc","messageBody":"","fileTypesAndContributionMap":{"functional-code":{"insertions":25,"deletions":2}}},{"hash":"22c18f29352db9882b71689665e9cd850fd2c187","messageTitle":"Update Portfolio","messageBody":"","fileTypesAndContributionMap":{"docs":{"insertions":2,"deletions":1}}},{"hash":"2239cfa5a2d060bfe2b3b2a1fcc149cd42592a51","messageTitle":"Fix style error","messageBody":"","fileTypesAndContributionMap":{"functional-code":{"insertions":3,"deletions":1}}},{"hash":"d863dc7baabf486b70cccf5142355f62be7593d4","messageTitle":"Update developer guide","messageBody":"","fileTypesAndContributionMap":{"docs":{"insertions":16,"deletions":6}}}]}],"angyongming":[{"date":"2022-03-07","commitResults":[{"hash":"548323e44b1e785b3a9417c578ded80946ca95db","messageTitle":"Updated my profile","messageBody":"","fileTypesAndContributionMap":{"docs":{"insertions":2,"deletions":2}}}]},{"date":"2022-03-09","commitResults":[{"hash":"1b4281f2ef1a3a2e79aa0141c062d1b13926857b","messageTitle":"Created EventList class to function as the user\u0027s timetable","messageBody":"","fileTypesAndContributionMap":{"functional-code":{"insertions":33,"deletions":6}}},{"hash":"b4a17b59ecb65ab5aca80deca632c06730fc2e22","messageTitle":"Rename EventList to Timetable and initialise list function to list events within timetable","messageBody":"","fileTypesAndContributionMap":{"functional-code":{"insertions":41,"deletions":19}}},{"hash":"9448170218e8115273c313c57864bc316462a2ed","messageTitle":"Include functionality to AddCommand such that mode of lesson (online/physical) can be added and displayed in timetable","messageBody":"","fileTypesAndContributionMap":{"functional-code":{"insertions":12,"deletions":8}}},{"hash":"505bff750c1e25c754b1ccb7bae77f21beda0b47","messageTitle":"Comply with coding standards","messageBody":"","fileTypesAndContributionMap":{"functional-code":{"insertions":2,"deletions":2}}}]},{"date":"2022-03-15","commitResults":[{"hash":"2fef41217f9b7eff930c93d157bda1e1a8d5b454","messageTitle":"Handle list command if size of list is 0","messageBody":"","fileTypesAndContributionMap":{"functional-code":{"insertions":3,"deletions":0}}},{"hash":"035db1d9595f726f2f31cf4362c11b6e447560a7","messageTitle":"Implement Exception handling if parameters are missing or values from parameters are missing","messageBody":"","fileTypesAndContributionMap":{"functional-code":{"insertions":30,"deletions":8}}},{"hash":"8362e1b1d45ec7cdf5a3a5d6a3f744659da1e533","messageTitle":"Rectify exception handling for missing parameters and implement error handling for invalid day input","messageBody":"","fileTypesAndContributionMap":{"functional-code":{"insertions":31,"deletions":4}}},{"hash":"62364fbe4d6ebc2af9fb149f6554d641ee273d17","messageTitle":"implement exception handling for invalid time","messageBody":"","fileTypesAndContributionMap":{"functional-code":{"insertions":15,"deletions":4}}},{"hash":"13c32d27151496945631f6ba3efed6d292e8119a","messageTitle":"Implement exception handling for invalid mode","messageBody":"","fileTypesAndContributionMap":{"functional-code":{"insertions":18,"deletions":0}}},{"hash":"01d5ba42b6369ec8d90b5d488047dab5ea194d01","messageTitle":"Rectify checking validity of time","messageBody":"","fileTypesAndContributionMap":{"functional-code":{"insertions":5,"deletions":1}}},{"hash":"bff4c3e9c0c1f055b2c54d910b9729361e20170b","messageTitle":"specify error message","messageBody":"","fileTypesAndContributionMap":{"functional-code":{"insertions":23,"deletions":13}}},{"hash":"30d56833ebf84a8c4ede433932c155841f80284c","messageTitle":"comply to coding standards","messageBody":"","fileTypesAndContributionMap":{"functional-code":{"insertions":10,"deletions":5}}}]},{"date":"2022-03-16","commitResults":[{"hash":"0410262f49f32dc058be26dd7c8d8e0b108a2ba4","messageTitle":"Edit ErrorMessages class","messageBody":"","fileTypesAndContributionMap":{"functional-code":{"insertions":5,"deletions":3}}},{"hash":"1b1713f33956dd15aff630b000f235898a0bdc9d","messageTitle":"Implement JUnit testing and assertions for listCommand","messageBody":"","fileTypesAndContributionMap":{"test-code":{"insertions":19,"deletions":0}}},{"hash":"4b4f9a5f8e3f0a14b947e3265b41d1eab13dfeaf","messageTitle":"implement JUnit testing for prepareAdd in parser class","messageBody":"","fileTypesAndContributionMap":{"test-code":{"insertions":38,"deletions":2}}},{"hash":"5e0d8fd32a71db3f505196398e943533d2ca5766","messageTitle":"Incorporate more JUnit testing for prepareAdd","messageBody":"","fileTypesAndContributionMap":{"test-code":{"insertions":16,"deletions":6}}},{"hash":"657b2c94181d208f8bb1a0737ad5f6b112297c59","messageTitle":"Implement exception handling if overlapping events are added","messageBody":"","fileTypesAndContributionMap":{"functional-code":{"insertions":31,"deletions":3},"test-code":{"insertions":2,"deletions":1}}},{"hash":"5fb847720d5f37dceb004b50bd21c50b3226b8bb","messageTitle":"Implement JUnit testing for adding overlapping lessons","messageBody":"","fileTypesAndContributionMap":{"functional-code":{"insertions":7,"deletions":2},"test-code":{"insertions":46,"deletions":0}}},{"hash":"913fe133f971f2aab8794b78af8f5ab86f3a86a2","messageTitle":"Improve day and time overlap checks","messageBody":"","fileTypesAndContributionMap":{"functional-code":{"insertions":3,"deletions":1},"test-code":{"insertions":20,"deletions":0}}},{"hash":"98a8a5109b88f4321d5020fd974e1eff611ee940","messageTitle":"Comply with coding style","messageBody":"","fileTypesAndContributionMap":{"functional-code":{"insertions":6,"deletions":6}}},{"hash":"e5b7a31517a432caf73d895317d35d8b9e760d7b","messageTitle":"Use CommandResult for Exception Handling","messageBody":"","fileTypesAndContributionMap":{"functional-code":{"insertions":30,"deletions":25}}},{"hash":"55b4db5ca371f26005593f7ea8b9860ba0f90ab2","messageTitle":"Use CommandResult for JUnit testing","messageBody":"","fileTypesAndContributionMap":{"test-code":{"insertions":15,"deletions":9}}},{"hash":"7054a0d7260b796688e42a4b50fe30d03269d27c","messageTitle":"Rectify coding standard violations","messageBody":"","fileTypesAndContributionMap":{"functional-code":{"insertions":7,"deletions":1},"test-code":{"insertions":1,"deletions":1}}},{"hash":"a71ae0f946f37030a9bd60ce6a47cdbaef04ec52","messageTitle":"Update individual portfolio, user guide and about us to redirect to individual portfolio","messageBody":"","fileTypesAndContributionMap":{"docs":{"insertions":15,"deletions":13}}},{"hash":"20329a350ebe4cc84de18d3d417abc856d030313","messageTitle":"Incorporate documentation using JavaDoc","messageBody":"","fileTypesAndContributionMap":{"functional-code":{"insertions":54,"deletions":0},"test-code":{"insertions":43,"deletions":0}}},{"hash":"6b4555fae0794842e30973df6c1aa6b56a181367","messageTitle":"comply with javadoc coding standards","messageBody":"","fileTypesAndContributionMap":{"functional-code":{"insertions":11,"deletions":11},"test-code":{"insertions":10,"deletions":11}}},{"hash":"fef4689cfedae51017daf376a86438789f3e5719","messageTitle":"Rectify function to check overlap","messageBody":"","fileTypesAndContributionMap":{"functional-code":{"insertions":33,"deletions":11}}},{"hash":"7312da8f8a7c401056b3510afe1b480cea041ac1","messageTitle":"Edit overlaps","messageBody":"","fileTypesAndContributionMap":{"functional-code":{"insertions":2,"deletions":6}}}]}],"ibrahimisramos":[{"date":"2022-03-03","commitResults":[{"hash":"e460a2aa4d86335b06f1cb17b492a1ed22e0ea01","messageTitle":"Edited about us to include my name, added ibrahimsharul.md for profile page","messageBody":"","fileTypesAndContributionMap":{"docs":{"insertions":14,"deletions":7}}}]},{"date":"2022-03-09","commitResults":[{"hash":"9a41bff90db86be6102d5627aeb167ea54c65139","messageTitle":"Added delete command and clear command Finished #23,#21","messageBody":"","fileTypesAndContributionMap":{"functional-code":{"insertions":8,"deletions":0}}},{"hash":"d01f8ca2629d4b617c666ad921a152bec2d85a47","messageTitle":"Edited some of the other files to implement delete and clear command but further testing needs to be done","messageBody":"","fileTypesAndContributionMap":{"functional-code":{"insertions":73,"deletions":6}}}]},{"date":"2022-03-14","commitResults":[{"hash":"f583b4234b0af175d70bb748f2d549914e56a756","messageTitle":"Fixes #8 and #9","messageBody":"","fileTypesAndContributionMap":{"functional-code":{"insertions":10,"deletions":2}}},{"hash":"230b76e13cd81ed815bec434b7ac3d48dc613db7","messageTitle":"Fixes #8 and #9","messageBody":"","fileTypesAndContributionMap":{"functional-code":{"insertions":1,"deletions":1}}},{"hash":"ad7db8e30c74d157f1497ace880e7d577eefa02b","messageTitle":"Removed unused imports","messageBody":"","fileTypesAndContributionMap":{"functional-code":{"insertions":0,"deletions":1}}},{"hash":"52045ac7f4f012649e2afa2e8b790fc3e64f49f9","messageTitle":"Added prepareDeleteCommand_InvalidIndex_throwException to see if index is a valid integer","messageBody":"","fileTypesAndContributionMap":{"functional-code":{"insertions":1,"deletions":1},"test-code":{"insertions":64,"deletions":0}}},{"hash":"596fad70481facd8e7502ca0d4b7e707c1a5ebbe","messageTitle":"Remove throw exception from prepareDelete method","messageBody":"","fileTypesAndContributionMap":{"test-code":{"insertions":1,"deletions":1}}},{"hash":"9156776934f6391bc278490850612b74baf58509","messageTitle":"As a temporary measure check if help command is executed for invalid prepareDeleteCommand","messageBody":"","fileTypesAndContributionMap":{"test-code":{"insertions":3,"deletions":3}}},{"hash":"e5cb59fb526c59661e9c1b8c78def0f2693041ca","messageTitle":"Change JUnit Test for assert","messageBody":"","fileTypesAndContributionMap":{"test-code":{"insertions":2,"deletions":15}}},{"hash":"c04964b3cf6aa73114c7ddacdec16a57751aa2d9","messageTitle":"Amend populate timetable to use beforeeach","messageBody":"","fileTypesAndContributionMap":{"test-code":{"insertions":5,"deletions":4}}}]},{"date":"2022-03-15","commitResults":[{"hash":"b936a35429e9847ff93bbfed9c1490946196310e","messageTitle":"Add Logging to invalid integer string for delete index","messageBody":"","fileTypesAndContributionMap":{"functional-code":{"insertions":4,"deletions":0}}}]},{"date":"2022-03-16","commitResults":[{"hash":"43c35ba013da10f26063234207b31cce114c2999","messageTitle":"Add java-doc to delete related commands Fix #70","messageBody":"","fileTypesAndContributionMap":{"functional-code":{"insertions":16,"deletions":0},"test-code":{"insertions":16,"deletions":0}}},{"hash":"cced38107115700a3ff69e5e20b56390927ab169","messageTitle":"Added javadoc for ClearCommand","messageBody":"","fileTypesAndContributionMap":{"functional-code":{"insertions":6,"deletions":0}}},{"hash":"5f2b2335f6c0a6d6035454ee318e357f6ea107d4","messageTitle":"Edit to suit Command Result in event of exception","messageBody":"","fileTypesAndContributionMap":{"functional-code":{"insertions":6,"deletions":2},"test-code":{"insertions":5,"deletions":5}}}]}]},"authorFileTypeContributionMap":{"yanjie1017":{"docs":77,"functional-code":331,"test-code":76},"lihao-InfoSec":{"docs":71,"functional-code":169,"test-code":0},"angyongming":{"docs":13,"functional-code":259,"test-code":183},"ibrahimisramos":{"docs":8,"functional-code":41,"test-code":64}},"authorContributionVariance":{"yanjie1017":14745.911,"lihao-InfoSec":1677.0616,"angyongming":10949.436,"ibrahimisramos":793.3608},"authorDisplayNameMap":{"yanjie1017":"CS2113-T11-3 TOH .. JIE","lihao-InfoSec":"CS2113-T11-3 LI H.. HAO","angyongming":"CS2113-T11-3 ANG ..MING","ibrahimisramos":"CS2113-T11-3 IBRA..ARUL"}}
