{"authorDailyContributionsMap":{"aiman-imtiaz":[{"date":"2022-03-07","commitResults":[{"hash":"41b816deffe018631dc23780134e29c10d477420","messageTitle":"aiman-AboutUs","messageBody":"","fileTypesAndContributionMap":{"docs":{"insertions":8,"deletions":7}}}]},{"date":"2022-03-08","commitResults":[{"hash":"477db6108c162efcd4dd137df5dcdb4390a5d56e","messageTitle":"fixed about me changes","messageBody":"","fileTypesAndContributionMap":{"docs":{"insertions":4,"deletions":3}}}]},{"date":"2022-03-09","commitResults":[{"hash":"631bff07b8dc5cfdfc1052ae0a10aa0d610dfbf4","messageTitle":"changes made","messageBody":"","fileTypesAndContributionMap":{"docs":{"insertions":6,"deletions":5}}}]}],"zhenster":[{"date":"2022-03-04","commitResults":[{"hash":"d41d97ede59b926d11471786ccae61fe6ce89b53","messageTitle":"Add Alina to AboutUs.md","messageBody":"","fileTypesAndContributionMap":{"docs":{"insertions":7,"deletions":7}}}]}],"FaliciaOng":[{"date":"2022-03-07","commitResults":[{"hash":"cca7ddd818877b219ebb1430e85d0fd18f44a2d9","messageTitle":"Add information in AboutUs","messageBody":"","fileTypesAndContributionMap":{"docs":{"insertions":1,"deletions":1}}}]},{"date":"2022-03-13","commitResults":[{"hash":"49e1d9d6f6f3176600baea693786097f74fc11d4","messageTitle":"Add command parser to parse user and exceptions for invalid command","messageBody":"Fixes#27\n","fileTypesAndContributionMap":{"functional-code":{"insertions":64,"deletions":4}}},{"hash":"4328739c2e952993a3114cd7718d0a876cd10fa8","messageTitle":"Update code to comply with coding standards","messageBody":"Fixes#27\n","fileTypesAndContributionMap":{"functional-code":{"insertions":3,"deletions":4}}}]}],"XunyiiZ":[{"date":"2022-03-07","commitResults":[{"hash":"1580fe5039514c2635b086860ebdf9f037ebe74f","messageTitle":"add name","messageBody":"","fileTypesAndContributionMap":{"docs":{"insertions":1,"deletions":0}}},{"hash":"1cf687c1ab68e55e935c07a6d573b7ec240d7f08","messageTitle":"add name to the third last slot","messageBody":"","fileTypesAndContributionMap":{"docs":{"insertions":1,"deletions":2}}}]},{"date":"2022-03-14","commitResults":[{"hash":"5e5642fb86756c58292115a215aab42a0237c7c5","messageTitle":"add room related classes","messageBody":"fixes #6\n","fileTypesAndContributionMap":{"functional-code":{"insertions":87,"deletions":0}}},{"hash":"c283b2c3246e0bfa8ff0aceca96fbe9cac0f83b7","messageTitle":"add classes to upadate room status","messageBody":"fixes #6\n","fileTypesAndContributionMap":{"functional-code":{"insertions":72,"deletions":2}}},{"hash":"b09a6e02f0be18a5f94c1dedd552d98cd5d2ed2d","messageTitle":"add checkroom classes","messageBody":"","fileTypesAndContributionMap":{"functional-code":{"insertions":27,"deletions":0}}},{"hash":"87cf8a0579d4b2c88b410133f631882d12676d44","messageTitle":"add check all room function","messageBody":"fixes #8\n","fileTypesAndContributionMap":{"functional-code":{"insertions":32,"deletions":2}}},{"hash":"c37d24ae36d4425b3f03128b9334cc27f23fd3c2","messageTitle":"fix bugs","messageBody":"","fileTypesAndContributionMap":{"functional-code":{"insertions":0,"deletions":25}}},{"hash":"b47d18fd1f38292ccab91090518a072a6576d23a","messageTitle":"fix bugs","messageBody":"","fileTypesAndContributionMap":{"functional-code":{"insertions":25,"deletions":0}}},{"hash":"4a43a67052042e1323d171316c7963a8a3b84cd5","messageTitle":"add check room by level function","messageBody":"fixes #8\n","fileTypesAndContributionMap":{"functional-code":{"insertions":30,"deletions":1}}},{"hash":"391a4d8fccc8df662cad910c8fb2f1182c224a15","messageTitle":"fix styles","messageBody":"","fileTypesAndContributionMap":{"functional-code":{"insertions":36,"deletions":24}}},{"hash":"beeae612c65643c7d94b4c4d61e6947f04ffd270","messageTitle":"fix bugs","messageBody":"","fileTypesAndContributionMap":{"functional-code":{"insertions":1,"deletions":1}}},{"hash":"73082a2eabd216c77905abadee74ddc01e472911","messageTitle":"fix style","messageBody":"","fileTypesAndContributionMap":{"functional-code":{"insertions":1,"deletions":1}}},{"hash":"5d2b4a7f26cf973954c7d9b249550553d03453c5","messageTitle":"fix style","messageBody":"","fileTypesAndContributionMap":{"functional-code":{"insertions":45,"deletions":28}}},{"hash":"be542653281a81bb9190fa50c0f02f0b4bc38a18","messageTitle":"add exceptions","messageBody":"","fileTypesAndContributionMap":{"functional-code":{"insertions":31,"deletions":0}}},{"hash":"a49afdb9e03e577a07484ea1390245609ab97c10","messageTitle":"add exceptions","messageBody":"","fileTypesAndContributionMap":{"functional-code":{"insertions":20,"deletions":13}}}]},{"date":"2022-03-15","commitResults":[{"hash":"2f2e4fcdad41e26b29f757c40c023b7783a54f3f","messageTitle":"add junit test","messageBody":"","fileTypesAndContributionMap":{"functional-code":{"insertions":1,"deletions":1},"test-code":{"insertions":41,"deletions":0}}},{"hash":"0898f538367dae04b3ba5bea06d6017533ead914","messageTitle":"fix styles","messageBody":"Fixes #6\n","fileTypesAndContributionMap":{"test-code":{"insertions":3,"deletions":3}}},{"hash":"85caea6eb8bfdd43fab2e12b0e8f26303a58b924","messageTitle":"add check all room per cat","messageBody":"","fileTypesAndContributionMap":{"functional-code":{"insertions":51,"deletions":3}}},{"hash":"7d6898902abd1937e13af73fd46da6d4f70175b5","messageTitle":"add exception","messageBody":"","fileTypesAndContributionMap":{"functional-code":{"insertions":1,"deletions":1}}},{"hash":"c5283b96834048d173aaf2a54b72155d28af56c6","messageTitle":"add junit test","messageBody":"","fileTypesAndContributionMap":{"test-code":{"insertions":19,"deletions":0}}},{"hash":"5006e116dea83b8ab04e080eb0e31da409398b62","messageTitle":"fix style","messageBody":"Fixes #12\n","fileTypesAndContributionMap":{"functional-code":{"insertions":2,"deletions":2},"test-code":{"insertions":2,"deletions":1}}},{"hash":"7e9ae3718e3114ae825ce0c2fb8b94f9154f4d37","messageTitle":"add view room by level","messageBody":"","fileTypesAndContributionMap":{"functional-code":{"insertions":13,"deletions":2}}},{"hash":"f354dc9d096ec1d7b8b723082e1dab1aeb2735fc","messageTitle":"add invalid level exception","messageBody":"","fileTypesAndContributionMap":{"functional-code":{"insertions":1,"deletions":1}}},{"hash":"17e75bc7479cd1f48882290550947145c0ca65b7","messageTitle":"fix execute function","messageBody":"","fileTypesAndContributionMap":{"functional-code":{"insertions":7,"deletions":23}}},{"hash":"0a6f27f7f7326556ed49890511dc0964c2789b8f","messageTitle":"a liitle changes","messageBody":"","fileTypesAndContributionMap":{"functional-code":{"insertions":2,"deletions":6}}},{"hash":"f637ea68d6135838628a3f872d67b6a0ecbec43d","messageTitle":"no message","messageBody":"","fileTypesAndContributionMap":{"functional-code":{"insertions":12,"deletions":2}}}]}],"siewyangzhi":[{"date":"2022-03-07","commitResults":[{"hash":"c1390819633dc920f3dc088ecdb50be3db4b8cae","messageTitle":"Update AboutUs.md to include personal details","messageBody":"","fileTypesAndContributionMap":{"docs":{"insertions":1,"deletions":1}}}]},{"date":"2022-03-13","commitResults":[{"hash":"5c03324b134c55bedd5995432aeae57c04b02f05","messageTitle":"Add Ui class and the function to read in user input.","messageBody":"Fixes#25\n","fileTypesAndContributionMap":{"functional-code":{"insertions":36,"deletions":10}}},{"hash":"66d77c0a18306fa1e009ba53c91dd9f524c26521","messageTitle":"Edit code formatting to comply with coding standards.","messageBody":"Fixes#25\n","fileTypesAndContributionMap":{"functional-code":{"insertions":3,"deletions":1}}},{"hash":"fdcae31c59ca7ea70fdf9dceb320a56c918fd971","messageTitle":"Update Duke, Expected.txt to show the correct output for the test case.","messageBody":"Fixes#25\n","fileTypesAndContributionMap":{"functional-code":{"insertions":1,"deletions":4}}}]},{"date":"2022-03-14","commitResults":[{"hash":"9b28817121a79d0194f31a5ef3b2151213549611","messageTitle":"Update code to implement command parsing for add item command.","messageBody":"Fixes#24\n","fileTypesAndContributionMap":{"functional-code":{"insertions":134,"deletions":7},"test-code":{"insertions":27,"deletions":0}}},{"hash":"42d12841a6cc67016ebc7984f336a150c904bacd","messageTitle":"Update code to compile with coding standards.","messageBody":"Fixes#24\n","fileTypesAndContributionMap":{"functional-code":{"insertions":12,"deletions":11}}},{"hash":"97813e4aee7ec4734473aee2aea9c45d490fca2a","messageTitle":"Update code to comply with coding standards due to Gradle error.","messageBody":"Fixes#24\n","fileTypesAndContributionMap":{"functional-code":{"insertions":2,"deletions":2}}}]},{"date":"2022-03-15","commitResults":[{"hash":"2935bf89d7c76e550d94efd0ba8a5eebcc03eaef","messageTitle":"Update code to implement add item to item list functionality.","messageBody":"Fixes#31\n","fileTypesAndContributionMap":{"functional-code":{"insertions":87,"deletions":25},"test-code":{"insertions":3,"deletions":2}}},{"hash":"4f68dd607eb21b61d3afef7a5492d57e64516e36","messageTitle":"Update code to fix gradle style errors.","messageBody":"Fixes#31\n","fileTypesAndContributionMap":{"functional-code":{"insertions":10,"deletions":10}}},{"hash":"e207ad89de83da67564ce14ad4f37870712dd77d","messageTitle":"Update code to fix gradle VariableDeclarationUsageDistance error","messageBody":"Fixes#31\n","fileTypesAndContributionMap":{"functional-code":{"insertions":1,"deletions":1}}},{"hash":"7bbb28001553f78b90880cb76e5d771452df57f6","messageTitle":"Update code to fix gradle error.","messageBody":"Fixes#31\n","fileTypesAndContributionMap":{"functional-code":{"insertions":4,"deletions":8}}}]}]},"authorFileTypeContributionMap":{"aiman-imtiaz":{"docs":13,"functional-code":0,"test-code":0},"zhenster":{"docs":1,"functional-code":0,"test-code":0},"FaliciaOng":{"docs":0,"functional-code":49,"test-code":0},"XunyiiZ":{"docs":0,"functional-code":332,"test-code":65},"siewyangzhi":{"docs":0,"functional-code":227,"test-code":28}},"authorContributionVariance":{"aiman-imtiaz":13.581358,"zhenster":7.248523,"FaliciaOng":207.72926,"XunyiiZ":10567.408,"siewyangzhi":2215.7114},"authorDisplayNameMap":{"aiman-imtiaz":"CS2113-T11-1 HAFI..TIAZ","zhenster":"CS2113-T11-1 ALIN..HENG","FaliciaOng":"CS2113-T11-1 ONG ..ICIA","XunyiiZ":"CS2113-T11-1 ZENG..UNYI","siewyangzhi":"CS2113-T11-1 SIEW.. ZHI"}}
