{"authorDailyContributionsMap":{"aiman-imtiaz":[{"date":"2022-03-07","commitResults":[{"hash":"41b816deffe018631dc23780134e29c10d477420","messageTitle":"aiman-AboutUs","messageBody":"","fileTypesAndContributionMap":{"docs":{"insertions":8,"deletions":7}}}]},{"date":"2022-03-08","commitResults":[{"hash":"477db6108c162efcd4dd137df5dcdb4390a5d56e","messageTitle":"fixed about me changes","messageBody":"","fileTypesAndContributionMap":{"docs":{"insertions":4,"deletions":3}}}]},{"date":"2022-03-09","commitResults":[{"hash":"631bff07b8dc5cfdfc1052ae0a10aa0d610dfbf4","messageTitle":"changes made","messageBody":"","fileTypesAndContributionMap":{"docs":{"insertions":6,"deletions":5}}}]}],"zhenster":[{"date":"2022-03-04","commitResults":[{"hash":"d41d97ede59b926d11471786ccae61fe6ce89b53","messageTitle":"Add Alina to AboutUs.md","messageBody":"","fileTypesAndContributionMap":{"docs":{"insertions":7,"deletions":7}}}]}],"FaliciaOng":[{"date":"2022-03-07","commitResults":[{"hash":"cca7ddd818877b219ebb1430e85d0fd18f44a2d9","messageTitle":"Add information in AboutUs","messageBody":"","fileTypesAndContributionMap":{"docs":{"insertions":1,"deletions":1}}}]},{"date":"2022-03-13","commitResults":[{"hash":"49e1d9d6f6f3176600baea693786097f74fc11d4","messageTitle":"Add command parser to parse user and exceptions for invalid command","messageBody":"Fixes#27\n","fileTypesAndContributionMap":{"functional-code":{"insertions":64,"deletions":4}}},{"hash":"4328739c2e952993a3114cd7718d0a876cd10fa8","messageTitle":"Update code to comply with coding standards","messageBody":"Fixes#27\n","fileTypesAndContributionMap":{"functional-code":{"insertions":3,"deletions":4}}}]}],"XunyiiZ":[{"date":"2022-03-07","commitResults":[{"hash":"1580fe5039514c2635b086860ebdf9f037ebe74f","messageTitle":"add name","messageBody":"","fileTypesAndContributionMap":{"docs":{"insertions":1,"deletions":0}}},{"hash":"1cf687c1ab68e55e935c07a6d573b7ec240d7f08","messageTitle":"add name to the third last slot","messageBody":"","fileTypesAndContributionMap":{"docs":{"insertions":1,"deletions":2}}}]}],"siewyangzhi":[{"date":"2022-03-07","commitResults":[{"hash":"c1390819633dc920f3dc088ecdb50be3db4b8cae","messageTitle":"Update AboutUs.md to include personal details","messageBody":"","fileTypesAndContributionMap":{"docs":{"insertions":1,"deletions":1}}}]},{"date":"2022-03-13","commitResults":[{"hash":"5c03324b134c55bedd5995432aeae57c04b02f05","messageTitle":"Add Ui class and the function to read in user input.","messageBody":"Fixes#25\n","fileTypesAndContributionMap":{"functional-code":{"insertions":36,"deletions":10}}},{"hash":"66d77c0a18306fa1e009ba53c91dd9f524c26521","messageTitle":"Edit code formatting to comply with coding standards.","messageBody":"Fixes#25\n","fileTypesAndContributionMap":{"functional-code":{"insertions":3,"deletions":1}}},{"hash":"fdcae31c59ca7ea70fdf9dceb320a56c918fd971","messageTitle":"Update Duke, Expected.txt to show the correct output for the test case.","messageBody":"Fixes#25\n","fileTypesAndContributionMap":{"functional-code":{"insertions":1,"deletions":4}}}]},{"date":"2022-03-14","commitResults":[{"hash":"9b28817121a79d0194f31a5ef3b2151213549611","messageTitle":"Update code to implement command parsing for add item command.","messageBody":"Fixes#24\n","fileTypesAndContributionMap":{"functional-code":{"insertions":134,"deletions":7},"test-code":{"insertions":27,"deletions":0}}},{"hash":"42d12841a6cc67016ebc7984f336a150c904bacd","messageTitle":"Update code to compile with coding standards.","messageBody":"Fixes#24\n","fileTypesAndContributionMap":{"functional-code":{"insertions":12,"deletions":11}}},{"hash":"97813e4aee7ec4734473aee2aea9c45d490fca2a","messageTitle":"Update code to comply with coding standards due to Gradle error.","messageBody":"Fixes#24\n","fileTypesAndContributionMap":{"functional-code":{"insertions":2,"deletions":2}}}]}]},"authorFileTypeContributionMap":{"aiman-imtiaz":{"docs":13,"functional-code":0,"test-code":0},"zhenster":{"docs":1,"functional-code":0,"test-code":0},"FaliciaOng":{"docs":0,"functional-code":54,"test-code":0},"XunyiiZ":{"docs":0,"functional-code":0,"test-code":0},"siewyangzhi":{"docs":0,"functional-code":170,"test-code":27}},"authorContributionVariance":{"aiman-imtiaz":14.0576,"zhenster":7.526399,"FaliciaOng":215.6736,"XunyiiZ":0.6144001,"siewyangzhi":1540.5536},"authorDisplayNameMap":{"aiman-imtiaz":"CS2113-T11-1 HAFI..TIAZ","zhenster":"CS2113-T11-1 ALIN..HENG","FaliciaOng":"CS2113-T11-1 ONG ..ICIA","XunyiiZ":"CS2113-T11-1 ZENG..UNYI","siewyangzhi":"CS2113-T11-1 SIEW.. ZHI"}}
