{"authorDailyContributionsMap":{"aiman-imtiaz":[{"date":"2022-03-07","commitResults":[{"hash":"41b816deffe018631dc23780134e29c10d477420","messageTitle":"aiman-AboutUs","messageBody":"","fileTypesAndContributionMap":{"docs":{"insertions":8,"deletions":7}}}]},{"date":"2022-03-08","commitResults":[{"hash":"477db6108c162efcd4dd137df5dcdb4390a5d56e","messageTitle":"fixed about me changes","messageBody":"","fileTypesAndContributionMap":{"docs":{"insertions":4,"deletions":3}}}]},{"date":"2022-03-09","commitResults":[{"hash":"631bff07b8dc5cfdfc1052ae0a10aa0d610dfbf4","messageTitle":"changes made","messageBody":"","fileTypesAndContributionMap":{"docs":{"insertions":6,"deletions":5}}}]},{"date":"2022-03-16","commitResults":[{"hash":"c4045c13163cf25935759380d14d22c3fb9c9b49","messageTitle":"fixes #10, fixes #67, fixes #68, fixes #69","messageBody":"","fileTypesAndContributionMap":{"functional-code":{"insertions":143,"deletions":15}}},{"hash":"8175951ff2c97b4e03b0ed2442f38c530fc08602","messageTitle":"gradle build successful","messageBody":"","fileTypesAndContributionMap":{"functional-code":{"insertions":5,"deletions":2},"test-code":{"insertions":5,"deletions":2}}},{"hash":"9ce09109b37087ab9d3f33413f373d8ef3b8b0b3","messageTitle":"gradle build successful please pass","messageBody":"","fileTypesAndContributionMap":{"functional-code":{"insertions":11,"deletions":5}}},{"hash":"6397089a3ccb7f588f7844a28d680951850591e6","messageTitle":"gradle build successful please pass","messageBody":"","fileTypesAndContributionMap":{"functional-code":{"insertions":1,"deletions":1}}},{"hash":"e58c5264c7efb26e8db991475cf8840e880fa838","messageTitle":"gradle build successful please pass","messageBody":"","fileTypesAndContributionMap":{"functional-code":{"insertions":5,"deletions":2}}},{"hash":"ac52dc8df58f050eb64bc3575fa96808a2424e04","messageTitle":"gradle build successful please pass","messageBody":"","fileTypesAndContributionMap":{"functional-code":{"insertions":1,"deletions":1}}},{"hash":"751570bfb1f178bf361426dfc73ee2aadcefea46","messageTitle":"gradle build successful please pass","messageBody":"","fileTypesAndContributionMap":{"functional-code":{"insertions":2,"deletions":1}}},{"hash":"1e61b823e1c2976e732a54ab99fe3896a3b0aace","messageTitle":"something","messageBody":"","fileTypesAndContributionMap":{"functional-code":{"insertions":1,"deletions":0}}},{"hash":"26d8c0ce417cb179d71296c057db3bcb51d93786","messageTitle":"exception changes","messageBody":"","fileTypesAndContributionMap":{"functional-code":{"insertions":2,"deletions":2}}},{"hash":"5c8eb0c36c74a24f029f9d57e0e5924833079b7f","messageTitle":"add a test","messageBody":"","fileTypesAndContributionMap":{"functional-code":{"insertions":1,"deletions":1},"test-code":{"insertions":39,"deletions":1}}},{"hash":"fdeb4668ec5079b97235cd056514008a0697e1a8","messageTitle":"fixes #74","messageBody":"","fileTypesAndContributionMap":{"functional-code":{"insertions":0,"deletions":1},"test-code":{"insertions":1,"deletions":0}}},{"hash":"d89fa93b3b0cece652786725f15390a1348ee813","messageTitle":"fixes #74","messageBody":"","fileTypesAndContributionMap":{"test-code":{"insertions":2,"deletions":2}}},{"hash":"d28166da348a85546c6fb75db74b59e2385eecb3","messageTitle":"log-assign","messageBody":"","fileTypesAndContributionMap":{"functional-code":{"insertions":5,"deletions":0}}},{"hash":"2f28691d587a4bb5db7357dffb6e35e2cb954f6f","messageTitle":"log-assign","messageBody":"","fileTypesAndContributionMap":{"functional-code":{"insertions":3,"deletions":2}}},{"hash":"ab5de4e95833bfe9441e6a42576d2738ca238560","messageTitle":"fixed error","messageBody":"","fileTypesAndContributionMap":{"functional-code":{"insertions":1,"deletions":2}}},{"hash":"6b3a1e12f84785e5b3c754b274c87d2d01a88991","messageTitle":"fixed error","messageBody":"","fileTypesAndContributionMap":{"functional-code":{"insertions":1,"deletions":2}}},{"hash":"528ce419447861e7e9c09946707330a2b0456bf2","messageTitle":"fixed error","messageBody":"","fileTypesAndContributionMap":{"functional-code":{"insertions":1,"deletions":0}}}]},{"date":"2022-03-17","commitResults":[{"hash":"6ff294b358ab57013ebed93180df17feb7790731","messageTitle":"fixes #84","messageBody":"","fileTypesAndContributionMap":{"functional-code":{"insertions":3,"deletions":1}}}]},{"date":"2022-03-18","commitResults":[{"hash":"3b421f90c909d167869f28c8466d47a404a5040b","messageTitle":"Gradle style issue fixed","messageBody":"","fileTypesAndContributionMap":{"functional-code":{"insertions":2,"deletions":2}}}]},{"date":"2022-03-24","commitResults":[{"hash":"1e4c20d967c8f633fefe1acd527c44f7d256b30a","messageTitle":"aiman-DG","messageBody":"","fileTypesAndContributionMap":{"functional-code":{"insertions":17,"deletions":12},"docs":{"insertions":14,"deletions":1}}},{"hash":"c3522c3685711468502963da713972639029c1b3","messageTitle":"aiman-developerguide","messageBody":"","fileTypesAndContributionMap":{"docs":{"insertions":27,"deletions":3}}},{"hash":"42bb823eaf608fc5af5d50c63b5a2250437a7af6","messageTitle":"checkstyle fixed","messageBody":"","fileTypesAndContributionMap":{"functional-code":{"insertions":3,"deletions":1}}},{"hash":"72b4bb6a58506770d89be3df472c0429f70d14f7","messageTitle":"checkstyle fixed","messageBody":"","fileTypesAndContributionMap":{"functional-code":{"insertions":2,"deletions":2}}},{"hash":"8e2e73d45b7c5e5add47acef315a613f63b407d2","messageTitle":"transparent backgroun images replaced","messageBody":"","fileTypesAndContributionMap":{"docs":{"insertions":4,"deletions":4}}},{"hash":"d911813b7bd4875f8d092932e8652f74f4a2fa64","messageTitle":"fixed transparent images issue","messageBody":"","fileTypesAndContributionMap":{"docs":{"insertions":1,"deletions":1}}}]}],"zhenster":[{"date":"2022-03-04","commitResults":[{"hash":"d41d97ede59b926d11471786ccae61fe6ce89b53","messageTitle":"Add Alina to AboutUs.md","messageBody":"","fileTypesAndContributionMap":{"docs":{"insertions":7,"deletions":7}}}]},{"date":"2022-03-14","commitResults":[{"hash":"e00f571eb6ca038d076e0c85340ca85fdd88e635","messageTitle":"Initialize userCommand to be null in CommandParser","messageBody":"","fileTypesAndContributionMap":{"functional-code":{"insertions":5,"deletions":2}}}]},{"date":"2022-03-15","commitResults":[{"hash":"2b0c74d89502206006868435ec3c2de897b5a688","messageTitle":"Preliminary satisfaction code","messageBody":"","fileTypesAndContributionMap":{"functional-code":{"insertions":126,"deletions":5}}},{"hash":"cb094f12bc0430fff51ad5d629b3ceebb34da2ac","messageTitle":"Include general execute override from Command class as well as specific execute that is for Satisfaction behavior only","messageBody":"","fileTypesAndContributionMap":{"functional-code":{"insertions":22,"deletions":6}}},{"hash":"63db3968a8ffa147dff4ae87cb62de64a0cfa0e2","messageTitle":"Finish Satisfaction exceptions","messageBody":"","fileTypesAndContributionMap":{"functional-code":{"insertions":70,"deletions":15}}},{"hash":"aa4b4de47bdfcf95a0c61cf67460d9ff45da2140","messageTitle":"Resolve merge conflicts","messageBody":"","fileTypesAndContributionMap":{"functional-code":{"insertions":338,"deletions":35}}},{"hash":"913c2ff00667242904f9c280cff43d40e0c6cd76","messageTitle":"Fix gradle issues","messageBody":"","fileTypesAndContributionMap":{"functional-code":{"insertions":12,"deletions":7}}},{"hash":"798794dfa5073aacb8cec3ac740ae08c380308f6","messageTitle":"Add junit tests","messageBody":"Fixes #51, #48, #46\n","fileTypesAndContributionMap":{"test-code":{"insertions":33,"deletions":0}}},{"hash":"99ca20b3bad48633fc4877ec4bae63e4098af3cf","messageTitle":"Fix gradle errors","messageBody":"","fileTypesAndContributionMap":{"test-code":{"insertions":4,"deletions":2}}}]},{"date":"2022-03-16","commitResults":[{"hash":"ef27290e06fc56ab17dce4489db0d64a52b3f437","messageTitle":"Finish JavaDoc, final fix to exceptions","messageBody":"Fixes #48, fixes #46\n","fileTypesAndContributionMap":{"functional-code":{"insertions":94,"deletions":2}}},{"hash":"06f4b9899d452df405b480d99ef76963cc4128f1","messageTitle":"Add acknowledgement for adding a satisfaction","messageBody":"","fileTypesAndContributionMap":{"functional-code":{"insertions":15,"deletions":0}}},{"hash":"1c07c7ab3000590254a9096578d38e2595340582","messageTitle":"Add JavaDoc for Command and CommandParser classes","messageBody":"","fileTypesAndContributionMap":{"functional-code":{"insertions":31,"deletions":0}}}]},{"date":"2022-03-17","commitResults":[{"hash":"5ca4bb40c19e59446275c543e025ddc581a62354","messageTitle":"Add assertions and logging","messageBody":"","fileTypesAndContributionMap":{"functional-code":{"insertions":10,"deletions":0}}},{"hash":"79f57c3a821afdae50253798bfec1c1aa42a4508","messageTitle":"Final fix to assertions/logging Fixes #82","messageBody":"","fileTypesAndContributionMap":{"functional-code":{"insertions":1,"deletions":1}}}]},{"date":"2022-03-19","commitResults":[{"hash":"3a340719b25372dc1cb37dea6807c620b7ec1723","messageTitle":"Impelement average satisfaction, refactor view satisfactions Fixes #93","messageBody":"","fileTypesAndContributionMap":{"functional-code":{"insertions":74,"deletions":11}}},{"hash":"2c3958851f8fd21047cf019df6d39ad57cfc9bed","messageTitle":"Made Add Satisfactions work for multi-word names","messageBody":"","fileTypesAndContributionMap":{"functional-code":{"insertions":8,"deletions":2}}},{"hash":"e47521ca813bddbcafe99a5375f618144988b296","messageTitle":"Implement check for repeat customers in AddSatisfactionCommand Fixes #92","messageBody":"","fileTypesAndContributionMap":{"functional-code":{"insertions":44,"deletions":2},"test-code":{"insertions":14,"deletions":6}}}]},{"date":"2022-03-22","commitResults":[{"hash":"bb4fa04a9b1d3561483613a5f971e1e0430ebf43","messageTitle":"Initial Add Satisfaction developer guide draft","messageBody":"","fileTypesAndContributionMap":{"docs":{"insertions":37,"deletions":0}}}]},{"date":"2022-03-23","commitResults":[{"hash":"cef0e6f9ade4fd676ca4e6622aae2cae9603764d","messageTitle":"Draft object diagram for Add Satisfaction","messageBody":"","fileTypesAndContributionMap":{"functional-code":{"insertions":43,"deletions":0},"docs":{"insertions":31,"deletions":4}}},{"hash":"cb6a1170e340b761d0d620626387667dc937093c","messageTitle":"Refactor of Add Satisfaction to be lowercase and to include the \u0027/\u0027 demarcation","messageBody":"","fileTypesAndContributionMap":{"functional-code":{"insertions":7,"deletions":14},"test-code":{"insertions":23,"deletions":8}}},{"hash":"7e2f56ab348ed6e163b78d35b430f8317281b6d6","messageTitle":"Wonky first attempt at sequence diagram","messageBody":"","fileTypesAndContributionMap":{"functional-code":{"insertions":20,"deletions":0}}},{"hash":"59927abeb5fef47be6959fab68dd4b579621e250","messageTitle":"Finish putting add satisfaction information in developer guide","messageBody":"","fileTypesAndContributionMap":{"docs":{"insertions":30,"deletions":28}}}]},{"date":"2022-03-24","commitResults":[{"hash":"c580be106bdf0cfee0fe1fc919b835fb28ca56a9","messageTitle":"Move add satisfaction in developer guide to appropriate section","messageBody":"","fileTypesAndContributionMap":{"docs":{"insertions":55,"deletions":54}}}]}],"FaliciaOng":[{"date":"2022-03-07","commitResults":[{"hash":"cca7ddd818877b219ebb1430e85d0fd18f44a2d9","messageTitle":"Add information in AboutUs","messageBody":"","fileTypesAndContributionMap":{"docs":{"insertions":1,"deletions":1}}}]},{"date":"2022-03-13","commitResults":[{"hash":"49e1d9d6f6f3176600baea693786097f74fc11d4","messageTitle":"Add command parser to parse user and exceptions for invalid command","messageBody":"Fixes#27\n","fileTypesAndContributionMap":{"functional-code":{"insertions":64,"deletions":4}}},{"hash":"4328739c2e952993a3114cd7718d0a876cd10fa8","messageTitle":"Update code to comply with coding standards","messageBody":"Fixes#27\n","fileTypesAndContributionMap":{"functional-code":{"insertions":3,"deletions":4}}}]},{"date":"2022-03-15","commitResults":[{"hash":"05bd233a3f596ae3484b5905bd29d93b9afbfdfc","messageTitle":"Add function to extract housekeeper profile and add","messageBody":"#Fixes29\n","fileTypesAndContributionMap":{"functional-code":{"insertions":156,"deletions":4}}}]},{"date":"2022-03-16","commitResults":[{"hash":"168fc671f1162d6eec0e3b75896b52f4d67be038","messageTitle":"Update code to fix further gradle style issue","messageBody":"Fixes#40\n","fileTypesAndContributionMap":{"functional-code":{"insertions":5,"deletions":3}}},{"hash":"b2f6103b1b15057417be066a4d89eba50ded9b0e","messageTitle":"Add housekeeper profile into list","messageBody":"Fixes#41\n","fileTypesAndContributionMap":{"functional-code":{"insertions":72,"deletions":25},"test-code":{"insertions":19,"deletions":2}}},{"hash":"e58bca6a5e2371d51ddd601303d782e3fb696df9","messageTitle":"Update to fixed coding style issue","messageBody":"Fixes#41\n","fileTypesAndContributionMap":{"functional-code":{"insertions":6,"deletions":4}}},{"hash":"b5406668675d8f4064e7b142d62b857d289f8861","messageTitle":"Updated javadocs for housekeeper list","messageBody":"","fileTypesAndContributionMap":{"functional-code":{"insertions":7,"deletions":6}}},{"hash":"6ceaca25faab26708f3ddffd7d1338f2e666c3b6","messageTitle":"Add function to add availability of housekeeper","messageBody":"Fixes#44\n","fileTypesAndContributionMap":{"functional-code":{"insertions":167,"deletions":6},"test-code":{"insertions":13,"deletions":0}}},{"hash":"45a91e944ea86487d70032c7e4b89e25a0cc82d0","messageTitle":"Update javadocs to fix gradle issue","messageBody":"Fixes#44\n","fileTypesAndContributionMap":{"functional-code":{"insertions":3,"deletions":3}}},{"hash":"327eee7d154fca6ed80e66526bfe4e58fec16c5f","messageTitle":"Update javadocs to fix gradles issue","messageBody":"Fixes#44\n","fileTypesAndContributionMap":{"functional-code":{"insertions":1,"deletions":2}}},{"hash":"7287776b7693b1bd6cf0f8fe8fe0bba1c0cfc93e","messageTitle":"Add peroid to fix gradle issue","messageBody":"Fixes#44\n","fileTypesAndContributionMap":{"functional-code":{"insertions":1,"deletions":1}}},{"hash":"4f079a5fc189caa9431ddb980cbce5b7b78e6644","messageTitle":"Add viewing function for housekeeper list","messageBody":"Fixes#59\n","fileTypesAndContributionMap":{"functional-code":{"insertions":31,"deletions":0},"test-code":{"insertions":5,"deletions":0}}},{"hash":"7db20b992bab82e7e1a43cb8a071ca9ccb751158","messageTitle":"Update view housekeeper class to follow coding standards","messageBody":"","fileTypesAndContributionMap":{"functional-code":{"insertions":2,"deletions":1}}},{"hash":"9ed529aee260aed409153568102e22b2a3024b8a","messageTitle":"Create excpetions class for invalid user issues","messageBody":"Fixes#71\n","fileTypesAndContributionMap":{"functional-code":{"insertions":35,"deletions":8},"test-code":{"insertions":46,"deletions":27}}}]},{"date":"2022-03-18","commitResults":[{"hash":"49f1f4a5cb8b2d89e4a511b0ad54b232860bd248","messageTitle":"Add assertions to AddAvailabilityCommand and AddHousekeeperCommand class","messageBody":"Fixes#87\n","fileTypesAndContributionMap":{"functional-code":{"insertions":6,"deletions":2}}},{"hash":"5ab75be14219f84abdd1b2c0533399abff14e943","messageTitle":"Update code to fix failure from assertion","messageBody":"Fixes#87\n","fileTypesAndContributionMap":{"functional-code":{"insertions":77,"deletions":17}}},{"hash":"a5fee19acca38ccc1e37816737454e0874b54484","messageTitle":"Update to fix gradle issue","messageBody":"Fixes#87\n","fileTypesAndContributionMap":{"functional-code":{"insertions":5,"deletions":5}}},{"hash":"e9e2bce95a3cb295e6b21072bb8e48ed96d5d460","messageTitle":"Add logging into add profile and availability of housekeeper","messageBody":"Fixes#90\n","fileTypesAndContributionMap":{"functional-code":{"insertions":13,"deletions":1},"test-code":{"insertions":5,"deletions":0}}}]},{"date":"2022-03-24","commitResults":[{"hash":"e317fb029ebb59d92a91eaaf957c1ee0bcabafec","messageTitle":"Add DG for add housekeeper feature","messageBody":"","fileTypesAndContributionMap":{"docs":{"insertions":38,"deletions":0}}},{"hash":"92694e656ce8e5a7a1f078e93957edcdec15ec26","messageTitle":"Update sequence diagram for add housekeeper","messageBody":"","fileTypesAndContributionMap":{"docs":{"insertions":8,"deletions":8}}}]}],"XunyiiZ":[{"date":"2022-03-07","commitResults":[{"hash":"1580fe5039514c2635b086860ebdf9f037ebe74f","messageTitle":"add name","messageBody":"","fileTypesAndContributionMap":{"docs":{"insertions":1,"deletions":0}}},{"hash":"1cf687c1ab68e55e935c07a6d573b7ec240d7f08","messageTitle":"add name to the third last slot","messageBody":"","fileTypesAndContributionMap":{"docs":{"insertions":1,"deletions":2}}}]},{"date":"2022-03-14","commitResults":[{"hash":"5e5642fb86756c58292115a215aab42a0237c7c5","messageTitle":"add room related classes","messageBody":"fixes #6\n","fileTypesAndContributionMap":{"functional-code":{"insertions":87,"deletions":0}}},{"hash":"c283b2c3246e0bfa8ff0aceca96fbe9cac0f83b7","messageTitle":"add classes to upadate room status","messageBody":"fixes #6\n","fileTypesAndContributionMap":{"functional-code":{"insertions":72,"deletions":2}}},{"hash":"b09a6e02f0be18a5f94c1dedd552d98cd5d2ed2d","messageTitle":"add checkroom classes","messageBody":"","fileTypesAndContributionMap":{"functional-code":{"insertions":27,"deletions":0}}},{"hash":"87cf8a0579d4b2c88b410133f631882d12676d44","messageTitle":"add check all room function","messageBody":"fixes #8\n","fileTypesAndContributionMap":{"functional-code":{"insertions":32,"deletions":2}}},{"hash":"c37d24ae36d4425b3f03128b9334cc27f23fd3c2","messageTitle":"fix bugs","messageBody":"","fileTypesAndContributionMap":{"functional-code":{"insertions":0,"deletions":25}}},{"hash":"b47d18fd1f38292ccab91090518a072a6576d23a","messageTitle":"fix bugs","messageBody":"","fileTypesAndContributionMap":{"functional-code":{"insertions":25,"deletions":0}}},{"hash":"4a43a67052042e1323d171316c7963a8a3b84cd5","messageTitle":"add check room by level function","messageBody":"fixes #8\n","fileTypesAndContributionMap":{"functional-code":{"insertions":30,"deletions":1}}},{"hash":"391a4d8fccc8df662cad910c8fb2f1182c224a15","messageTitle":"fix styles","messageBody":"","fileTypesAndContributionMap":{"functional-code":{"insertions":36,"deletions":24}}},{"hash":"beeae612c65643c7d94b4c4d61e6947f04ffd270","messageTitle":"fix bugs","messageBody":"","fileTypesAndContributionMap":{"functional-code":{"insertions":1,"deletions":1}}},{"hash":"73082a2eabd216c77905abadee74ddc01e472911","messageTitle":"fix style","messageBody":"","fileTypesAndContributionMap":{"functional-code":{"insertions":1,"deletions":1}}},{"hash":"5d2b4a7f26cf973954c7d9b249550553d03453c5","messageTitle":"fix style","messageBody":"","fileTypesAndContributionMap":{"functional-code":{"insertions":45,"deletions":28}}},{"hash":"be542653281a81bb9190fa50c0f02f0b4bc38a18","messageTitle":"add exceptions","messageBody":"","fileTypesAndContributionMap":{"functional-code":{"insertions":31,"deletions":0}}},{"hash":"a49afdb9e03e577a07484ea1390245609ab97c10","messageTitle":"add exceptions","messageBody":"","fileTypesAndContributionMap":{"functional-code":{"insertions":20,"deletions":13}}}]},{"date":"2022-03-15","commitResults":[{"hash":"2f2e4fcdad41e26b29f757c40c023b7783a54f3f","messageTitle":"add junit test","messageBody":"","fileTypesAndContributionMap":{"functional-code":{"insertions":1,"deletions":1},"test-code":{"insertions":41,"deletions":0}}},{"hash":"0898f538367dae04b3ba5bea06d6017533ead914","messageTitle":"fix styles","messageBody":"Fixes #6\n","fileTypesAndContributionMap":{"test-code":{"insertions":3,"deletions":3}}},{"hash":"85caea6eb8bfdd43fab2e12b0e8f26303a58b924","messageTitle":"add check all room per cat","messageBody":"","fileTypesAndContributionMap":{"functional-code":{"insertions":51,"deletions":3}}},{"hash":"7d6898902abd1937e13af73fd46da6d4f70175b5","messageTitle":"add exception","messageBody":"","fileTypesAndContributionMap":{"functional-code":{"insertions":1,"deletions":1}}},{"hash":"c5283b96834048d173aaf2a54b72155d28af56c6","messageTitle":"add junit test","messageBody":"","fileTypesAndContributionMap":{"test-code":{"insertions":19,"deletions":0}}},{"hash":"5006e116dea83b8ab04e080eb0e31da409398b62","messageTitle":"fix style","messageBody":"Fixes #12\n","fileTypesAndContributionMap":{"functional-code":{"insertions":2,"deletions":2},"test-code":{"insertions":2,"deletions":1}}},{"hash":"7e9ae3718e3114ae825ce0c2fb8b94f9154f4d37","messageTitle":"add view room by level","messageBody":"","fileTypesAndContributionMap":{"functional-code":{"insertions":13,"deletions":2}}},{"hash":"f354dc9d096ec1d7b8b723082e1dab1aeb2735fc","messageTitle":"add invalid level exception","messageBody":"","fileTypesAndContributionMap":{"functional-code":{"insertions":1,"deletions":1}}},{"hash":"17e75bc7479cd1f48882290550947145c0ca65b7","messageTitle":"fix execute function","messageBody":"","fileTypesAndContributionMap":{"functional-code":{"insertions":7,"deletions":23}}},{"hash":"0a6f27f7f7326556ed49890511dc0964c2789b8f","messageTitle":"a liitle changes","messageBody":"","fileTypesAndContributionMap":{"functional-code":{"insertions":2,"deletions":6}}},{"hash":"f637ea68d6135838628a3f872d67b6a0ecbec43d","messageTitle":"no message","messageBody":"","fileTypesAndContributionMap":{"functional-code":{"insertions":12,"deletions":2}}}]},{"date":"2022-03-16","commitResults":[{"hash":"d6ef1413b1560652d8f2b08c3b62c2d72cbe10c2","messageTitle":"add javadoc for some methods","messageBody":"","fileTypesAndContributionMap":{"functional-code":{"insertions":63,"deletions":3}}},{"hash":"4a6373fff8970531b431f381b9a3150c75d1e8e6","messageTitle":"add exception in checkRoom","messageBody":"","fileTypesAndContributionMap":{"functional-code":{"insertions":2,"deletions":1}}},{"hash":"d158b12babfda7cbfe4af0fdfb9967f2c13c4fa5","messageTitle":"add javadoc","messageBody":"","fileTypesAndContributionMap":{"functional-code":{"insertions":88,"deletions":19}}}]},{"date":"2022-03-24","commitResults":[{"hash":"73b755e559cb5157466148d23206b143ff2ed37b","messageTitle":"assertion..","messageBody":"","fileTypesAndContributionMap":{"functional-code":{"insertions":4,"deletions":1}}},{"hash":"748ecd1d85a0108ff8014d4bc8993caaf87855c9","messageTitle":"extract functions in checkroombylevelcommand","messageBody":"","fileTypesAndContributionMap":{"functional-code":{"insertions":14,"deletions":7}}},{"hash":"4d7c970473c9b5fb4e70c7eecdb978bfad28c52c","messageTitle":"add dg of checkroombylevel","messageBody":"","fileTypesAndContributionMap":{"docs":{"insertions":34,"deletions":0}}},{"hash":"fb3e70dd93a44da996fa91f043f77307b572d5e9","messageTitle":"changes some room related command","messageBody":"","fileTypesAndContributionMap":{"functional-code":{"insertions":3,"deletions":3}}}]}],"siewyangzhi":[{"date":"2022-03-07","commitResults":[{"hash":"c1390819633dc920f3dc088ecdb50be3db4b8cae","messageTitle":"Update AboutUs.md to include personal details","messageBody":"","fileTypesAndContributionMap":{"docs":{"insertions":1,"deletions":1}}}]},{"date":"2022-03-13","commitResults":[{"hash":"5c03324b134c55bedd5995432aeae57c04b02f05","messageTitle":"Add Ui class and the function to read in user input.","messageBody":"Fixes#25\n","fileTypesAndContributionMap":{"functional-code":{"insertions":36,"deletions":10}}},{"hash":"66d77c0a18306fa1e009ba53c91dd9f524c26521","messageTitle":"Edit code formatting to comply with coding standards.","messageBody":"Fixes#25\n","fileTypesAndContributionMap":{"functional-code":{"insertions":3,"deletions":1}}},{"hash":"fdcae31c59ca7ea70fdf9dceb320a56c918fd971","messageTitle":"Update Duke, Expected.txt to show the correct output for the test case.","messageBody":"Fixes#25\n","fileTypesAndContributionMap":{"functional-code":{"insertions":1,"deletions":4}}}]},{"date":"2022-03-14","commitResults":[{"hash":"9b28817121a79d0194f31a5ef3b2151213549611","messageTitle":"Update code to implement command parsing for add item command.","messageBody":"Fixes#24\n","fileTypesAndContributionMap":{"functional-code":{"insertions":134,"deletions":7},"test-code":{"insertions":27,"deletions":0}}},{"hash":"42d12841a6cc67016ebc7984f336a150c904bacd","messageTitle":"Update code to compile with coding standards.","messageBody":"Fixes#24\n","fileTypesAndContributionMap":{"functional-code":{"insertions":12,"deletions":11}}},{"hash":"97813e4aee7ec4734473aee2aea9c45d490fca2a","messageTitle":"Update code to comply with coding standards due to Gradle error.","messageBody":"Fixes#24\n","fileTypesAndContributionMap":{"functional-code":{"insertions":2,"deletions":2}}}]},{"date":"2022-03-15","commitResults":[{"hash":"2935bf89d7c76e550d94efd0ba8a5eebcc03eaef","messageTitle":"Update code to implement add item to item list functionality.","messageBody":"Fixes#31\n","fileTypesAndContributionMap":{"functional-code":{"insertions":87,"deletions":25},"test-code":{"insertions":3,"deletions":2}}},{"hash":"4f68dd607eb21b61d3afef7a5492d57e64516e36","messageTitle":"Update code to fix gradle style errors.","messageBody":"Fixes#31\n","fileTypesAndContributionMap":{"functional-code":{"insertions":10,"deletions":10}}},{"hash":"e207ad89de83da67564ce14ad4f37870712dd77d","messageTitle":"Update code to fix gradle VariableDeclarationUsageDistance error","messageBody":"Fixes#31\n","fileTypesAndContributionMap":{"functional-code":{"insertions":1,"deletions":1}}},{"hash":"7bbb28001553f78b90880cb76e5d771452df57f6","messageTitle":"Update code to fix gradle error.","messageBody":"Fixes#31\n","fileTypesAndContributionMap":{"functional-code":{"insertions":4,"deletions":8}}}]},{"date":"2022-03-16","commitResults":[{"hash":"9b6dbb6e45026c6c36ce54bcfdce73d2ece9c200","messageTitle":"Update code to implement the view all items in the item list functionality.","messageBody":"Fixes#35\n","fileTypesAndContributionMap":{"functional-code":{"insertions":32,"deletions":0}}},{"hash":"8585e6e10977e9d3e273a1f8604059fc7da885fc","messageTitle":"Update code to fix gradle checkstyle issue.","messageBody":"","fileTypesAndContributionMap":{"functional-code":{"insertions":3,"deletions":2}}},{"hash":"85122f63dc15bdf6e306c572b83ce237020a50e3","messageTitle":"Update code to implement command parsing of the update item pax command.","messageBody":"","fileTypesAndContributionMap":{"functional-code":{"insertions":103,"deletions":2},"test-code":{"insertions":40,"deletions":1}}},{"hash":"977124a947cd941df144a3c0320d58a3034034ca","messageTitle":"Update code to comply with gradle stylecheck error","messageBody":"Fixes#33\n","fileTypesAndContributionMap":{"functional-code":{"insertions":9,"deletions":13}}},{"hash":"efe543a94d25ff7aac38296fc005a6b52a04c043","messageTitle":"Update code to fix gradle stylecheck error","messageBody":"","fileTypesAndContributionMap":{"test-code":{"insertions":6,"deletions":3}}},{"hash":"2aeb1a7cd4a14dd71caa22a3d0f1d2171ddab0f8","messageTitle":"Update code to fix further gradle stylecheck error.","messageBody":"","fileTypesAndContributionMap":{"test-code":{"insertions":6,"deletions":6}}},{"hash":"e9a175bebb333d6612142a943a674f00eee39510","messageTitle":"Add the function to update the pax of the items within the item list.","messageBody":"Fixes#34\n","fileTypesAndContributionMap":{"functional-code":{"insertions":71,"deletions":1}}},{"hash":"dea8984c2a83a88665e6d460d8372d0bc8677156","messageTitle":"Update code to include JavaDocs for the various functionalities","messageBody":"Fixes#65\n","fileTypesAndContributionMap":{"functional-code":{"insertions":99,"deletions":6}}},{"hash":"52ab527459ebe5f692f2fa83144728f3fd8ccdcc","messageTitle":"Update code due to gradle style check error","messageBody":"","fileTypesAndContributionMap":{"functional-code":{"insertions":2,"deletions":1}}},{"hash":"3af0e555a8789ff024291f2900e09ea455047c69","messageTitle":"Update code to have the new format of Add Items Command.","messageBody":"Fixes#77\n","fileTypesAndContributionMap":{"functional-code":{"insertions":4,"deletions":4}}},{"hash":"cafc3356340570f9369bf24597a52715705fc95b","messageTitle":"Update code to fix gradle error","messageBody":"","fileTypesAndContributionMap":{"test-code":{"insertions":3,"deletions":3}}}]},{"date":"2022-03-17","commitResults":[{"hash":"39716bc00b68a924da42ddcc016b72a754a1dd89","messageTitle":"Update code to implement assertion and logging.","messageBody":"","fileTypesAndContributionMap":{"functional-code":{"insertions":43,"deletions":3},"other":{"insertions":4,"deletions":0}}}]},{"date":"2022-03-24","commitResults":[{"hash":"1a57f14a7f60de9e1da038b142d44dfbee9c21a5","messageTitle":"Update DeveloperGuide.md to include Developer Guide for Add Item Command.","messageBody":"Fixes #107\n","fileTypesAndContributionMap":{"docs":{"insertions":28,"deletions":0}}},{"hash":"fcb9a9252eeaa0a1b65cc6d67864bd4fdec61daf","messageTitle":"Fix github error Expected — Waiting for status to be reported","messageBody":"Fixes #107\n","fileTypesAndContributionMap":{"docs":{"insertions":1,"deletions":0}}}]}]},"authorFileTypeContributionMap":{"aiman-imtiaz":{"docs":51,"functional-code":173,"test-code":45},"zhenster":{"docs":131,"functional-code":608,"test-code":60},"FaliciaOng":{"docs":37,"functional-code":547,"test-code":58},"XunyiiZ":{"docs":32,"functional-code":281,"test-code":63},"siewyangzhi":{"docs":29,"functional-code":562,"test-code":71,"other":4}},"authorContributionVariance":{"aiman-imtiaz":2233.9592,"zhenster":14439.371,"FaliciaOng":7941.888,"XunyiiZ":8673.668,"siewyangzhi":6295.7207},"authorDisplayNameMap":{"aiman-imtiaz":"CS2113-T11-1 HAFI..TIAZ","zhenster":"CS2113-T11-1 ALIN..HENG","FaliciaOng":"CS2113-T11-1 ONG ..ICIA","XunyiiZ":"CS2113-T11-1 ZENG..UNYI","siewyangzhi":"CS2113-T11-1 SIEW.. ZHI"}}
