[{"path":"docs/AboutUs.md","fileType":"docs","lines":[{"lineNumber":1,"author":{"gitId":"-"},"content":"# About us","lastModifiedDate":"2020-05-24"},{"lineNumber":2,"author":{"gitId":"-"},"content":"","lastModifiedDate":"2020-05-24"},{"lineNumber":3,"author":{"gitId":"-"},"content":"Display |     Name     |             Github Profile              | Portfolio","lastModifiedDate":"2020-05-24"},{"lineNumber":4,"author":{"gitId":"shunyao643"},"content":"--------|:------------:|:---------------------------------------:|:---------:","lastModifiedDate":"2022-03-04"},{"lineNumber":5,"author":{"gitId":"Bryan-BC"},"content":"![](https://via.placeholder.com/100.png?text\u003dPhoto) | Bryan Christopher | [Github](https://github.com/Bryan-BC) | [Portfolio](docs/team/bryanchristopher.md)","lastModifiedDate":"2022-03-04"},{"lineNumber":6,"author":{"gitId":"shunyao643"},"content":"![](https://via.placeholder.com/100.png?text\u003dPhoto) | Bai Shun Yao | [Github](https://github.com/shunyao643) | [Portfolio](docs/team/shunyao.md)","lastModifiedDate":"2022-03-04"},{"lineNumber":7,"author":{"gitId":"yuhaochua"},"content":"![](https://via.placeholder.com/100.png?text\u003dPhoto) | Yu Hao | [Github](https://github.com/yuhaochua) | [Portfolio](docs/team/yuhao.md)","lastModifiedDate":"2022-03-04"}],"authorContributionMap":{"yuhaochua":1,"Bryan-BC":1,"shunyao643":2,"-":3}},{"path":"docs/team/bryanchristopher.md","fileType":"docs","lines":[{"lineNumber":1,"author":{"gitId":"Bryan-BC"},"content":"# Bryan Christopher - Project Portfolio Page","lastModifiedDate":"2022-03-04"},{"lineNumber":2,"author":{"gitId":"Bryan-BC"},"content":"","lastModifiedDate":"2022-03-04"},{"lineNumber":3,"author":{"gitId":"Bryan-BC"},"content":"## Overview","lastModifiedDate":"2022-03-04"},{"lineNumber":4,"author":{"gitId":"Bryan-BC"},"content":"","lastModifiedDate":"2022-03-04"},{"lineNumber":5,"author":{"gitId":"Bryan-BC"},"content":"","lastModifiedDate":"2022-03-04"},{"lineNumber":6,"author":{"gitId":"Bryan-BC"},"content":"### Summary of Contributions","lastModifiedDate":"2022-03-04"}],"authorContributionMap":{"Bryan-BC":6}},{"path":"docs/team/shunyao.md","fileType":"docs","lines":[{"lineNumber":1,"author":{"gitId":"shunyao643"},"content":"# Bai Shun Yao - Project Portfolio Page","lastModifiedDate":"2022-03-04"},{"lineNumber":2,"author":{"gitId":"shunyao643"},"content":"","lastModifiedDate":"2022-03-04"},{"lineNumber":3,"author":{"gitId":"shunyao643"},"content":"## Overview","lastModifiedDate":"2022-03-04"},{"lineNumber":4,"author":{"gitId":"shunyao643"},"content":"","lastModifiedDate":"2022-03-04"},{"lineNumber":5,"author":{"gitId":"shunyao643"},"content":"","lastModifiedDate":"2022-03-04"},{"lineNumber":6,"author":{"gitId":"shunyao643"},"content":"### Summary of Contributions","lastModifiedDate":"2022-03-04"}],"authorContributionMap":{"shunyao643":6}},{"path":"docs/team/yuhao.md","fileType":"docs","lines":[{"lineNumber":1,"author":{"gitId":"yuhaochua"},"content":"# Yu Hao - Project Portfolio Page","lastModifiedDate":"2022-03-04"},{"lineNumber":2,"author":{"gitId":"yuhaochua"},"content":"","lastModifiedDate":"2022-03-04"},{"lineNumber":3,"author":{"gitId":"yuhaochua"},"content":"## Overview","lastModifiedDate":"2022-03-04"},{"lineNumber":4,"author":{"gitId":"yuhaochua"},"content":"","lastModifiedDate":"2022-03-04"},{"lineNumber":5,"author":{"gitId":"yuhaochua"},"content":"","lastModifiedDate":"2022-03-04"},{"lineNumber":6,"author":{"gitId":"yuhaochua"},"content":"### Summary of Contributions","lastModifiedDate":"2022-03-04"}],"authorContributionMap":{"yuhaochua":6}},{"path":"src/main/java/seedu/command/AddCommand.java","fileType":"functional-code","lines":[{"lineNumber":1,"author":{"gitId":"yuhaochua"},"content":"package seedu.command;","lastModifiedDate":"2022-03-07"},{"lineNumber":2,"author":{"gitId":"yuhaochua"},"content":"","lastModifiedDate":"2022-03-07"},{"lineNumber":3,"author":{"gitId":"yuhaochua"},"content":"import java.util.ArrayList;","lastModifiedDate":"2022-03-07"},{"lineNumber":4,"author":{"gitId":"yuhaochua"},"content":"","lastModifiedDate":"2022-03-07"},{"lineNumber":5,"author":{"gitId":"yuhaochua"},"content":"/**","lastModifiedDate":"2022-03-07"},{"lineNumber":6,"author":{"gitId":"yuhaochua"},"content":" * Subclass of Command. Handles adding of equipment to equipmentInventory.","lastModifiedDate":"2022-03-07"},{"lineNumber":7,"author":{"gitId":"yuhaochua"},"content":" */","lastModifiedDate":"2022-03-07"},{"lineNumber":8,"author":{"gitId":"yuhaochua"},"content":"public class AddCommand extends Command {","lastModifiedDate":"2022-03-07"},{"lineNumber":9,"author":{"gitId":"yuhaochua"},"content":"    private final ArrayList\u003cString\u003e COMMAND_STRINGS;","lastModifiedDate":"2022-03-07"},{"lineNumber":10,"author":{"gitId":"shunyao643"},"content":"    public static final String COMMAND_WORD \u003d \"add\";","lastModifiedDate":"2022-03-11"},{"lineNumber":11,"author":{"gitId":"shunyao643"},"content":"    public static final String COMMAND_DESCRIPTION \u003d \": Adds a Equipment to the equipmentInventory. \"","lastModifiedDate":"2022-03-11"},{"lineNumber":12,"author":{"gitId":"shunyao643"},"content":"            + \"Parameters: n/ITEM_NAME sn/SERIAL_NUMBER t/TYPE c/COST pf/PURCHASED_FROM pd/PURCHASED_DATE\\n\"","lastModifiedDate":"2022-03-11"},{"lineNumber":13,"author":{"gitId":"shunyao643"},"content":"            + \"Example: \"","lastModifiedDate":"2022-03-11"},{"lineNumber":14,"author":{"gitId":"shunyao643"},"content":"            + \"add n/SpeakerB sn/S1404115ASF t/Speaker c/1000 pf/Loud_Technologies pd/2022-02-23\";","lastModifiedDate":"2022-03-11"},{"lineNumber":15,"author":{"gitId":"yuhaochua"},"content":"","lastModifiedDate":"2022-03-07"},{"lineNumber":16,"author":{"gitId":"yuhaochua"},"content":"    /**","lastModifiedDate":"2022-03-07"},{"lineNumber":17,"author":{"gitId":"yuhaochua"},"content":"     * constructor for AddCommand. Initialises successMessage and usageReminder from Command","lastModifiedDate":"2022-03-07"},{"lineNumber":18,"author":{"gitId":"yuhaochua"},"content":"     * @param commandStrings parsed user input which contains details of equipment to be added","lastModifiedDate":"2022-03-07"},{"lineNumber":19,"author":{"gitId":"yuhaochua"},"content":"     */","lastModifiedDate":"2022-03-07"},{"lineNumber":20,"author":{"gitId":"yuhaochua"},"content":"    public AddCommand(ArrayList\u003cString\u003e commandStrings){","lastModifiedDate":"2022-03-07"},{"lineNumber":21,"author":{"gitId":"yuhaochua"},"content":"        this.COMMAND_STRINGS \u003d commandStrings;","lastModifiedDate":"2022-03-07"},{"lineNumber":22,"author":{"gitId":"yuhaochua"},"content":"        successMessage \u003d \"Equipment successfully added: %1$s, serial number %2$s\";","lastModifiedDate":"2022-03-07"},{"lineNumber":23,"author":{"gitId":"shunyao643"},"content":"        usageReminder \u003d COMMAND_WORD + COMMAND_DESCRIPTION;","lastModifiedDate":"2022-03-11"},{"lineNumber":24,"author":{"gitId":"yuhaochua"},"content":"    }","lastModifiedDate":"2022-03-07"},{"lineNumber":25,"author":{"gitId":"yuhaochua"},"content":"","lastModifiedDate":"2022-03-07"},{"lineNumber":26,"author":{"gitId":"yuhaochua"},"content":"    /**","lastModifiedDate":"2022-03-07"},{"lineNumber":27,"author":{"gitId":"yuhaochua"},"content":"     * Adds equipment with details given in COMMAND_STRINGS","lastModifiedDate":"2022-03-07"},{"lineNumber":28,"author":{"gitId":"yuhaochua"},"content":"     * @return CommandResult with message from execution of this command","lastModifiedDate":"2022-03-07"},{"lineNumber":29,"author":{"gitId":"yuhaochua"},"content":"     */","lastModifiedDate":"2022-03-07"},{"lineNumber":30,"author":{"gitId":"yuhaochua"},"content":"    public CommandResult execute(){","lastModifiedDate":"2022-03-07"},{"lineNumber":31,"author":{"gitId":"yuhaochua"},"content":"        addEquipment(COMMAND_STRINGS);","lastModifiedDate":"2022-03-07"},{"lineNumber":32,"author":{"gitId":"yuhaochua"},"content":"","lastModifiedDate":"2022-03-07"},{"lineNumber":33,"author":{"gitId":"yuhaochua"},"content":"        return new CommandResult(String.format(successMessage, COMMAND_STRINGS.get(0), COMMAND_STRINGS.get(1)));","lastModifiedDate":"2022-03-07"},{"lineNumber":34,"author":{"gitId":"yuhaochua"},"content":"    }","lastModifiedDate":"2022-03-07"},{"lineNumber":35,"author":{"gitId":"yuhaochua"},"content":"","lastModifiedDate":"2022-03-07"},{"lineNumber":36,"author":{"gitId":"yuhaochua"},"content":"    /**","lastModifiedDate":"2022-03-07"},{"lineNumber":37,"author":{"gitId":"yuhaochua"},"content":"     * Uses information from the ArrayList to create a new Equipment and add it to the inventory.","lastModifiedDate":"2022-03-07"},{"lineNumber":38,"author":{"gitId":"yuhaochua"},"content":"     * @param userInput ArrayList of String which contains the individual attributes of the equipment to be added","lastModifiedDate":"2022-03-07"},{"lineNumber":39,"author":{"gitId":"yuhaochua"},"content":"     */","lastModifiedDate":"2022-03-07"},{"lineNumber":40,"author":{"gitId":"yuhaochua"},"content":"    public void addEquipment(ArrayList\u003cString\u003e userInput){","lastModifiedDate":"2022-03-07"},{"lineNumber":41,"author":{"gitId":"yuhaochua"},"content":"        String equipmentName \u003d userInput.get(0);","lastModifiedDate":"2022-03-07"},{"lineNumber":42,"author":{"gitId":"yuhaochua"},"content":"        String serialNumber \u003d userInput.get(1);","lastModifiedDate":"2022-03-07"},{"lineNumber":43,"author":{"gitId":"yuhaochua"},"content":"        EquipmentType type \u003d userInput.get(2);","lastModifiedDate":"2022-03-07"},{"lineNumber":44,"author":{"gitId":"yuhaochua"},"content":"        double cost \u003d Double.parseDouble(userInput.get(3));","lastModifiedDate":"2022-03-07"},{"lineNumber":45,"author":{"gitId":"yuhaochua"},"content":"        String purchasedFrom \u003d userInput.get(4);","lastModifiedDate":"2022-03-07"},{"lineNumber":46,"author":{"gitId":"yuhaochua"},"content":"        String purchasedDate \u003d userInput.get(5);","lastModifiedDate":"2022-03-07"},{"lineNumber":47,"author":{"gitId":"yuhaochua"},"content":"        Equipment equipment \u003d new Equipment(equipmentName, serialNumber, type, cost, purchasedFrom, purchasedDate);","lastModifiedDate":"2022-03-07"},{"lineNumber":48,"author":{"gitId":"yuhaochua"},"content":"","lastModifiedDate":"2022-03-07"},{"lineNumber":49,"author":{"gitId":"yuhaochua"},"content":"        equipmentInventory.addEquipment(equipment);","lastModifiedDate":"2022-03-07"},{"lineNumber":50,"author":{"gitId":"yuhaochua"},"content":"    }","lastModifiedDate":"2022-03-07"},{"lineNumber":51,"author":{"gitId":"yuhaochua"},"content":"}","lastModifiedDate":"2022-03-07"}],"authorContributionMap":{"yuhaochua":45,"shunyao643":6}},{"path":"src/main/java/seedu/command/CheckCommand.java","fileType":"functional-code","lines":[{"lineNumber":1,"author":{"gitId":"yuhaochua"},"content":"package seedu.command;","lastModifiedDate":"2022-03-07"},{"lineNumber":2,"author":{"gitId":"yuhaochua"},"content":"","lastModifiedDate":"2022-03-07"},{"lineNumber":3,"author":{"gitId":"yuhaochua"},"content":"import java.util.ArrayList;","lastModifiedDate":"2022-03-07"},{"lineNumber":4,"author":{"gitId":"yuhaochua"},"content":"","lastModifiedDate":"2022-03-07"},{"lineNumber":5,"author":{"gitId":"yuhaochua"},"content":"/**","lastModifiedDate":"2022-03-07"},{"lineNumber":6,"author":{"gitId":"yuhaochua"},"content":" * Subclass of Command. Handles checking of details of a specified equipment from equipmentInventory.","lastModifiedDate":"2022-03-07"},{"lineNumber":7,"author":{"gitId":"yuhaochua"},"content":" */","lastModifiedDate":"2022-03-07"},{"lineNumber":8,"author":{"gitId":"yuhaochua"},"content":"public class CheckCommand extends Command {","lastModifiedDate":"2022-03-07"},{"lineNumber":9,"author":{"gitId":"yuhaochua"},"content":"    private final ArrayList\u003cString\u003e COMMAND_STRINGS;","lastModifiedDate":"2022-03-07"},{"lineNumber":10,"author":{"gitId":"shunyao643"},"content":"    public static final String COMMAND_WORD \u003d \"check\";","lastModifiedDate":"2022-03-11"},{"lineNumber":11,"author":{"gitId":"shunyao643"},"content":"    public static final String COMMAND_DESCRIPTION \u003d \": Gives details of the equipment with the specified name. \"","lastModifiedDate":"2022-03-11"},{"lineNumber":12,"author":{"gitId":"shunyao643"},"content":"            + \"Parameters: n/ITEM_NAME\\n\"","lastModifiedDate":"2022-03-11"},{"lineNumber":13,"author":{"gitId":"shunyao643"},"content":"            + \"Example: \"","lastModifiedDate":"2022-03-11"},{"lineNumber":14,"author":{"gitId":"shunyao643"},"content":"            + \"check n/MixerC\";","lastModifiedDate":"2022-03-11"},{"lineNumber":15,"author":{"gitId":"yuhaochua"},"content":"","lastModifiedDate":"2022-03-07"},{"lineNumber":16,"author":{"gitId":"yuhaochua"},"content":"    /**","lastModifiedDate":"2022-03-07"},{"lineNumber":17,"author":{"gitId":"yuhaochua"},"content":"     * constructor for CheckCommand. Initialises successMessage and usageReminder from Command","lastModifiedDate":"2022-03-07"},{"lineNumber":18,"author":{"gitId":"yuhaochua"},"content":"     * @param commandStrings parsed user input which contains details of equipment to be viewed","lastModifiedDate":"2022-03-07"},{"lineNumber":19,"author":{"gitId":"yuhaochua"},"content":"     */","lastModifiedDate":"2022-03-07"},{"lineNumber":20,"author":{"gitId":"yuhaochua"},"content":"    public CheckCommand(ArrayList\u003cString\u003e commandStrings){","lastModifiedDate":"2022-03-07"},{"lineNumber":21,"author":{"gitId":"yuhaochua"},"content":"        COMMAND_STRINGS \u003d commandStrings;","lastModifiedDate":"2022-03-07"},{"lineNumber":22,"author":{"gitId":"yuhaochua"},"content":"        successMessage \u003d \"Name:  %1$s\\n\"","lastModifiedDate":"2022-03-07"},{"lineNumber":23,"author":{"gitId":"yuhaochua"},"content":"                + \"Type:  %2$s\\n\"","lastModifiedDate":"2022-03-07"},{"lineNumber":24,"author":{"gitId":"yuhaochua"},"content":"                + \"Cost:  %3$f\\n\"","lastModifiedDate":"2022-03-07"},{"lineNumber":25,"author":{"gitId":"yuhaochua"},"content":"                + \"S/N:  %4$s\\n\"","lastModifiedDate":"2022-03-07"},{"lineNumber":26,"author":{"gitId":"yuhaochua"},"content":"                + \"Purchased From:  %5$s\\n\"","lastModifiedDate":"2022-03-07"},{"lineNumber":27,"author":{"gitId":"yuhaochua"},"content":"                + \"Purchase Date:  %6$s\\n\";","lastModifiedDate":"2022-03-07"},{"lineNumber":28,"author":{"gitId":"shunyao643"},"content":"        usageReminder \u003d COMMAND_WORD + COMMAND_DESCRIPTION;","lastModifiedDate":"2022-03-11"},{"lineNumber":29,"author":{"gitId":"yuhaochua"},"content":"    }","lastModifiedDate":"2022-03-07"},{"lineNumber":30,"author":{"gitId":"yuhaochua"},"content":"","lastModifiedDate":"2022-03-07"},{"lineNumber":31,"author":{"gitId":"yuhaochua"},"content":"    /**","lastModifiedDate":"2022-03-07"},{"lineNumber":32,"author":{"gitId":"yuhaochua"},"content":"     * Gives details of equipment specified by name","lastModifiedDate":"2022-03-07"},{"lineNumber":33,"author":{"gitId":"yuhaochua"},"content":"     * @return CommandResult with message from execution of this command","lastModifiedDate":"2022-03-07"},{"lineNumber":34,"author":{"gitId":"yuhaochua"},"content":"     */","lastModifiedDate":"2022-03-07"},{"lineNumber":35,"author":{"gitId":"yuhaochua"},"content":"    public CommandResult execute(){","lastModifiedDate":"2022-03-07"},{"lineNumber":36,"author":{"gitId":"yuhaochua"},"content":"        String name, type, sn, purchasedFrom, purchasedDate;","lastModifiedDate":"2022-03-07"},{"lineNumber":37,"author":{"gitId":"yuhaochua"},"content":"        double cost;","lastModifiedDate":"2022-03-07"},{"lineNumber":38,"author":{"gitId":"yuhaochua"},"content":"","lastModifiedDate":"2022-03-07"},{"lineNumber":39,"author":{"gitId":"yuhaochua"},"content":"        Equipment equipment \u003d equipmentInventory.checkEquipment(COMMAND_STRINGS.get(0));","lastModifiedDate":"2022-03-07"},{"lineNumber":40,"author":{"gitId":"yuhaochua"},"content":"        name \u003d equipment.getItemName();","lastModifiedDate":"2022-03-07"},{"lineNumber":41,"author":{"gitId":"yuhaochua"},"content":"        type \u003d equipment.getType();","lastModifiedDate":"2022-03-07"},{"lineNumber":42,"author":{"gitId":"yuhaochua"},"content":"        sn \u003d equipment.getSerialNumber();","lastModifiedDate":"2022-03-07"},{"lineNumber":43,"author":{"gitId":"yuhaochua"},"content":"        purchasedFrom \u003d equipment.getPurchasedFrom();","lastModifiedDate":"2022-03-07"},{"lineNumber":44,"author":{"gitId":"yuhaochua"},"content":"        purchasedDate \u003d equipment.getPurchasedDate();","lastModifiedDate":"2022-03-07"},{"lineNumber":45,"author":{"gitId":"yuhaochua"},"content":"        cost \u003d equipment.getCost();","lastModifiedDate":"2022-03-07"},{"lineNumber":46,"author":{"gitId":"yuhaochua"},"content":"","lastModifiedDate":"2022-03-07"},{"lineNumber":47,"author":{"gitId":"yuhaochua"},"content":"        return new CommandResult(String.format(successMessage, name, type, cost, sn, purchasedFrom, purchasedDate));","lastModifiedDate":"2022-03-07"},{"lineNumber":48,"author":{"gitId":"yuhaochua"},"content":"    }","lastModifiedDate":"2022-03-07"},{"lineNumber":49,"author":{"gitId":"yuhaochua"},"content":"}","lastModifiedDate":"2022-03-07"}],"authorContributionMap":{"yuhaochua":43,"shunyao643":6}},{"path":"src/main/java/seedu/command/Command.java","fileType":"functional-code","lines":[{"lineNumber":1,"author":{"gitId":"yuhaochua"},"content":"package seedu.command;","lastModifiedDate":"2022-03-06"},{"lineNumber":2,"author":{"gitId":"yuhaochua"},"content":"","lastModifiedDate":"2022-03-06"},{"lineNumber":3,"author":{"gitId":"yuhaochua"},"content":"import java.util.HashMap;","lastModifiedDate":"2022-03-07"},{"lineNumber":4,"author":{"gitId":"yuhaochua"},"content":"","lastModifiedDate":"2022-03-07"},{"lineNumber":5,"author":{"gitId":"yuhaochua"},"content":"/**","lastModifiedDate":"2022-03-06"},{"lineNumber":6,"author":{"gitId":"yuhaochua"},"content":" * Abstract parent class for all types of commands","lastModifiedDate":"2022-03-06"},{"lineNumber":7,"author":{"gitId":"yuhaochua"},"content":" */","lastModifiedDate":"2022-03-06"},{"lineNumber":8,"author":{"gitId":"yuhaochua"},"content":"// The Command class as well as all of its subclasses was created with reference to","lastModifiedDate":"2022-03-06"},{"lineNumber":9,"author":{"gitId":"yuhaochua"},"content":"// https://github.com/nus-cs2113-AY2122S2/personbook/tree/master/src/main/java/seedu/personbook/commands","lastModifiedDate":"2022-03-06"},{"lineNumber":10,"author":{"gitId":"yuhaochua"},"content":"public abstract class Command {","lastModifiedDate":"2022-03-06"},{"lineNumber":11,"author":{"gitId":"yuhaochua"},"content":"    protected String successMessage;","lastModifiedDate":"2022-03-07"},{"lineNumber":12,"author":{"gitId":"shunyao643"},"content":"    public String usageReminder;","lastModifiedDate":"2022-03-11"},{"lineNumber":13,"author":{"gitId":"yuhaochua"},"content":"    protected EquipmentManager equipmentInventory;","lastModifiedDate":"2022-03-07"},{"lineNumber":14,"author":{"gitId":"yuhaochua"},"content":"","lastModifiedDate":"2022-03-06"},{"lineNumber":15,"author":{"gitId":"yuhaochua"},"content":"    public abstract CommandResult execute();","lastModifiedDate":"2022-03-06"},{"lineNumber":16,"author":{"gitId":"yuhaochua"},"content":"","lastModifiedDate":"2022-03-07"},{"lineNumber":17,"author":{"gitId":"yuhaochua"},"content":"    public String getUsageReminder(){","lastModifiedDate":"2022-03-07"},{"lineNumber":18,"author":{"gitId":"yuhaochua"},"content":"        return usageReminder;","lastModifiedDate":"2022-03-07"},{"lineNumber":19,"author":{"gitId":"yuhaochua"},"content":"    }","lastModifiedDate":"2022-03-07"},{"lineNumber":20,"author":{"gitId":"yuhaochua"},"content":"}","lastModifiedDate":"2022-03-06"}],"authorContributionMap":{"yuhaochua":19,"shunyao643":1}},{"path":"src/main/java/seedu/command/CommandResult.java","fileType":"functional-code","lines":[{"lineNumber":1,"author":{"gitId":"yuhaochua"},"content":"package seedu.command;","lastModifiedDate":"2022-03-06"},{"lineNumber":2,"author":{"gitId":"yuhaochua"},"content":"","lastModifiedDate":"2022-03-06"},{"lineNumber":3,"author":{"gitId":"yuhaochua"},"content":"import java.util.ArrayList;","lastModifiedDate":"2022-03-06"},{"lineNumber":4,"author":{"gitId":"yuhaochua"},"content":"","lastModifiedDate":"2022-03-06"},{"lineNumber":5,"author":{"gitId":"yuhaochua"},"content":"/**","lastModifiedDate":"2022-03-06"},{"lineNumber":6,"author":{"gitId":"yuhaochua"},"content":" * Represents the result of a command execution.","lastModifiedDate":"2022-03-06"},{"lineNumber":7,"author":{"gitId":"yuhaochua"},"content":" */","lastModifiedDate":"2022-03-06"},{"lineNumber":8,"author":{"gitId":"yuhaochua"},"content":"// Created with reference to","lastModifiedDate":"2022-03-06"},{"lineNumber":9,"author":{"gitId":"yuhaochua"},"content":"// https://github.com/nus-cs2113-AY2122S2/personbook/tree/master/src/main/java/seedu/personbook/commands","lastModifiedDate":"2022-03-06"},{"lineNumber":10,"author":{"gitId":"yuhaochua"},"content":"public class CommandResult {","lastModifiedDate":"2022-03-06"},{"lineNumber":11,"author":{"gitId":"yuhaochua"},"content":"    private final String RESULT_TO_SHOW;","lastModifiedDate":"2022-03-06"},{"lineNumber":12,"author":{"gitId":"yuhaochua"},"content":"    private final ArrayList\u003cEquipment\u003e RELEVANT_EQUIPMENT;","lastModifiedDate":"2022-03-06"},{"lineNumber":13,"author":{"gitId":"yuhaochua"},"content":"","lastModifiedDate":"2022-03-06"},{"lineNumber":14,"author":{"gitId":"yuhaochua"},"content":"    public CommandResult(String result){","lastModifiedDate":"2022-03-06"},{"lineNumber":15,"author":{"gitId":"yuhaochua"},"content":"        RESULT_TO_SHOW \u003d result;","lastModifiedDate":"2022-03-06"},{"lineNumber":16,"author":{"gitId":"yuhaochua"},"content":"        RELEVANT_EQUIPMENT \u003d null;","lastModifiedDate":"2022-03-06"},{"lineNumber":17,"author":{"gitId":"yuhaochua"},"content":"    }","lastModifiedDate":"2022-03-06"},{"lineNumber":18,"author":{"gitId":"yuhaochua"},"content":"","lastModifiedDate":"2022-03-06"},{"lineNumber":19,"author":{"gitId":"yuhaochua"},"content":"    public CommandResult(String result, ArrayList\u003cEquipment\u003e equipmentList){","lastModifiedDate":"2022-03-06"},{"lineNumber":20,"author":{"gitId":"yuhaochua"},"content":"        RESULT_TO_SHOW \u003d result;","lastModifiedDate":"2022-03-06"},{"lineNumber":21,"author":{"gitId":"yuhaochua"},"content":"        RELEVANT_EQUIPMENT \u003d equipmentList;","lastModifiedDate":"2022-03-07"},{"lineNumber":22,"author":{"gitId":"yuhaochua"},"content":"    }","lastModifiedDate":"2022-03-06"},{"lineNumber":23,"author":{"gitId":"yuhaochua"},"content":"","lastModifiedDate":"2022-03-06"},{"lineNumber":24,"author":{"gitId":"yuhaochua"},"content":"    public String getResultToShow(){","lastModifiedDate":"2022-03-06"},{"lineNumber":25,"author":{"gitId":"yuhaochua"},"content":"        return RESULT_TO_SHOW;","lastModifiedDate":"2022-03-06"},{"lineNumber":26,"author":{"gitId":"yuhaochua"},"content":"    }","lastModifiedDate":"2022-03-06"},{"lineNumber":27,"author":{"gitId":"yuhaochua"},"content":"","lastModifiedDate":"2022-03-06"},{"lineNumber":28,"author":{"gitId":"yuhaochua"},"content":"    public ArrayList\u003cEquipment\u003e getRelevantEquipment(){","lastModifiedDate":"2022-03-06"},{"lineNumber":29,"author":{"gitId":"yuhaochua"},"content":"        return RELEVANT_EQUIPMENT;","lastModifiedDate":"2022-03-06"},{"lineNumber":30,"author":{"gitId":"yuhaochua"},"content":"    }","lastModifiedDate":"2022-03-06"},{"lineNumber":31,"author":{"gitId":"yuhaochua"},"content":"}","lastModifiedDate":"2022-03-06"}],"authorContributionMap":{"yuhaochua":31}},{"path":"src/main/java/seedu/command/DeleteCommand.java","fileType":"functional-code","lines":[{"lineNumber":1,"author":{"gitId":"yuhaochua"},"content":"package seedu.command;","lastModifiedDate":"2022-03-07"},{"lineNumber":2,"author":{"gitId":"yuhaochua"},"content":"","lastModifiedDate":"2022-03-07"},{"lineNumber":3,"author":{"gitId":"yuhaochua"},"content":"import java.util.ArrayList;","lastModifiedDate":"2022-03-07"},{"lineNumber":4,"author":{"gitId":"yuhaochua"},"content":"","lastModifiedDate":"2022-03-07"},{"lineNumber":5,"author":{"gitId":"yuhaochua"},"content":"/**","lastModifiedDate":"2022-03-07"},{"lineNumber":6,"author":{"gitId":"yuhaochua"},"content":" * Subclass of Command. Handles deleting of equipment from equipmentInventory.","lastModifiedDate":"2022-03-07"},{"lineNumber":7,"author":{"gitId":"yuhaochua"},"content":" */","lastModifiedDate":"2022-03-07"},{"lineNumber":8,"author":{"gitId":"yuhaochua"},"content":"public class DeleteCommand extends Command {","lastModifiedDate":"2022-03-07"},{"lineNumber":9,"author":{"gitId":"yuhaochua"},"content":"    private final ArrayList\u003cString\u003e COMMAND_STRINGS;","lastModifiedDate":"2022-03-07"},{"lineNumber":10,"author":{"gitId":"shunyao643"},"content":"    public static final String COMMAND_WORD \u003d \"delete\";","lastModifiedDate":"2022-03-11"},{"lineNumber":11,"author":{"gitId":"shunyao643"},"content":"    public static final String COMMAND_DESCRIPTION \u003d \": Deletes the equipment with the specified serial number. \"","lastModifiedDate":"2022-03-11"},{"lineNumber":12,"author":{"gitId":"shunyao643"},"content":"            + \"Parameters: s/SERIAL_NUMBER\\n\"","lastModifiedDate":"2022-03-11"},{"lineNumber":13,"author":{"gitId":"shunyao643"},"content":"            + \"Example: \"","lastModifiedDate":"2022-03-11"},{"lineNumber":14,"author":{"gitId":"shunyao643"},"content":"            + \"delete s/SM57-1\";","lastModifiedDate":"2022-03-11"},{"lineNumber":15,"author":{"gitId":"yuhaochua"},"content":"","lastModifiedDate":"2022-03-07"},{"lineNumber":16,"author":{"gitId":"yuhaochua"},"content":"    /**","lastModifiedDate":"2022-03-07"},{"lineNumber":17,"author":{"gitId":"yuhaochua"},"content":"     * constructor for DeleteCommand. Initialises successMessage and usageReminder from Command","lastModifiedDate":"2022-03-07"},{"lineNumber":18,"author":{"gitId":"yuhaochua"},"content":"     * @param commandStrings parsed user input which contains details of equipment to be deleted","lastModifiedDate":"2022-03-07"},{"lineNumber":19,"author":{"gitId":"yuhaochua"},"content":"     */","lastModifiedDate":"2022-03-07"},{"lineNumber":20,"author":{"gitId":"yuhaochua"},"content":"    public DeleteCommand(ArrayList\u003cString\u003e commandStrings){","lastModifiedDate":"2022-03-07"},{"lineNumber":21,"author":{"gitId":"yuhaochua"},"content":"        COMMAND_STRINGS \u003d commandStrings;","lastModifiedDate":"2022-03-07"},{"lineNumber":22,"author":{"gitId":"yuhaochua"},"content":"        successMessage \u003d \"Equipment successfully deleted: %1$s, serial number %2$s\";","lastModifiedDate":"2022-03-07"},{"lineNumber":23,"author":{"gitId":"shunyao643"},"content":"        usageReminder \u003d COMMAND_WORD + COMMAND_DESCRIPTION;","lastModifiedDate":"2022-03-11"},{"lineNumber":24,"author":{"gitId":"yuhaochua"},"content":"    }","lastModifiedDate":"2022-03-07"},{"lineNumber":25,"author":{"gitId":"yuhaochua"},"content":"","lastModifiedDate":"2022-03-07"},{"lineNumber":26,"author":{"gitId":"yuhaochua"},"content":"    /**","lastModifiedDate":"2022-03-07"},{"lineNumber":27,"author":{"gitId":"yuhaochua"},"content":"     * Deletes equipment specified by serial number","lastModifiedDate":"2022-03-07"},{"lineNumber":28,"author":{"gitId":"yuhaochua"},"content":"     * @return CommandResult with message from execution of this command","lastModifiedDate":"2022-03-07"},{"lineNumber":29,"author":{"gitId":"yuhaochua"},"content":"     */","lastModifiedDate":"2022-03-07"},{"lineNumber":30,"author":{"gitId":"yuhaochua"},"content":"    public CommandResult execute(){","lastModifiedDate":"2022-03-07"},{"lineNumber":31,"author":{"gitId":"yuhaochua"},"content":"        String equipmentName \u003d equipmentInventory.getEquipmentList().get(COMMAND_STRINGS.get(0));","lastModifiedDate":"2022-03-07"},{"lineNumber":32,"author":{"gitId":"yuhaochua"},"content":"        equipmentInventory.deleteEquipment(COMMAND_STRINGS.get(0));","lastModifiedDate":"2022-03-07"},{"lineNumber":33,"author":{"gitId":"yuhaochua"},"content":"","lastModifiedDate":"2022-03-07"},{"lineNumber":34,"author":{"gitId":"yuhaochua"},"content":"        return new CommandResult(String.format(successMessage, equipmentName,COMMAND_STRINGS.get(1)));","lastModifiedDate":"2022-03-07"},{"lineNumber":35,"author":{"gitId":"yuhaochua"},"content":"    }","lastModifiedDate":"2022-03-07"},{"lineNumber":36,"author":{"gitId":"yuhaochua"},"content":"}","lastModifiedDate":"2022-03-07"}],"authorContributionMap":{"yuhaochua":30,"shunyao643":6}},{"path":"src/main/java/seedu/command/IncorrectCommand.java","fileType":"functional-code","lines":[{"lineNumber":1,"author":{"gitId":"shunyao643"},"content":"package seedu.command;","lastModifiedDate":"2022-03-11"},{"lineNumber":2,"author":{"gitId":"shunyao643"},"content":"","lastModifiedDate":"2022-03-11"},{"lineNumber":3,"author":{"gitId":"shunyao643"},"content":"/**","lastModifiedDate":"2022-03-11"},{"lineNumber":4,"author":{"gitId":"shunyao643"},"content":" * Represents an incorrect command. Upon execution, provide some feedback to user","lastModifiedDate":"2022-03-11"},{"lineNumber":5,"author":{"gitId":"shunyao643"},"content":" * @author Shun Yao","lastModifiedDate":"2022-03-11"},{"lineNumber":6,"author":{"gitId":"shunyao643"},"content":" */","lastModifiedDate":"2022-03-11"},{"lineNumber":7,"author":{"gitId":"shunyao643"},"content":"public class IncorrectCommand extends Command {","lastModifiedDate":"2022-03-11"},{"lineNumber":8,"author":{"gitId":"shunyao643"},"content":"","lastModifiedDate":"2022-03-11"},{"lineNumber":9,"author":{"gitId":"shunyao643"},"content":"    public final String feedbackToUser;","lastModifiedDate":"2022-03-11"},{"lineNumber":10,"author":{"gitId":"shunyao643"},"content":"","lastModifiedDate":"2022-03-11"},{"lineNumber":11,"author":{"gitId":"shunyao643"},"content":"    public IncorrectCommand(String feedbackToUser) {","lastModifiedDate":"2022-03-11"},{"lineNumber":12,"author":{"gitId":"shunyao643"},"content":"        this.feedbackToUser \u003d feedbackToUser;","lastModifiedDate":"2022-03-11"},{"lineNumber":13,"author":{"gitId":"shunyao643"},"content":"    }","lastModifiedDate":"2022-03-11"},{"lineNumber":14,"author":{"gitId":"shunyao643"},"content":"","lastModifiedDate":"2022-03-11"},{"lineNumber":15,"author":{"gitId":"shunyao643"},"content":"    @Override","lastModifiedDate":"2022-03-11"},{"lineNumber":16,"author":{"gitId":"shunyao643"},"content":"    public CommandResult execute() {","lastModifiedDate":"2022-03-11"},{"lineNumber":17,"author":{"gitId":"shunyao643"},"content":"        return new CommandResult(feedbackToUser);","lastModifiedDate":"2022-03-11"},{"lineNumber":18,"author":{"gitId":"shunyao643"},"content":"    }","lastModifiedDate":"2022-03-11"},{"lineNumber":19,"author":{"gitId":"shunyao643"},"content":"","lastModifiedDate":"2022-03-11"},{"lineNumber":20,"author":{"gitId":"shunyao643"},"content":"}","lastModifiedDate":"2022-03-11"}],"authorContributionMap":{"shunyao643":20}},{"path":"src/main/java/seedu/command/ListCommand.java","fileType":"functional-code","lines":[{"lineNumber":1,"author":{"gitId":"yuhaochua"},"content":"package seedu.command;","lastModifiedDate":"2022-03-07"},{"lineNumber":2,"author":{"gitId":"yuhaochua"},"content":"","lastModifiedDate":"2022-03-07"},{"lineNumber":3,"author":{"gitId":"yuhaochua"},"content":"import java.util.ArrayList;","lastModifiedDate":"2022-03-07"},{"lineNumber":4,"author":{"gitId":"yuhaochua"},"content":"","lastModifiedDate":"2022-03-07"},{"lineNumber":5,"author":{"gitId":"yuhaochua"},"content":"/**","lastModifiedDate":"2022-03-07"},{"lineNumber":6,"author":{"gitId":"yuhaochua"},"content":" * Subclass of Command. Handles listing of all equipment or listing of equipment of specified type.","lastModifiedDate":"2022-03-07"},{"lineNumber":7,"author":{"gitId":"yuhaochua"},"content":" */","lastModifiedDate":"2022-03-07"},{"lineNumber":8,"author":{"gitId":"yuhaochua"},"content":"public class ListCommand extends Command {","lastModifiedDate":"2022-03-07"},{"lineNumber":9,"author":{"gitId":"yuhaochua"},"content":"    private final ArrayList\u003cString\u003e COMMAND_STRINGS;","lastModifiedDate":"2022-03-07"},{"lineNumber":10,"author":{"gitId":"yuhaochua"},"content":"    public final String COMMAND_WORD \u003d \"list\";","lastModifiedDate":"2022-03-07"},{"lineNumber":11,"author":{"gitId":"yuhaochua"},"content":"","lastModifiedDate":"2022-03-07"},{"lineNumber":12,"author":{"gitId":"yuhaochua"},"content":"    /**","lastModifiedDate":"2022-03-07"},{"lineNumber":13,"author":{"gitId":"yuhaochua"},"content":"     * constructor for ListCommand with NO specified type. Initialises successMessage and usageReminder from Command","lastModifiedDate":"2022-03-07"},{"lineNumber":14,"author":{"gitId":"yuhaochua"},"content":"     * @param commandStrings parsed user input which contains details of equipment to be viewed","lastModifiedDate":"2022-03-07"},{"lineNumber":15,"author":{"gitId":"yuhaochua"},"content":"     */","lastModifiedDate":"2022-03-07"},{"lineNumber":16,"author":{"gitId":"yuhaochua"},"content":"    public ListCommand(){","lastModifiedDate":"2022-03-07"},{"lineNumber":17,"author":{"gitId":"yuhaochua"},"content":"        COMMAND_STRINGS \u003d null;","lastModifiedDate":"2022-03-07"},{"lineNumber":18,"author":{"gitId":"yuhaochua"},"content":"        successMessage \u003d \"TOTAL QUANTITY OF EQUIPMENT: %1$d\\n\";","lastModifiedDate":"2022-03-07"},{"lineNumber":19,"author":{"gitId":"yuhaochua"},"content":"        usageReminder \u003d COMMAND_WORD + \": print a list of all equipment in the inventory. \"","lastModifiedDate":"2022-03-07"},{"lineNumber":20,"author":{"gitId":"yuhaochua"},"content":"                + \"Parameters: NIL\"","lastModifiedDate":"2022-03-07"},{"lineNumber":21,"author":{"gitId":"yuhaochua"},"content":"                + \"Example: \"","lastModifiedDate":"2022-03-07"},{"lineNumber":22,"author":{"gitId":"yuhaochua"},"content":"                + \"list\\n\"","lastModifiedDate":"2022-03-07"},{"lineNumber":23,"author":{"gitId":"yuhaochua"},"content":"                + COMMAND_WORD + \" t/Type: print a list of all equipment in the inventory of the specified type\"","lastModifiedDate":"2022-03-07"},{"lineNumber":24,"author":{"gitId":"yuhaochua"},"content":"                + \"Parameters: t/Type\"","lastModifiedDate":"2022-03-07"},{"lineNumber":25,"author":{"gitId":"yuhaochua"},"content":"                + \"Example: \"","lastModifiedDate":"2022-03-07"},{"lineNumber":26,"author":{"gitId":"yuhaochua"},"content":"                + \"list Microphone\";","lastModifiedDate":"2022-03-07"},{"lineNumber":27,"author":{"gitId":"yuhaochua"},"content":"    }","lastModifiedDate":"2022-03-07"},{"lineNumber":28,"author":{"gitId":"yuhaochua"},"content":"","lastModifiedDate":"2022-03-07"},{"lineNumber":29,"author":{"gitId":"yuhaochua"},"content":"    /**","lastModifiedDate":"2022-03-07"},{"lineNumber":30,"author":{"gitId":"yuhaochua"},"content":"     * constructor for ListCommand with specified type. Initialises successMessage and usageReminder from Command","lastModifiedDate":"2022-03-07"},{"lineNumber":31,"author":{"gitId":"yuhaochua"},"content":"     * @param commandStrings parsed user input which contains details of equipment to be viewed","lastModifiedDate":"2022-03-07"},{"lineNumber":32,"author":{"gitId":"yuhaochua"},"content":"     */","lastModifiedDate":"2022-03-07"},{"lineNumber":33,"author":{"gitId":"yuhaochua"},"content":"    public ListCommand(ArrayList\u003cString\u003e commandStrings){","lastModifiedDate":"2022-03-07"},{"lineNumber":34,"author":{"gitId":"yuhaochua"},"content":"        COMMAND_STRINGS \u003d commandStrings;","lastModifiedDate":"2022-03-07"},{"lineNumber":35,"author":{"gitId":"yuhaochua"},"content":"        successMessage \u003d \"TOTAL QUANTITY OF %1$s: %2$d\\n\";","lastModifiedDate":"2022-03-07"},{"lineNumber":36,"author":{"gitId":"yuhaochua"},"content":"        usageReminder \u003d COMMAND_WORD + \": print a list of all equipment in the inventory. \"","lastModifiedDate":"2022-03-07"},{"lineNumber":37,"author":{"gitId":"yuhaochua"},"content":"                + \"Parameters: NIL\"","lastModifiedDate":"2022-03-07"},{"lineNumber":38,"author":{"gitId":"yuhaochua"},"content":"                + \"Example: \"","lastModifiedDate":"2022-03-07"},{"lineNumber":39,"author":{"gitId":"yuhaochua"},"content":"                + \"list\\n\"","lastModifiedDate":"2022-03-07"},{"lineNumber":40,"author":{"gitId":"yuhaochua"},"content":"                + COMMAND_WORD + \" t/Type: print a list of all equipment in the inventory of the specified type\"","lastModifiedDate":"2022-03-07"},{"lineNumber":41,"author":{"gitId":"yuhaochua"},"content":"                + \"Parameters: t/Type\"","lastModifiedDate":"2022-03-07"},{"lineNumber":42,"author":{"gitId":"yuhaochua"},"content":"                + \"Example: \"","lastModifiedDate":"2022-03-07"},{"lineNumber":43,"author":{"gitId":"yuhaochua"},"content":"                + \"list Microphone\";","lastModifiedDate":"2022-03-07"},{"lineNumber":44,"author":{"gitId":"yuhaochua"},"content":"    }","lastModifiedDate":"2022-03-07"},{"lineNumber":45,"author":{"gitId":"yuhaochua"},"content":"","lastModifiedDate":"2022-03-07"},{"lineNumber":46,"author":{"gitId":"yuhaochua"},"content":"    /**","lastModifiedDate":"2022-03-07"},{"lineNumber":47,"author":{"gitId":"yuhaochua"},"content":"     * List all equipment or list equipment of specified type","lastModifiedDate":"2022-03-07"},{"lineNumber":48,"author":{"gitId":"yuhaochua"},"content":"     * @return CommandResult with message from execution of this command","lastModifiedDate":"2022-03-07"},{"lineNumber":49,"author":{"gitId":"yuhaochua"},"content":"     */","lastModifiedDate":"2022-03-07"},{"lineNumber":50,"author":{"gitId":"yuhaochua"},"content":"    public CommandResult execute(){","lastModifiedDate":"2022-03-07"},{"lineNumber":51,"author":{"gitId":"yuhaochua"},"content":"        int listSize;","lastModifiedDate":"2022-03-07"},{"lineNumber":52,"author":{"gitId":"yuhaochua"},"content":"        ArrayList\u003cEquipment\u003e equipmentArrayList;","lastModifiedDate":"2022-03-07"},{"lineNumber":53,"author":{"gitId":"yuhaochua"},"content":"        if(COMMAND_STRINGS \u003d\u003d null){","lastModifiedDate":"2022-03-07"},{"lineNumber":54,"author":{"gitId":"yuhaochua"},"content":"            equipmentArrayList \u003d equipmentInventory.listEquipment();","lastModifiedDate":"2022-03-07"},{"lineNumber":55,"author":{"gitId":"yuhaochua"},"content":"            listSize \u003d equipmentArrayList.size();","lastModifiedDate":"2022-03-07"},{"lineNumber":56,"author":{"gitId":"yuhaochua"},"content":"            return new CommandResult(String.format(successMessage, listSize), equipmentArrayList);","lastModifiedDate":"2022-03-07"},{"lineNumber":57,"author":{"gitId":"yuhaochua"},"content":"        }","lastModifiedDate":"2022-03-07"},{"lineNumber":58,"author":{"gitId":"yuhaochua"},"content":"","lastModifiedDate":"2022-03-07"},{"lineNumber":59,"author":{"gitId":"yuhaochua"},"content":"        String typeToList \u003d COMMAND_STRINGS.get(0);","lastModifiedDate":"2022-03-07"},{"lineNumber":60,"author":{"gitId":"yuhaochua"},"content":"        equipmentArrayList \u003d equipmentInventory.listEquipment(typeToList);","lastModifiedDate":"2022-03-07"},{"lineNumber":61,"author":{"gitId":"yuhaochua"},"content":"        listSize \u003d equipmentArrayList.size();","lastModifiedDate":"2022-03-07"},{"lineNumber":62,"author":{"gitId":"yuhaochua"},"content":"        return new CommandResult(String.format(successMessage, typeToList, listSize), equipmentArrayList);","lastModifiedDate":"2022-03-07"},{"lineNumber":63,"author":{"gitId":"yuhaochua"},"content":"    }","lastModifiedDate":"2022-03-07"},{"lineNumber":64,"author":{"gitId":"yuhaochua"},"content":"}","lastModifiedDate":"2022-03-07"}],"authorContributionMap":{"yuhaochua":64}},{"path":"src/main/java/seedu/equipment/DuplicateSerialNumber.java","fileType":"functional-code","lines":[{"lineNumber":1,"author":{"gitId":"shunyao643"},"content":"package seedu.equipment;","lastModifiedDate":"2022-03-12"},{"lineNumber":2,"author":{"gitId":"Bryan-BC"},"content":"","lastModifiedDate":"2022-03-11"},{"lineNumber":3,"author":{"gitId":"Bryan-BC"},"content":"public class DuplicateSerialNumber extends Exception {","lastModifiedDate":"2022-03-11"},{"lineNumber":4,"author":{"gitId":"Bryan-BC"},"content":"    public DuplicateSerialNumber() {}","lastModifiedDate":"2022-03-11"},{"lineNumber":5,"author":{"gitId":"Bryan-BC"},"content":"}","lastModifiedDate":"2022-03-11"}],"authorContributionMap":{"Bryan-BC":4,"shunyao643":1}},{"path":"src/main/java/seedu/equipment/Equipment.java","fileType":"functional-code","lines":[{"lineNumber":1,"author":{"gitId":"shunyao643"},"content":"package seedu.equipment;","lastModifiedDate":"2022-03-12"},{"lineNumber":2,"author":{"gitId":"Bryan-BC"},"content":"","lastModifiedDate":"2022-03-11"},{"lineNumber":3,"author":{"gitId":"Bryan-BC"},"content":"public class Equipment {","lastModifiedDate":"2022-03-11"},{"lineNumber":4,"author":{"gitId":"Bryan-BC"},"content":"    private String itemName;","lastModifiedDate":"2022-03-11"},{"lineNumber":5,"author":{"gitId":"Bryan-BC"},"content":"    private String serialNumber;","lastModifiedDate":"2022-03-11"},{"lineNumber":6,"author":{"gitId":"Bryan-BC"},"content":"    private EquipmentType type;","lastModifiedDate":"2022-03-11"},{"lineNumber":7,"author":{"gitId":"Bryan-BC"},"content":"    private double cost;","lastModifiedDate":"2022-03-11"},{"lineNumber":8,"author":{"gitId":"Bryan-BC"},"content":"    private String purchasedFrom;","lastModifiedDate":"2022-03-11"},{"lineNumber":9,"author":{"gitId":"Bryan-BC"},"content":"    private String purchasedDate;","lastModifiedDate":"2022-03-11"},{"lineNumber":10,"author":{"gitId":"Bryan-BC"},"content":"","lastModifiedDate":"2022-03-11"},{"lineNumber":11,"author":{"gitId":"Bryan-BC"},"content":"    public Equipment(String itemName, String serialNumber, EquipmentType type, double cost, String purchasedFrom, String purchasedDate) {","lastModifiedDate":"2022-03-11"},{"lineNumber":12,"author":{"gitId":"Bryan-BC"},"content":"        this.itemName \u003d itemName;","lastModifiedDate":"2022-03-11"},{"lineNumber":13,"author":{"gitId":"Bryan-BC"},"content":"        this.serialNumber \u003d serialNumber;","lastModifiedDate":"2022-03-11"},{"lineNumber":14,"author":{"gitId":"Bryan-BC"},"content":"        this.type \u003d type;","lastModifiedDate":"2022-03-11"},{"lineNumber":15,"author":{"gitId":"Bryan-BC"},"content":"        this.cost \u003d cost;","lastModifiedDate":"2022-03-11"},{"lineNumber":16,"author":{"gitId":"Bryan-BC"},"content":"        this.purchasedFrom \u003d purchasedFrom;","lastModifiedDate":"2022-03-11"},{"lineNumber":17,"author":{"gitId":"Bryan-BC"},"content":"        this.purchasedDate \u003d purchasedDate;","lastModifiedDate":"2022-03-11"},{"lineNumber":18,"author":{"gitId":"Bryan-BC"},"content":"    }","lastModifiedDate":"2022-03-11"},{"lineNumber":19,"author":{"gitId":"Bryan-BC"},"content":"","lastModifiedDate":"2022-03-11"},{"lineNumber":20,"author":{"gitId":"Bryan-BC"},"content":"    public String getItemName() {","lastModifiedDate":"2022-03-11"},{"lineNumber":21,"author":{"gitId":"Bryan-BC"},"content":"        return this.itemName;","lastModifiedDate":"2022-03-11"},{"lineNumber":22,"author":{"gitId":"Bryan-BC"},"content":"    }","lastModifiedDate":"2022-03-11"},{"lineNumber":23,"author":{"gitId":"Bryan-BC"},"content":"","lastModifiedDate":"2022-03-11"},{"lineNumber":24,"author":{"gitId":"Bryan-BC"},"content":"    public void setItemName(String itemName) {","lastModifiedDate":"2022-03-11"},{"lineNumber":25,"author":{"gitId":"Bryan-BC"},"content":"        this.itemName \u003d itemName;","lastModifiedDate":"2022-03-11"},{"lineNumber":26,"author":{"gitId":"Bryan-BC"},"content":"    }","lastModifiedDate":"2022-03-11"},{"lineNumber":27,"author":{"gitId":"Bryan-BC"},"content":"","lastModifiedDate":"2022-03-11"},{"lineNumber":28,"author":{"gitId":"Bryan-BC"},"content":"    public String getSerialNumber() {","lastModifiedDate":"2022-03-11"},{"lineNumber":29,"author":{"gitId":"Bryan-BC"},"content":"        return this.serialNumber;","lastModifiedDate":"2022-03-11"},{"lineNumber":30,"author":{"gitId":"Bryan-BC"},"content":"    }","lastModifiedDate":"2022-03-11"},{"lineNumber":31,"author":{"gitId":"Bryan-BC"},"content":"","lastModifiedDate":"2022-03-11"},{"lineNumber":32,"author":{"gitId":"Bryan-BC"},"content":"    public void setSerialNumber(String serialNumber) {","lastModifiedDate":"2022-03-11"},{"lineNumber":33,"author":{"gitId":"Bryan-BC"},"content":"        this.serialNumber \u003d serialNumber;","lastModifiedDate":"2022-03-11"},{"lineNumber":34,"author":{"gitId":"Bryan-BC"},"content":"    }","lastModifiedDate":"2022-03-11"},{"lineNumber":35,"author":{"gitId":"Bryan-BC"},"content":"","lastModifiedDate":"2022-03-11"},{"lineNumber":36,"author":{"gitId":"Bryan-BC"},"content":"    public EquipmentType getType() {","lastModifiedDate":"2022-03-11"},{"lineNumber":37,"author":{"gitId":"Bryan-BC"},"content":"        return this.type;","lastModifiedDate":"2022-03-11"},{"lineNumber":38,"author":{"gitId":"Bryan-BC"},"content":"    }","lastModifiedDate":"2022-03-11"},{"lineNumber":39,"author":{"gitId":"Bryan-BC"},"content":"","lastModifiedDate":"2022-03-11"},{"lineNumber":40,"author":{"gitId":"Bryan-BC"},"content":"    public void setType(EquipmentType type) {","lastModifiedDate":"2022-03-11"},{"lineNumber":41,"author":{"gitId":"Bryan-BC"},"content":"        this.type \u003d type;","lastModifiedDate":"2022-03-11"},{"lineNumber":42,"author":{"gitId":"Bryan-BC"},"content":"    }","lastModifiedDate":"2022-03-11"},{"lineNumber":43,"author":{"gitId":"Bryan-BC"},"content":"","lastModifiedDate":"2022-03-11"},{"lineNumber":44,"author":{"gitId":"Bryan-BC"},"content":"    public double getCost() {","lastModifiedDate":"2022-03-11"},{"lineNumber":45,"author":{"gitId":"Bryan-BC"},"content":"        return this.cost;","lastModifiedDate":"2022-03-11"},{"lineNumber":46,"author":{"gitId":"Bryan-BC"},"content":"    }","lastModifiedDate":"2022-03-11"},{"lineNumber":47,"author":{"gitId":"Bryan-BC"},"content":"","lastModifiedDate":"2022-03-11"},{"lineNumber":48,"author":{"gitId":"Bryan-BC"},"content":"    public void setCost(double cost) {","lastModifiedDate":"2022-03-11"},{"lineNumber":49,"author":{"gitId":"Bryan-BC"},"content":"        this.cost \u003d cost;","lastModifiedDate":"2022-03-11"},{"lineNumber":50,"author":{"gitId":"Bryan-BC"},"content":"    }","lastModifiedDate":"2022-03-11"},{"lineNumber":51,"author":{"gitId":"Bryan-BC"},"content":"","lastModifiedDate":"2022-03-11"},{"lineNumber":52,"author":{"gitId":"Bryan-BC"},"content":"    public String getPurchasedFrom() {","lastModifiedDate":"2022-03-11"},{"lineNumber":53,"author":{"gitId":"Bryan-BC"},"content":"        return this.purchasedFrom;","lastModifiedDate":"2022-03-11"},{"lineNumber":54,"author":{"gitId":"Bryan-BC"},"content":"    }","lastModifiedDate":"2022-03-11"},{"lineNumber":55,"author":{"gitId":"Bryan-BC"},"content":"","lastModifiedDate":"2022-03-11"},{"lineNumber":56,"author":{"gitId":"Bryan-BC"},"content":"    public void setPurchasedFrom(String purchasedFrom) {","lastModifiedDate":"2022-03-11"},{"lineNumber":57,"author":{"gitId":"Bryan-BC"},"content":"        this.purchasedFrom \u003d purchasedFrom;","lastModifiedDate":"2022-03-11"},{"lineNumber":58,"author":{"gitId":"Bryan-BC"},"content":"    }","lastModifiedDate":"2022-03-11"},{"lineNumber":59,"author":{"gitId":"Bryan-BC"},"content":"","lastModifiedDate":"2022-03-11"},{"lineNumber":60,"author":{"gitId":"Bryan-BC"},"content":"    public String getPurchasedDate() {","lastModifiedDate":"2022-03-11"},{"lineNumber":61,"author":{"gitId":"Bryan-BC"},"content":"        return this.purchasedDate;","lastModifiedDate":"2022-03-11"},{"lineNumber":62,"author":{"gitId":"Bryan-BC"},"content":"    }","lastModifiedDate":"2022-03-11"},{"lineNumber":63,"author":{"gitId":"Bryan-BC"},"content":"","lastModifiedDate":"2022-03-11"},{"lineNumber":64,"author":{"gitId":"Bryan-BC"},"content":"    public void setPurchasedDate(String purchasedDate) {","lastModifiedDate":"2022-03-11"},{"lineNumber":65,"author":{"gitId":"Bryan-BC"},"content":"        this.purchasedDate \u003d purchasedDate;","lastModifiedDate":"2022-03-11"},{"lineNumber":66,"author":{"gitId":"Bryan-BC"},"content":"    }","lastModifiedDate":"2022-03-11"},{"lineNumber":67,"author":{"gitId":"Bryan-BC"},"content":"}","lastModifiedDate":"2022-03-11"}],"authorContributionMap":{"Bryan-BC":66,"shunyao643":1}},{"path":"src/main/java/seedu/equipment/EquipmentManager.java","fileType":"functional-code","lines":[{"lineNumber":1,"author":{"gitId":"shunyao643"},"content":"package seedu.equipment;","lastModifiedDate":"2022-03-12"},{"lineNumber":2,"author":{"gitId":"Bryan-BC"},"content":"","lastModifiedDate":"2022-03-11"},{"lineNumber":3,"author":{"gitId":"Bryan-BC"},"content":"import java.util.ArrayList;","lastModifiedDate":"2022-03-11"},{"lineNumber":4,"author":{"gitId":"Bryan-BC"},"content":"import java.util.HashMap;","lastModifiedDate":"2022-03-11"},{"lineNumber":5,"author":{"gitId":"Bryan-BC"},"content":"","lastModifiedDate":"2022-03-11"},{"lineNumber":6,"author":{"gitId":"Bryan-BC"},"content":"public class EquipmentManager {","lastModifiedDate":"2022-03-11"},{"lineNumber":7,"author":{"gitId":"Bryan-BC"},"content":"    private final HashMap\u003cString, Equipment\u003e equipmentList \u003d new HashMap\u003c\u003e();","lastModifiedDate":"2022-03-11"},{"lineNumber":8,"author":{"gitId":"Bryan-BC"},"content":"","lastModifiedDate":"2022-03-11"},{"lineNumber":9,"author":{"gitId":"Bryan-BC"},"content":"    public void addEquipment(String itemName, String serialNumber, EquipmentType type, double cost, String purchasedFrom, String purchasedDate) throws DuplicateSerialNumber {","lastModifiedDate":"2022-03-11"},{"lineNumber":10,"author":{"gitId":"Bryan-BC"},"content":"        if (!equipmentList.containsKey(serialNumber)) {","lastModifiedDate":"2022-03-11"},{"lineNumber":11,"author":{"gitId":"Bryan-BC"},"content":"            Equipment equipment \u003d new Equipment(itemName, serialNumber, type, cost, purchasedFrom, purchasedDate);","lastModifiedDate":"2022-03-11"},{"lineNumber":12,"author":{"gitId":"Bryan-BC"},"content":"            equipmentList.putIfAbsent(serialNumber, equipment);","lastModifiedDate":"2022-03-11"},{"lineNumber":13,"author":{"gitId":"Bryan-BC"},"content":"        } else if (equipmentList.containsKey(serialNumber)) {","lastModifiedDate":"2022-03-11"},{"lineNumber":14,"author":{"gitId":"Bryan-BC"},"content":"            throw new DuplicateSerialNumber();","lastModifiedDate":"2022-03-11"},{"lineNumber":15,"author":{"gitId":"Bryan-BC"},"content":"        }","lastModifiedDate":"2022-03-11"},{"lineNumber":16,"author":{"gitId":"Bryan-BC"},"content":"    }","lastModifiedDate":"2022-03-11"},{"lineNumber":17,"author":{"gitId":"Bryan-BC"},"content":"","lastModifiedDate":"2022-03-11"},{"lineNumber":18,"author":{"gitId":"Bryan-BC"},"content":"    public ArrayList\u003cEquipment\u003e checkEquipment(String itemName) {","lastModifiedDate":"2022-03-11"},{"lineNumber":19,"author":{"gitId":"Bryan-BC"},"content":"        ArrayList\u003cEquipment\u003e listOfEquipments \u003d new ArrayList\u003c\u003e();","lastModifiedDate":"2022-03-11"},{"lineNumber":20,"author":{"gitId":"Bryan-BC"},"content":"        for (Equipment equipment : equipmentList.values()) {","lastModifiedDate":"2022-03-11"},{"lineNumber":21,"author":{"gitId":"Bryan-BC"},"content":"            if (equipment.getItemName().equals(itemName)) {","lastModifiedDate":"2022-03-11"},{"lineNumber":22,"author":{"gitId":"Bryan-BC"},"content":"                listOfEquipments.add(equipment);","lastModifiedDate":"2022-03-11"},{"lineNumber":23,"author":{"gitId":"Bryan-BC"},"content":"            }","lastModifiedDate":"2022-03-11"},{"lineNumber":24,"author":{"gitId":"Bryan-BC"},"content":"        }","lastModifiedDate":"2022-03-11"},{"lineNumber":25,"author":{"gitId":"Bryan-BC"},"content":"        return listOfEquipments;","lastModifiedDate":"2022-03-11"},{"lineNumber":26,"author":{"gitId":"Bryan-BC"},"content":"    }","lastModifiedDate":"2022-03-11"},{"lineNumber":27,"author":{"gitId":"Bryan-BC"},"content":"","lastModifiedDate":"2022-03-11"},{"lineNumber":28,"author":{"gitId":"Bryan-BC"},"content":"    public ArrayList\u003cEquipment\u003e listEquipment(EquipmentType type) {","lastModifiedDate":"2022-03-11"},{"lineNumber":29,"author":{"gitId":"Bryan-BC"},"content":"        ArrayList\u003cEquipment\u003e listOfEquipments \u003d new ArrayList\u003c\u003e();","lastModifiedDate":"2022-03-11"},{"lineNumber":30,"author":{"gitId":"Bryan-BC"},"content":"        for (Equipment equipment : equipmentList.values()) {","lastModifiedDate":"2022-03-11"},{"lineNumber":31,"author":{"gitId":"Bryan-BC"},"content":"            if (equipment.getType().equals(type)) {","lastModifiedDate":"2022-03-11"},{"lineNumber":32,"author":{"gitId":"Bryan-BC"},"content":"                listOfEquipments.add(equipment);","lastModifiedDate":"2022-03-11"},{"lineNumber":33,"author":{"gitId":"Bryan-BC"},"content":"            }","lastModifiedDate":"2022-03-11"},{"lineNumber":34,"author":{"gitId":"Bryan-BC"},"content":"        }","lastModifiedDate":"2022-03-11"},{"lineNumber":35,"author":{"gitId":"Bryan-BC"},"content":"        return listOfEquipments;","lastModifiedDate":"2022-03-11"},{"lineNumber":36,"author":{"gitId":"Bryan-BC"},"content":"    }","lastModifiedDate":"2022-03-11"},{"lineNumber":37,"author":{"gitId":"Bryan-BC"},"content":"","lastModifiedDate":"2022-03-11"},{"lineNumber":38,"author":{"gitId":"Bryan-BC"},"content":"    public ArrayList\u003cEquipment\u003e listEquipment() {","lastModifiedDate":"2022-03-11"},{"lineNumber":39,"author":{"gitId":"Bryan-BC"},"content":"        return new ArrayList\u003c\u003e(equipmentList.values());","lastModifiedDate":"2022-03-11"},{"lineNumber":40,"author":{"gitId":"Bryan-BC"},"content":"    }","lastModifiedDate":"2022-03-11"},{"lineNumber":41,"author":{"gitId":"Bryan-BC"},"content":"","lastModifiedDate":"2022-03-11"},{"lineNumber":42,"author":{"gitId":"Bryan-BC"},"content":"    public void updateEquipment(String serialNumber) {","lastModifiedDate":"2022-03-11"},{"lineNumber":43,"author":{"gitId":"Bryan-BC"},"content":"        // To be updated","lastModifiedDate":"2022-03-11"},{"lineNumber":44,"author":{"gitId":"Bryan-BC"},"content":"    }","lastModifiedDate":"2022-03-11"},{"lineNumber":45,"author":{"gitId":"Bryan-BC"},"content":"","lastModifiedDate":"2022-03-11"},{"lineNumber":46,"author":{"gitId":"Bryan-BC"},"content":"    public void deleteEquipment(String serialNumber) {","lastModifiedDate":"2022-03-11"},{"lineNumber":47,"author":{"gitId":"Bryan-BC"},"content":"        equipmentList.remove(serialNumber);","lastModifiedDate":"2022-03-11"},{"lineNumber":48,"author":{"gitId":"Bryan-BC"},"content":"    }","lastModifiedDate":"2022-03-11"},{"lineNumber":49,"author":{"gitId":"Bryan-BC"},"content":"}","lastModifiedDate":"2022-03-11"}],"authorContributionMap":{"Bryan-BC":48,"shunyao643":1}},{"path":"src/main/java/seedu/equipment/EquipmentType.java","fileType":"functional-code","lines":[{"lineNumber":1,"author":{"gitId":"shunyao643"},"content":"package seedu.equipment;","lastModifiedDate":"2022-03-12"},{"lineNumber":2,"author":{"gitId":"Bryan-BC"},"content":"","lastModifiedDate":"2022-03-11"},{"lineNumber":3,"author":{"gitId":"Bryan-BC"},"content":"public enum EquipmentType {","lastModifiedDate":"2022-03-11"},{"lineNumber":4,"author":{"gitId":"Bryan-BC"},"content":"    MICROPHONE, SPEAKER, STAND, CABLE","lastModifiedDate":"2022-03-11"},{"lineNumber":5,"author":{"gitId":"Bryan-BC"},"content":"}","lastModifiedDate":"2022-03-11"}],"authorContributionMap":{"Bryan-BC":4,"shunyao643":1}},{"path":"src/main/java/seedu/parser/IncompleteCommandException.java","fileType":"functional-code","lines":[{"lineNumber":1,"author":{"gitId":"shunyao643"},"content":"package seedu.parser;","lastModifiedDate":"2022-03-12"},{"lineNumber":2,"author":{"gitId":"shunyao643"},"content":"","lastModifiedDate":"2022-03-10"},{"lineNumber":3,"author":{"gitId":"shunyao643"},"content":"/**","lastModifiedDate":"2022-03-10"},{"lineNumber":4,"author":{"gitId":"shunyao643"},"content":" * Signal that given data does not include necessary arguments","lastModifiedDate":"2022-03-10"},{"lineNumber":5,"author":{"gitId":"shunyao643"},"content":" * Adapted from: https://github.com/se-edu/addressbook-level2/blob/master/src/seedu/addressbook/data/exception/","lastModifiedDate":"2022-03-10"},{"lineNumber":6,"author":{"gitId":"shunyao643"},"content":" */","lastModifiedDate":"2022-03-10"},{"lineNumber":7,"author":{"gitId":"shunyao643"},"content":"public class IncompleteCommandException extends Exception{","lastModifiedDate":"2022-03-10"},{"lineNumber":8,"author":{"gitId":"shunyao643"},"content":"    /**","lastModifiedDate":"2022-03-10"},{"lineNumber":9,"author":{"gitId":"shunyao643"},"content":"     * @param message contains information on failed constraints","lastModifiedDate":"2022-03-10"},{"lineNumber":10,"author":{"gitId":"shunyao643"},"content":"     */","lastModifiedDate":"2022-03-10"},{"lineNumber":11,"author":{"gitId":"shunyao643"},"content":"    public IncompleteCommandException(String message){","lastModifiedDate":"2022-03-10"},{"lineNumber":12,"author":{"gitId":"shunyao643"},"content":"        super(message);","lastModifiedDate":"2022-03-10"},{"lineNumber":13,"author":{"gitId":"shunyao643"},"content":"    }","lastModifiedDate":"2022-03-10"},{"lineNumber":14,"author":{"gitId":"shunyao643"},"content":"}","lastModifiedDate":"2022-03-10"}],"authorContributionMap":{"shunyao643":14}},{"path":"src/main/java/seedu/parser/Parser.java","fileType":"functional-code","lines":[{"lineNumber":1,"author":{"gitId":"shunyao643"},"content":"package seedu.parser;","lastModifiedDate":"2022-03-12"},{"lineNumber":2,"author":{"gitId":"shunyao643"},"content":"","lastModifiedDate":"2022-03-10"},{"lineNumber":3,"author":{"gitId":"shunyao643"},"content":"import java.lang.reflect.Array;","lastModifiedDate":"2022-03-12"},{"lineNumber":4,"author":{"gitId":"shunyao643"},"content":"import java.util.ArrayList;","lastModifiedDate":"2022-03-10"},{"lineNumber":5,"author":{"gitId":"shunyao643"},"content":"","lastModifiedDate":"2022-03-10"},{"lineNumber":6,"author":{"gitId":"shunyao643"},"content":"import seedu.command.*;","lastModifiedDate":"2022-03-10"},{"lineNumber":7,"author":{"gitId":"shunyao643"},"content":"","lastModifiedDate":"2022-03-10"},{"lineNumber":8,"author":{"gitId":"shunyao643"},"content":"import java.util.Collections;","lastModifiedDate":"2022-03-11"},{"lineNumber":9,"author":{"gitId":"shunyao643"},"content":"import java.util.regex.Matcher;","lastModifiedDate":"2022-03-10"},{"lineNumber":10,"author":{"gitId":"shunyao643"},"content":"import java.util.regex.Pattern;","lastModifiedDate":"2022-03-10"},{"lineNumber":11,"author":{"gitId":"shunyao643"},"content":"","lastModifiedDate":"2022-03-10"},{"lineNumber":12,"author":{"gitId":"shunyao643"},"content":"/**","lastModifiedDate":"2022-03-10"},{"lineNumber":13,"author":{"gitId":"shunyao643"},"content":" * Parse user input","lastModifiedDate":"2022-03-10"},{"lineNumber":14,"author":{"gitId":"shunyao643"},"content":" * Referenced https://github.com/se-edu/addressbook-level2/blob/master/src/seedu/addressbook/parser/Parser.java","lastModifiedDate":"2022-03-10"},{"lineNumber":15,"author":{"gitId":"shunyao643"},"content":" */","lastModifiedDate":"2022-03-10"},{"lineNumber":16,"author":{"gitId":"shunyao643"},"content":"public class Parser {","lastModifiedDate":"2022-03-10"},{"lineNumber":17,"author":{"gitId":"shunyao643"},"content":"","lastModifiedDate":"2022-03-10"},{"lineNumber":18,"author":{"gitId":"shunyao643"},"content":"    /**","lastModifiedDate":"2022-03-10"},{"lineNumber":19,"author":{"gitId":"shunyao643"},"content":"     * Format to parse command by breaking it up into two segments: command and arguments: these can then be separately","lastModifiedDate":"2022-03-10"},{"lineNumber":20,"author":{"gitId":"shunyao643"},"content":"     * passed into arguments.","lastModifiedDate":"2022-03-10"},{"lineNumber":21,"author":{"gitId":"shunyao643"},"content":"     */","lastModifiedDate":"2022-03-10"},{"lineNumber":22,"author":{"gitId":"shunyao643"},"content":"    public static final Pattern BASIC_COMMAND_FORMAT \u003d Pattern.compile(\"(?\u003ccommandWord\u003e\\\\S+)\\\\s+(?\u003carguments\u003e.+)\");","lastModifiedDate":"2022-03-12"},{"lineNumber":23,"author":{"gitId":"shunyao643"},"content":"    public static final Pattern ADD_COMMAND_FORMAT \u003d Pattern.compile(","lastModifiedDate":"2022-03-10"},{"lineNumber":24,"author":{"gitId":"shunyao643"},"content":"            \"n/(?\u003citemName\u003e.+)\" + \"\\\\s+\" +","lastModifiedDate":"2022-03-10"},{"lineNumber":25,"author":{"gitId":"shunyao643"},"content":"                    \"sn/(?\u003cserialNumber\u003e.+)\" + \"\\\\s+\" +","lastModifiedDate":"2022-03-10"},{"lineNumber":26,"author":{"gitId":"shunyao643"},"content":"                    \"t/(?\u003cequipmentType\u003e.+)\" + \"\\\\s+\" +","lastModifiedDate":"2022-03-10"},{"lineNumber":27,"author":{"gitId":"shunyao643"},"content":"                    \"c/(?\u003ccost\u003e.+)\" + \"\\\\s+\" +","lastModifiedDate":"2022-03-12"},{"lineNumber":28,"author":{"gitId":"shunyao643"},"content":"                    \"pf/(?\u003cpurchasedFrom\u003e.+)\" + \"\\\\s+\" +","lastModifiedDate":"2022-03-10"},{"lineNumber":29,"author":{"gitId":"shunyao643"},"content":"                    \"pd/(?\u003cpurchasedDate\u003e.+)\"","lastModifiedDate":"2022-03-10"},{"lineNumber":30,"author":{"gitId":"shunyao643"},"content":"    );","lastModifiedDate":"2022-03-10"},{"lineNumber":31,"author":{"gitId":"shunyao643"},"content":"    public static final Pattern VIEW_COMMAND_FORMAT \u003d Pattern.compile(\"n/(?\u003citemName\u003e.+)\");","lastModifiedDate":"2022-03-11"},{"lineNumber":32,"author":{"gitId":"shunyao643"},"content":"    public static final Pattern DELETE_COMMAND_FORMAT \u003d Pattern.compile(\"s/(?\u003citemName\u003e.+)\");","lastModifiedDate":"2022-03-11"},{"lineNumber":33,"author":{"gitId":"shunyao643"},"content":"    // Pattern extracts first n-1 tags","lastModifiedDate":"2022-03-12"},{"lineNumber":34,"author":{"gitId":"shunyao643"},"content":"    public static final Pattern ARGUMENT_FORMAT \u003d Pattern.compile(","lastModifiedDate":"2022-03-12"},{"lineNumber":35,"author":{"gitId":"shunyao643"},"content":"            \"((?:sn|n|t|c|pf|pd)\\\\/[\\\\w\\\\s\\\\-]+?)\\\\s+(?\u003dsn|n|t|c|pf|pd)\"","lastModifiedDate":"2022-03-12"},{"lineNumber":36,"author":{"gitId":"shunyao643"},"content":"    );","lastModifiedDate":"2022-03-12"},{"lineNumber":37,"author":{"gitId":"shunyao643"},"content":"    // Extracts last tag","lastModifiedDate":"2022-03-12"},{"lineNumber":38,"author":{"gitId":"shunyao643"},"content":"    public static final Pattern ARGUMENT_TRAILING_FORMAT \u003d Pattern.compile(","lastModifiedDate":"2022-03-12"},{"lineNumber":39,"author":{"gitId":"shunyao643"},"content":"            \"(?\u003c!\\\\w)(?:sn|n|t|c|pf|pd)\\\\/([\\\\w\\\\s\\\\-]+)\"","lastModifiedDate":"2022-03-12"},{"lineNumber":40,"author":{"gitId":"shunyao643"},"content":"    );","lastModifiedDate":"2022-03-12"},{"lineNumber":41,"author":{"gitId":"shunyao643"},"content":"    public static final String MESSAGE_INCOMPLETE_COMMAND_MISSING_DELIMITER \u003d","lastModifiedDate":"2022-03-10"},{"lineNumber":42,"author":{"gitId":"shunyao643"},"content":"            \"Please split your command into arguments with each argument seperated by spaces!\";","lastModifiedDate":"2022-03-10"},{"lineNumber":43,"author":{"gitId":"shunyao643"},"content":"","lastModifiedDate":"2022-03-10"},{"lineNumber":44,"author":{"gitId":"shunyao643"},"content":"    public Command parseCommand(String userInput) throws IncompleteCommandException {","lastModifiedDate":"2022-03-11"},{"lineNumber":45,"author":{"gitId":"shunyao643"},"content":"        ArrayList\u003cString\u003e commandAndArgument \u003d null;","lastModifiedDate":"2022-03-11"},{"lineNumber":46,"author":{"gitId":"shunyao643"},"content":"        ArrayList\u003cString\u003e args \u003d null;","lastModifiedDate":"2022-03-11"},{"lineNumber":47,"author":{"gitId":"shunyao643"},"content":"        try {","lastModifiedDate":"2022-03-10"},{"lineNumber":48,"author":{"gitId":"shunyao643"},"content":"            commandAndArgument \u003d splitCommandTerm(userInput);","lastModifiedDate":"2022-03-10"},{"lineNumber":49,"author":{"gitId":"shunyao643"},"content":"        } catch (IncompleteCommandException e) {","lastModifiedDate":"2022-03-10"},{"lineNumber":50,"author":{"gitId":"shunyao643"},"content":"            return new IncorrectCommand(MESSAGE_INCOMPLETE_COMMAND_MISSING_DELIMITER);","lastModifiedDate":"2022-03-11"},{"lineNumber":51,"author":{"gitId":"shunyao643"},"content":"        }","lastModifiedDate":"2022-03-10"},{"lineNumber":52,"author":{"gitId":"shunyao643"},"content":"","lastModifiedDate":"2022-03-10"},{"lineNumber":53,"author":{"gitId":"shunyao643"},"content":"        switch (commandAndArgument.get(0)) {","lastModifiedDate":"2022-03-10"},{"lineNumber":54,"author":{"gitId":"shunyao643"},"content":"        case AddCommand.COMMAND_WORD:","lastModifiedDate":"2022-03-11"},{"lineNumber":55,"author":{"gitId":"shunyao643"},"content":"            try {","lastModifiedDate":"2022-03-11"},{"lineNumber":56,"author":{"gitId":"shunyao643"},"content":"                args \u003d prepareAdd(commandAndArgument.get(1));","lastModifiedDate":"2022-03-11"},{"lineNumber":57,"author":{"gitId":"shunyao643"},"content":"                return new AddCommand(args);","lastModifiedDate":"2022-03-11"},{"lineNumber":58,"author":{"gitId":"shunyao643"},"content":"            } catch (IncompleteCommandException e) {","lastModifiedDate":"2022-03-11"},{"lineNumber":59,"author":{"gitId":"shunyao643"},"content":"                return new IncorrectCommand(AddCommand.COMMAND_WORD + AddCommand.COMMAND_DESCRIPTION);","lastModifiedDate":"2022-03-11"},{"lineNumber":60,"author":{"gitId":"shunyao643"},"content":"            }","lastModifiedDate":"2022-03-11"},{"lineNumber":61,"author":{"gitId":"shunyao643"},"content":"            break;","lastModifiedDate":"2022-03-11"},{"lineNumber":62,"author":{"gitId":"shunyao643"},"content":"        case CheckCommand.COMMAND_WORD:","lastModifiedDate":"2022-03-11"},{"lineNumber":63,"author":{"gitId":"shunyao643"},"content":"            try {","lastModifiedDate":"2022-03-11"},{"lineNumber":64,"author":{"gitId":"shunyao643"},"content":"                args \u003d prepareView(commandAndArgument.get(1));","lastModifiedDate":"2022-03-11"},{"lineNumber":65,"author":{"gitId":"shunyao643"},"content":"                return new CheckCommand(args);","lastModifiedDate":"2022-03-11"},{"lineNumber":66,"author":{"gitId":"shunyao643"},"content":"            } catch (IncompleteCommandException e) {","lastModifiedDate":"2022-03-11"},{"lineNumber":67,"author":{"gitId":"shunyao643"},"content":"                return new IncorrectCommand(CheckCommand.COMMAND_WORD + CheckCommand.COMMAND_DESCRIPTION);","lastModifiedDate":"2022-03-11"},{"lineNumber":68,"author":{"gitId":"shunyao643"},"content":"            }","lastModifiedDate":"2022-03-11"},{"lineNumber":69,"author":{"gitId":"shunyao643"},"content":"            break;","lastModifiedDate":"2022-03-11"},{"lineNumber":70,"author":{"gitId":"shunyao643"},"content":"        case DeleteCommand.COMMAND_WORD:","lastModifiedDate":"2022-03-11"},{"lineNumber":71,"author":{"gitId":"shunyao643"},"content":"            try {","lastModifiedDate":"2022-03-11"},{"lineNumber":72,"author":{"gitId":"shunyao643"},"content":"                args \u003d prepareDelete(commandAndArgument.get(1));","lastModifiedDate":"2022-03-11"},{"lineNumber":73,"author":{"gitId":"shunyao643"},"content":"                return new DeleteCommand(args);","lastModifiedDate":"2022-03-11"},{"lineNumber":74,"author":{"gitId":"shunyao643"},"content":"            } catch (IncompleteCommandException e) {","lastModifiedDate":"2022-03-11"},{"lineNumber":75,"author":{"gitId":"shunyao643"},"content":"                return new IncorrectCommand(DeleteCommand.COMMAND_WORD + DeleteCommand.COMMAND_DESCRIPTION);","lastModifiedDate":"2022-03-11"},{"lineNumber":76,"author":{"gitId":"shunyao643"},"content":"            }","lastModifiedDate":"2022-03-11"},{"lineNumber":77,"author":{"gitId":"shunyao643"},"content":"            break;","lastModifiedDate":"2022-03-12"},{"lineNumber":78,"author":{"gitId":"shunyao643"},"content":"        case UpdateCommand.COMMAND_WORD:","lastModifiedDate":"2022-03-12"},{"lineNumber":79,"author":{"gitId":"shunyao643"},"content":"            try {","lastModifiedDate":"2022-03-12"},{"lineNumber":80,"author":{"gitId":"shunyao643"},"content":"                args \u003d extractArguments(commandAndArgument.get(1));","lastModifiedDate":"2022-03-12"},{"lineNumber":81,"author":{"gitId":"shunyao643"},"content":"                UpdateCommand updateCommand \u003d new UpdateCommand(serialNumber);","lastModifiedDate":"2022-03-12"},{"lineNumber":82,"author":{"gitId":"shunyao643"},"content":"                for (String s : args) {","lastModifiedDate":"2022-03-12"},{"lineNumber":83,"author":{"gitId":"shunyao643"},"content":"                    int delimiterPos \u003d s.indexOf(\u0027/\u0027);","lastModifiedDate":"2022-03-12"},{"lineNumber":84,"author":{"gitId":"shunyao643"},"content":"                    String argType \u003d s.substring(0, delimiterPos);","lastModifiedDate":"2022-03-12"},{"lineNumber":85,"author":{"gitId":"shunyao643"},"content":"                    String argValue \u003d s.substring(0, delimiterPos + 1);","lastModifiedDate":"2022-03-12"},{"lineNumber":86,"author":{"gitId":"shunyao643"},"content":"                    switch (argType) {","lastModifiedDate":"2022-03-12"},{"lineNumber":87,"author":{"gitId":"shunyao643"},"content":"                    case \u0027n\u0027:","lastModifiedDate":"2022-03-12"},{"lineNumber":88,"author":{"gitId":"shunyao643"},"content":"                        updateCommand.setUpdateName(argValue);","lastModifiedDate":"2022-03-12"},{"lineNumber":89,"author":{"gitId":"shunyao643"},"content":"                        break;","lastModifiedDate":"2022-03-12"},{"lineNumber":90,"author":{"gitId":"shunyao643"},"content":"                    case \u0027pd\u0027:","lastModifiedDate":"2022-03-12"},{"lineNumber":91,"author":{"gitId":"shunyao643"},"content":"                        updateCommand.setPurchaseDate(argValue);","lastModifiedDate":"2022-03-12"},{"lineNumber":92,"author":{"gitId":"shunyao643"},"content":"                        break;","lastModifiedDate":"2022-03-12"},{"lineNumber":93,"author":{"gitId":"shunyao643"},"content":"                    case \u0027t\u0027:","lastModifiedDate":"2022-03-12"},{"lineNumber":94,"author":{"gitId":"shunyao643"},"content":"                        updateCommand.setType(argValue);","lastModifiedDate":"2022-03-12"},{"lineNumber":95,"author":{"gitId":"shunyao643"},"content":"                        break;","lastModifiedDate":"2022-03-12"},{"lineNumber":96,"author":{"gitId":"shunyao643"},"content":"                    case \u0027pf\u0027:","lastModifiedDate":"2022-03-12"},{"lineNumber":97,"author":{"gitId":"shunyao643"},"content":"                        updateCommand.setPurchaseFrom(argValue);","lastModifiedDate":"2022-03-12"},{"lineNumber":98,"author":{"gitId":"shunyao643"},"content":"                        break;","lastModifiedDate":"2022-03-12"},{"lineNumber":99,"author":{"gitId":"shunyao643"},"content":"                    case \u0027c\u0027:","lastModifiedDate":"2022-03-12"},{"lineNumber":100,"author":{"gitId":"shunyao643"},"content":"                        updateCommand.setCost(argValue);","lastModifiedDate":"2022-03-12"},{"lineNumber":101,"author":{"gitId":"shunyao643"},"content":"                        break;","lastModifiedDate":"2022-03-12"},{"lineNumber":102,"author":{"gitId":"shunyao643"},"content":"                    default:","lastModifiedDate":"2022-03-12"},{"lineNumber":103,"author":{"gitId":"shunyao643"},"content":"                        System.out.println(\"`\" + argValue + \"` not updated for type \" + argType +\": Unrecognised Tag\");","lastModifiedDate":"2022-03-12"},{"lineNumber":104,"author":{"gitId":"shunyao643"},"content":"                    }","lastModifiedDate":"2022-03-12"},{"lineNumber":105,"author":{"gitId":"shunyao643"},"content":"                }","lastModifiedDate":"2022-03-12"},{"lineNumber":106,"author":{"gitId":"shunyao643"},"content":"                return updateCommand;","lastModifiedDate":"2022-03-12"},{"lineNumber":107,"author":{"gitId":"shunyao643"},"content":"            } catch (IncompleteCommandException e) {","lastModifiedDate":"2022-03-12"},{"lineNumber":108,"author":{"gitId":"shunyao643"},"content":"                return new IncorrectCommand(UpdateCommand.COMMAND_WORD + UpdateCommand.COMMAND_DESCRIPTION);","lastModifiedDate":"2022-03-12"},{"lineNumber":109,"author":{"gitId":"shunyao643"},"content":"            }","lastModifiedDate":"2022-03-12"},{"lineNumber":110,"author":{"gitId":"shunyao643"},"content":"            break;","lastModifiedDate":"2022-03-12"},{"lineNumber":111,"author":{"gitId":"shunyao643"},"content":"        }","lastModifiedDate":"2022-03-12"},{"lineNumber":112,"author":{"gitId":"shunyao643"},"content":"","lastModifiedDate":"2022-03-10"},{"lineNumber":113,"author":{"gitId":"shunyao643"},"content":"    }","lastModifiedDate":"2022-03-10"},{"lineNumber":114,"author":{"gitId":"shunyao643"},"content":"","lastModifiedDate":"2022-03-11"},{"lineNumber":115,"author":{"gitId":"shunyao643"},"content":"    /**","lastModifiedDate":"2022-03-12"},{"lineNumber":116,"author":{"gitId":"shunyao643"},"content":"     * Splits main arguments into split tags with each substring","lastModifiedDate":"2022-03-12"},{"lineNumber":117,"author":{"gitId":"shunyao643"},"content":"     *","lastModifiedDate":"2022-03-12"},{"lineNumber":118,"author":{"gitId":"shunyao643"},"content":"     * @param args","lastModifiedDate":"2022-03-12"},{"lineNumber":119,"author":{"gitId":"shunyao643"},"content":"     * @return ArrayList of two elements","lastModifiedDate":"2022-03-12"},{"lineNumber":120,"author":{"gitId":"shunyao643"},"content":"     * @throws IncompleteCommandException","lastModifiedDate":"2022-03-12"},{"lineNumber":121,"author":{"gitId":"shunyao643"},"content":"     */","lastModifiedDate":"2022-03-12"},{"lineNumber":122,"author":{"gitId":"shunyao643"},"content":"    protected ArrayList\u003cString\u003e extractArguments(String args) throws IncompleteCommandException {","lastModifiedDate":"2022-03-12"},{"lineNumber":123,"author":{"gitId":"shunyao643"},"content":"        int lastIndex \u003d 0;","lastModifiedDate":"2022-03-12"},{"lineNumber":124,"author":{"gitId":"shunyao643"},"content":"        ArrayList\u003cString\u003e splitArguments \u003d new ArrayList\u003c\u003e();","lastModifiedDate":"2022-03-12"},{"lineNumber":125,"author":{"gitId":"shunyao643"},"content":"        try {","lastModifiedDate":"2022-03-12"},{"lineNumber":126,"author":{"gitId":"shunyao643"},"content":"            Matcher matcher \u003d ARGUMENT_FORMAT.matcher(args.trim());","lastModifiedDate":"2022-03-12"},{"lineNumber":127,"author":{"gitId":"shunyao643"},"content":"            while (matcher.find()) {","lastModifiedDate":"2022-03-12"},{"lineNumber":128,"author":{"gitId":"shunyao643"},"content":"                splitArguments.add(matcher.group());","lastModifiedDate":"2022-03-12"},{"lineNumber":129,"author":{"gitId":"shunyao643"},"content":"                lastIndex \u003d matcher.end();","lastModifiedDate":"2022-03-12"},{"lineNumber":130,"author":{"gitId":"shunyao643"},"content":"            }","lastModifiedDate":"2022-03-12"},{"lineNumber":131,"author":{"gitId":"shunyao643"},"content":"            matcher.usePattern(ARGUMENT_TRAILING_FORMAT);","lastModifiedDate":"2022-03-12"},{"lineNumber":132,"author":{"gitId":"shunyao643"},"content":"            matcher.find(lastIndex);","lastModifiedDate":"2022-03-12"},{"lineNumber":133,"author":{"gitId":"shunyao643"},"content":"            splitArguments.add(matcher.group());","lastModifiedDate":"2022-03-12"},{"lineNumber":134,"author":{"gitId":"shunyao643"},"content":"        } catch (IllegalStateException e) {","lastModifiedDate":"2022-03-12"},{"lineNumber":135,"author":{"gitId":"shunyao643"},"content":"            throw new IncompleteCommandException(\"No parameters found!\");","lastModifiedDate":"2022-03-12"},{"lineNumber":136,"author":{"gitId":"shunyao643"},"content":"        }","lastModifiedDate":"2022-03-10"},{"lineNumber":137,"author":{"gitId":"shunyao643"},"content":"        return splitArguments;","lastModifiedDate":"2022-03-12"},{"lineNumber":138,"author":{"gitId":"shunyao643"},"content":"    }","lastModifiedDate":"2022-03-12"},{"lineNumber":139,"author":{"gitId":"shunyao643"},"content":"","lastModifiedDate":"2022-03-12"},{"lineNumber":140,"author":{"gitId":"shunyao643"},"content":"    protected ArrayList\u003c\u003e","lastModifiedDate":"2022-03-12"},{"lineNumber":141,"author":{"gitId":"shunyao643"},"content":"","lastModifiedDate":"2022-03-10"},{"lineNumber":142,"author":{"gitId":"shunyao643"},"content":"    /**","lastModifiedDate":"2022-03-11"},{"lineNumber":143,"author":{"gitId":"shunyao643"},"content":"     * Prepare arguments for AddCommand by splitting up the arguments into different parts","lastModifiedDate":"2022-03-11"},{"lineNumber":144,"author":{"gitId":"shunyao643"},"content":"     * \u003cp\u003e","lastModifiedDate":"2022-03-11"},{"lineNumber":145,"author":{"gitId":"shunyao643"},"content":"     * Index:","lastModifiedDate":"2022-03-11"},{"lineNumber":146,"author":{"gitId":"shunyao643"},"content":"     * 0. \u003ccode\u003e equipmentName \u003c/code\u003e: String of equipment name","lastModifiedDate":"2022-03-11"},{"lineNumber":147,"author":{"gitId":"shunyao643"},"content":"     * 1. \u003ccode\u003e serialNumber \u003c/code\u003e: String of unique serial number","lastModifiedDate":"2022-03-11"},{"lineNumber":148,"author":{"gitId":"shunyao643"},"content":"     * 2. \u003ccode\u003e type \u003c/code\u003e: String representation of enumerated class","lastModifiedDate":"2022-03-11"},{"lineNumber":149,"author":{"gitId":"shunyao643"},"content":"     * 3. \u003ccode\u003e cost \u003c/code\u003e: String representation of double value, \"$\" optional but \",\" delimiter forbidden","lastModifiedDate":"2022-03-11"},{"lineNumber":150,"author":{"gitId":"shunyao643"},"content":"     * 4. \u003ccode\u003e purchasedFrom \u003c/code\u003e: String of vendor name, suggest adhering to one consistent naming scheme","lastModifiedDate":"2022-03-11"},{"lineNumber":151,"author":{"gitId":"shunyao643"},"content":"     * 5. \u003ccode\u003e purchasedDate \u003c/code\u003e: String representation for now, possibility for future support","lastModifiedDate":"2022-03-11"},{"lineNumber":152,"author":{"gitId":"shunyao643"},"content":"     *","lastModifiedDate":"2022-03-11"},{"lineNumber":153,"author":{"gitId":"shunyao643"},"content":"     * @param args","lastModifiedDate":"2022-03-11"},{"lineNumber":154,"author":{"gitId":"shunyao643"},"content":"     * @return ArrayList of arguments","lastModifiedDate":"2022-03-11"},{"lineNumber":155,"author":{"gitId":"shunyao643"},"content":"     * @throws IncompleteCommandException if no match found","lastModifiedDate":"2022-03-11"},{"lineNumber":156,"author":{"gitId":"shunyao643"},"content":"     */","lastModifiedDate":"2022-03-11"},{"lineNumber":157,"author":{"gitId":"shunyao643"},"content":"    protected ArrayList\u003cString\u003e prepareAdd(String args) throws IncompleteCommandException {","lastModifiedDate":"2022-03-11"},{"lineNumber":158,"author":{"gitId":"shunyao643"},"content":"        final Matcher matcher \u003d ADD_COMMAND_FORMAT.matcher(args.trim());","lastModifiedDate":"2022-03-10"},{"lineNumber":159,"author":{"gitId":"shunyao643"},"content":"        // validate arg string format","lastModifiedDate":"2022-03-10"},{"lineNumber":160,"author":{"gitId":"shunyao643"},"content":"        if (!matcher.matches()) {","lastModifiedDate":"2022-03-10"},{"lineNumber":161,"author":{"gitId":"shunyao643"},"content":"            throw new IncompleteCommandException(\"Add command values are incomplete or missing!\");","lastModifiedDate":"2022-03-10"},{"lineNumber":162,"author":{"gitId":"shunyao643"},"content":"        }","lastModifiedDate":"2022-03-10"},{"lineNumber":163,"author":{"gitId":"shunyao643"},"content":"        ArrayList results \u003d new ArrayList\u003cString\u003e();","lastModifiedDate":"2022-03-10"},{"lineNumber":164,"author":{"gitId":"shunyao643"},"content":"        for (int i \u003d 0; i \u003c matcher.groupCount(); i++) {","lastModifiedDate":"2022-03-10"},{"lineNumber":165,"author":{"gitId":"shunyao643"},"content":"            results.add(matcher.group());","lastModifiedDate":"2022-03-11"},{"lineNumber":166,"author":{"gitId":"shunyao643"},"content":"        }","lastModifiedDate":"2022-03-10"},{"lineNumber":167,"author":{"gitId":"shunyao643"},"content":"        return results;","lastModifiedDate":"2022-03-10"},{"lineNumber":168,"author":{"gitId":"shunyao643"},"content":"    }","lastModifiedDate":"2022-03-10"},{"lineNumber":169,"author":{"gitId":"shunyao643"},"content":"","lastModifiedDate":"2022-03-10"},{"lineNumber":170,"author":{"gitId":"shunyao643"},"content":"    /**","lastModifiedDate":"2022-03-11"},{"lineNumber":171,"author":{"gitId":"shunyao643"},"content":"     * Prepare argument for CheckCommand by removing the preceeding \"n/\" prefix","lastModifiedDate":"2022-03-11"},{"lineNumber":172,"author":{"gitId":"shunyao643"},"content":"     *","lastModifiedDate":"2022-03-12"},{"lineNumber":173,"author":{"gitId":"shunyao643"},"content":"     * @param args","lastModifiedDate":"2022-03-11"},{"lineNumber":174,"author":{"gitId":"shunyao643"},"content":"     * @return ArrayList of one element (assumes rest of string is item name)","lastModifiedDate":"2022-03-11"},{"lineNumber":175,"author":{"gitId":"shunyao643"},"content":"     * @throws IncompleteCommandException","lastModifiedDate":"2022-03-11"},{"lineNumber":176,"author":{"gitId":"shunyao643"},"content":"     */","lastModifiedDate":"2022-03-11"},{"lineNumber":177,"author":{"gitId":"shunyao643"},"content":"    protected ArrayList\u003cString\u003e prepareView(String args) throws IncompleteCommandException {","lastModifiedDate":"2022-03-11"},{"lineNumber":178,"author":{"gitId":"shunyao643"},"content":"        final Matcher matcher \u003d VIEW_COMMAND_FORMAT.matcher(args.trim());","lastModifiedDate":"2022-03-11"},{"lineNumber":179,"author":{"gitId":"shunyao643"},"content":"        if (!matcher.matches()) {","lastModifiedDate":"2022-03-11"},{"lineNumber":180,"author":{"gitId":"shunyao643"},"content":"            throw new IncompleteCommandException(\"View command values are incomplete or missing!\");","lastModifiedDate":"2022-03-11"},{"lineNumber":181,"author":{"gitId":"shunyao643"},"content":"        }","lastModifiedDate":"2022-03-11"},{"lineNumber":182,"author":{"gitId":"shunyao643"},"content":"        return new ArrayList\u003cString\u003e(Collections.singleton(matcher.group()));","lastModifiedDate":"2022-03-11"},{"lineNumber":183,"author":{"gitId":"shunyao643"},"content":"    }","lastModifiedDate":"2022-03-11"},{"lineNumber":184,"author":{"gitId":"shunyao643"},"content":"","lastModifiedDate":"2022-03-11"},{"lineNumber":185,"author":{"gitId":"shunyao643"},"content":"    /**","lastModifiedDate":"2022-03-11"},{"lineNumber":186,"author":{"gitId":"shunyao643"},"content":"     * Prepare argument for DeleteCommand by removing the preceeding \"s/\" prefix","lastModifiedDate":"2022-03-11"},{"lineNumber":187,"author":{"gitId":"shunyao643"},"content":"     *","lastModifiedDate":"2022-03-12"},{"lineNumber":188,"author":{"gitId":"shunyao643"},"content":"     * @param args","lastModifiedDate":"2022-03-11"},{"lineNumber":189,"author":{"gitId":"shunyao643"},"content":"     * @return ArrayList of one element (assumes rest of string is serial number)","lastModifiedDate":"2022-03-11"},{"lineNumber":190,"author":{"gitId":"shunyao643"},"content":"     * @throws IncompleteCommandException","lastModifiedDate":"2022-03-11"},{"lineNumber":191,"author":{"gitId":"shunyao643"},"content":"     */","lastModifiedDate":"2022-03-11"},{"lineNumber":192,"author":{"gitId":"shunyao643"},"content":"    protected ArrayList\u003cString\u003e prepareDelete(String args) throws IncompleteCommandException {","lastModifiedDate":"2022-03-11"},{"lineNumber":193,"author":{"gitId":"shunyao643"},"content":"        final Matcher matcher \u003d DELETE_COMMAND_FORMAT.matcher(args.trim());","lastModifiedDate":"2022-03-11"},{"lineNumber":194,"author":{"gitId":"shunyao643"},"content":"        if (!matcher.matches()) {","lastModifiedDate":"2022-03-11"},{"lineNumber":195,"author":{"gitId":"shunyao643"},"content":"            throw new IncompleteCommandException(\"Delete command values are incomplete or missing!\");","lastModifiedDate":"2022-03-11"},{"lineNumber":196,"author":{"gitId":"shunyao643"},"content":"        }","lastModifiedDate":"2022-03-11"},{"lineNumber":197,"author":{"gitId":"shunyao643"},"content":"        return new ArrayList\u003cString\u003e(Collections.singleton(matcher.group()));","lastModifiedDate":"2022-03-11"},{"lineNumber":198,"author":{"gitId":"shunyao643"},"content":"    }","lastModifiedDate":"2022-03-11"},{"lineNumber":199,"author":{"gitId":"shunyao643"},"content":"","lastModifiedDate":"2022-03-11"},{"lineNumber":200,"author":{"gitId":"shunyao643"},"content":"","lastModifiedDate":"2022-03-12"},{"lineNumber":201,"author":{"gitId":"shunyao643"},"content":"    /**","lastModifiedDate":"2022-03-10"},{"lineNumber":202,"author":{"gitId":"shunyao643"},"content":"     * Break down a command into the command term to be parsed and the remainder of the arguments.","lastModifiedDate":"2022-03-10"},{"lineNumber":203,"author":{"gitId":"shunyao643"},"content":"     * Assumes command term and remainder arguments are delimited by minimally one space.","lastModifiedDate":"2022-03-10"},{"lineNumber":204,"author":{"gitId":"shunyao643"},"content":"     *","lastModifiedDate":"2022-03-10"},{"lineNumber":205,"author":{"gitId":"shunyao643"},"content":"     * @param userInput","lastModifiedDate":"2022-03-10"},{"lineNumber":206,"author":{"gitId":"shunyao643"},"content":"     * @return ArrayList of String, first element being the command term and the second element being arguments","lastModifiedDate":"2022-03-10"},{"lineNumber":207,"author":{"gitId":"shunyao643"},"content":"     * @throws IncompleteCommandException if no space is found","lastModifiedDate":"2022-03-10"},{"lineNumber":208,"author":{"gitId":"shunyao643"},"content":"     */","lastModifiedDate":"2022-03-10"},{"lineNumber":209,"author":{"gitId":"shunyao643"},"content":"    public ArrayList\u003cString\u003e splitCommandTerm(String userInput) throws IncompleteCommandException {","lastModifiedDate":"2022-03-10"},{"lineNumber":210,"author":{"gitId":"shunyao643"},"content":"        ArrayList\u003cString\u003e resultArrayList \u003d new ArrayList\u003c\u003e();","lastModifiedDate":"2022-03-10"},{"lineNumber":211,"author":{"gitId":"shunyao643"},"content":"        final Matcher matcher \u003d BASIC_COMMAND_FORMAT.matcher(userInput.trim());","lastModifiedDate":"2022-03-10"},{"lineNumber":212,"author":{"gitId":"shunyao643"},"content":"        // guard against no match","lastModifiedDate":"2022-03-10"},{"lineNumber":213,"author":{"gitId":"shunyao643"},"content":"        if (!matcher.matches()) {","lastModifiedDate":"2022-03-10"},{"lineNumber":214,"author":{"gitId":"shunyao643"},"content":"            throw new IncompleteCommandException(\"Could not find space delimiter between command and arguments!\");","lastModifiedDate":"2022-03-10"},{"lineNumber":215,"author":{"gitId":"shunyao643"},"content":"        }","lastModifiedDate":"2022-03-10"},{"lineNumber":216,"author":{"gitId":"shunyao643"},"content":"        resultArrayList.add(matcher.group(\"commandWord\"));","lastModifiedDate":"2022-03-10"},{"lineNumber":217,"author":{"gitId":"shunyao643"},"content":"        resultArrayList.add(matcher.group(\"arguments\"));","lastModifiedDate":"2022-03-10"},{"lineNumber":218,"author":{"gitId":"shunyao643"},"content":"        return resultArrayList;","lastModifiedDate":"2022-03-10"},{"lineNumber":219,"author":{"gitId":"shunyao643"},"content":"    }","lastModifiedDate":"2022-03-10"},{"lineNumber":220,"author":{"gitId":"shunyao643"},"content":"","lastModifiedDate":"2022-03-10"},{"lineNumber":221,"author":{"gitId":"shunyao643"},"content":"","lastModifiedDate":"2022-03-10"},{"lineNumber":222,"author":{"gitId":"shunyao643"},"content":"}","lastModifiedDate":"2022-03-10"}],"authorContributionMap":{"shunyao643":222}},{"path":"src/test/java/seedu/parser/ParserTest.java","fileType":"test-code","lines":[{"lineNumber":1,"author":{"gitId":"shunyao643"},"content":"package seedu.parser;","lastModifiedDate":"2022-03-12"},{"lineNumber":2,"author":{"gitId":"shunyao643"},"content":"","lastModifiedDate":"2022-03-10"},{"lineNumber":3,"author":{"gitId":"shunyao643"},"content":"import org.junit.jupiter.api.BeforeEach;","lastModifiedDate":"2022-03-10"},{"lineNumber":4,"author":{"gitId":"shunyao643"},"content":"import org.junit.jupiter.api.Test;","lastModifiedDate":"2022-03-10"},{"lineNumber":5,"author":{"gitId":"shunyao643"},"content":"import seedu.parser.IncompleteCommandException;","lastModifiedDate":"2022-03-12"},{"lineNumber":6,"author":{"gitId":"shunyao643"},"content":"import seedu.parser.Parser;","lastModifiedDate":"2022-03-12"},{"lineNumber":7,"author":{"gitId":"shunyao643"},"content":"","lastModifiedDate":"2022-03-10"},{"lineNumber":8,"author":{"gitId":"shunyao643"},"content":"import java.util.ArrayList;","lastModifiedDate":"2022-03-10"},{"lineNumber":9,"author":{"gitId":"shunyao643"},"content":"import java.util.Arrays;","lastModifiedDate":"2022-03-10"},{"lineNumber":10,"author":{"gitId":"shunyao643"},"content":"","lastModifiedDate":"2022-03-10"},{"lineNumber":11,"author":{"gitId":"shunyao643"},"content":"import static org.junit.jupiter.api.Assertions.assertEquals;","lastModifiedDate":"2022-03-10"},{"lineNumber":12,"author":{"gitId":"shunyao643"},"content":"import static org.junit.jupiter.api.Assertions.fail;","lastModifiedDate":"2022-03-10"},{"lineNumber":13,"author":{"gitId":"shunyao643"},"content":"","lastModifiedDate":"2022-03-10"},{"lineNumber":14,"author":{"gitId":"shunyao643"},"content":"class ParserTest {","lastModifiedDate":"2022-03-10"},{"lineNumber":15,"author":{"gitId":"shunyao643"},"content":"","lastModifiedDate":"2022-03-10"},{"lineNumber":16,"author":{"gitId":"shunyao643"},"content":"    Parser parser;","lastModifiedDate":"2022-03-10"},{"lineNumber":17,"author":{"gitId":"shunyao643"},"content":"","lastModifiedDate":"2022-03-10"},{"lineNumber":18,"author":{"gitId":"shunyao643"},"content":"    @BeforeEach","lastModifiedDate":"2022-03-10"},{"lineNumber":19,"author":{"gitId":"shunyao643"},"content":"    void setup() {","lastModifiedDate":"2022-03-10"},{"lineNumber":20,"author":{"gitId":"shunyao643"},"content":"        parser \u003d new Parser();","lastModifiedDate":"2022-03-10"},{"lineNumber":21,"author":{"gitId":"shunyao643"},"content":"    }","lastModifiedDate":"2022-03-10"},{"lineNumber":22,"author":{"gitId":"shunyao643"},"content":"","lastModifiedDate":"2022-03-10"},{"lineNumber":23,"author":{"gitId":"shunyao643"},"content":"    @Test","lastModifiedDate":"2022-03-10"},{"lineNumber":24,"author":{"gitId":"shunyao643"},"content":"    void splitCommandTerm_validCommand_success() throws IncompleteCommandException {","lastModifiedDate":"2022-03-10"},{"lineNumber":25,"author":{"gitId":"shunyao643"},"content":"        ArrayList\u003cString\u003e expectedResult \u003d new ArrayList\u003c\u003e(","lastModifiedDate":"2022-03-10"},{"lineNumber":26,"author":{"gitId":"shunyao643"},"content":"                Arrays.asList(\"add\", \"n/ITEM_NAME sn/SERIAL_NUMBER t/TYPE c/COST pf/PURCHASED_FROM pd/PURCHASED_DATE\")","lastModifiedDate":"2022-03-10"},{"lineNumber":27,"author":{"gitId":"shunyao643"},"content":"        );","lastModifiedDate":"2022-03-10"},{"lineNumber":28,"author":{"gitId":"shunyao643"},"content":"        ArrayList\u003cString\u003e actualResult \u003d parser.splitCommandTerm(","lastModifiedDate":"2022-03-10"},{"lineNumber":29,"author":{"gitId":"shunyao643"},"content":"                \"add n/ITEM_NAME sn/SERIAL_NUMBER t/TYPE c/COST pf/PURCHASED_FROM pd/PURCHASED_DATE\");","lastModifiedDate":"2022-03-10"},{"lineNumber":30,"author":{"gitId":"shunyao643"},"content":"        assertEquals(expectedResult, actualResult);","lastModifiedDate":"2022-03-10"},{"lineNumber":31,"author":{"gitId":"shunyao643"},"content":"        assertEquals(expectedResult.get(0), actualResult.get(0));","lastModifiedDate":"2022-03-10"},{"lineNumber":32,"author":{"gitId":"shunyao643"},"content":"        assertEquals(expectedResult.get(1), actualResult.get(1));","lastModifiedDate":"2022-03-10"},{"lineNumber":33,"author":{"gitId":"shunyao643"},"content":"    }","lastModifiedDate":"2022-03-10"},{"lineNumber":34,"author":{"gitId":"shunyao643"},"content":"","lastModifiedDate":"2022-03-10"},{"lineNumber":35,"author":{"gitId":"shunyao643"},"content":"    @Test","lastModifiedDate":"2022-03-10"},{"lineNumber":36,"author":{"gitId":"shunyao643"},"content":"    void splitCommandTerm_incompleteCommand_exceptionThrown() {","lastModifiedDate":"2022-03-10"},{"lineNumber":37,"author":{"gitId":"shunyao643"},"content":"        ArrayList\u003cString\u003e unexpectedResult \u003d new ArrayList\u003c\u003e(","lastModifiedDate":"2022-03-10"},{"lineNumber":38,"author":{"gitId":"shunyao643"},"content":"                Arrays.asList(\"add\", \"n/ITEM_NAMEsn/SERIAL_NUMBERt/TYPEc/COSTpf/PURCHASED_FROMpd/PURCHASED_DATE\")","lastModifiedDate":"2022-03-10"},{"lineNumber":39,"author":{"gitId":"shunyao643"},"content":"        );","lastModifiedDate":"2022-03-10"},{"lineNumber":40,"author":{"gitId":"shunyao643"},"content":"        try {","lastModifiedDate":"2022-03-10"},{"lineNumber":41,"author":{"gitId":"shunyao643"},"content":"            ArrayList\u003cString\u003e actualResult \u003d parser.splitCommandTerm(","lastModifiedDate":"2022-03-10"},{"lineNumber":42,"author":{"gitId":"shunyao643"},"content":"                    \"addn/ITEM_NAMEsn/SERIAL_NUMBERt/TYPEc/COSTpf/PURCHASED_FROMpd/PURCHASED_DATE\");","lastModifiedDate":"2022-03-10"},{"lineNumber":43,"author":{"gitId":"shunyao643"},"content":"            assertEquals(unexpectedResult, actualResult);","lastModifiedDate":"2022-03-10"},{"lineNumber":44,"author":{"gitId":"shunyao643"},"content":"            fail();","lastModifiedDate":"2022-03-10"},{"lineNumber":45,"author":{"gitId":"shunyao643"},"content":"        } catch (IncompleteCommandException e) {","lastModifiedDate":"2022-03-10"},{"lineNumber":46,"author":{"gitId":"shunyao643"},"content":"            assertEquals(\"Could not find space delimiter between command and arguments!\", e.getMessage());","lastModifiedDate":"2022-03-10"},{"lineNumber":47,"author":{"gitId":"shunyao643"},"content":"        }","lastModifiedDate":"2022-03-10"},{"lineNumber":48,"author":{"gitId":"shunyao643"},"content":"    }","lastModifiedDate":"2022-03-10"},{"lineNumber":49,"author":{"gitId":"shunyao643"},"content":"","lastModifiedDate":"2022-03-10"},{"lineNumber":50,"author":{"gitId":"shunyao643"},"content":"    @Test","lastModifiedDate":"2022-03-10"},{"lineNumber":51,"author":{"gitId":"shunyao643"},"content":"    void prepareAdd_validAddString_success() throws IncompleteCommandException {","lastModifiedDate":"2022-03-10"},{"lineNumber":52,"author":{"gitId":"shunyao643"},"content":"        ArrayList\u003cString\u003e expectedResult \u003d new ArrayList\u003c\u003e(","lastModifiedDate":"2022-03-10"},{"lineNumber":53,"author":{"gitId":"shunyao643"},"content":"                Arrays.asList(\"Speaker B\", \"S1404115ASF\", \"Speaker\", \"1000\", \"Loud Technologies\", \"2022-02-23\")","lastModifiedDate":"2022-03-10"},{"lineNumber":54,"author":{"gitId":"shunyao643"},"content":"        );","lastModifiedDate":"2022-03-10"},{"lineNumber":55,"author":{"gitId":"shunyao643"},"content":"        ArrayList\u003cString\u003e actualResult \u003d parser.prepareAdd(","lastModifiedDate":"2022-03-10"},{"lineNumber":56,"author":{"gitId":"shunyao643"},"content":"                \"n/Speaker B sn/S1404115ASF t/Speaker c/1000 pf/Loud Technologies pd/2022-02-23\");","lastModifiedDate":"2022-03-10"},{"lineNumber":57,"author":{"gitId":"shunyao643"},"content":"        assertEquals(expectedResult, actualResult);","lastModifiedDate":"2022-03-10"},{"lineNumber":58,"author":{"gitId":"shunyao643"},"content":"    }","lastModifiedDate":"2022-03-10"},{"lineNumber":59,"author":{"gitId":"shunyao643"},"content":"","lastModifiedDate":"2022-03-10"},{"lineNumber":60,"author":{"gitId":"shunyao643"},"content":"}","lastModifiedDate":"2022-03-10"}],"authorContributionMap":{"shunyao643":60}}]
