{"authorDailyContributionsMap":{"yuhaochua":[{"date":"2022-03-04","commitResults":[{"hash":"f979a5f3a7ac0cfb85add11fd289bbe81e88098b","messageTitle":"Add AboutUs for yuhao","messageBody":"","fileTypesAndContributionMap":{"docs":{"insertions":7,"deletions":1}}}]},{"date":"2022-03-06","commitResults":[{"hash":"572099e05c8d9169b0325e7be38638d6ae58a126","messageTitle":"Add Command and CommandResult classes","messageBody":"Fixes #22\nFixes #23\n","fileTypesAndContributionMap":{"functional-code":{"insertions":44,"deletions":0}}}]},{"date":"2022-03-07","commitResults":[{"hash":"124ccc8e055f659ffdd36f986f188e608db595f5","messageTitle":"Add AddCommand class to handle adding equipment Update Command and CommandResult","messageBody":"Fixes #18\n","fileTypesAndContributionMap":{"functional-code":{"insertions":55,"deletions":3}}},{"hash":"827ca553701bddcabf6848fe92995d92ede92aee","messageTitle":"Add DeleteCommand class to handle deleting of equipment Update AddCommand","messageBody":"Fixes #20\n","fileTypesAndContributionMap":{"functional-code":{"insertions":43,"deletions":3}}},{"hash":"d6f3aeaed641fdb2f3fcfffc53fc348142a01f6e","messageTitle":"Add CheckCommand to handle checking of an equipment specified by name","messageBody":"Fixes #25\n","fileTypesAndContributionMap":{"functional-code":{"insertions":48,"deletions":0}}},{"hash":"a752cfa65d48ed3ff8350bf88eb6b5c9573812cf","messageTitle":"Add ListCommand to handle listing of equipment","messageBody":"Fixes #26\n","fileTypesAndContributionMap":{"functional-code":{"insertions":64,"deletions":0}}}]},{"date":"2022-03-13","commitResults":[{"hash":"706307debc110d1fe3e49e4288104c80f211f014","messageTitle":"Update return types of some methods and import Equipment class in the Command classes","messageBody":"","fileTypesAndContributionMap":{"functional-code":{"insertions":42,"deletions":28}}},{"hash":"e5064645df2f91aa6290d9c505e1b754157e6ea1","messageTitle":"Add UpdateCommand and Pair Class to handle updating of equipment details","messageBody":"Fixes #21\n","fileTypesAndContributionMap":{"functional-code":{"insertions":125,"deletions":13}}},{"hash":"e44a30ba6f4c13468ac76e392014e31819b492ee","messageTitle":"Update code quality Add exception handling for wrong EquipmentType and wrong input for cost of equipment","messageBody":"","fileTypesAndContributionMap":{"functional-code":{"insertions":25,"deletions":24}}}]},{"date":"2022-03-15","commitResults":[{"hash":"b31e9126c9bded6ed03990883869894e8b70e87d","messageTitle":"Add code in Duke to run program and call for Parser and Commands","messageBody":"","fileTypesAndContributionMap":{"functional-code":{"insertions":29,"deletions":3}}}]},{"date":"2022-03-16","commitResults":[{"hash":"2eba325a8920225cdd6375fdb3f77518dde66a81","messageTitle":"Add JUnit tests for AddCommand","messageBody":"","fileTypesAndContributionMap":{"functional-code":{"insertions":47,"deletions":16},"test-code":{"insertions":87,"deletions":0}}}]},{"date":"2022-03-17","commitResults":[{"hash":"208c9a755dc33cfda11e4d3ec627b3784280be2c","messageTitle":"Fix AddCommandTest","messageBody":"","fileTypesAndContributionMap":{"test-code":{"insertions":1,"deletions":5}}},{"hash":"19dec8eb1c7a733156b59298be4c888343cd6539","messageTitle":"Fix invalid serial number bug for DeleteCommand","messageBody":"","fileTypesAndContributionMap":{"functional-code":{"insertions":9,"deletions":2}}},{"hash":"10829b30b18c26abb86c5822f6a8eca543f0a2b6","messageTitle":"Add JUnit tests for DeleteCommand","messageBody":"","fileTypesAndContributionMap":{"test-code":{"insertions":42,"deletions":0}}},{"hash":"61a6eae5ba9074d5231773a88513565395f16c8b","messageTitle":"Add JUnit tests for CheckCommand","messageBody":"","fileTypesAndContributionMap":{"functional-code":{"insertions":0,"deletions":4},"test-code":{"insertions":49,"deletions":0}}},{"hash":"a6d74f79bb7139dcc69d1fc663236c6b5353fc71","messageTitle":"Add JUnit tests for UpdateCommand","messageBody":"","fileTypesAndContributionMap":{"functional-code":{"insertions":47,"deletions":11},"test-code":{"insertions":73,"deletions":0}}},{"hash":"23ae0d7e217fdd3f1a29dd9729a285009951f8b0","messageTitle":"Add JUnit tests for ListCommand","messageBody":"","fileTypesAndContributionMap":{"test-code":{"insertions":49,"deletions":0}}},{"hash":"98cfb74ce43d242f7594aa6e71e36ac925508843","messageTitle":"Fix JUnit test for ListCommand","messageBody":"","fileTypesAndContributionMap":{"test-code":{"insertions":14,"deletions":2}}},{"hash":"600fa57e6c6250d0edb57047b514f5346d18a48e","messageTitle":"Refactor prepareUpdate from Parser to UpdateCommand, including the JUnit tests","messageBody":"","fileTypesAndContributionMap":{"functional-code":{"insertions":67,"deletions":48},"test-code":{"insertions":39,"deletions":42}}}]},{"date":"2022-03-18","commitResults":[{"hash":"23b0aae1f23e940b3ed5c41262429ae500b32fb5","messageTitle":"Add toString override method for Equipment, and print arraylist in Duke","messageBody":"","fileTypesAndContributionMap":{"functional-code":{"insertions":22,"deletions":5}}},{"hash":"e0bbfbb8b94860420e66abfd714d89f7e2b49979","messageTitle":"Fix List bug","messageBody":"","fileTypesAndContributionMap":{"functional-code":{"insertions":1,"deletions":1}}}]},{"date":"2022-03-21","commitResults":[{"hash":"c3627d0d5c950727b197866f2bee974f83631526","messageTitle":"Add logic to check for successful update in UpdateCommand","messageBody":"Fixes #55\n","fileTypesAndContributionMap":{"functional-code":{"insertions":4,"deletions":1}}},{"hash":"5485dfc53074426aac02ea3c7f8fd76c624a640b","messageTitle":"Update AddCommand to support any order of strings given to add new equipment","messageBody":"Fixes #56\n","fileTypesAndContributionMap":{"functional-code":{"insertions":132,"deletions":103},"test-code":{"insertions":1,"deletions":3}}},{"hash":"bc932777d65c447d1760fcde2cdb90e2bf09c117","messageTitle":"Add JUnit test for new method checkAttributes() in AddCommand","messageBody":"","fileTypesAndContributionMap":{"functional-code":{"insertions":3,"deletions":0},"test-code":{"insertions":25,"deletions":7}}},{"hash":"4e92084993321fc7b9f6c438dd650823fb05aa73","messageTitle":"Add UI class to have UI displaying messages to users.","messageBody":"Fixes #36\n","fileTypesAndContributionMap":{"functional-code":{"insertions":68,"deletions":28}}},{"hash":"b1dde28fc873b1f662638523f4c1e60449bedea6","messageTitle":"Add HelpCommand to show available commands to users.","messageBody":"","fileTypesAndContributionMap":{"functional-code":{"insertions":58,"deletions":26}}},{"hash":"9fe8ab1536f895c9d0f1eb5d8b6083272817cb52","messageTitle":"Update Javadocs for HelpCommand.execute()","messageBody":"Fixes #54\n","fileTypesAndContributionMap":{"functional-code":{"insertions":4,"deletions":0}}},{"hash":"2be326f7e16802d3ab00d77d335a044b53c2f7a6","messageTitle":"Update welcome message to tell users to enter help if they need help.","messageBody":"","fileTypesAndContributionMap":{"functional-code":{"insertions":1,"deletions":1}}}]},{"date":"2022-03-22","commitResults":[{"hash":"b64810b559d3412fd1b09a1e645c32a5e807cf38","messageTitle":"Update creatioin of Parser object to be outside of do while loop","messageBody":"","fileTypesAndContributionMap":{"functional-code":{"insertions":2,"deletions":1}}},{"hash":"57ced3f44969a080d155ede721b71fee4bea8b1e","messageTitle":"Update code based on comments given by @shunyao643 for pull request 57","messageBody":"","fileTypesAndContributionMap":{"functional-code":{"insertions":1,"deletions":1},"test-code":{"insertions":2,"deletions":2}}},{"hash":"7e8fced8483b8947b5539fbd4816e8b0c7a3f583","messageTitle":"Shift tests for prepareModification to ModificationCommandTest from UpdateCommandTest","messageBody":"","fileTypesAndContributionMap":{"functional-code":{"insertions":6,"deletions":2},"test-code":{"insertions":76,"deletions":30}}},{"hash":"1b93be4e7aaf2a710c01ba58f72f872a2ae113a1","messageTitle":"Fix Java CI errors from test files","messageBody":"","fileTypesAndContributionMap":{"functional-code":{"insertions":24,"deletions":8},"test-code":{"insertions":73,"deletions":56}}}]},{"date":"2022-03-24","commitResults":[{"hash":"b3ec295191cb36444a34fb5b617b7f75aef3c2a9","messageTitle":"Fix bug where app ccrashes","messageBody":"Fixes #65\n","fileTypesAndContributionMap":{"functional-code":{"insertions":7,"deletions":1}}},{"hash":"103d600a23a9cb228ca5ae30e96b257bfbf88ff7","messageTitle":"Minor edit to make output shown to user more presentable when using AddCommand","messageBody":"","fileTypesAndContributionMap":{"functional-code":{"insertions":1,"deletions":1}}},{"hash":"40aedfbd86c51655f813d2eb32077f9684674dcc","messageTitle":"Add JavaDocs to methods in UpdateCommand.","messageBody":"","fileTypesAndContributionMap":{"functional-code":{"insertions":16,"deletions":0}}},{"hash":"74fbb68efbaf796c44822d2d7264faab433db538","messageTitle":"Update Developer Guide and add images used.","messageBody":"","fileTypesAndContributionMap":{"docs":{"insertions":33,"deletions":2}}},{"hash":"2f8cdb5e5cf643a14f21fac8fe0149de3e0395e3","messageTitle":"Reorder sequence in design and implementation","messageBody":"","fileTypesAndContributionMap":{"docs":{"insertions":31,"deletions":31}}}]},{"date":"2022-03-25","commitResults":[{"hash":"ab30bb690472ec1a0d9ff825ed7cd3ba8591691d","messageTitle":"Update DeveloperGuide to apply theme","messageBody":"","fileTypesAndContributionMap":{"docs":{"insertions":16,"deletions":8}}}]},{"date":"2022-03-29","commitResults":[{"hash":"9aaa4a562b8efe6dd9f74635ba11de2dd9c65282","messageTitle":"Fix developer guide table of content","messageBody":"","fileTypesAndContributionMap":{"docs":{"insertions":12,"deletions":12}}},{"hash":"4ce2fee389b2a6154f9a37c9ad1206e3490b2caf","messageTitle":"Update user guide, by yuhao","messageBody":"","fileTypesAndContributionMap":{"docs":{"insertions":68,"deletions":16}}},{"hash":"48091c4c11fc422c8a79260e299623d78bd45739","messageTitle":"Update user guide formatting","messageBody":"","fileTypesAndContributionMap":{"docs":{"insertions":6,"deletions":0}}},{"hash":"7daddaa5f573deabc265f5709d165f7f608154d0","messageTitle":"Add SaveCommand","messageBody":"","fileTypesAndContributionMap":{"functional-code":{"insertions":33,"deletions":0}}},{"hash":"598b834c15f3f3f53c0129556e099f4d0986c384","messageTitle":"Fix error message which pops up after user inputs bye.","messageBody":"Fixes #74\n","fileTypesAndContributionMap":{"functional-code":{"insertions":30,"deletions":2}}},{"hash":"aff1a94cd070222c0962bf1b577306377030bd90","messageTitle":"Fix checkstyle error","messageBody":"","fileTypesAndContributionMap":{"functional-code":{"insertions":1,"deletions":1}}},{"hash":"c899522547cc4929840eea227ad9645e6a041dff","messageTitle":"Fix gradle error","messageBody":"","fileTypesAndContributionMap":{"test-code":{"insertions":11,"deletions":37}}}]}],"Bryan-BC":[{"date":"2022-03-04","commitResults":[{"hash":"bd2c0a106a28841304605950fcda294a29a1b8ba","messageTitle":"Edit AboutUs.md and create new personal portfolio.","messageBody":"","fileTypesAndContributionMap":{"docs":{"insertions":13,"deletions":7}}}]},{"date":"2022-03-11","commitResults":[{"hash":"5fe8882aef544439b4f7a76f87911a0a4de2c080","messageTitle":"Add Equipment, EquipmentType, and Equipment Manager","messageBody":"","fileTypesAndContributionMap":{"functional-code":{"insertions":111,"deletions":0}}},{"hash":"212eb065757fa7f081ecc88412daa84ca98323f4","messageTitle":"Update code according to pull request comments.","messageBody":"","fileTypesAndContributionMap":{"functional-code":{"insertions":22,"deletions":7}}}]},{"date":"2022-03-17","commitResults":[{"hash":"60d92fe6786f3f8305519b4ce4201c1a42499b3c","messageTitle":"Add updateEquipment method","messageBody":"","fileTypesAndContributionMap":{"functional-code":{"insertions":32,"deletions":3}}}]},{"date":"2022-03-18","commitResults":[{"hash":"ca235c6e1c6cb84b0557f69596e9011102df316d","messageTitle":"Add tests for updateEquipment","messageBody":"","fileTypesAndContributionMap":{"functional-code":{"insertions":5,"deletions":1},"test-code":{"insertions":52,"deletions":0}}}]},{"date":"2022-03-20","commitResults":[{"hash":"202b7017ab71752802fe60ba4265f105e3390373","messageTitle":"Add Storage class","messageBody":"","fileTypesAndContributionMap":{"functional-code":{"insertions":62,"deletions":3},"other":{"insertions":1,"deletions":0}}},{"hash":"78bd51280a746124686703e7aeae01bead23a159","messageTitle":"Add exception","messageBody":"","fileTypesAndContributionMap":{"functional-code":{"insertions":2,"deletions":2}}}]},{"date":"2022-03-21","commitResults":[{"hash":"0a1b8371231a0436c94b2cfa439503745ca9f049","messageTitle":"Rename DuplicateSerialNumber to DuplicateSerialNumberException","messageBody":"","fileTypesAndContributionMap":{"functional-code":{"insertions":43,"deletions":41},"test-code":{"insertions":12,"deletions":12}}}]},{"date":"2022-03-24","commitResults":[{"hash":"1d8c444502e6a19969692181f602e7904f379dfa","messageTitle":"Add JavaDocs","messageBody":"","fileTypesAndContributionMap":{"functional-code":{"insertions":67,"deletions":0}}},{"hash":"068000d4cbca41bab096b37f3b7bcf967c85d704","messageTitle":"Update DeveloperGuide","messageBody":"","fileTypesAndContributionMap":{"docs":{"insertions":14,"deletions":0}}},{"hash":"33e156158ee568989da811e5d6ba73d37b66c233","messageTitle":"Fix gradle","messageBody":"","fileTypesAndContributionMap":{"functional-code":{"insertions":2,"deletions":1}}}]},{"date":"2022-04-01","commitResults":[{"hash":"a25a9bdfdb92d475622ece3f917eccf1efec74d2","messageTitle":"Add bye, help, and save commands to UserGuide","messageBody":"","fileTypesAndContributionMap":{"docs":{"insertions":74,"deletions":3}}}]}],"yanivbenchetrit":[],"shunyao643":[{"date":"2022-03-04","commitResults":[{"hash":"5cfaf312835961fc2d5b32b8ec27c0fba930e108","messageTitle":"Add AboutUs for Shun Yao","messageBody":"","fileTypesAndContributionMap":{"docs":{"insertions":12,"deletions":7}}}]},{"date":"2022-03-10","commitResults":[{"hash":"fc13b74524bc41bba3bd957e342cfb6fa481cee6","messageTitle":"Add basic command parser","messageBody":"","fileTypesAndContributionMap":{"functional-code":{"insertions":2,"deletions":0},"test-code":{"insertions":4,"deletions":0}}},{"hash":"ed79dc8155bd666c0d30443aae31bc669bd462a1","messageTitle":"Revise basic structure for Parser","messageBody":"","fileTypesAndContributionMap":{"functional-code":{"insertions":32,"deletions":1},"test-code":{"insertions":29,"deletions":1}}},{"hash":"4549139d9a699d90917dc5b96a588cbbaf6edf1d","messageTitle":"Reformat code to comply with coding standards","messageBody":"","fileTypesAndContributionMap":{"functional-code":{"insertions":2,"deletions":2},"test-code":{"insertions":1,"deletions":1}}},{"hash":"c74ddbd2d736f5347bde1d0dc9e421c38891f552","messageTitle":"Re-reformat code in ParserTest.java","messageBody":"","fileTypesAndContributionMap":{"test-code":{"insertions":3,"deletions":2}}},{"hash":"7479fd330184f5e79812e4d6f9f8a72112e9468b","messageTitle":"Add javadoc for Parser\u0027s parseCommand","messageBody":"","fileTypesAndContributionMap":{"functional-code":{"insertions":10,"deletions":4},"test-code":{"insertions":7,"deletions":1}}},{"hash":"efff9cb713a2d64d7067226c61c5935a4d826d17","messageTitle":"Define pattern for Add Command","messageBody":"","fileTypesAndContributionMap":{"functional-code":{"insertions":60,"deletions":3},"test-code":{"insertions":19,"deletions":10}}},{"hash":"4908ed8152069b161f9cfdfe97e288081547ed6e","messageTitle":"Draft Parser and ParserTest for Add command","messageBody":"","fileTypesAndContributionMap":{"functional-code":{"insertions":10,"deletions":3},"test-code":{"insertions":13,"deletions":3}}}]},{"date":"2022-03-11","commitResults":[{"hash":"c3d58f511dd55d16b3ed95588891c4e451158b7a","messageTitle":"Add implementation for Check, Delete Command with IncorrectCommand class support","messageBody":"","fileTypesAndContributionMap":{"functional-code":{"insertions":116,"deletions":28}}}]},{"date":"2022-03-12","commitResults":[{"hash":"5221de2a347cf9fb5f42d8c1fabff09f401340da","messageTitle":"Move and rename files based on 11/03/22 discussion","messageBody":"","fileTypesAndContributionMap":{"functional-code":{"insertions":4,"deletions":4},"other":{"insertions":5,"deletions":6}}},{"hash":"9db6b5a88c85336f163fb2ecb89e70909a470b2c","messageTitle":"Rectify Equipment folder rename","messageBody":"","fileTypesAndContributionMap":{"other":{"insertions":0,"deletions":0}}},{"hash":"55131dce29ee5d2490ddb22c8e8dbb40466309dc","messageTitle":"Implement Parser functions to support Updates","messageBody":"","fileTypesAndContributionMap":{"functional-code":{"insertions":74,"deletions":8},"other":{"insertions":1,"deletions":1}}}]},{"date":"2022-03-16","commitResults":[{"hash":"e9fea229cc25668da4d67d00d6e7ddabf74c9186","messageTitle":"Fix Parser bugs, including prepareAdd method","messageBody":"Modified call to matcher.group so that individual capturing groups\ncan be added to the returned ArrayList separately\n\nSpecified argument length requirement for prepareAdd method\nin case of excess arguments (to be completed)\n","fileTypesAndContributionMap":{"functional-code":{"insertions":27,"deletions":28},"test-code":{"insertions":32,"deletions":1}}},{"hash":"774483fe605e84a4ea397a191c6c57f4cef2bb73","messageTitle":"Extract prepareUpdate method","messageBody":"Not very sure about this change,\nseems to violate SLAP principles?\n","fileTypesAndContributionMap":{"functional-code":{"insertions":30,"deletions":26}}},{"hash":"0c6330aa68ce56293f128ec26ffb738a61f32fa3","messageTitle":"Add documentation for prepareUpdate and modify UpdateCommand","messageBody":"UpdateCommand will be initialised with no serialNumber - prepareUpdate\nwill check for lack of serialNumber and throw an\nappropriate exception to result in an\nIncorrectCommandClass being returned\n","fileTypesAndContributionMap":{"functional-code":{"insertions":30,"deletions":6}}}]},{"date":"2022-03-17","commitResults":[{"hash":"a73f838b457a1d00672d73f363e89c49cabba43e","messageTitle":"Add IncorrectCommand equals method for JUnit Test","messageBody":"Suggest to include equals definition in abstract class\n","fileTypesAndContributionMap":{"functional-code":{"insertions":4,"deletions":0}}},{"hash":"8e3c98b17e22ba9c144bce58facefe3d0d9e01d8","messageTitle":"Fix bugs related to Add, Delete, Update and Check commands","messageBody":"Implement ParserTest JUnit Testcases\n","fileTypesAndContributionMap":{"functional-code":{"insertions":96,"deletions":86},"test-code":{"insertions":168,"deletions":8}}},{"hash":"6c4cb12b0a351bdd247c9f6de15d59b450006b5b","messageTitle":"Add case for ListCommand in Parser\u0027s parseCommand","messageBody":"","fileTypesAndContributionMap":{"functional-code":{"insertions":16,"deletions":2}}},{"hash":"44443034783ea3e9355f71159c25e9303479e248","messageTitle":"Implement full equals method for IncorrectCommand for JUnit test","messageBody":"","fileTypesAndContributionMap":{"functional-code":{"insertions":22,"deletions":2},"test-code":{"insertions":2,"deletions":2}}},{"hash":"8cf7fa714fdcb5e3314cfebde1a5abb34e26197a","messageTitle":"Standardise \"s/\" as tag for equipment serialNumber","messageBody":"","fileTypesAndContributionMap":{"functional-code":{"insertions":5,"deletions":5},"test-code":{"insertions":25,"deletions":25}}},{"hash":"b3317efef6f5cdcea44bd8b374becbc7a92e4df5","messageTitle":"Fix remainder of \"s/\" changes","messageBody":"","fileTypesAndContributionMap":{"functional-code":{"insertions":5,"deletions":4}}},{"hash":"dfbfbdef4cd629153205074b344ad011ab51a1fd","messageTitle":"Reformat code to follow code style","messageBody":"","fileTypesAndContributionMap":{"functional-code":{"insertions":27,"deletions":14},"test-code":{"insertions":3,"deletions":3}}},{"hash":"fae2e3d4f5602b0c969cdf9cb75372128de34a0f","messageTitle":"Edit UpdateCommandTest for refactored code","messageBody":"","fileTypesAndContributionMap":{"test-code":{"insertions":1,"deletions":2}}},{"hash":"e422a07e9382f3f74db98b0dfd7594862532748b","messageTitle":"Further align code to quality standards","messageBody":"","fileTypesAndContributionMap":{"functional-code":{"insertions":148,"deletions":81}}}]},{"date":"2022-03-18","commitResults":[{"hash":"7ee90e5a31439f8de398d84ed6304b7cca632e5f","messageTitle":"Add enableAssertions to build.gradle","messageBody":"","fileTypesAndContributionMap":{"other":{"insertions":1,"deletions":0}}}]},{"date":"2022-03-22","commitResults":[{"hash":"01975b88ecd6d90033d8e5217223db68705d7ec0","messageTitle":"Update all classes for Java CI checks","messageBody":"","fileTypesAndContributionMap":{"functional-code":{"insertions":56,"deletions":45},"test-code":{"insertions":2,"deletions":2}}},{"hash":"1bbef72fbd3bc9848b047cd6bb69b9d5ac3ffe7b","messageTitle":"Fix remaining pending Java CI errors","messageBody":"","fileTypesAndContributionMap":{"functional-code":{"insertions":3,"deletions":8}}},{"hash":"061cdd91aaa7418007958257816df4aea3e0c00c","messageTitle":"Add support for parsing command word regardless of case","messageBody":"Additionally, improved documentation for splitCommandTerm\n","fileTypesAndContributionMap":{"functional-code":{"insertions":11,"deletions":6}}},{"hash":"43fd0ef9ef769d01aa199809a49afcc586d1a869","messageTitle":"Switch prepareAdd to extractArguments for Parser","messageBody":"@yuhaochua, please check if this is the expected behaviour from your end!\n","fileTypesAndContributionMap":{"functional-code":{"insertions":1,"deletions":1}}},{"hash":"8c8d59f4df22b4afe4f9e62cd8bfe235ff94a1ef","messageTitle":"Add helper method to set argument tags to lowercase","messageBody":"Work in progress\n","fileTypesAndContributionMap":{"functional-code":{"insertions":4,"deletions":0}}},{"hash":"c575044ca37962504dc36b2801429a7bea1f0352","messageTitle":"Reformat Regex for improved readability","messageBody":"","fileTypesAndContributionMap":{"functional-code":{"insertions":9,"deletions":2}}},{"hash":"cc12f641554a570468c2fda956424d43af31d293","messageTitle":"Include regex101.com debug link for easy maintainence","messageBody":"","fileTypesAndContributionMap":{"functional-code":{"insertions":1,"deletions":1}}},{"hash":"106e543cce20f817eef4382f80e7d66f402fb722","messageTitle":"Replace magic constants in Parser\u0027s prepareView and prepareDelete with named elements","messageBody":"","fileTypesAndContributionMap":{"functional-code":{"insertions":2,"deletions":2}}},{"hash":"be99f2a1b1deef5a428e2aec4d6c7c8070d62a02","messageTitle":"Deprecate prepareAdd entirely","messageBody":"Rationale: extractArguments can handle all instances of prepareAdd\n","fileTypesAndContributionMap":{"functional-code":{"insertions":37,"deletions":21},"test-code":{"insertions":39,"deletions":5}}},{"hash":"c7fce04061646ab2bfe53f2ea4fb8bb3559c2769","messageTitle":"Return type enumeration in all caps","messageBody":"resolves #62\n","fileTypesAndContributionMap":{"functional-code":{"insertions":13,"deletions":2},"test-code":{"insertions":15,"deletions":6}}},{"hash":"81f1b319340185c4459afbe740f7681d5c6e90c9","messageTitle":"Attempt to change String in value of Pair to generic wildcard class","messageBody":"","fileTypesAndContributionMap":{"functional-code":{"insertions":11,"deletions":10},"test-code":{"insertions":4,"deletions":4}}}]},{"date":"2022-03-23","commitResults":[{"hash":"a6f9cfb691290f1f09f43ddb974590bdc12e3643","messageTitle":"Add documentation for architecture, parser and acknowledgements","messageBody":"","fileTypesAndContributionMap":{"docs":{"insertions":63,"deletions":3}}}]},{"date":"2022-03-24","commitResults":[{"hash":"49b427c554b382575c012119da33d0779d883949","messageTitle":"Add support for lowercase argument for list command","messageBody":"Test case written as well with ListCommand equals implementation\n","fileTypesAndContributionMap":{"functional-code":{"insertions":26,"deletions":1},"test-code":{"insertions":13,"deletions":0}}}]},{"date":"2022-03-25","commitResults":[{"hash":"4b007a335e251cfbf723cd71c49c3ba300a0663c","messageTitle":"Update Pair class to support parsing of Double cost and EquipmentType","messageBody":"","fileTypesAndContributionMap":{"functional-code":{"insertions":48,"deletions":25},"test-code":{"insertions":1,"deletions":2}}},{"hash":"d9a226003aee583c7f4a0e1991bfc878194c9bb8","messageTitle":"Add Parser support for new Save command","messageBody":"closes #70\n","fileTypesAndContributionMap":{"functional-code":{"insertions":14,"deletions":5}}},{"hash":"15083e6a89e26805be56937f40b85c48f5efb84b","messageTitle":"Fix Gradle CI/CD check for line exceeding 120 characters","messageBody":"","fileTypesAndContributionMap":{"functional-code":{"insertions":2,"deletions":1}}}]},{"date":"2022-03-31","commitResults":[{"hash":"4cc3cc978dc70727874775e2921b0763cbf95269","messageTitle":"Minor text edit for better user readability","messageBody":"","fileTypesAndContributionMap":{"functional-code":{"insertions":7,"deletions":5}}},{"hash":"74fb528eeec928ae1d39423f913db22f4923a29c","messageTitle":"Rename prepareView to prepareCheck in line with rest of the application\u0027s methods.","messageBody":"","tags":["v2.0"],"fileTypesAndContributionMap":{"functional-code":{"insertions":2,"deletions":2},"test-code":{"insertions":2,"deletions":2}}},{"hash":"f83b45502d616940ba7dd5ef4a3f0c69a456cae8","messageTitle":"Test Markdown block","messageBody":"","fileTypesAndContributionMap":{"docs":{"insertions":27,"deletions":2}}},{"hash":"193e0cd23b8bf07e565fb8f36b009b720c9b5829","messageTitle":"Update UserGuide for list, update and delete commands","messageBody":"","fileTypesAndContributionMap":{"docs":{"insertions":67,"deletions":27}}},{"hash":"725c9011d87b89e80cb259b526b256925995917e","messageTitle":"Implement JUnit tests for delete function of app","messageBody":"","fileTypesAndContributionMap":{"functional-code":{"insertions":12,"deletions":0},"test-code":{"insertions":17,"deletions":3}}},{"hash":"e7f8d80c6b7a3665676cfa11197b22d84d57e042","messageTitle":"Improve regex detection by stripping whitespace for one argument commands","messageBody":"","fileTypesAndContributionMap":{"functional-code":{"insertions":4,"deletions":4},"test-code":{"insertions":7,"deletions":0}}}]}]},"authorFileTypeContributionMap":{"yuhaochua":{"docs":108,"functional-code":679,"test-code":396},"Bryan-BC":{"docs":89,"functional-code":257,"test-code":42,"other":1},"yanivbenchetrit":{"docs":0,"functional-code":0,"test-code":0},"shunyao643":{"docs":145,"functional-code":597,"test-code":298,"other":1}},"authorContributionVariance":{"yuhaochua":14605.535,"Bryan-BC":1069.481,"yanivbenchetrit":0.0,"shunyao643":17082.787},"authorDisplayNameMap":{"yuhaochua":"CS2113-F12-2 CHUA.. HAO","Bryan-BC":"CS2113-F12-2 BRYA..PHER","yanivbenchetrit":"CS2113-F12-2 BENC..ANIV","shunyao643":"CS2113-F12-2 BAI .. YAO"}}
