{"authorDailyContributionsMap":{"FTang21":[{"date":"2022-03-04","commitResults":[{"hash":"5791ed9126aa364126ffb864b2606e51c522aa53","messageTitle":"Update AboutUs for Franke Tang","messageBody":"","fileTypesAndContributionMap":{"docs":{"insertions":9,"deletions":7}}}]}],"YaxinJoy":[{"date":"2022-03-04","commitResults":[{"hash":"499a40648cab25275e478f145d8fb7979b8e1511","messageTitle":"Change line 4 in AboutUs.md and create my md file under docs/team/","messageBody":"","fileTypesAndContributionMap":{"docs":{"insertions":0,"deletions":0}}},{"hash":"e445dcd7b9747d14f192cb802b02311a157a6f38","messageTitle":"Change line 4 in the AboutUs.md and create personal md file under docs/team/","messageBody":"","fileTypesAndContributionMap":{"docs":{"insertions":7,"deletions":7}}}]}],"johnmcmonigle":[{"date":"2022-03-04","commitResults":[{"hash":"ddf68447dfc54272d834bb1de17561ea2a0d7dce","messageTitle":"Added John McMonigle\u0027s About Us Page","messageBody":"","fileTypesAndContributionMap":{"docs":{"insertions":8,"deletions":8}}}]},{"date":"2022-03-09","commitResults":[{"hash":"cc6ba5eb35bf4d9cfa544f550ce61b50df0a8f40","messageTitle":"Add Project.java in package \u0027packages\u0027","messageBody":"","fileTypesAndContributionMap":{"functional-code":{"insertions":5,"deletions":0}}},{"hash":"3a16fb3984cf2c3e09273567ecc20ac5a01e8bec","messageTitle":"Add constructor for Project class","messageBody":"","fileTypesAndContributionMap":{"functional-code":{"insertions":18,"deletions":1}}},{"hash":"d84a73a513fdb22e4102aac4219177463a4dcfbc","messageTitle":"Add new ProjectList.java with constructor","messageBody":"","fileTypesAndContributionMap":{"functional-code":{"insertions":16,"deletions":0}}},{"hash":"5b1fc4fc6f7b3bcbc73af5f982fd4dded8f4cdec","messageTitle":"Make projectList private","messageBody":"","fileTypesAndContributionMap":{"functional-code":{"insertions":3,"deletions":1}}},{"hash":"341d33e7e5e36e14337b74f707ad0a7e8799cc73","messageTitle":"Add addProject and deleteProject methods","messageBody":"","fileTypesAndContributionMap":{"functional-code":{"insertions":17,"deletions":1}}},{"hash":"029cb6f605999b572d466f5c5fe8a64165e647f6","messageTitle":"Add commandHandler class","messageBody":"","fileTypesAndContributionMap":{"functional-code":{"insertions":2,"deletions":0}}},{"hash":"c8720d99ce4e746ad2a0ffc0d013b9f12227b320","messageTitle":"Give commandHandler ability to add and delete projects","messageBody":"","fileTypesAndContributionMap":{"functional-code":{"insertions":37,"deletions":1}}},{"hash":"6a45f8b9505fed0d3c6981ba327e1952f646e69b","messageTitle":"Fix curcly brace issue","messageBody":"","fileTypesAndContributionMap":{"functional-code":{"insertions":17,"deletions":16}}},{"hash":"46a9f12b3b4354b8e432d934e4f9a7abda019aa6","messageTitle":"Add CommandHandler constructor","messageBody":"","fileTypesAndContributionMap":{"functional-code":{"insertions":9,"deletions":0}}},{"hash":"beb998e37147e85c5d96ec4b68eee8495af9e31d","messageTitle":"Remove loop from handleUserInput","messageBody":"","fileTypesAndContributionMap":{"functional-code":{"insertions":21,"deletions":18}}},{"hash":"3608423455aceddab6e3c337adfb0473605b4ad3","messageTitle":"Allow user to enter add and remove commands","messageBody":"","fileTypesAndContributionMap":{"functional-code":{"insertions":8,"deletions":5}}},{"hash":"558adf1ee8d723ac6c3db8864b8406b78ac3372c","messageTitle":"Remove logo","messageBody":"","fileTypesAndContributionMap":{"functional-code":{"insertions":2,"deletions":6}}},{"hash":"9e055c252b65bb9e86a7e8f55940b16a987c9216","messageTitle":"Add some JavaDoc commands and \u0027private\u0027 accessibility","messageBody":"","fileTypesAndContributionMap":{"functional-code":{"insertions":5,"deletions":4}}},{"hash":"db6d81e204e781bc49aa5ddc5cca75e4912cafcc","messageTitle":"Refactor \u0027Duke\u0027 to be called \u0027CSProjPlanner\u0027","messageBody":"","fileTypesAndContributionMap":{"other":{"insertions":2,"deletions":6}}},{"hash":"0be66dcf156c12692413d962a9b7f7e59b36b40c","messageTitle":"Fix checkstyle errors","messageBody":"","fileTypesAndContributionMap":{"functional-code":{"insertions":4,"deletions":6},"other":{"insertions":9,"deletions":9}}}]}],"hearobe":[{"date":"2022-03-04","commitResults":[{"hash":"4d2cfe47164dd6031b964a32c9447a28dce124db","messageTitle":"Update AboutUs","messageBody":"","fileTypesAndContributionMap":{"docs":{"insertions":13,"deletions":7}}}]}],"Nineves":[{"date":"2022-03-04","commitResults":[{"hash":"136924a9f2aedfd8aba2bd61a9d042711d06efa8","messageTitle":"Add wangyiying.md","messageBody":"","fileTypesAndContributionMap":{"docs":{"insertions":9,"deletions":1}}}]}]},"authorFileTypeContributionMap":{"FTang21":{"docs":9,"functional-code":0,"test-code":0},"YaxinJoy":{"docs":1,"functional-code":0,"test-code":0},"johnmcmonigle":{"docs":3,"functional-code":114,"test-code":0},"hearobe":{"docs":1,"functional-code":0,"test-code":0},"Nineves":{"docs":11,"functional-code":0,"test-code":0}},"authorContributionVariance":{"FTang21":12.16,"YaxinJoy":9.310001,"johnmcmonigle":2937.2876,"hearobe":19.0,"Nineves":4.75},"authorDisplayNameMap":{"FTang21":"CS2113-F10-1 TANG..ANKE","YaxinJoy":"CS2113-F10-1 WAN ..AXIN","johnmcmonigle":"CS2113-F10-1 MCMO..GLAS","hearobe":"CS2113-F10-1 TAN ..LING","Nineves":"CS2113-F10-1 WANG..YING"}}
