{"authorDailyContributionsMap":{"FTang21":[{"date":"2022-03-04","commitResults":[{"hash":"5791ed9126aa364126ffb864b2606e51c522aa53","messageTitle":"Update AboutUs for Franke Tang","messageBody":"","fileTypesAndContributionMap":{"docs":{"insertions":9,"deletions":7}}}]},{"date":"2022-03-13","commitResults":[{"hash":"0971b9d446a2b6034aa422012d610656ff479818","messageTitle":"Add addDeadline function","messageBody":"Basic implementation\nAdd recognition of dates later\n","fileTypesAndContributionMap":{"functional-code":{"insertions":54,"deletions":0}}},{"hash":"570f9af3c4b50e50560f8c954c08cf7b67de3d47","messageTitle":"Add JUnit test for setDeadline() and getDeadline()","messageBody":"","fileTypesAndContributionMap":{"test-code":{"insertions":14,"deletions":0}}},{"hash":"112f3333e552e973c4d486a8896e70cbba8f6b61","messageTitle":"Update UI test to include deadline function","messageBody":"","fileTypesAndContributionMap":{"functional-code":{"insertions":1,"deletions":0},"other":{"insertions":1,"deletions":1}}},{"hash":"3cb66f61cc31d584585a954769b3ad82b29c049a","messageTitle":"Add constant for SEPARATOR","messageBody":"Also update UI test and JUnit test\n","fileTypesAndContributionMap":{"functional-code":{"insertions":30,"deletions":21},"test-code":{"insertions":14,"deletions":0}}},{"hash":"90881a267f122e5b1c93a9c9b3789e33cf31ba8f","messageTitle":"Fix format issue for Javadoc","messageBody":"","fileTypesAndContributionMap":{"functional-code":{"insertions":4,"deletions":4}}}]},{"date":"2022-03-15","commitResults":[{"hash":"b62583692f49808e23c438dc1bddf411955399fe","messageTitle":"Refactor code to be more OOP","messageBody":"Add Response Class to handle most of the displays and prints\n","fileTypesAndContributionMap":{"functional-code":{"insertions":59,"deletions":33}}},{"hash":"d33c433a17cc84cbd598bd012e46fb2bd8596281","messageTitle":"Add help command to CsProjPlanner","messageBody":"","fileTypesAndContributionMap":{"functional-code":{"insertions":21,"deletions":2}}},{"hash":"dd788ee56053580424409c835e0d1d1e006ae20a","messageTitle":"Fix Javadoc formatting error","messageBody":"","fileTypesAndContributionMap":{"functional-code":{"insertions":1,"deletions":1}}},{"hash":"116859b4a1cfcaf90de110e9cdf34416074f61bb","messageTitle":"Update UserGuide to include addDeadline and help commands","messageBody":"","fileTypesAndContributionMap":{"docs":{"insertions":19,"deletions":3}}},{"hash":"a4d3ee6b4d91e66a7f8736467a7c46f901c46ef1","messageTitle":"Add new constants in Constants class to remove magic numbers","messageBody":"","fileTypesAndContributionMap":{"functional-code":{"insertions":14,"deletions":7}}}]},{"date":"2022-03-16","commitResults":[{"hash":"da25ee8e950071d7c646eb0ab504285204ed5c6c","messageTitle":"Add assertions to ProjectList","messageBody":"","fileTypesAndContributionMap":{"functional-code":{"insertions":12,"deletions":9}}},{"hash":"5dda9009d48d3a6a2169389414754f3451d77dee","messageTitle":"Update Javadocs to be consistent with each other","messageBody":"","fileTypesAndContributionMap":{"functional-code":{"insertions":6,"deletions":9}}},{"hash":"da0626eb302d25902151f4e196143b424087976a","messageTitle":"Update method names and command names to be consistent","messageBody":"","fileTypesAndContributionMap":{"functional-code":{"insertions":9,"deletions":13},"docs":{"insertions":1,"deletions":1}}},{"hash":"bdc3e1fc872739108cbfe0ae55ef238e20e90457","messageTitle":"Update UG to contain view command","messageBody":"","fileTypesAndContributionMap":{"functional-code":{"insertions":0,"deletions":1},"docs":{"insertions":22,"deletions":2}}}]},{"date":"2022-03-25","commitResults":[{"hash":"8a6f2d2d256ab757ec4ee8402feccf9c1b13cafa","messageTitle":"Update DG to include AddDeadline implementation","messageBody":"","fileTypesAndContributionMap":{"docs":{"insertions":19,"deletions":1}}},{"hash":"52cbdb2d51390f9152eb53cc58e0260a2aa3f480","messageTitle":"Update AddDeadline.png to AddDeadline.jpg","messageBody":"","fileTypesAndContributionMap":{"docs":{"insertions":1,"deletions":1}}}]},{"date":"2022-03-30","commitResults":[{"hash":"933ea34cbe6d46a7b587a39910914e78df972ecd","messageTitle":"Create Deadline class","messageBody":"Deadline currently understands two formats\n- yyyy/mm/dd\n- a given day of the week\n","fileTypesAndContributionMap":{"functional-code":{"insertions":45,"deletions":2}}},{"hash":"bb4721267361d991f45cc1452e8099173b9ecae3","messageTitle":"Update CommandHandler to contain AddDeadlineCommand","messageBody":"","fileTypesAndContributionMap":{"functional-code":{"insertions":89,"deletions":77},"test-code":{"insertions":2,"deletions":2}}},{"hash":"22b5de24087a029f89fafd588e43b6aa7f50ff3a","messageTitle":"Update Minor details on AddDeadline command","messageBody":"","fileTypesAndContributionMap":{"functional-code":{"insertions":5,"deletions":2}}},{"hash":"a27ffd41140c2d25d102e39e2d9a0e5321e2d61a","messageTitle":"Update dayAparts to be 7 days for if the days are equal","messageBody":"","fileTypesAndContributionMap":{"functional-code":{"insertions":1,"deletions":1}}},{"hash":"8d3623093abfa6db8758aac09b3c074eb8021f21","messageTitle":"Fix formatting errors","messageBody":"","fileTypesAndContributionMap":{"functional-code":{"insertions":13,"deletions":11}}},{"hash":"dcc536093db6db4c9d2e83ce0af611f0b94402a0","messageTitle":"Update junit test","messageBody":"","fileTypesAndContributionMap":{"test-code":{"insertions":3,"deletions":3}}},{"hash":"88dbcfaba9cbdd7fc13397fcf277c8c67e30854f","messageTitle":"Update junit test for proper dates","messageBody":"","fileTypesAndContributionMap":{"test-code":{"insertions":1,"deletions":1}}},{"hash":"8467eda8b6f9d600efb63b36598e04a12deb1b14","messageTitle":"Update UserGuide.md and error response to include format","messageBody":"","fileTypesAndContributionMap":{"functional-code":{"insertions":1,"deletions":1},"docs":{"insertions":2,"deletions":0}}}]},{"date":"2022-03-31","commitResults":[{"hash":"3a37397a64ab4c69051cb367a6964a72715fb554","messageTitle":"Update addDeadline to addProjectDeadline","messageBody":"Change for upcoming addTodoDeadline\n","fileTypesAndContributionMap":{"functional-code":{"insertions":26,"deletions":38},"other":{"insertions":7,"deletions":7},"docs":{"insertions":5,"deletions":5},"test-code":{"insertions":6,"deletions":8}}},{"hash":"9ae03ec39e4e95afb7ccbf8a0804ab8c83e7d445","messageTitle":"Add new command addTodoDeadline","messageBody":"","fileTypesAndContributionMap":{"functional-code":{"insertions":153,"deletions":30},"docs":{"insertions":17,"deletions":3}}},{"hash":"96c24c6e98216dc33a058f4c4512a2ffcb8b1fa8","messageTitle":"Edit minor updates","messageBody":"","fileTypesAndContributionMap":{"functional-code":{"insertions":4,"deletions":4},"docs":{"insertions":1,"deletions":1}}},{"hash":"9ba97ab6f3d33f42ed779d4237fe84bcda24978f","messageTitle":"Update JUnit tests","messageBody":"","fileTypesAndContributionMap":{"functional-code":{"insertions":3,"deletions":1},"test-code":{"insertions":3,"deletions":2}}},{"hash":"2857ef8fe48ba3bbbc29ea597d401e8dd0ebaef9","messageTitle":"Update Format on test","messageBody":"","fileTypesAndContributionMap":{"test-code":{"insertions":2,"deletions":2}}},{"hash":"83ce4c68285ea14f7313a581e3b4f78c080869a2","messageTitle":"Update testDeadline()","messageBody":"","fileTypesAndContributionMap":{"test-code":{"insertions":1,"deletions":1}}},{"hash":"6721ffb7dcb3f281587d621bef96ce64c84b455e","messageTitle":"Update formatting on testDeadline()","messageBody":"","fileTypesAndContributionMap":{"test-code":{"insertions":2,"deletions":1}}},{"hash":"1d9a892ec8ff224ae35a0bffd8094b8162d6ed77","messageTitle":"Update DeveloperGuide for Deadline commands","messageBody":"","fileTypesAndContributionMap":{"functional-code":{"insertions":0,"deletions":1},"docs":{"insertions":37,"deletions":7}}},{"hash":"401219a8230fb20a05c4761d406f1ed800ecbf74","messageTitle":"Update UserGuide","messageBody":"","fileTypesAndContributionMap":{"docs":{"insertions":6,"deletions":1}}}]},{"date":"2022-04-08","commitResults":[{"hash":"c5cb3370b47b4ba4b1f763255a33c9e6be5f6087","messageTitle":"Update commands and UI classes","messageBody":"Changed remove `add` from deadline commands\nChange certain commands from project_name to project_index\nUpdate to UI and handling of IndexOutOfBoundsExceptions\n","fileTypesAndContributionMap":{"functional-code":{"insertions":169,"deletions":173},"other":{"insertions":9,"deletions":7},"docs":{"insertions":20,"deletions":14},"test-code":{"insertions":3,"deletions":3}}},{"hash":"da9c080cd0d055175c309fc549cda0906de7539d","messageTitle":"Update UI tests","messageBody":"","fileTypesAndContributionMap":{"functional-code":{"insertions":1,"deletions":1}}},{"hash":"3448706e91a5408c84c638540a54f7940a36217b","messageTitle":"Update JUnit test and remove redundant code","messageBody":"","fileTypesAndContributionMap":{"functional-code":{"insertions":3,"deletions":47},"test-code":{"insertions":9,"deletions":9}}},{"hash":"49048dd2ce02c5aa1b512c81d28bf2ed101929fb","messageTitle":"Fix checkstyle error","messageBody":"","fileTypesAndContributionMap":{"functional-code":{"insertions":1,"deletions":2}}},{"hash":"8be4d17a1aadd8b7cfa94f38b81a2dbd92d15e13","messageTitle":"Update UserGuide to keep format consistent","messageBody":"Closes #127\n","fileTypesAndContributionMap":{"docs":{"insertions":47,"deletions":18}}},{"hash":"007844b6d04105805c95ffd55ab09be923aba403","messageTitle":"Update deadline UI to \u0027set\u0027 instead of \u0027add\u0027","messageBody":"Also forces help to be a single argument\nCloses #92\n","fileTypesAndContributionMap":{"functional-code":{"insertions":11,"deletions":3},"docs":{"insertions":4,"deletions":4}}},{"hash":"27c686ff232b249e8f5fe06b62f689e6b78acd5c","messageTitle":"Fix checkstyle error","messageBody":"","fileTypesAndContributionMap":{"functional-code":{"insertions":1,"deletions":1}}}]},{"date":"2022-04-10","commitResults":[{"hash":"bac29f51ab675689038f66997b5583e1f9c13212","messageTitle":"Updated DG and PPP","messageBody":"","fileTypesAndContributionMap":{"docs":{"insertions":67,"deletions":32}}}]},{"date":"2022-04-11","commitResults":[{"hash":"a93ea478a438fc80a7f3e9f74fa627116602c1df","messageTitle":"Add new JUnit tests to increase code coverage","messageBody":"","fileTypesAndContributionMap":{"functional-code":{"insertions":37,"deletions":20},"docs":{"insertions":0,"deletions":3},"test-code":{"insertions":114,"deletions":10}}},{"hash":"2b2e9f7853b52df331297ec76e2d801ddf03c05e","messageTitle":"Fix checkstyle errors","messageBody":"","fileTypesAndContributionMap":{"test-code":{"insertions":11,"deletions":7}}},{"hash":"c3a1f5df8caa9361facbee3f5cf7d1299e2c261f","messageTitle":"Fix checkstyle errors","messageBody":"","fileTypesAndContributionMap":{"test-code":{"insertions":4,"deletions":4}}},{"hash":"0ab88a5636605c356c03c1fa6ed33de1e14662c1","messageTitle":"Add debug test","messageBody":"","fileTypesAndContributionMap":{"test-code":{"insertions":6,"deletions":0}}},{"hash":"3acb3ad184390982f80e14a241d49ba74f8f2b23","messageTitle":"Update CsProjPlannerTest","messageBody":"","fileTypesAndContributionMap":{"test-code":{"insertions":4,"deletions":4}}},{"hash":"d260170c63351717ad3eba52c90380f1a60c835a","messageTitle":"Remove failing test and Add testInput for coverage","messageBody":"","fileTypesAndContributionMap":{"test-code":{"insertions":5,"deletions":65}}}]}],"YaxinJoy":[{"date":"2022-03-04","commitResults":[{"hash":"499a40648cab25275e478f145d8fb7979b8e1511","messageTitle":"Change line 4 in AboutUs.md and create my md file under docs/team/","messageBody":"","fileTypesAndContributionMap":{"docs":{"insertions":0,"deletions":0}}},{"hash":"e445dcd7b9747d14f192cb802b02311a157a6f38","messageTitle":"Change line 4 in the AboutUs.md and create personal md file under docs/team/","messageBody":"","fileTypesAndContributionMap":{"docs":{"insertions":7,"deletions":7}}}]},{"date":"2022-03-12","commitResults":[{"hash":"63b6ca0a2cc787e0d74f9f6caa227e8bc2df713d","messageTitle":"Add welcomeDisplay, exitDisplay and viewproject and exit function.","messageBody":"","fileTypesAndContributionMap":{"functional-code":{"insertions":67,"deletions":12},"docs":{"insertions":8,"deletions":1}}},{"hash":"58803c6bfff994ed7027312049a294e4b7a12b7e","messageTitle":"no message","messageBody":"","fileTypesAndContributionMap":{"functional-code":{"insertions":28,"deletions":15}}},{"hash":"30c91c8036c9e1097a38c2061f34c85be8a95c50","messageTitle":"Edit deleteProject(), fix IO redirection issue, write test.txt file for ver0.1, change folder name (seedu.duke-\u003ecpp)","messageBody":"","fileTypesAndContributionMap":{"other":{"insertions":29,"deletions":16}}},{"hash":"23379ce2e02618cc8492d6fcd5aae3195ef7da4b","messageTitle":"Edit build.gradle","messageBody":"","fileTypesAndContributionMap":{"other":{"insertions":4,"deletions":0}}},{"hash":"f677fa05ab9da792196a19bb049026e1ec2fc4f3","messageTitle":"Try to fix build grandle problem (cannot recognize box-drawing characters)","messageBody":"","fileTypesAndContributionMap":{"other":{"insertions":3,"deletions":3}}},{"hash":"7081b481c35aa18ffb6e13ea89b962fedd81bd73","messageTitle":"fix io issue","messageBody":"","fileTypesAndContributionMap":{"functional-code":{"insertions":0,"deletions":19},"other":{"insertions":0,"deletions":4}}},{"hash":"2936d3491699629a71c46658fd7a78e31a98b10b","messageTitle":"Update README.md","messageBody":"","fileTypesAndContributionMap":{"docs":{"insertions":21,"deletions":54}}},{"hash":"e6aee34964dad6adceea4377ed0515835c8d0c81","messageTitle":"Update README.md","messageBody":"","fileTypesAndContributionMap":{"docs":{"insertions":4,"deletions":4}}},{"hash":"ee50eb12da18e1bfccdc017997796427f3a38b40","messageTitle":"Add ASCII art logo for CSproj Planner.","messageBody":"","fileTypesAndContributionMap":{"functional-code":{"insertions":6,"deletions":0}}},{"hash":"4bf1c2fdb2f8629e72fe8c576e3d3cfc59e20cfb","messageTitle":"Update README.md","messageBody":"","fileTypesAndContributionMap":{"docs":{"insertions":6,"deletions":6}}},{"hash":"c54abcb079e71faac01f616aa2912c75199ccb6d","messageTitle":"Update README.md","messageBody":"","fileTypesAndContributionMap":{"docs":{"insertions":7,"deletions":6}}},{"hash":"02bc8a91b667378d4c30fa8e346da764d5305e4c","messageTitle":"Update README.md","messageBody":"","fileTypesAndContributionMap":{"docs":{"insertions":8,"deletions":9}}},{"hash":"2c8c8c9eadde204575a9ec9accf296b45b30d110","messageTitle":"Update README.md","messageBody":"","fileTypesAndContributionMap":{"docs":{"insertions":14,"deletions":2}}},{"hash":"2a1e45814375bac7e0c05c35e3d85a68fe751720","messageTitle":"Update UserGuide.md","messageBody":"","fileTypesAndContributionMap":{"docs":{"insertions":14,"deletions":6}}},{"hash":"a20c77b98e7b9bf946763aa2fb27b14ab146c1b0","messageTitle":"Update UserGuide.md","messageBody":"","fileTypesAndContributionMap":{"docs":{"insertions":13,"deletions":11}}},{"hash":"030ae319069c2e7cb6c90c97f664489d41b6fc2a","messageTitle":"Update UserGuide.md","messageBody":"","fileTypesAndContributionMap":{"docs":{"insertions":1,"deletions":1}}},{"hash":"89f7507567a82fe6c33d6427073c3c2e9262c8e6","messageTitle":"Update UserGuide.md","messageBody":"","fileTypesAndContributionMap":{"docs":{"insertions":2,"deletions":0}}},{"hash":"89a416b1866cbf6b887cb108dbca8e7ff1994086","messageTitle":"Update UserGuide.md","messageBody":"","fileTypesAndContributionMap":{"docs":{"insertions":2,"deletions":2}}},{"hash":"47baee86e0a5a03418fac6b0258eb0304a243abb","messageTitle":"Update README.md","messageBody":"","fileTypesAndContributionMap":{"docs":{"insertions":2,"deletions":2}}}]},{"date":"2022-03-13","commitResults":[{"hash":"ecbb33fec6247f954c1cf4e09d24404fce2aea66","messageTitle":"Change command `viewproject` to `listprojects`","messageBody":"","fileTypesAndContributionMap":{"functional-code":{"insertions":1,"deletions":1}}},{"hash":"fe4f34f64b9aa5072835411917a1f579df230984","messageTitle":"Update README.md","messageBody":"","fileTypesAndContributionMap":{"docs":{"insertions":2,"deletions":2}}},{"hash":"fc924cd668bd888c04681f1a75c4e3b69e2b0682","messageTitle":"Update README.md","messageBody":"","fileTypesAndContributionMap":{"docs":{"insertions":1,"deletions":1}}},{"hash":"6bb9526174176b505ac6d03275b88da54033dfc9","messageTitle":"Update README.md","messageBody":"","fileTypesAndContributionMap":{"docs":{"insertions":1,"deletions":1}}},{"hash":"4b5c4482635ff9484fafb20640acd13c901a59dc","messageTitle":"Update README.md","messageBody":"","fileTypesAndContributionMap":{"docs":{"insertions":1,"deletions":1}}},{"hash":"125931aa1b51c52052c377af3385f1c4d73eb79a","messageTitle":"Update UserGuide.md","messageBody":"","fileTypesAndContributionMap":{"docs":{"insertions":5,"deletions":5}}},{"hash":"4b9f4dde89a0d6958cf318ff7daf43dd748f807d","messageTitle":"Add `listproject` to command.","messageBody":"","fileTypesAndContributionMap":{"functional-code":{"insertions":8,"deletions":2}}},{"hash":"ce4aab952e2c6851e01aee69b8ef9800c1670ee6","messageTitle":"Update README.md","messageBody":"","fileTypesAndContributionMap":{"docs":{"insertions":1,"deletions":1}}},{"hash":"6958811560c99a4ac54a6cf8d562298b7a35d1df","messageTitle":"Modify `listproject` so that the deadline of the project will be displayed.","messageBody":"","fileTypesAndContributionMap":{"functional-code":{"insertions":3,"deletions":3}}},{"hash":"8547bbaaf94f4c48856dfdabea5151f575cd285e","messageTitle":"Update UserGuide.md","messageBody":"","fileTypesAndContributionMap":{"docs":{"insertions":1,"deletions":1}}}]},{"date":"2022-03-15","commitResults":[{"hash":"4bda318c6e5ec848bc987215777284682de82c7c","messageTitle":"Update `addProject` method and Junit test for `addProject`.","messageBody":"","fileTypesAndContributionMap":{"functional-code":{"insertions":43,"deletions":17},"test-code":{"insertions":22,"deletions":4}}},{"hash":"fef454aebc90155771703a7a337634d4cf98b392","messageTitle":"Fix gradlew issue.","messageBody":"","fileTypesAndContributionMap":{"functional-code":{"insertions":1,"deletions":1}}},{"hash":"4499a2708943b3fbf3207e62fb5df066122912fd","messageTitle":"Refactor the code","messageBody":"","fileTypesAndContributionMap":{"functional-code":{"insertions":2,"deletions":5},"test-code":{"insertions":0,"deletions":2}}}]},{"date":"2022-03-17","commitResults":[{"hash":"03eeb7bb0073efde8ee3c6234844ff6092a4e5b6","messageTitle":"ｒｅｆａｃｔｏｒ　ｔｈｅ　ｃｏｄｅ　ｏｆ　ａｄｄｐｒｏｊｅｃｔ　ａｎｄ　ｄｅｌｅｔｅｐｒｏｊｅｃｔ","messageBody":"","fileTypesAndContributionMap":{"functional-code":{"insertions":13,"deletions":39}}},{"hash":"cfe7b0802babd8df21eb269c5d17dd43c7a4335a","messageTitle":"fix gradlew issue","messageBody":"","fileTypesAndContributionMap":{"functional-code":{"insertions":4,"deletions":3}}}]},{"date":"2022-03-29","commitResults":[{"hash":"812f6ab3755feb158b8ea7210c19ceb6063516a5","messageTitle":"add save and load based on current structure; update developer guide.","messageBody":"","fileTypesAndContributionMap":{"functional-code":{"insertions":168,"deletions":12},"docs":{"insertions":21,"deletions":3}}},{"hash":"e5257b4b47010dd6d7d510f67743e070f26d3afc","messageTitle":"Fix gradlew issue.","messageBody":"","fileTypesAndContributionMap":{"functional-code":{"insertions":35,"deletions":26}}}]},{"date":"2022-03-30","commitResults":[{"hash":"7aea03c36d2f83f64f0e3460c08809604fddf085","messageTitle":"Update UserGuide.md","messageBody":"","fileTypesAndContributionMap":{"docs":{"insertions":9,"deletions":2}}}]},{"date":"2022-04-10","commitResults":[{"hash":"d71ab2b2afb6b32237ccdb7c72c76f97f43b2a1a","messageTitle":"Update based on code review","messageBody":"","fileTypesAndContributionMap":{"functional-code":{"insertions":19,"deletions":14}}},{"hash":"484d1712135194d13239c6e3f3412b3b28bd3a17","messageTitle":"Update UG and PPP.","messageBody":"","fileTypesAndContributionMap":{"docs":{"insertions":51,"deletions":10}}},{"hash":"f9b8707d333f9b7d84bc15202ab43f6a072f6e46","messageTitle":"Fix assertion error","messageBody":"","fileTypesAndContributionMap":{"functional-code":{"insertions":1,"deletions":1}}}]}],"johnmcmonigle":[{"date":"2022-03-04","commitResults":[{"hash":"ddf68447dfc54272d834bb1de17561ea2a0d7dce","messageTitle":"Added John McMonigle\u0027s About Us Page","messageBody":"","fileTypesAndContributionMap":{"docs":{"insertions":8,"deletions":8}}}]},{"date":"2022-03-09","commitResults":[{"hash":"cc6ba5eb35bf4d9cfa544f550ce61b50df0a8f40","messageTitle":"Add Project.java in package \u0027packages\u0027","messageBody":"","fileTypesAndContributionMap":{"functional-code":{"insertions":5,"deletions":0}}},{"hash":"3a16fb3984cf2c3e09273567ecc20ac5a01e8bec","messageTitle":"Add constructor for Project class","messageBody":"","fileTypesAndContributionMap":{"functional-code":{"insertions":18,"deletions":1}}},{"hash":"d84a73a513fdb22e4102aac4219177463a4dcfbc","messageTitle":"Add new ProjectList.java with constructor","messageBody":"","fileTypesAndContributionMap":{"functional-code":{"insertions":16,"deletions":0}}},{"hash":"5b1fc4fc6f7b3bcbc73af5f982fd4dded8f4cdec","messageTitle":"Make projectList private","messageBody":"","fileTypesAndContributionMap":{"functional-code":{"insertions":3,"deletions":1}}},{"hash":"341d33e7e5e36e14337b74f707ad0a7e8799cc73","messageTitle":"Add addProject and deleteProject methods","messageBody":"","fileTypesAndContributionMap":{"functional-code":{"insertions":17,"deletions":1}}},{"hash":"029cb6f605999b572d466f5c5fe8a64165e647f6","messageTitle":"Add commandHandler class","messageBody":"","fileTypesAndContributionMap":{"functional-code":{"insertions":2,"deletions":0}}},{"hash":"c8720d99ce4e746ad2a0ffc0d013b9f12227b320","messageTitle":"Give commandHandler ability to add and delete projects","messageBody":"","fileTypesAndContributionMap":{"functional-code":{"insertions":37,"deletions":1}}},{"hash":"6a45f8b9505fed0d3c6981ba327e1952f646e69b","messageTitle":"Fix curcly brace issue","messageBody":"","fileTypesAndContributionMap":{"functional-code":{"insertions":17,"deletions":16}}},{"hash":"46a9f12b3b4354b8e432d934e4f9a7abda019aa6","messageTitle":"Add CommandHandler constructor","messageBody":"","fileTypesAndContributionMap":{"functional-code":{"insertions":9,"deletions":0}}},{"hash":"beb998e37147e85c5d96ec4b68eee8495af9e31d","messageTitle":"Remove loop from handleUserInput","messageBody":"","fileTypesAndContributionMap":{"functional-code":{"insertions":21,"deletions":18}}},{"hash":"3608423455aceddab6e3c337adfb0473605b4ad3","messageTitle":"Allow user to enter add and remove commands","messageBody":"","fileTypesAndContributionMap":{"functional-code":{"insertions":8,"deletions":5}}},{"hash":"558adf1ee8d723ac6c3db8864b8406b78ac3372c","messageTitle":"Remove logo","messageBody":"","fileTypesAndContributionMap":{"functional-code":{"insertions":2,"deletions":6}}},{"hash":"9e055c252b65bb9e86a7e8f55940b16a987c9216","messageTitle":"Add some JavaDoc commands and \u0027private\u0027 accessibility","messageBody":"","fileTypesAndContributionMap":{"functional-code":{"insertions":5,"deletions":4}}},{"hash":"db6d81e204e781bc49aa5ddc5cca75e4912cafcc","messageTitle":"Refactor \u0027Duke\u0027 to be called \u0027CSProjPlanner\u0027","messageBody":"","fileTypesAndContributionMap":{"other":{"insertions":2,"deletions":6}}},{"hash":"0be66dcf156c12692413d962a9b7f7e59b36b40c","messageTitle":"Fix checkstyle errors","messageBody":"","fileTypesAndContributionMap":{"functional-code":{"insertions":4,"deletions":6},"other":{"insertions":9,"deletions":9}}}]},{"date":"2022-03-16","commitResults":[{"hash":"7b77f4265eea0c9a8c0359c3332ff08ef582e6e8","messageTitle":"Remove unnecessary variables from CommandHandler","messageBody":"","fileTypesAndContributionMap":{"functional-code":{"insertions":1,"deletions":6}}},{"hash":"f4b5f351f5ceec2858cd19415d802baa416ede71","messageTitle":"Fix Javadoc comment","messageBody":"","fileTypesAndContributionMap":{"functional-code":{"insertions":1,"deletions":0}}},{"hash":"b6efc60573e1ea18c02435b9e168a9b2479fbdf7","messageTitle":"Add param to javaDoc comment","messageBody":"","fileTypesAndContributionMap":{"functional-code":{"insertions":1,"deletions":0}}},{"hash":"a6422bbf86bd7d495bc89110eacc03b7100ac62b","messageTitle":"Split handleUserInput into smaller methods","messageBody":"This should allow for a shorter, easier to read method. When updating commands on further project iterations, this should give also let us work on them with more clarity.\n","fileTypesAndContributionMap":{"functional-code":{"insertions":55,"deletions":26}}},{"hash":"158676928c3613cb69e051e14ae749514f7477c1","messageTitle":"Add constants for invalid addproject and deleteproject commands","messageBody":"","fileTypesAndContributionMap":{"functional-code":{"insertions":6,"deletions":0}}},{"hash":"89f6a4bd6947c68e84ed9871056f2fb8ec42b5ad","messageTitle":"Give user ability to add projects of any length","messageBody":"User will also now be informed of incorrectly formatted addproject or deleteproject commands\n","fileTypesAndContributionMap":{"functional-code":{"insertions":28,"deletions":4}}},{"hash":"27c31aadc521d859b15689b94143003b583a9a7c","messageTitle":"Add \u0027addproject\u0027 and \u0027deleteproject\u0027 commands to user guide","messageBody":"","fileTypesAndContributionMap":{"docs":{"insertions":27,"deletions":2}}},{"hash":"ab0b0784e55bb60bffd228d36cbe939bc761bfca","messageTitle":"Update exception parameter","messageBody":"","fileTypesAndContributionMap":{"functional-code":{"insertions":1,"deletions":1}}},{"hash":"00e52f91f11c2c2ee3c6ea8493fcec7401f37dd6","messageTitle":"Add assertion to check for null project list and command handler","messageBody":"","fileTypesAndContributionMap":{"functional-code":{"insertions":2,"deletions":0}}},{"hash":"2cd24101bcfdd5c128754505022303f90c8d1e56","messageTitle":"Add assertions to separate command methods","messageBody":"These assertions should check for any null values being passed to them, which should be impossible at this point in the code.\n","fileTypesAndContributionMap":{"functional-code":{"insertions":7,"deletions":2}}}]},{"date":"2022-03-17","commitResults":[{"hash":"bbdab7e0274bf489c988a35fe234ca134cc888be","messageTitle":"Add test for deleting project","messageBody":"","fileTypesAndContributionMap":{"test-code":{"insertions":8,"deletions":1}}},{"hash":"1722805ac947b9f22d54b519d9c7f27111bc23f9","messageTitle":"add Deadline variable to ProjectListTest","messageBody":"","fileTypesAndContributionMap":{"test-code":{"insertions":1,"deletions":0}}},{"hash":"9c6ad9dcb514ab8fb86bad337c2e78774f9c97e0","messageTitle":"Update tests in ProjectTest","messageBody":"","fileTypesAndContributionMap":{"test-code":{"insertions":27,"deletions":1}}},{"hash":"87bda8081a5c99b6590666fad3d8e99e826c912d","messageTitle":"Rename Duketest to CsProjPlannerTest","messageBody":"","fileTypesAndContributionMap":{"other":{"insertions":1,"deletions":1}}},{"hash":"0ffc14ac2ab53e782ba8279d0163f34cb6a2e2bf","messageTitle":"Update contributions","messageBody":"","fileTypesAndContributionMap":{"docs":{"insertions":8,"deletions":0}}},{"hash":"548ede43f65d4bef1db02abc14c559a060b9e6bf","messageTitle":"Update User Guide","messageBody":"","fileTypesAndContributionMap":{"docs":{"insertions":4,"deletions":0}}},{"hash":"5c3e4efcd86a5c9986adb6dd4406751adc538c3a","messageTitle":"Update user guide","messageBody":"","fileTypesAndContributionMap":{"docs":{"insertions":2,"deletions":2}}}]},{"date":"2022-03-23","commitResults":[{"hash":"823d66b69284cc7c001622006388af915d4b84a1","messageTitle":"Add UmlDiagrams directory","messageBody":"","fileTypesAndContributionMap":{"functional-code":{"insertions":1,"deletions":0}}},{"hash":"132cbf30b09628e979d1be8f4e7a6e996da787f2","messageTitle":"Update Gradle","messageBody":"","fileTypesAndContributionMap":{"other":{"insertions":2,"deletions":1}}},{"hash":"71eb5275e49410fc624632fbf1136f762c2a76c9","messageTitle":"Add UmlDiagrams","messageBody":"","fileTypesAndContributionMap":{"docs":{"insertions":3,"deletions":1}}}]},{"date":"2022-03-24","commitResults":[{"hash":"4b744f2da70d16deb0cff9cb7623d2c23918c143","messageTitle":"Add value proposition","messageBody":"","fileTypesAndContributionMap":{"docs":{"insertions":3,"deletions":1}}},{"hash":"e08d3517f74e1bcceea86c18b9c897d86faed343","messageTitle":"Add user stores (v1.0 \u0026 v2.0)","messageBody":"","fileTypesAndContributionMap":{"docs":{"insertions":21,"deletions":4}}},{"hash":"6d1a1f75b886a460be5e47abdbfa414d97ad5a4e","messageTitle":"Add addproject and deleteProject UML diagrams","messageBody":"","fileTypesAndContributionMap":{"functional-code":{"insertions":2,"deletions":0}}},{"hash":"3c6777b8e65ffbc9d43d842ecff9295667bcfd28","messageTitle":"Add addProject and deleteProject to Developer Guide","messageBody":"","fileTypesAndContributionMap":{"functional-code":{"insertions":4,"deletions":0},"docs":{"insertions":31,"deletions":0}}},{"hash":"a927e5bcd499f9d32ba654a390f9fc1f9fe4c071","messageTitle":"Fix empty return","messageBody":"","fileTypesAndContributionMap":{"functional-code":{"insertions":4,"deletions":5}}},{"hash":"1792273051846010b4ac541cae669481550396ee","messageTitle":"Remove empty return","messageBody":"","fileTypesAndContributionMap":{"functional-code":{"insertions":4,"deletions":7}}}]},{"date":"2022-03-30","commitResults":[{"hash":"502e74e4b8986bfa2ccc474ce4fba28f3fd0995f","messageTitle":"Add new UML diagrams and more content to Developer Guide","messageBody":"","fileTypesAndContributionMap":{"docs":{"insertions":54,"deletions":20}}},{"hash":"cafe2d451d5b1166e4a622b46957a3b69240e477","messageTitle":"Update tests","messageBody":"","fileTypesAndContributionMap":{"functional-code":{"insertions":2,"deletions":2},"other":{"insertions":1,"deletions":1},"test-code":{"insertions":18,"deletions":0}}},{"hash":"33d791b282881e1b8ca833cf2bcad7f21631d1a4","messageTitle":"Add all Command Class tests","messageBody":"","fileTypesAndContributionMap":{"test-code":{"insertions":88,"deletions":0}}},{"hash":"a64c710a0445f23d7952c1ad2086fa8aa70b9bfa","messageTitle":"Add tests for all Parser classes","messageBody":"","fileTypesAndContributionMap":{"test-code":{"insertions":158,"deletions":11}}},{"hash":"10818b025987e8241fd555722c701d16094bc339","messageTitle":"Fix JavaDoc problem","messageBody":"","fileTypesAndContributionMap":{"test-code":{"insertions":2,"deletions":1}}},{"hash":"e404fea4ad1899b2ffc29882101e3bbe67aa9c67","messageTitle":"Fix Another JavaDoc issue","messageBody":"","fileTypesAndContributionMap":{"test-code":{"insertions":3,"deletions":1}}}]},{"date":"2022-03-31","commitResults":[{"hash":"417dfb6862654d8f3e812fe92bd752acd0bd7517","messageTitle":"Update Project.java to hold links (as Strings)","messageBody":"","fileTypesAndContributionMap":{"functional-code":{"insertions":32,"deletions":0},"docs":{"insertions":1,"deletions":1}}},{"hash":"f01b46b5f53819081043ca14945530f997ff94d6","messageTitle":"Add ability for user to change GitHub link repo for a project","messageBody":"","fileTypesAndContributionMap":{"functional-code":{"insertions":92,"deletions":7},"docs":{"insertions":1,"deletions":1}}},{"hash":"0be911f8b72e1453b1dd7b65237bea12521c7929","messageTitle":"Allow user to open GitHub repo","messageBody":"","fileTypesAndContributionMap":{"functional-code":{"insertions":82,"deletions":5}}},{"hash":"d312b8ac98600f86a74420edb5685cbf75eb4822","messageTitle":"Allow reading and writing of git URL to the disk","messageBody":"","fileTypesAndContributionMap":{"functional-code":{"insertions":5,"deletions":1}}},{"hash":"1d8ff3e2fa3f20e2d87deee71e8d75e0838f4dea","messageTitle":"Update Storage to use ` instead of semi-colons","messageBody":"Reasoning being that backticks cannot be in URLs. Before, if the user input a URL with a semi-colon, it would cause an error.\n","fileTypesAndContributionMap":{"functional-code":{"insertions":3,"deletions":3}}},{"hash":"af77b38fb09426f296409e6fb345cf0fd7885165","messageTitle":"Fix storage conflict","messageBody":"","fileTypesAndContributionMap":{"functional-code":{"insertions":2,"deletions":1}}},{"hash":"f05cd43fd13c1a1ca49d27f22aee2e64984e859a","messageTitle":"Fix JavaDoc comments","messageBody":"","fileTypesAndContributionMap":{"functional-code":{"insertions":13,"deletions":16}}},{"hash":"7a1cc791fc7d5d5d472a6a5637db514d60523354","messageTitle":"Fix Javadoc error","messageBody":"","fileTypesAndContributionMap":{"functional-code":{"insertions":1,"deletions":1}}},{"hash":"f5f50d45368eae5defa846dd2140ab051a461162","messageTitle":"Fix problem with storage","messageBody":"","fileTypesAndContributionMap":{"functional-code":{"insertions":4,"deletions":4}}},{"hash":"7393a5d64fad5eb402fe1087f57587c2ddb14ffe","messageTitle":"Fix (hopefully, please) the build error","messageBody":"","fileTypesAndContributionMap":{"functional-code":{"insertions":4,"deletions":0}}},{"hash":"eb2f39314c5aa4c5eb4d6dc1e7ea94137895d390","messageTitle":"Fix (please) directory issue","messageBody":"","fileTypesAndContributionMap":{"functional-code":{"insertions":3,"deletions":3}}},{"hash":"8639f73abfec427a28002be71a84f17eb6a8524a","messageTitle":"Remove print statement and fix math error on storage","messageBody":"","fileTypesAndContributionMap":{"functional-code":{"insertions":1,"deletions":2}}},{"hash":"212a450fc3914431b0cb35cdfad498ce6f939266","messageTitle":"Add git commands to user guide","messageBody":"","fileTypesAndContributionMap":{"docs":{"insertions":18,"deletions":0}}},{"hash":"15c43b3319139fc75e63859022dfc5d8c12f0391","messageTitle":"Remove Comments and add projectList.txt to gitignore","messageBody":"","fileTypesAndContributionMap":{"functional-code":{"insertions":0,"deletions":3}}},{"hash":"5e724618a003497c4535d2636d0769a5b83f7fa1","messageTitle":"Fixed empty catch block","messageBody":"","fileTypesAndContributionMap":{"functional-code":{"insertions":2,"deletions":0}}}]},{"date":"2022-04-10","commitResults":[{"hash":"afba75090c95ca2ae12c6a12f572162dcf7d2c89","messageTitle":"Fix coding standard violation","messageBody":"","fileTypesAndContributionMap":{"functional-code":{"insertions":2,"deletions":1}}},{"hash":"639c294a82ad02b27716720ebb371b892cf55ad6","messageTitle":"Extract out magic constants","messageBody":"","fileTypesAndContributionMap":{"functional-code":{"insertions":3,"deletions":1}}}]},{"date":"2022-04-11","commitResults":[{"hash":"36a2c9c1a120b7edec10a3caa9694808cbf9c021","messageTitle":"Change opengit command to use project index instead of name","messageBody":"","fileTypesAndContributionMap":{"functional-code":{"insertions":40,"deletions":12}}},{"hash":"10e8909d4db28522299cc81d650f2a1df88fb28a","messageTitle":"Fix merge issue","messageBody":"","fileTypesAndContributionMap":{"functional-code":{"insertions":23,"deletions":9},"docs":{"insertions":98,"deletions":24},"test-code":{"insertions":65,"deletions":11}}},{"hash":"c9913690a7b1066d86d1f7b92a32de837223aa21","messageTitle":"Change view command to use project index instead of name","messageBody":"","fileTypesAndContributionMap":{"functional-code":{"insertions":32,"deletions":13},"docs":{"insertions":18,"deletions":18}}},{"hash":"e0f272b9a21ffa6a6f3b301270394f935ae6e1ee","messageTitle":"Fix userguide and test error","messageBody":"","fileTypesAndContributionMap":{"functional-code":{"insertions":1,"deletions":1},"docs":{"insertions":1,"deletions":1},"test-code":{"insertions":1,"deletions":1}}},{"hash":"f3d98d6ca8df5484cfbb5bbe1272fe1479342c12","messageTitle":"Change listlanguages command to use project index instead of project name","messageBody":"","fileTypesAndContributionMap":{"functional-code":{"insertions":38,"deletions":18},"docs":{"insertions":9,"deletions":4}}},{"hash":"eaf449d0cc0a9c811258c0440cc753c1b59a57e1","messageTitle":"Fix test cases","messageBody":"","fileTypesAndContributionMap":{"test-code":{"insertions":2,"deletions":2}}},{"hash":"307c8fadef9f64e107719c5af3c47ebfbdff9776","messageTitle":"Update add/delete project diagrams","messageBody":"","fileTypesAndContributionMap":{"functional-code":{"insertions":1,"deletions":1}}},{"hash":"41254e120484d7ac8a6c9b9aab37e34c702ee185","messageTitle":"Update sequence diagrams and add openGit and changeGit to DG","messageBody":"","fileTypesAndContributionMap":{"docs":{"insertions":50,"deletions":1}}},{"hash":"e401a2123584da9ed3f1787a1f22ca502f2343b6","messageTitle":"Add note to UG","messageBody":"","fileTypesAndContributionMap":{"docs":{"insertions":2,"deletions":0}}},{"hash":"09cf1d64152563b8703f234be0fe5306f573c460","messageTitle":"Fix indentation","messageBody":"","fileTypesAndContributionMap":{"functional-code":{"insertions":1,"deletions":1}}},{"hash":"bdcc5a224f8e887c49cf61013348ddc950b0744b","messageTitle":"Fix test case","messageBody":"","fileTypesAndContributionMap":{"test-code":{"insertions":1,"deletions":1}}}]}],"hearobe":[{"date":"2022-03-04","commitResults":[{"hash":"4d2cfe47164dd6031b964a32c9447a28dce124db","messageTitle":"Update AboutUs","messageBody":"","fileTypesAndContributionMap":{"docs":{"insertions":13,"deletions":7}}}]},{"date":"2022-03-14","commitResults":[{"hash":"a2215e03fd63c4b858719c9330a73e08098a975f","messageTitle":"Update AboutUs.md","messageBody":"","fileTypesAndContributionMap":{"docs":{"insertions":1,"deletions":1}}},{"hash":"a9773c3b06ee8a38167e9dd4b5c0ca8d0a882088","messageTitle":"Add view function","messageBody":"","fileTypesAndContributionMap":{"functional-code":{"insertions":51,"deletions":0}}},{"hash":"54a38e81a84f2569e3d97bb33327e8f115ce9aac","messageTitle":"Add testing for view function","messageBody":"","fileTypesAndContributionMap":{"test-code":{"insertions":37,"deletions":0}}}]},{"date":"2022-03-25","commitResults":[{"hash":"47e893e8abc93f196508a2c7b80a4883fdb3469e","messageTitle":"Add to DeveloperGuide.md","messageBody":"","fileTypesAndContributionMap":{"docs":{"insertions":34,"deletions":1}}}]},{"date":"2022-03-29","commitResults":[{"hash":"6e8f1327bc79c4183504da5705783aad8d50009c","messageTitle":"Add function to list programming languages","messageBody":"","fileTypesAndContributionMap":{"functional-code":{"insertions":52,"deletions":5}}},{"hash":"047d76a4f58353ad26fa61dd100404e6bd154800","messageTitle":"Add function to add programming languages to a project","messageBody":"","fileTypesAndContributionMap":{"functional-code":{"insertions":78,"deletions":3}}}]},{"date":"2022-03-31","commitResults":[{"hash":"7d62ad9d598758fec4321583b016c7bc919b44e3","messageTitle":"Change language methods to use parser and commands","messageBody":"","fileTypesAndContributionMap":{"functional-code":{"insertions":68,"deletions":22}}},{"hash":"d682c860f1a534d2a029a002f08862023e0e9c2a","messageTitle":"fixed package structure errors","messageBody":"","fileTypesAndContributionMap":{"functional-code":{"insertions":4,"deletions":6}}}]},{"date":"2022-04-10","commitResults":[{"hash":"31fd9416f85283866863efe1f881d963c42551e7","messageTitle":"updated ppp","messageBody":"","fileTypesAndContributionMap":{"docs":{"insertions":34,"deletions":0}}}]}],"Nineves":[{"date":"2022-03-04","commitResults":[{"hash":"136924a9f2aedfd8aba2bd61a9d042711d06efa8","messageTitle":"Add wangyiying.md","messageBody":"","fileTypesAndContributionMap":{"docs":{"insertions":9,"deletions":1}}}]},{"date":"2022-03-10","commitResults":[{"hash":"7dd80509225dbdc3f856c9e2c3c54e89c6614701","messageTitle":"Add profile picture","messageBody":"","fileTypesAndContributionMap":{"docs":{"insertions":1,"deletions":1}}},{"hash":"0da98f00a6f463db5f59738cc3fc0c235b07fbb0","messageTitle":"Add \"add todo\" and \"mark todo as done\" function.","messageBody":"","fileTypesAndContributionMap":{"functional-code":{"insertions":166,"deletions":2}}}]},{"date":"2022-03-11","commitResults":[{"hash":"6dea5f3e374043e825d92bb88fc9ac6307599bc5","messageTitle":"Added tests and some exception handling","messageBody":"","fileTypesAndContributionMap":{"functional-code":{"insertions":25,"deletions":14},"test-code":{"insertions":34,"deletions":0}}},{"hash":"672866f1d6b56129cb323428b95820afc6c32ef8","messageTitle":"Fixed some bugs","messageBody":"","fileTypesAndContributionMap":{"functional-code":{"insertions":18,"deletions":4}}},{"hash":"52eceffd6cdec89eb0abee3d7950f56f70a94714","messageTitle":"Change profile pic","messageBody":"","fileTypesAndContributionMap":{"docs":{"insertions":1,"deletions":1}}}]},{"date":"2022-03-12","commitResults":[{"hash":"cadd056d186c5638765aa157d3e61267ad5e4f98","messageTitle":"Fixed formatting issues","messageBody":"","fileTypesAndContributionMap":{"functional-code":{"insertions":7,"deletions":7}}},{"hash":"266375c2184697f668b3f658571a2b8456efcf35","messageTitle":"Solve CI issue","messageBody":"","fileTypesAndContributionMap":{"functional-code":{"insertions":23,"deletions":31},"test-code":{"insertions":2,"deletions":2}}},{"hash":"b80d0b4881a920f8020249e25aea0a4331f5123e","messageTitle":"Fix I/O issue","messageBody":"","fileTypesAndContributionMap":{"other":{"insertions":1,"deletions":1},"test-code":{"insertions":0,"deletions":12}}}]},{"date":"2022-03-13","commitResults":[{"hash":"b578ccdf9ec61417c5bfd2ddd207a8eeb2c1e856","messageTitle":"Solved merge conflicts","messageBody":"","fileTypesAndContributionMap":{"functional-code":{"insertions":74,"deletions":200},"test-code":{"insertions":1,"deletions":1}}}]},{"date":"2022-03-15","commitResults":[{"hash":"c1bc38e824d2bd9e04ecec293e8186743468f19d","messageTitle":"Fixed minor bug","messageBody":"","fileTypesAndContributionMap":{"functional-code":{"insertions":6,"deletions":1}}},{"hash":"ad35d6a4ab7b2bb2924678ad6c58c70be8f57663","messageTitle":"Update UG, add more exceptions and tests","messageBody":"","fileTypesAndContributionMap":{"functional-code":{"insertions":37,"deletions":7},"docs":{"insertions":29,"deletions":0},"test-code":{"insertions":7,"deletions":0}}},{"hash":"275b0461df4dd8a40d9cb8bfad669f315045d3cb","messageTitle":"Passed checkstyle","messageBody":"","fileTypesAndContributionMap":{"functional-code":{"insertions":1,"deletions":1}}},{"hash":"287ab2764f6984f4b6267df50f9b73d3b632fc42","messageTitle":"Modify projectListTest","messageBody":"","fileTypesAndContributionMap":{"test-code":{"insertions":0,"deletions":6}}}]},{"date":"2022-03-16","commitResults":[{"hash":"85e2316a2d62f2c3463afb2345765a3b838783eb","messageTitle":"Add logging and assertions","messageBody":"","fileTypesAndContributionMap":{"functional-code":{"insertions":8,"deletions":3}}},{"hash":"17c843b39f57d6d289f90415d865e4a6566eb2d5","messageTitle":"Update UserGuide.md","messageBody":"","fileTypesAndContributionMap":{"docs":{"insertions":4,"deletions":1}}},{"hash":"84fc0948ee89483e02f460d4c253b913142722ef","messageTitle":"Update UserGuide.md","messageBody":"","fileTypesAndContributionMap":{"docs":{"insertions":1,"deletions":1}}}]},{"date":"2022-03-17","commitResults":[{"hash":"07a93c00a722f410dd883432c237a1c621398d2f","messageTitle":"Add more JUnit tests","messageBody":"","fileTypesAndContributionMap":{"test-code":{"insertions":15,"deletions":1}}}]},{"date":"2022-03-23","commitResults":[{"hash":"ecefbb09c9120049b9fc8208ab6ca5e8cc0c48dc","messageTitle":"NA","messageBody":"","fileTypesAndContributionMap":{"functional-code":{"insertions":4,"deletions":0}}},{"hash":"c4a062554e08ca568c92b845a80cf7429c11d7a5","messageTitle":"Update DG","messageBody":"","fileTypesAndContributionMap":{"functional-code":{"insertions":18,"deletions":0},"other":{"insertions":1,"deletions":38},"docs":{"insertions":15,"deletions":2}}}]},{"date":"2022-03-24","commitResults":[{"hash":"54a6660462fd26e2a4f0ae32bfc87b806f86513a","messageTitle":"Update DG (command parser implementation)","messageBody":"","fileTypesAndContributionMap":{"docs":{"insertions":19,"deletions":2}}},{"hash":"4fdc31146bffa4226c76765d98d32b651f35ea83","messageTitle":"Update DG","messageBody":"","fileTypesAndContributionMap":{"docs":{"insertions":8,"deletions":6}}},{"hash":"db13216761b65b8a8adb1056e3887a31da6a3f7c","messageTitle":"Add command parsers and commands","messageBody":"","fileTypesAndContributionMap":{"functional-code":{"insertions":241,"deletions":17},"other":{"insertions":15,"deletions":24},"test-code":{"insertions":4,"deletions":3}}},{"hash":"8500ddb41f37632c3568b905b7a56132555a1a4e","messageTitle":"Passed tests","messageBody":"","fileTypesAndContributionMap":{"functional-code":{"insertions":6,"deletions":2}}},{"hash":"97950c03e4938a89af292d9449f5bea5a9f30508","messageTitle":"text-ui-test","messageBody":"","fileTypesAndContributionMap":{"functional-code":{"insertions":10,"deletions":9}}},{"hash":"fc75ac0ade725c9972cab0df9491e6c33eac3dc7","messageTitle":"Update DeveloperGuide.md","messageBody":"","fileTypesAndContributionMap":{"docs":{"insertions":6,"deletions":5}}},{"hash":"a11ecd8aaf31635c8fe6ca44d412dd40e07307d5","messageTitle":"Update DeveloperGuide.md","messageBody":"","fileTypesAndContributionMap":{"docs":{"insertions":4,"deletions":1}}}]},{"date":"2022-03-29","commitResults":[{"hash":"cc1931e8cfd42a55f2f8b968033ae2bea9f2c0ea","messageTitle":"Updated command and command parsers","messageBody":"","fileTypesAndContributionMap":{"functional-code":{"insertions":175,"deletions":21},"test-code":{"insertions":2,"deletions":2}}}]},{"date":"2022-03-30","commitResults":[{"hash":"8d0808aeb277ad94893f401fbfbf8c1329e984e4","messageTitle":"Updated User Guide","messageBody":"","fileTypesAndContributionMap":{"functional-code":{"insertions":19,"deletions":22},"other":{"insertions":3,"deletions":3},"docs":{"insertions":66,"deletions":23}}},{"hash":"f6ad9ada1be7a276277fe64889907a34ee2f3378","messageTitle":"fixed small problems","messageBody":"","fileTypesAndContributionMap":{"docs":{"insertions":1,"deletions":1}}}]},{"date":"2022-03-31","commitResults":[{"hash":"befa9a382f91659a63cbe58d5d85cb2186977921","messageTitle":"change package name","messageBody":"","fileTypesAndContributionMap":{"test-code":{"insertions":3,"deletions":3}}},{"hash":"eaed2a96fcc25c7d67189a497060cf1615b6e7ec","messageTitle":"Update DeveloperGuide.md","messageBody":"","fileTypesAndContributionMap":{"docs":{"insertions":2,"deletions":1}}},{"hash":"b7694e810afc6c68de79cfbba5da0b79382470e7","messageTitle":"Update DeveloperGuide.md","messageBody":"","fileTypesAndContributionMap":{"docs":{"insertions":1,"deletions":1}}},{"hash":"9e2852fd4f2e9876c51c403855cd4d172b058d86","messageTitle":"Updated UG\u0026DG, added some comments","messageBody":"","fileTypesAndContributionMap":{"functional-code":{"insertions":116,"deletions":1},"docs":{"insertions":40,"deletions":3}}},{"hash":"ead15840808545c65c00f3498334999005e7f99e","messageTitle":"delete add web links","messageBody":"","fileTypesAndContributionMap":{"docs":{"insertions":0,"deletions":1}}},{"hash":"8dc3935533f3a53208850f4fd3ad18c9c0a4e372","messageTitle":"Add ending period","messageBody":"","fileTypesAndContributionMap":{"functional-code":{"insertions":11,"deletions":11}}},{"hash":"fdd11b6e59e4dadec9a2cb419b7ce1cd2e031dbe","messageTitle":"Update UserGuide.md","messageBody":"","fileTypesAndContributionMap":{"docs":{"insertions":4,"deletions":1}}},{"hash":"3503da4ca968a65e61fb221d0aca0625d037f231","messageTitle":"The app is able to store languages for each project","messageBody":"","fileTypesAndContributionMap":{"functional-code":{"insertions":25,"deletions":2}}},{"hash":"87d8ecf449410066fbf3e91b5a3348147175e036","messageTitle":"Update UserGuide.md","messageBody":"","fileTypesAndContributionMap":{"docs":{"insertions":1,"deletions":1}}},{"hash":"6b5d8f6a89eca3105542fb38ab9140dfeb1ba1bb","messageTitle":"Update UserGuide.md","messageBody":"","fileTypesAndContributionMap":{"docs":{"insertions":1,"deletions":1}}},{"hash":"f9a4f2019fc8ba32aed5b50e8465d8e595608b85","messageTitle":"Update UserGuide.md","messageBody":"","tags":["v2.0"],"fileTypesAndContributionMap":{"docs":{"insertions":1,"deletions":1}}}]},{"date":"2022-04-02","commitResults":[{"hash":"b1885899319b4977fd97ede63017fbe00e51ee98","messageTitle":"Some changes on UG, DG","messageBody":"","fileTypesAndContributionMap":{"functional-code":{"insertions":2,"deletions":2},"docs":{"insertions":11,"deletions":9}}},{"hash":"5240f12b373252c7ef67c0bfbf70acd4240d68b5","messageTitle":"Update UserGuide.md","messageBody":"","fileTypesAndContributionMap":{"docs":{"insertions":4,"deletions":4}}},{"hash":"9a73ed3a316d26134ebda508d65ef1e2504fd57f","messageTitle":"Update DeveloperGuide.md","messageBody":"fixed hyperlink issues","fileTypesAndContributionMap":{"docs":{"insertions":9,"deletions":9}}},{"hash":"a603284e0ed4fc1865c210ca296a1e85903a1944","messageTitle":"update DG","messageBody":"","fileTypesAndContributionMap":{"docs":{"insertions":9,"deletions":9}}},{"hash":"6fc7335739c62388478ba9bccaf36b313e3fcc82","messageTitle":"Update UserGuide.md","messageBody":"","fileTypesAndContributionMap":{"docs":{"insertions":2,"deletions":1}}},{"hash":"740a3cd8c282d083f5d8f7b15d082110fb3f0901","messageTitle":"Update UserGuide.md","messageBody":"","fileTypesAndContributionMap":{"docs":{"insertions":3,"deletions":3}}}]},{"date":"2022-04-05","commitResults":[{"hash":"da87925973dc939c2d38acfe304fb48c7340fe17","messageTitle":"Fixed many bugs","messageBody":"","fileTypesAndContributionMap":{"functional-code":{"insertions":88,"deletions":51},"docs":{"insertions":21,"deletions":12}}},{"hash":"f83b3ed3a8589304401836b17f4aa9186ab17abd","messageTitle":"Passed tests","messageBody":"","fileTypesAndContributionMap":{"functional-code":{"insertions":9,"deletions":2}}},{"hash":"2fb909afc3d53aa60d486fbc27ffdd1c6e795cbc","messageTitle":"closes #124","messageBody":"","fileTypesAndContributionMap":{"docs":{"insertions":17,"deletions":3}}}]},{"date":"2022-04-09","commitResults":[{"hash":"8380b399314dbb142561e1efc342b0ded0270bf8","messageTitle":"updated developer guide","messageBody":"","fileTypesAndContributionMap":{"functional-code":{"insertions":32,"deletions":13},"docs":{"insertions":160,"deletions":3}}},{"hash":"d07c2b21630ec80fc8427612ebbf5f0e66c9bf17","messageTitle":"updated PPP","messageBody":"","fileTypesAndContributionMap":{"docs":{"insertions":20,"deletions":2}}},{"hash":"9212fe7f25805ef20b2df6030015a218d6cb8ea6","messageTitle":"update PPP","messageBody":"","fileTypesAndContributionMap":{"docs":{"insertions":1,"deletions":1}}}]}]},"authorFileTypeContributionMap":{"FTang21":{"docs":171,"functional-code":487,"test-code":60},"YaxinJoy":{"docs":128,"functional-code":232,"test-code":16,"other":1},"johnmcmonigle":{"docs":202,"functional-code":365,"test-code":307,"other":1},"hearobe":{"docs":75,"functional-code":166,"test-code":30},"Nineves":{"docs":370,"functional-code":719,"test-code":53}},"authorContributionVariance":{"FTang21":11386.487,"YaxinJoy":4630.919,"johnmcmonigle":9854.337,"hearobe":691.39734,"Nineves":7485.7163},"authorDisplayNameMap":{"FTang21":"CS2113-F10-1 TANG..ANKE","YaxinJoy":"CS2113-F10-1 WAN ..AXIN","johnmcmonigle":"CS2113-F10-1 MCMO..GLAS","hearobe":"CS2113-F10-1 TAN ..LING","Nineves":"CS2113-F10-1 WANG..YING"}}
