{"authorDailyContributionsMap":{"FTang21":[{"date":"2022-03-04","commitResults":[{"hash":"5791ed9126aa364126ffb864b2606e51c522aa53","messageTitle":"Update AboutUs for Franke Tang","messageBody":"","fileTypesAndContributionMap":{"docs":{"insertions":9,"deletions":7}}}]},{"date":"2022-03-13","commitResults":[{"hash":"0971b9d446a2b6034aa422012d610656ff479818","messageTitle":"Add addDeadline function","messageBody":"Basic implementation\nAdd recognition of dates later\n","fileTypesAndContributionMap":{"functional-code":{"insertions":54,"deletions":0}}},{"hash":"570f9af3c4b50e50560f8c954c08cf7b67de3d47","messageTitle":"Add JUnit test for setDeadline() and getDeadline()","messageBody":"","fileTypesAndContributionMap":{"test-code":{"insertions":14,"deletions":0}}},{"hash":"112f3333e552e973c4d486a8896e70cbba8f6b61","messageTitle":"Update UI test to include deadline function","messageBody":"","fileTypesAndContributionMap":{"functional-code":{"insertions":1,"deletions":0},"other":{"insertions":1,"deletions":1}}},{"hash":"3cb66f61cc31d584585a954769b3ad82b29c049a","messageTitle":"Add constant for SEPARATOR","messageBody":"Also update UI test and JUnit test\n","fileTypesAndContributionMap":{"functional-code":{"insertions":30,"deletions":21},"test-code":{"insertions":14,"deletions":0}}},{"hash":"90881a267f122e5b1c93a9c9b3789e33cf31ba8f","messageTitle":"Fix format issue for Javadoc","messageBody":"","fileTypesAndContributionMap":{"functional-code":{"insertions":4,"deletions":4}}}]},{"date":"2022-03-15","commitResults":[{"hash":"b62583692f49808e23c438dc1bddf411955399fe","messageTitle":"Refactor code to be more OOP","messageBody":"Add Response Class to handle most of the displays and prints\n","fileTypesAndContributionMap":{"functional-code":{"insertions":59,"deletions":33}}},{"hash":"d33c433a17cc84cbd598bd012e46fb2bd8596281","messageTitle":"Add help command to CsProjPlanner","messageBody":"","fileTypesAndContributionMap":{"functional-code":{"insertions":21,"deletions":2}}},{"hash":"dd788ee56053580424409c835e0d1d1e006ae20a","messageTitle":"Fix Javadoc formatting error","messageBody":"","fileTypesAndContributionMap":{"functional-code":{"insertions":1,"deletions":1}}}]}],"YaxinJoy":[{"date":"2022-03-04","commitResults":[{"hash":"499a40648cab25275e478f145d8fb7979b8e1511","messageTitle":"Change line 4 in AboutUs.md and create my md file under docs/team/","messageBody":"","fileTypesAndContributionMap":{"docs":{"insertions":0,"deletions":0}}},{"hash":"e445dcd7b9747d14f192cb802b02311a157a6f38","messageTitle":"Change line 4 in the AboutUs.md and create personal md file under docs/team/","messageBody":"","fileTypesAndContributionMap":{"docs":{"insertions":7,"deletions":7}}}]},{"date":"2022-03-12","commitResults":[{"hash":"63b6ca0a2cc787e0d74f9f6caa227e8bc2df713d","messageTitle":"Add welcomeDisplay, exitDisplay and viewproject and exit function.","messageBody":"","fileTypesAndContributionMap":{"functional-code":{"insertions":67,"deletions":12},"docs":{"insertions":8,"deletions":1}}},{"hash":"58803c6bfff994ed7027312049a294e4b7a12b7e","messageTitle":"no message","messageBody":"","fileTypesAndContributionMap":{"functional-code":{"insertions":28,"deletions":15}}},{"hash":"30c91c8036c9e1097a38c2061f34c85be8a95c50","messageTitle":"Edit deleteProject(), fix IO redirection issue, write test.txt file for ver0.1, change folder name (seedu.duke-\u003ecpp)","messageBody":"","fileTypesAndContributionMap":{"other":{"insertions":29,"deletions":16}}},{"hash":"23379ce2e02618cc8492d6fcd5aae3195ef7da4b","messageTitle":"Edit build.gradle","messageBody":"","fileTypesAndContributionMap":{"other":{"insertions":4,"deletions":0}}},{"hash":"f677fa05ab9da792196a19bb049026e1ec2fc4f3","messageTitle":"Try to fix build grandle problem (cannot recognize box-drawing characters)","messageBody":"","fileTypesAndContributionMap":{"other":{"insertions":3,"deletions":3}}},{"hash":"7081b481c35aa18ffb6e13ea89b962fedd81bd73","messageTitle":"fix io issue","messageBody":"","fileTypesAndContributionMap":{"functional-code":{"insertions":0,"deletions":19},"other":{"insertions":0,"deletions":4}}},{"hash":"2936d3491699629a71c46658fd7a78e31a98b10b","messageTitle":"Update README.md","messageBody":"","fileTypesAndContributionMap":{"docs":{"insertions":21,"deletions":54}}},{"hash":"e6aee34964dad6adceea4377ed0515835c8d0c81","messageTitle":"Update README.md","messageBody":"","fileTypesAndContributionMap":{"docs":{"insertions":4,"deletions":4}}},{"hash":"ee50eb12da18e1bfccdc017997796427f3a38b40","messageTitle":"Add ASCII art logo for CSproj Planner.","messageBody":"","fileTypesAndContributionMap":{"functional-code":{"insertions":6,"deletions":0}}},{"hash":"4bf1c2fdb2f8629e72fe8c576e3d3cfc59e20cfb","messageTitle":"Update README.md","messageBody":"","fileTypesAndContributionMap":{"docs":{"insertions":6,"deletions":6}}},{"hash":"c54abcb079e71faac01f616aa2912c75199ccb6d","messageTitle":"Update README.md","messageBody":"","fileTypesAndContributionMap":{"docs":{"insertions":7,"deletions":6}}},{"hash":"02bc8a91b667378d4c30fa8e346da764d5305e4c","messageTitle":"Update README.md","messageBody":"","fileTypesAndContributionMap":{"docs":{"insertions":8,"deletions":9}}},{"hash":"2c8c8c9eadde204575a9ec9accf296b45b30d110","messageTitle":"Update README.md","messageBody":"","fileTypesAndContributionMap":{"docs":{"insertions":14,"deletions":2}}},{"hash":"2a1e45814375bac7e0c05c35e3d85a68fe751720","messageTitle":"Update UserGuide.md","messageBody":"","fileTypesAndContributionMap":{"docs":{"insertions":14,"deletions":6}}},{"hash":"a20c77b98e7b9bf946763aa2fb27b14ab146c1b0","messageTitle":"Update UserGuide.md","messageBody":"","fileTypesAndContributionMap":{"docs":{"insertions":13,"deletions":11}}},{"hash":"030ae319069c2e7cb6c90c97f664489d41b6fc2a","messageTitle":"Update UserGuide.md","messageBody":"","fileTypesAndContributionMap":{"docs":{"insertions":1,"deletions":1}}},{"hash":"89f7507567a82fe6c33d6427073c3c2e9262c8e6","messageTitle":"Update UserGuide.md","messageBody":"","fileTypesAndContributionMap":{"docs":{"insertions":2,"deletions":0}}},{"hash":"89a416b1866cbf6b887cb108dbca8e7ff1994086","messageTitle":"Update UserGuide.md","messageBody":"","fileTypesAndContributionMap":{"docs":{"insertions":2,"deletions":2}}},{"hash":"47baee86e0a5a03418fac6b0258eb0304a243abb","messageTitle":"Update README.md","messageBody":"","fileTypesAndContributionMap":{"docs":{"insertions":2,"deletions":2}}}]},{"date":"2022-03-13","commitResults":[{"hash":"ecbb33fec6247f954c1cf4e09d24404fce2aea66","messageTitle":"Change command `viewproject` to `listprojects`","messageBody":"","fileTypesAndContributionMap":{"functional-code":{"insertions":1,"deletions":1}}},{"hash":"fe4f34f64b9aa5072835411917a1f579df230984","messageTitle":"Update README.md","messageBody":"","fileTypesAndContributionMap":{"docs":{"insertions":2,"deletions":2}}},{"hash":"fc924cd668bd888c04681f1a75c4e3b69e2b0682","messageTitle":"Update README.md","messageBody":"","fileTypesAndContributionMap":{"docs":{"insertions":1,"deletions":1}}},{"hash":"6bb9526174176b505ac6d03275b88da54033dfc9","messageTitle":"Update README.md","messageBody":"","fileTypesAndContributionMap":{"docs":{"insertions":1,"deletions":1}}},{"hash":"4b5c4482635ff9484fafb20640acd13c901a59dc","messageTitle":"Update README.md","messageBody":"","fileTypesAndContributionMap":{"docs":{"insertions":1,"deletions":1}}},{"hash":"125931aa1b51c52052c377af3385f1c4d73eb79a","messageTitle":"Update UserGuide.md","messageBody":"","fileTypesAndContributionMap":{"docs":{"insertions":5,"deletions":5}}},{"hash":"4b9f4dde89a0d6958cf318ff7daf43dd748f807d","messageTitle":"Add `listproject` to command.","messageBody":"","fileTypesAndContributionMap":{"functional-code":{"insertions":8,"deletions":2}}},{"hash":"ce4aab952e2c6851e01aee69b8ef9800c1670ee6","messageTitle":"Update README.md","messageBody":"","fileTypesAndContributionMap":{"docs":{"insertions":1,"deletions":1}}},{"hash":"6958811560c99a4ac54a6cf8d562298b7a35d1df","messageTitle":"Modify `listproject` so that the deadline of the project will be displayed.","messageBody":"","fileTypesAndContributionMap":{"functional-code":{"insertions":3,"deletions":3}}},{"hash":"8547bbaaf94f4c48856dfdabea5151f575cd285e","messageTitle":"Update UserGuide.md","messageBody":"","fileTypesAndContributionMap":{"docs":{"insertions":1,"deletions":1}}}]},{"date":"2022-03-15","commitResults":[{"hash":"4bda318c6e5ec848bc987215777284682de82c7c","messageTitle":"Update `addProject` method and Junit test for `addProject`.","messageBody":"","fileTypesAndContributionMap":{"functional-code":{"insertions":43,"deletions":17},"test-code":{"insertions":22,"deletions":4}}},{"hash":"fef454aebc90155771703a7a337634d4cf98b392","messageTitle":"Fix gradlew issue.","messageBody":"","fileTypesAndContributionMap":{"functional-code":{"insertions":1,"deletions":1}}},{"hash":"4499a2708943b3fbf3207e62fb5df066122912fd","messageTitle":"Refactor the code","messageBody":"","fileTypesAndContributionMap":{"functional-code":{"insertions":2,"deletions":5},"test-code":{"insertions":0,"deletions":2}}}]}],"johnmcmonigle":[{"date":"2022-03-04","commitResults":[{"hash":"ddf68447dfc54272d834bb1de17561ea2a0d7dce","messageTitle":"Added John McMonigle\u0027s About Us Page","messageBody":"","fileTypesAndContributionMap":{"docs":{"insertions":8,"deletions":8}}}]},{"date":"2022-03-09","commitResults":[{"hash":"cc6ba5eb35bf4d9cfa544f550ce61b50df0a8f40","messageTitle":"Add Project.java in package \u0027packages\u0027","messageBody":"","fileTypesAndContributionMap":{"functional-code":{"insertions":5,"deletions":0}}},{"hash":"3a16fb3984cf2c3e09273567ecc20ac5a01e8bec","messageTitle":"Add constructor for Project class","messageBody":"","fileTypesAndContributionMap":{"functional-code":{"insertions":18,"deletions":1}}},{"hash":"d84a73a513fdb22e4102aac4219177463a4dcfbc","messageTitle":"Add new ProjectList.java with constructor","messageBody":"","fileTypesAndContributionMap":{"functional-code":{"insertions":16,"deletions":0}}},{"hash":"5b1fc4fc6f7b3bcbc73af5f982fd4dded8f4cdec","messageTitle":"Make projectList private","messageBody":"","fileTypesAndContributionMap":{"functional-code":{"insertions":3,"deletions":1}}},{"hash":"341d33e7e5e36e14337b74f707ad0a7e8799cc73","messageTitle":"Add addProject and deleteProject methods","messageBody":"","fileTypesAndContributionMap":{"functional-code":{"insertions":17,"deletions":1}}},{"hash":"029cb6f605999b572d466f5c5fe8a64165e647f6","messageTitle":"Add commandHandler class","messageBody":"","fileTypesAndContributionMap":{"functional-code":{"insertions":2,"deletions":0}}},{"hash":"c8720d99ce4e746ad2a0ffc0d013b9f12227b320","messageTitle":"Give commandHandler ability to add and delete projects","messageBody":"","fileTypesAndContributionMap":{"functional-code":{"insertions":37,"deletions":1}}},{"hash":"6a45f8b9505fed0d3c6981ba327e1952f646e69b","messageTitle":"Fix curcly brace issue","messageBody":"","fileTypesAndContributionMap":{"functional-code":{"insertions":17,"deletions":16}}},{"hash":"46a9f12b3b4354b8e432d934e4f9a7abda019aa6","messageTitle":"Add CommandHandler constructor","messageBody":"","fileTypesAndContributionMap":{"functional-code":{"insertions":9,"deletions":0}}},{"hash":"beb998e37147e85c5d96ec4b68eee8495af9e31d","messageTitle":"Remove loop from handleUserInput","messageBody":"","fileTypesAndContributionMap":{"functional-code":{"insertions":21,"deletions":18}}},{"hash":"3608423455aceddab6e3c337adfb0473605b4ad3","messageTitle":"Allow user to enter add and remove commands","messageBody":"","fileTypesAndContributionMap":{"functional-code":{"insertions":8,"deletions":5}}},{"hash":"558adf1ee8d723ac6c3db8864b8406b78ac3372c","messageTitle":"Remove logo","messageBody":"","fileTypesAndContributionMap":{"functional-code":{"insertions":2,"deletions":6}}},{"hash":"9e055c252b65bb9e86a7e8f55940b16a987c9216","messageTitle":"Add some JavaDoc commands and \u0027private\u0027 accessibility","messageBody":"","fileTypesAndContributionMap":{"functional-code":{"insertions":5,"deletions":4}}},{"hash":"db6d81e204e781bc49aa5ddc5cca75e4912cafcc","messageTitle":"Refactor \u0027Duke\u0027 to be called \u0027CSProjPlanner\u0027","messageBody":"","fileTypesAndContributionMap":{"other":{"insertions":2,"deletions":6}}},{"hash":"0be66dcf156c12692413d962a9b7f7e59b36b40c","messageTitle":"Fix checkstyle errors","messageBody":"","fileTypesAndContributionMap":{"functional-code":{"insertions":4,"deletions":6},"other":{"insertions":9,"deletions":9}}}]}],"hearobe":[{"date":"2022-03-04","commitResults":[{"hash":"4d2cfe47164dd6031b964a32c9447a28dce124db","messageTitle":"Update AboutUs","messageBody":"","fileTypesAndContributionMap":{"docs":{"insertions":13,"deletions":7}}}]},{"date":"2022-03-14","commitResults":[{"hash":"a2215e03fd63c4b858719c9330a73e08098a975f","messageTitle":"Update AboutUs.md","messageBody":"","fileTypesAndContributionMap":{"docs":{"insertions":1,"deletions":1}}},{"hash":"a9773c3b06ee8a38167e9dd4b5c0ca8d0a882088","messageTitle":"Add view function","messageBody":"","fileTypesAndContributionMap":{"functional-code":{"insertions":51,"deletions":0}}},{"hash":"54a38e81a84f2569e3d97bb33327e8f115ce9aac","messageTitle":"Add testing for view function","messageBody":"","fileTypesAndContributionMap":{"test-code":{"insertions":37,"deletions":0}}}]}],"Nineves":[{"date":"2022-03-04","commitResults":[{"hash":"136924a9f2aedfd8aba2bd61a9d042711d06efa8","messageTitle":"Add wangyiying.md","messageBody":"","fileTypesAndContributionMap":{"docs":{"insertions":9,"deletions":1}}}]},{"date":"2022-03-10","commitResults":[{"hash":"7dd80509225dbdc3f856c9e2c3c54e89c6614701","messageTitle":"Add profile picture","messageBody":"","fileTypesAndContributionMap":{"docs":{"insertions":1,"deletions":1}}},{"hash":"0da98f00a6f463db5f59738cc3fc0c235b07fbb0","messageTitle":"Add \"add todo\" and \"mark todo as done\" function.","messageBody":"","fileTypesAndContributionMap":{"functional-code":{"insertions":166,"deletions":2}}}]},{"date":"2022-03-11","commitResults":[{"hash":"6dea5f3e374043e825d92bb88fc9ac6307599bc5","messageTitle":"Added tests and some exception handling","messageBody":"","fileTypesAndContributionMap":{"functional-code":{"insertions":25,"deletions":14},"test-code":{"insertions":34,"deletions":0}}},{"hash":"672866f1d6b56129cb323428b95820afc6c32ef8","messageTitle":"Fixed some bugs","messageBody":"","fileTypesAndContributionMap":{"functional-code":{"insertions":18,"deletions":4}}},{"hash":"52eceffd6cdec89eb0abee3d7950f56f70a94714","messageTitle":"Change profile pic","messageBody":"","fileTypesAndContributionMap":{"docs":{"insertions":1,"deletions":1}}}]},{"date":"2022-03-12","commitResults":[{"hash":"cadd056d186c5638765aa157d3e61267ad5e4f98","messageTitle":"Fixed formatting issues","messageBody":"","fileTypesAndContributionMap":{"functional-code":{"insertions":7,"deletions":7}}},{"hash":"266375c2184697f668b3f658571a2b8456efcf35","messageTitle":"Solve CI issue","messageBody":"","fileTypesAndContributionMap":{"functional-code":{"insertions":23,"deletions":31},"test-code":{"insertions":2,"deletions":2}}},{"hash":"b80d0b4881a920f8020249e25aea0a4331f5123e","messageTitle":"Fix I/O issue","messageBody":"","fileTypesAndContributionMap":{"other":{"insertions":1,"deletions":1},"test-code":{"insertions":0,"deletions":12}}}]},{"date":"2022-03-13","commitResults":[{"hash":"b578ccdf9ec61417c5bfd2ddd207a8eeb2c1e856","messageTitle":"Solved merge conflicts","messageBody":"","fileTypesAndContributionMap":{"functional-code":{"insertions":74,"deletions":200},"test-code":{"insertions":1,"deletions":1}}}]}]},"authorFileTypeContributionMap":{"FTang21":{"docs":9,"functional-code":130,"test-code":14},"YaxinJoy":{"docs":70,"functional-code":105,"test-code":22,"other":1},"johnmcmonigle":{"docs":3,"functional-code":87,"test-code":0},"hearobe":{"docs":2,"functional-code":41,"test-code":37},"Nineves":{"docs":10,"functional-code":153,"test-code":29}},"authorContributionVariance":{"FTang21":1220.3801,"YaxinJoy":6493.658,"johnmcmonigle":2290.617,"hearobe":309.02368,"Nineves":4087.5518},"authorDisplayNameMap":{"FTang21":"CS2113-F10-1 TANG..ANKE","YaxinJoy":"CS2113-F10-1 WAN ..AXIN","johnmcmonigle":"CS2113-F10-1 MCMO..GLAS","hearobe":"CS2113-F10-1 TAN ..LING","Nineves":"CS2113-F10-1 WANG..YING"}}
