{"authorDailyContributionsMap":{"chooyikai":[{"date":"2022-03-03","commitResults":[{"hash":"64b563476248ab34d13572cba63e50d3748882d2","messageTitle":"Update about us","messageBody":"","fileTypesAndContributionMap":{"docs":{"insertions":7,"deletions":7}}}]},{"date":"2022-03-09","commitResults":[{"hash":"47f90fcc0fdbcf222c40dc948013447262180657","messageTitle":"Code refactor to make code more OOP-compliant","messageBody":"","fileTypesAndContributionMap":{"functional-code":{"insertions":256,"deletions":163}}},{"hash":"a254d4accad74c626248680bf67369869d11de52","messageTitle":"Add rudimentary support for Modules","messageBody":"Will add integration for user-created modules later. For now, all added tasks will go into the default \u0027general tasks\u0027 module.\n","fileTypesAndContributionMap":{"functional-code":{"insertions":163,"deletions":38}}},{"hash":"808d170ab6d0a3c35006ee3e3c68f7032726ab49","messageTitle":"Clean up code","messageBody":"Removed unnecessary imports and unused variables, and added more Javadoc.\n","fileTypesAndContributionMap":{"functional-code":{"insertions":123,"deletions":80}}},{"hash":"c156dfe53bd5bf6466f33de8d51f18ba9b2aef6a","messageTitle":"Rewrite JUnit tests for new parser","messageBody":"","fileTypesAndContributionMap":{"functional-code":{"insertions":22,"deletions":6},"test-code":{"insertions":113,"deletions":48}}},{"hash":"322d35fbc01b9cf242ba360a6248ba02a43cb2f9","messageTitle":"Remove wildcard import","messageBody":"","fileTypesAndContributionMap":{"test-code":{"insertions":5,"deletions":5}}},{"hash":"ec3d964de1bbdaf4858f91bf89fc730cb13bae4e","messageTitle":"Tweak NoArgumentParser and add more JUnit tests","messageBody":"","fileTypesAndContributionMap":{"functional-code":{"insertions":4,"deletions":1},"test-code":{"insertions":28,"deletions":2}}}]},{"date":"2022-03-14","commitResults":[{"hash":"8b717dd9b20ee05ef912facaa9a83535d12b6409","messageTitle":"Add support for -m flag when adding tasks and updated JUnit","messageBody":"","fileTypesAndContributionMap":{"functional-code":{"insertions":42,"deletions":22},"test-code":{"insertions":232,"deletions":13}}},{"hash":"71d6f1a2b19baf09592ddae0f4b5f8a08c4feb21","messageTitle":"Add support for deleting tasks from a module and updated JUnit","messageBody":"","fileTypesAndContributionMap":{"functional-code":{"insertions":36,"deletions":27},"test-code":{"insertions":39,"deletions":0}}},{"hash":"875a86ee33a88ce17ed384a33cc86ca55924ab76","messageTitle":"Add support for marking tasks from a module and updated JUnit","messageBody":"","fileTypesAndContributionMap":{"functional-code":{"insertions":23,"deletions":6},"test-code":{"insertions":16,"deletions":2}}},{"hash":"82347d4c9e496ca9a01c795b32b52d60e3834efc","messageTitle":"Slightly refactor DeleteCommand logic","messageBody":"","fileTypesAndContributionMap":{"functional-code":{"insertions":13,"deletions":13}}}]},{"date":"2022-03-15","commitResults":[{"hash":"124df402ab0f1339104a9991682ea74f0c9a79b7","messageTitle":"Add enum for type of object being added by AddCommand, improve code quality","messageBody":"","fileTypesAndContributionMap":{"functional-code":{"insertions":21,"deletions":15},"test-code":{"insertions":0,"deletions":1}}}]},{"date":"2022-03-16","commitResults":[{"hash":"fec37a8e654b6aba37a2669cdd63e44cdaeac631","messageTitle":"Add load functionality and tweak save functionality","messageBody":"","fileTypesAndContributionMap":{"functional-code":{"insertions":160,"deletions":64},"other":{"insertions":6,"deletions":6},"test-code":{"insertions":11,"deletions":12}}},{"hash":"de2d9cd7c52cc42726520f12c900c497f7d12169","messageTitle":"Add more javadoc comments","messageBody":"","fileTypesAndContributionMap":{"functional-code":{"insertions":46,"deletions":48}}},{"hash":"36d7760dd60fc98ba266131f45e03dfa6b31bc15","messageTitle":"Hotfix to remove unicode faces","messageBody":"","fileTypesAndContributionMap":{"functional-code":{"insertions":3,"deletions":3}}}]},{"date":"2022-03-21","commitResults":[{"hash":"e6590ada3772868f9282494a6563f6c4af24e5a2","messageTitle":"Reformat user guide","messageBody":"","fileTypesAndContributionMap":{"other":{"insertions":1,"deletions":0},"docs":{"insertions":106,"deletions":72}}}]},{"date":"2022-03-22","commitResults":[{"hash":"529ce2a4e8604201adab53aac0cd8aee9c9c450e","messageTitle":"Add data component section and associated UML diagrams","messageBody":"","fileTypesAndContributionMap":{"functional-code":{"insertions":1,"deletions":3},"docs":{"insertions":183,"deletions":55}}},{"hash":"b1385847b608245154b603bd3f4edec042b8d29b","messageTitle":"Minor change to UML diagrams","messageBody":"","fileTypesAndContributionMap":{"docs":{"insertions":6,"deletions":6}}}]},{"date":"2022-03-23","commitResults":[{"hash":"424d7e4a9abc428a05fb720bdcce2b3165cf1899","messageTitle":"Add support for hiding completed tasks, minor cosmetic fixes","messageBody":"","fileTypesAndContributionMap":{"functional-code":{"insertions":115,"deletions":108},"test-code":{"insertions":17,"deletions":19}}},{"hash":"211cbf92d6b0bc054ac5e5db66c8b26c75bbffd6","messageTitle":"Code refactor, rename tasks package to data","messageBody":"","fileTypesAndContributionMap":{"functional-code":{"insertions":54,"deletions":101},"other":{"insertions":31,"deletions":23},"test-code":{"insertions":8,"deletions":14}}},{"hash":"a9757b866915b7844f37dd05e1aca2e57aa1012e","messageTitle":"Update DG, minor fix to in-app help","messageBody":"","fileTypesAndContributionMap":{"functional-code":{"insertions":2,"deletions":2},"docs":{"insertions":34,"deletions":1}}}]},{"date":"2022-03-24","commitResults":[{"hash":"cd60c540e71df69d45f03599c3350c908f8d3ddd","messageTitle":"Cleanup user guide, update in-app help messages","messageBody":"","fileTypesAndContributionMap":{"functional-code":{"insertions":17,"deletions":17},"docs":{"insertions":52,"deletions":15}}},{"hash":"b0a1946a8c5f3a12e8ff1e0d54bf6b3570cfdd9a","messageTitle":"Cleanup DG, slight code refactor","messageBody":"","fileTypesAndContributionMap":{"functional-code":{"insertions":4,"deletions":4},"other":{"insertions":2,"deletions":2},"docs":{"insertions":69,"deletions":62}}}]},{"date":"2022-03-25","commitResults":[{"hash":"73e14b415ca633a15a98adf5a71fcb85e4b2da4c","messageTitle":"Fix GPACommand bug, update UML diagrams","messageBody":"","fileTypesAndContributionMap":{"functional-code":{"insertions":3,"deletions":3},"docs":{"insertions":96,"deletions":81}}},{"hash":"5bbe8e79f9054593d4f909c184b964808aed5a84","messageTitle":"Small DG changes + code refactor to resolve checkstyle issue","messageBody":"","fileTypesAndContributionMap":{"functional-code":{"insertions":2,"deletions":4},"other":{"insertions":2,"deletions":2},"docs":{"insertions":2,"deletions":2}}},{"hash":"d46372d335900706826814728548210651742bb0","messageTitle":"Fix UML diagrams","messageBody":"","fileTypesAndContributionMap":{"docs":{"insertions":29,"deletions":32}}}]},{"date":"2022-03-28","commitResults":[{"hash":"f025a625250ad524811c458f33d10d28f0c70e4c","messageTitle":"Tweak option help text, refactor test cases","messageBody":"","fileTypesAndContributionMap":{"functional-code":{"insertions":14,"deletions":1},"test-code":{"insertions":46,"deletions":316}}},{"hash":"cb80813997b3f553dccda61ac8084a5f2c3cc736","messageTitle":"Add horizontal lines to separate command sections","messageBody":"","fileTypesAndContributionMap":{"docs":{"insertions":25,"deletions":0}}},{"hash":"afef9d5475a74d1d8fa5063a9eaa42b86819e3c2","messageTitle":"Resolve JUnit test failure","messageBody":"","fileTypesAndContributionMap":{"functional-code":{"insertions":2,"deletions":3}}}]},{"date":"2022-03-29","commitResults":[{"hash":"30f17fc21b3c59eef279762b26d3b0ba141b4fee","messageTitle":"Rename config flag and update code accordingly","messageBody":"","fileTypesAndContributionMap":{"functional-code":{"insertions":28,"deletions":23},"test-code":{"insertions":9,"deletions":9}}},{"hash":"9be7cf0a7996991bfc0353083509186caeeb87a0","messageTitle":"Resolve checkstyle issues","messageBody":"","fileTypesAndContributionMap":{"test-code":{"insertions":4,"deletions":4}}},{"hash":"ddf59d27a112fc625019ecf008f74a3d1c59d39f","messageTitle":"Update UG phrasing and formatting","messageBody":"","fileTypesAndContributionMap":{"docs":{"insertions":111,"deletions":103}}}]},{"date":"2022-03-30","commitResults":[{"hash":"04b484aba4987576b832ad6e97404a5405a238a6","messageTitle":"Edit UG based on peer review feedback","messageBody":"","fileTypesAndContributionMap":{"docs":{"insertions":18,"deletions":12}}},{"hash":"a577470246b3e75da0387ba20c34c53efcacc4e6","messageTitle":"Fix class diagrams (hopefully)","messageBody":"","fileTypesAndContributionMap":{"docs":{"insertions":64,"deletions":57}}},{"hash":"3c165c83dd84f13774d6e9ee74ac3744ab179c01","messageTitle":"Fix #125, update some JUnit tests","messageBody":"","fileTypesAndContributionMap":{"functional-code":{"insertions":23,"deletions":2},"test-code":{"insertions":5,"deletions":4}}},{"hash":"55354967e3d1d30a4172ba653d2754da8f3ff024","messageTitle":"Update UG, fix some bugs","messageBody":"","fileTypesAndContributionMap":{"functional-code":{"insertions":17,"deletions":13},"other":{"insertions":2,"deletions":2},"docs":{"insertions":49,"deletions":9},"test-code":{"insertions":10,"deletions":17}}}]},{"date":"2022-04-05","commitResults":[{"hash":"3240da23525089a929fd6564d5c9d732eafa4b8a","messageTitle":"Code cleanup as per TA feedback","messageBody":"","fileTypesAndContributionMap":{"functional-code":{"insertions":22,"deletions":25},"test-code":{"insertions":2,"deletions":2}}},{"hash":"5b2043b64b205d00c5d60581cf9f97e11e3b60af","messageTitle":"Fix #136 and #140","messageBody":"","fileTypesAndContributionMap":{"functional-code":{"insertions":28,"deletions":9}}}]},{"date":"2022-04-06","commitResults":[{"hash":"0945884e4fb2fb48d540eaa92826b882d5ccdc9b","messageTitle":"Attempt to fix UG formatting","messageBody":"","fileTypesAndContributionMap":{"docs":{"insertions":241,"deletions":239}}},{"hash":"f58705f2f700c184116ced982b6871a4d4e6a2a7","messageTitle":"Fix some inconsistencies","messageBody":"","fileTypesAndContributionMap":{"docs":{"insertions":24,"deletions":23}}},{"hash":"df0097c164c85e1ec0b4922f4e3640bc6f7913e0","messageTitle":"Update user input prompt to match UG","messageBody":"","fileTypesAndContributionMap":{"functional-code":{"insertions":2,"deletions":0},"docs":{"insertions":1,"deletions":1}}},{"hash":"360d8368ad46887a05c5f5b6276741f4b7dff730","messageTitle":"Add PPP draft","messageBody":"","fileTypesAndContributionMap":{"docs":{"insertions":52,"deletions":3}}},{"hash":"fdcf1a81e23cd8d003ff058ec0def7d702c45cba","messageTitle":"Fix hyperlink error in about us","messageBody":"","fileTypesAndContributionMap":{"docs":{"insertions":5,"deletions":5}}}]},{"date":"2022-04-08","commitResults":[{"hash":"9b5a794c2a73387a249efe8cc2569bd122b2540c","messageTitle":"Attempt to fix github pages formatting errors","messageBody":"","fileTypesAndContributionMap":{"docs":{"insertions":30,"deletions":1}}},{"hash":"e5f3d31f4550821f6e8c963225bc19e202932c67","messageTitle":"Attempt to fix github pages formatting issues... again","messageBody":"","fileTypesAndContributionMap":{"docs":{"insertions":220,"deletions":216}}}]},{"date":"2022-04-09","commitResults":[{"hash":"bb932312e338d9fbcb0a2bec3759bb641279ea04","messageTitle":"Add reposense authorship tags","messageBody":"","fileTypesAndContributionMap":{"functional-code":{"insertions":20,"deletions":13},"test-code":{"insertions":4,"deletions":4}}},{"hash":"2bfcd62c455ad936ead85e2336393f31761f8399","messageTitle":"Improve wording of some error messages","messageBody":"","fileTypesAndContributionMap":{"functional-code":{"insertions":5,"deletions":5}}},{"hash":"7ea209e2b717581771bb858be6928ad361edb440","messageTitle":"Add data verification for config file","messageBody":"","fileTypesAndContributionMap":{"functional-code":{"insertions":43,"deletions":5}}},{"hash":"a76184cfe70488b97bcc657d351a465422d87f96","messageTitle":"Add more checks for task and module loading","messageBody":"","fileTypesAndContributionMap":{"functional-code":{"insertions":81,"deletions":32},"test-code":{"insertions":8,"deletions":8}}},{"hash":"061747e9dc512953330f6cd8b8c9ee2c56330830","messageTitle":"Fix for null grade","messageBody":"","fileTypesAndContributionMap":{"functional-code":{"insertions":11,"deletions":2}}},{"hash":"26bab0d8d7e886d1c8390256171cb30085961eeb","messageTitle":"Add reposense tags to new files","messageBody":"","fileTypesAndContributionMap":{"functional-code":{"insertions":5,"deletions":1}}},{"hash":"8ff7ceeecb338fd4f020338d2ba290570c5d386f","messageTitle":"Update DG with details on data-load error handling","messageBody":"","fileTypesAndContributionMap":{"functional-code":{"insertions":0,"deletions":1},"docs":{"insertions":26,"deletions":9}}}]},{"date":"2022-04-10","commitResults":[{"hash":"e95b5194835fb8c71f3a5cf9e2ed717129ad2826","messageTitle":"Improve code quality","messageBody":"","fileTypesAndContributionMap":{"functional-code":{"insertions":61,"deletions":54},"docs":{"insertions":2,"deletions":2}}},{"hash":"e4f380b2e146469f3e158f48197ee356a59a4cb9","messageTitle":"Fix error when removing task description","messageBody":"","fileTypesAndContributionMap":{"functional-code":{"insertions":7,"deletions":2}}},{"hash":"3e5a8027679574bac618d6219395cdee3e43bd3d","messageTitle":"Update UG to explain removing parameters","messageBody":"","fileTypesAndContributionMap":{"docs":{"insertions":7,"deletions":1}}},{"hash":"fb00f692e47a30b64edae0959582f8376fe35e6f","messageTitle":"Fix typo in DG","messageBody":"","fileTypesAndContributionMap":{"docs":{"insertions":4,"deletions":4}}}]}],"Yzkkk":[{"date":"2022-03-03","commitResults":[{"hash":"3a19ad5f8ae52b3bf2747bcc7d3932448f406064","messageTitle":"added Github profile","messageBody":"","fileTypesAndContributionMap":{"docs":{"insertions":4,"deletions":7}}},{"hash":"4d9d0ec9e75fc3b72b76de0d2a27c44a5b689a4d","messageTitle":"edited About us","messageBody":"","fileTypesAndContributionMap":{"docs":{"insertions":1,"deletions":0}}}]},{"date":"2022-03-07","commitResults":[{"hash":"b5c2ebf8c28f084a2f8b22c2242392bc6d2cc89a","messageTitle":"Added AddCommand and AddParser class","messageBody":"","fileTypesAndContributionMap":{"functional-code":{"insertions":57,"deletions":4}}},{"hash":"a5d7091836b666738fabfd9a8f82c5d21ca06630","messageTitle":"Implemented add tasks","messageBody":"","fileTypesAndContributionMap":{"functional-code":{"insertions":49,"deletions":16}}}]},{"date":"2022-03-08","commitResults":[{"hash":"47c84ce7ffb1504b64e543c9296e1aaf179fac8c","messageTitle":"Implemented Task Class and added task package","messageBody":"","fileTypesAndContributionMap":{"functional-code":{"insertions":20,"deletions":3}}},{"hash":"c19d2ecdef9b2448e478ae6868fa7c8f2f16bf37","messageTitle":"Implemented MarkParser","messageBody":"","fileTypesAndContributionMap":{"functional-code":{"insertions":92,"deletions":0}}},{"hash":"9e88385f434b0ca9ed9ae5fd1c02a655c7f39f6c","messageTitle":"made minor changes","messageBody":"","fileTypesAndContributionMap":{"functional-code":{"insertions":1,"deletions":0}}},{"hash":"4646b5a0e1160c21e68989739852a2a026ca24ee","messageTitle":"Included MarkCommand under ModHappyParser","messageBody":"","fileTypesAndContributionMap":{"functional-code":{"insertions":5,"deletions":5}}},{"hash":"3d786754e45d285e4c090ed165c0630430665ebd","messageTitle":"fixed typo","messageBody":"","fileTypesAndContributionMap":{"functional-code":{"insertions":6,"deletions":3}}},{"hash":"ae6ac7afcf78792a68bdbf66191bbb3dec8eea33","messageTitle":"fixed coding standard","messageBody":"","fileTypesAndContributionMap":{"functional-code":{"insertions":13,"deletions":15}}},{"hash":"84f27b56957c97a38c3a8a5e329e8928bb597802","messageTitle":"fixed coding standard","messageBody":"","fileTypesAndContributionMap":{"functional-code":{"insertions":7,"deletions":2}}},{"hash":"d84c815ab01bd77239205174c0b055b56d9dd8cf","messageTitle":"implemented list tasks","messageBody":"","fileTypesAndContributionMap":{"functional-code":{"insertions":9,"deletions":5}}},{"hash":"e8b0e72a6754663d9176fd96ca0b01f94763c020","messageTitle":"Finished implementing MarkCommand and MarkParser, added status to tasks","messageBody":"","fileTypesAndContributionMap":{"functional-code":{"insertions":45,"deletions":14}}},{"hash":"762ad9b6b67f85bf082f2f90f03820e70686260b","messageTitle":"resolved issues","messageBody":"","fileTypesAndContributionMap":{"functional-code":{"insertions":8,"deletions":10}}}]},{"date":"2022-03-12","commitResults":[{"hash":"e30aec01af4bd350f12a83b47d9827993ad7f870","messageTitle":"minor changes","messageBody":"","fileTypesAndContributionMap":{"functional-code":{"insertions":5,"deletions":3}}},{"hash":"cad252841a13cb31113fcebfcd3d685177f16a37","messageTitle":"Added more Junit tests for addCommand, deleteCommand and markCommand","messageBody":"","fileTypesAndContributionMap":{"test-code":{"insertions":156,"deletions":26}}},{"hash":"e95e70b0756dc4f67d876f067a6dfb6e8224b936","messageTitle":"update code quality","messageBody":"","fileTypesAndContributionMap":{"functional-code":{"insertions":1,"deletions":1}}}]},{"date":"2022-03-13","commitResults":[{"hash":"ba3e7cc63c2c01b4b5829e939a237da0d8f60542","messageTitle":"Extracted strings to TextUi class","messageBody":"","fileTypesAndContributionMap":{"functional-code":{"insertions":151,"deletions":61}}},{"hash":"4edb4eea7281872a3c1e0bd88cdf7d76f5488289","messageTitle":"updated code quality","messageBody":"","fileTypesAndContributionMap":{"functional-code":{"insertions":12,"deletions":12}}}]},{"date":"2022-03-14","commitResults":[{"hash":"b0533703ae2431fe4494ddaf8ea939e84a673ed2","messageTitle":"Extracted strings to a new class StringConstants","messageBody":"","fileTypesAndContributionMap":{"functional-code":{"insertions":159,"deletions":153}}},{"hash":"fab2acebc3d44a9276a2d9d9c8202e7b5645cd09","messageTitle":"updated code to resolve merge conflict","messageBody":"","fileTypesAndContributionMap":{"functional-code":{"insertions":2,"deletions":0}}},{"hash":"e536469995cc59ff88f271cb31baaa08ce1878e9","messageTitle":"fixed typo","messageBody":"","fileTypesAndContributionMap":{"functional-code":{"insertions":1,"deletions":1}}},{"hash":"45ef277ff700454adc694d704910badfa2d69cbb","messageTitle":"updated code quality","messageBody":"","fileTypesAndContributionMap":{"functional-code":{"insertions":4,"deletions":2}}}]},{"date":"2022-03-16","commitResults":[{"hash":"205b18573464ead8f891ba59162e35ac69517081","messageTitle":"added Quick Start, Mark and List commands in UG","messageBody":"","fileTypesAndContributionMap":{"docs":{"insertions":25,"deletions":4}}},{"hash":"5f4c2b23f57b5c284c9c8fd84ccb9cde4a51ebdc","messageTitle":"update code quality","messageBody":"","fileTypesAndContributionMap":{"docs":{"insertions":20,"deletions":20},"test-code":{"insertions":2,"deletions":2}}},{"hash":"7b46be63b1b2d50c0c52b2b449834464dbbb630e","messageTitle":"updated base on comment","messageBody":"","fileTypesAndContributionMap":{"docs":{"insertions":7,"deletions":5}}},{"hash":"ea5db549bf2b1c0c355366a7bb7c7db6d97cbee3","messageTitle":"update code quality","messageBody":"","fileTypesAndContributionMap":{"docs":{"insertions":1,"deletions":1}}},{"hash":"68c179fa1140a5b4d42678c3fe868257b21d123d","messageTitle":"edited README","messageBody":"","fileTypesAndContributionMap":{"docs":{"insertions":7,"deletions":4}}}]},{"date":"2022-03-22","commitResults":[{"hash":"750472bb8ef16e37518a8a096cb67617ad605e68","messageTitle":"update on UG","messageBody":"","fileTypesAndContributionMap":{"docs":{"insertions":2,"deletions":2}}},{"hash":"02162d33614d57301fdf3351bd6d6e9da524c42b","messageTitle":"implemented GpaCommand","messageBody":"","fileTypesAndContributionMap":{"functional-code":{"insertions":88,"deletions":13}}},{"hash":"a81fb4e0f3a7acbd8eef7177048050505fa9b282","messageTitle":"update code quality","messageBody":"","fileTypesAndContributionMap":{"functional-code":{"insertions":5,"deletions":1}}}]},{"date":"2022-03-23","commitResults":[{"hash":"cf90012f5623191f462f6714fd71429c02c9e487","messageTitle":"made changes according to comments","messageBody":"","fileTypesAndContributionMap":{"functional-code":{"insertions":4,"deletions":5},"docs":{"insertions":4,"deletions":0}}},{"hash":"abbda110920586bfb42e17fbb516db6a005844c0","messageTitle":"added description for GPA command","messageBody":"","fileTypesAndContributionMap":{"docs":{"insertions":22,"deletions":4}}},{"hash":"9cc35d122e06bf6458068193cfe39c3a50101814","messageTitle":"added GPA.puml","messageBody":"","fileTypesAndContributionMap":{"docs":{"insertions":49,"deletions":2}}}]},{"date":"2022-03-24","commitResults":[{"hash":"cf6e4d8af0b3efa2ace527b1e0846c7ec0858dfd","messageTitle":"fixed numbered list","messageBody":"","fileTypesAndContributionMap":{"docs":{"insertions":17,"deletions":11}}}]},{"date":"2022-03-27","commitResults":[{"hash":"aa6f8d020af60e0953f49667b4bcd3cf58bde833","messageTitle":"added junit code for some commands","messageBody":"","fileTypesAndContributionMap":{"test-code":{"insertions":101,"deletions":13}}},{"hash":"54e3a01e50d86519535b8bdf9067ea4426209806","messageTitle":"added junit tests for HelpCommand, OptionCommand and some others","messageBody":"","fileTypesAndContributionMap":{"functional-code":{"insertions":13,"deletions":2},"test-code":{"insertions":159,"deletions":47}}},{"hash":"913deb8ffb30b2555170bf462e9456a05e2e2ce4","messageTitle":"fixed minor typo","messageBody":"","fileTypesAndContributionMap":{"test-code":{"insertions":4,"deletions":2}}},{"hash":"82c78d480a79792c4dfc75bb956b97c7323aa433","messageTitle":"fixed gradle error","messageBody":"","fileTypesAndContributionMap":{"test-code":{"insertions":0,"deletions":39}}}]},{"date":"2022-03-29","commitResults":[{"hash":"36750dbc45bfcee7534aa60477e0f0fee1913ffa","messageTitle":"added javadoc","messageBody":"","fileTypesAndContributionMap":{"functional-code":{"insertions":86,"deletions":3},"test-code":{"insertions":53,"deletions":1}}}]},{"date":"2022-03-30","commitResults":[{"hash":"32c8286f3c583c7d18ccca51acf3b6a0726a5b72","messageTitle":"minor edit","messageBody":"","fileTypesAndContributionMap":{"functional-code":{"insertions":7,"deletions":5}}}]},{"date":"2022-03-31","commitResults":[{"hash":"36d8103cb2e4a03fe91c0f89cf72acf8d720f4ef","messageTitle":"minor edits","messageBody":"","fileTypesAndContributionMap":{"functional-code":{"insertions":6,"deletions":0}}}]},{"date":"2022-04-02","commitResults":[{"hash":"a75baabfd0a91ce3072836bd55933f352906fa04","messageTitle":"made some error messages more informative","messageBody":"","fileTypesAndContributionMap":{"functional-code":{"insertions":83,"deletions":21},"other":{"insertions":3,"deletions":3},"test-code":{"insertions":28,"deletions":57}}},{"hash":"f8c80750baae1ded33f287821f4357cf0a2e700c","messageTitle":"made changes on documentation","messageBody":"","fileTypesAndContributionMap":{"functional-code":{"insertions":18,"deletions":18}}},{"hash":"a26d2626c3b5f42a09e5a1a2dcb05053ee3e45cd","messageTitle":"minor edits","messageBody":"","fileTypesAndContributionMap":{"functional-code":{"insertions":18,"deletions":15}}},{"hash":"697c3ef4c111701f1af7c7993979ed5ee32a34d6","messageTitle":"minor edits","messageBody":"","fileTypesAndContributionMap":{"functional-code":{"insertions":8,"deletions":4}}},{"hash":"7a684a60d000b41497b02bdf1c09ef38147eaf08","messageTitle":"commented some of the test cases","messageBody":"","fileTypesAndContributionMap":{"test-code":{"insertions":35,"deletions":9}}},{"hash":"1fbbb854f479f2f525f1522985eac90fd6a13eb3","messageTitle":"commented junit test case","messageBody":"","fileTypesAndContributionMap":{"test-code":{"insertions":4,"deletions":1}}},{"hash":"3e7902fafb6241333c6d2075ccad53f532cf0b30","messageTitle":"added exception to account for spaces added as parameters","messageBody":"","fileTypesAndContributionMap":{"functional-code":{"insertions":119,"deletions":16},"other":{"insertions":2,"deletions":2},"test-code":{"insertions":1,"deletions":1}}},{"hash":"c8fba546d9ca83a952a244749eeb99137941ac62","messageTitle":"minor edits","messageBody":"","fileTypesAndContributionMap":{"functional-code":{"insertions":8,"deletions":41}}},{"hash":"4cd906f7fa34be7542f41e15d980d62527e0f9cc","messageTitle":"minor edits","messageBody":"","fileTypesAndContributionMap":{"functional-code":{"insertions":2,"deletions":2}}},{"hash":"c7bdac345e5c73f43c85f7f27071c1f905580d12","messageTitle":"minor edits","messageBody":"","fileTypesAndContributionMap":{"functional-code":{"insertions":1,"deletions":2}}}]},{"date":"2022-04-03","commitResults":[{"hash":"8f926077761a294a5222df1426daa178c6cbe05d","messageTitle":"minor edits","messageBody":"","fileTypesAndContributionMap":{"test-code":{"insertions":2,"deletions":2}}},{"hash":"884047f642b5acfab8d3eb3fd8099c5aa480a420","messageTitle":"made error messages and exceptions more descriptive","messageBody":"","fileTypesAndContributionMap":{"functional-code":{"insertions":166,"deletions":33}}},{"hash":"37689f0e10c14dde558f4172977a8cbec88521c0","messageTitle":"minor edits","messageBody":"","fileTypesAndContributionMap":{"functional-code":{"insertions":2,"deletions":1}}},{"hash":"0d33ed74e31c2bdc383ec29a2a9bb5caebf0b963","messageTitle":"commented out some test cases","messageBody":"","fileTypesAndContributionMap":{"test-code":{"insertions":23,"deletions":1}}}]},{"date":"2022-04-05","commitResults":[{"hash":"4775b20eae9b222587da355d7df0485ec90eea04","messageTitle":"documented regex","messageBody":"","fileTypesAndContributionMap":{"functional-code":{"insertions":41,"deletions":7}}},{"hash":"95423fa7de1fd65b53183e14906a27481cdccb06","messageTitle":"minor edits","messageBody":"","fileTypesAndContributionMap":{"functional-code":{"insertions":2,"deletions":1}}},{"hash":"a8a20bdcf4c17767241bd4a114f68bfedee6f970","messageTitle":"fixed bugs","messageBody":"","fileTypesAndContributionMap":{"functional-code":{"insertions":12,"deletions":10}}},{"hash":"3f15a996478c2129e6a186cd9b011aa411763bc0","messageTitle":"minor edits","messageBody":"","fileTypesAndContributionMap":{"test-code":{"insertions":4,"deletions":4}}},{"hash":"f852dba160bcf11cf5c7d8b212d86179267723c9","messageTitle":"minor edits","messageBody":"","fileTypesAndContributionMap":{"functional-code":{"insertions":0,"deletions":1}}}]},{"date":"2022-04-06","commitResults":[{"hash":"f1454f26752813565958af581609a66e25ebc55c","messageTitle":"updated code quality","messageBody":"","fileTypesAndContributionMap":{"functional-code":{"insertions":35,"deletions":19}}}]},{"date":"2022-04-07","commitResults":[{"hash":"fecab065dd373ee9729cd179d8e4486630879d6c","messageTitle":"Edited task duration format and added PPP","messageBody":"","fileTypesAndContributionMap":{"docs":{"insertions":0,"deletions":0}}},{"hash":"f81bbf7da5d025248d3b7ef7ab4827fc03c86945","messageTitle":"updated UG","messageBody":"","fileTypesAndContributionMap":{"functional-code":{"insertions":4,"deletions":2},"docs":{"insertions":47,"deletions":11}}},{"hash":"ad7232ca688fa550220c155ea6f9950adcdfa6d3","messageTitle":"updated PPP","messageBody":"","fileTypesAndContributionMap":{"docs":{"insertions":6,"deletions":4}}},{"hash":"a64c611d5a574ec72c2d211971f1c055fb149619","messageTitle":"updated PPP","messageBody":"","fileTypesAndContributionMap":{"docs":{"insertions":3,"deletions":2}}},{"hash":"e4b6474417f10018b197106d90d48d71851f25b8","messageTitle":"updated PPP","messageBody":"","fileTypesAndContributionMap":{"functional-code":{"insertions":1,"deletions":6},"docs":{"insertions":1,"deletions":1}}}]},{"date":"2022-04-08","commitResults":[{"hash":"644398d2e137694eeaabce10e344752c69fe50d1","messageTitle":"fixed bug","messageBody":"","fileTypesAndContributionMap":{"functional-code":{"insertions":18,"deletions":20}}},{"hash":"a20f053eb4fe8ac9e5517b63f999ca70a56adbe4","messageTitle":"updated code quality","messageBody":"","fileTypesAndContributionMap":{"functional-code":{"insertions":4,"deletions":3},"docs":{"insertions":2,"deletions":1}}}]},{"date":"2022-04-10","commitResults":[{"hash":"ecb77c00a9ee324cced43bc51823d899ce4ddf0e","messageTitle":"minor edits","messageBody":"","fileTypesAndContributionMap":{"functional-code":{"insertions":43,"deletions":43}}},{"hash":"17a1081b03b45b17a30d07a4da44b55cbbe0c725","messageTitle":"minor edits","messageBody":"","fileTypesAndContributionMap":{"functional-code":{"insertions":51,"deletions":51}}},{"hash":"ae861fb699a76f3204576c3bac183383e4671e5a","messageTitle":"minor edits","messageBody":"","fileTypesAndContributionMap":{"functional-code":{"insertions":19,"deletions":18}}},{"hash":"ea6876107fc1b73f92f6d9e1395eb00bc807de44","messageTitle":"no message","messageBody":"","fileTypesAndContributionMap":{"functional-code":{"insertions":18,"deletions":18}}}]}],"Ch40gRv1-Mu":[{"date":"2022-03-03","commitResults":[{"hash":"bde5e31babb412e1d05810eca5f4ef716f8c2d04","messageTitle":"Update README.md","messageBody":"","fileTypesAndContributionMap":{"docs":{"insertions":2,"deletions":1}}}]},{"date":"2022-03-06","commitResults":[{"hash":"2a858af14701ff0619a47a20e7454b436e6f4c18","messageTitle":"Add a comment","messageBody":"","fileTypesAndContributionMap":{"functional-code":{"insertions":1,"deletions":0}}},{"hash":"3e00731a495a21b93bacb98674f3f8e73e9b2f7f","messageTitle":"Update portfolio","messageBody":"Update portfolio to add my information\n","fileTypesAndContributionMap":{"docs":{"insertions":1,"deletions":5}}},{"hash":"2599b6086aa8ca94a2edb71aa19daf1e47db6147","messageTitle":"Add UI","messageBody":"1. Add a basic UI that supports\na. read from user; b. echo the text message from the user; c. show hello message; d. show goodbye message; e. show initialization message; 2. Refers to address-book 2 for the Main class to apply the UI\n","fileTypesAndContributionMap":{"functional-code":{"insertions":198,"deletions":22},"other":{"insertions":2,"deletions":2},"docs":{"insertions":1,"deletions":1}}},{"hash":"c1cc83ce0722f5996648a27a06347c28263bfa5a","messageTitle":"Fix Javadoc","messageBody":"","fileTypesAndContributionMap":{"functional-code":{"insertions":7,"deletions":10}}},{"hash":"46e4f70a7420ca664759c11d7df54001d05f1c0b","messageTitle":"Create TextUiTest.java","messageBody":"Add JUnit for Ui\n","fileTypesAndContributionMap":{"test-code":{"insertions":11,"deletions":0}}},{"hash":"324c3e29c83919bdc2bfabb5545c19dae024ca0b","messageTitle":"Fix Coding Standards","messageBody":"Fix Coding Standards\n","fileTypesAndContributionMap":{"functional-code":{"insertions":7,"deletions":5}}},{"hash":"3a1135e85937fe701b1f195a6df8ce6737858de3","messageTitle":"Fix Javadoc in TextUi.java","messageBody":"Fix Javadoc in TextUi.java\n","fileTypesAndContributionMap":{"functional-code":{"insertions":7,"deletions":7}}},{"hash":"0e41662da1ab84dab0282a462b2c3168ba0692af","messageTitle":"Fix Import spaceline","messageBody":"Fix Import spaceline\n","fileTypesAndContributionMap":{"functional-code":{"insertions":4,"deletions":3}}},{"hash":"869cd310a153b0f33aaa9325251ed428dcf3cb6f","messageTitle":"Update import spaceline","messageBody":"Update import spaceline\n","fileTypesAndContributionMap":{"functional-code":{"insertions":1,"deletions":0}}},{"hash":"8a6e72f9500b566d199ccc4eaa33c58a37f0fdfb","messageTitle":"Fix Coding Standards","messageBody":"Fix Coding Standards\n","fileTypesAndContributionMap":{"functional-code":{"insertions":2,"deletions":5}}},{"hash":"cadda5f2804ab1daeb500fbc2c09f7e2178d7f0a","messageTitle":"Fix Coding Standard","messageBody":"Fix Coding Standard\n","fileTypesAndContributionMap":{"functional-code":{"insertions":1,"deletions":2},"test-code":{"insertions":1,"deletions":0}}},{"hash":"5dc0c97160120c22b95ce90d9b8f74453c7d31e2","messageTitle":"Fix the gradle.yml bug","messageBody":"Delete the redirection test in  gradle.yml bug; No redirection test case available\n","fileTypesAndContributionMap":{"other":{"insertions":1,"deletions":1}}},{"hash":"8a892c1238016f739f007cfdb64ddc81805d7334","messageTitle":"Add Parser, ModHappyParser, ExitCommand","messageBody":"Parser is the parent class of all parser, that provide method to parse any format of string; ModHappyParser is the parser to parse general format of command;\n","fileTypesAndContributionMap":{"functional-code":{"insertions":216,"deletions":9}}}]},{"date":"2022-03-07","commitResults":[{"hash":"15cdc51cdb05d955f161deaafef5f3685659972a","messageTitle":"Fix the regex in ModHappyParser","messageBody":"Change from (?\u003ccommandWord\u003e\\\\S+)(?\u003carguments\u003e.*) to (?\u003ccommandWord\u003e\\\\S+)\\\\s*(?\u003carguments\u003e.*) to fix the possible space between commanWord and arguments\n","fileTypesAndContributionMap":{"functional-code":{"insertions":2,"deletions":30}}},{"hash":"3a6d0f988d5a7fd5e4f68981b58858744ed4d594","messageTitle":"Remove unnecessary exception in ModHappyParser","messageBody":"Remove unnecessary exception in ModHappyParser\n","fileTypesAndContributionMap":{"functional-code":{"insertions":1,"deletions":1}}},{"hash":"0cf895c2d821f20f5fa03ce31fb4b2d55febece2","messageTitle":"Add reference for runCommandLoopUntilExitCommand and exit in Main","messageBody":"Add the link to reference in the Java Doc for runCommandLoopUntilExitCommand and exit in Main\n","fileTypesAndContributionMap":{"functional-code":{"insertions":5,"deletions":1}}},{"hash":"9d5f2de7e1eba8606376a953e6f248fd65fc2953","messageTitle":"Refactor the name for UnknownCommandException","messageBody":"Refactor name for UnknownCommandException\n","fileTypesAndContributionMap":{"functional-code":{"insertions":4,"deletions":4},"other":{"insertions":3,"deletions":3}}},{"hash":"9821d06946261511b06ae84390f3c85a780ab98f","messageTitle":"Add JUnit for Parser","messageBody":"Add JUnit for Parser to test the parser function; Made a regex using for parsing flag and arguments of add operation to test the parser function.\n","fileTypesAndContributionMap":{"functional-code":{"insertions":1,"deletions":1},"test-code":{"insertions":72,"deletions":1}}},{"hash":"6b7aa7ec20cfe6699bbeb132297e3577642c9c8a","messageTitle":"Fix coding standard for ParserTest","messageBody":"Fix coding standard for ParserTest\n","fileTypesAndContributionMap":{"test-code":{"insertions":13,"deletions":10}}},{"hash":"c4061226c94ad58b002e90e1e8e6611c317bf7d9","messageTitle":"Fix a typo in comments","messageBody":"Fix a typo in comments of ParserTest\n","fileTypesAndContributionMap":{"test-code":{"insertions":1,"deletions":1}}}]},{"date":"2022-03-08","commitResults":[{"hash":"0c818564febc624e70a5bfcce9c85013673a56cb","messageTitle":"Modify the CommandResult to support ArrayList type result","messageBody":"Modify the CommandResult to support ArrayList type result\n","fileTypesAndContributionMap":{"functional-code":{"insertions":44,"deletions":8}}},{"hash":"664509186b9d6e2384d7918324668125fc1bdf6a","messageTitle":"Update ParserTest.java","messageBody":"Update ParserTest.java to include test of regex of mark\n","fileTypesAndContributionMap":{"test-code":{"insertions":42,"deletions":8}}},{"hash":"f62acbbfd72c0683cdc078d1d9beda97d3f87632","messageTitle":"Create ModHappyParserTest","messageBody":"A JUnit for ModHappyParser\n","fileTypesAndContributionMap":{"test-code":{"insertions":28,"deletions":0}}}]},{"date":"2022-03-15","commitResults":[{"hash":"cbe96310e84f4a356fdb7410158796ec6fc00d01","messageTitle":"Add SaveCommand; Storage, ListStorage, ModuleListStorage, TaskListStorage, and Corresponding JUnit","messageBody":"Add: 1. Storage; 2. ListStorage; 3. ModuleListStorage; 4. TaskListStorage; 5. SaveCommand; 6. ParseTest; 7. ModuleListStorageTest; 8. TaskListStorageTest\n","fileTypesAndContributionMap":{"functional-code":{"insertions":304,"deletions":14},"other":{"insertions":1,"deletions":0},"test-code":{"insertions":678,"deletions":474}}},{"hash":"4571b990b2d7d5353dcf304d8709c756e2138a62","messageTitle":"Refactor the parse directory under test","messageBody":"Refactor the parse directory under test\n","fileTypesAndContributionMap":{"other":{"insertions":5,"deletions":11}}},{"hash":"a9c24e341e61d9dc436942ac0eb0bcf11b37fe9d","messageTitle":"Synchronize the ModHappyParserTest.java","messageBody":"Synchronize the ModHappyParserTest.java\n","fileTypesAndContributionMap":{"test-code":{"insertions":277,"deletions":32}}},{"hash":"7ca26942d822593ff2824d13d9e3c2469b3d4a6e","messageTitle":"Update TaskList.java","messageBody":"Handle the case when the taskList is empty\n","fileTypesAndContributionMap":{"functional-code":{"insertions":6,"deletions":1}}}]},{"date":"2022-03-16","commitResults":[{"hash":"b1196dad82a959982a5c3a546e0de40bd3374ae9","messageTitle":"Update ModHappyParser, ModuleListStorage, TaskListStorage","messageBody":"Optimize the ModHappyParser commands dealing branch; Fix type\n","fileTypesAndContributionMap":{"functional-code":{"insertions":7,"deletions":6}}},{"hash":"295a463631c63a3f7a77320cdba13a98d5cbe7d3","messageTitle":"Fix bug made by refactoring","messageBody":"Fix bug made by refactoring list in TaskList\n","fileTypesAndContributionMap":{"functional-code":{"insertions":1,"deletions":1}}},{"hash":"8ccdef3475b9dd0b4ed33bf3bb544df4eca39f0a","messageTitle":"Update README.md","messageBody":"Change the title of the README.md","fileTypesAndContributionMap":{"docs":{"insertions":1,"deletions":1}}}]},{"date":"2022-03-17","commitResults":[{"hash":"ac57490170e24738805829e1a12900e290beb400","messageTitle":"Create Component.puml, Parser.puml","messageBody":"Create Component.puml, Parser.puml\n","fileTypesAndContributionMap":{"docs":{"insertions":25,"deletions":0}}},{"hash":"50ba36c90df12739cb0ec167da84ee62269c2df1","messageTitle":"Update gitignore","messageBody":"Not ignore Parse.puml\n","fileTypesAndContributionMap":{"docs":{"insertions":37,"deletions":0}}},{"hash":"4fd6b32b8909567cdec774f8931056f7711e73e7","messageTitle":"Update DevelopGuide.md","messageBody":"Update DevelopGuide.md to add two test puml diagram\n","fileTypesAndContributionMap":{"docs":{"insertions":7,"deletions":0}}}]},{"date":"2022-03-19","commitResults":[{"hash":"c3080c288b79622c56f8666cb20a1d44878b9156","messageTitle":"Add Configuration,   OptionParser, OptionCommand, ConfigurationStorage and corresponding JUnit","messageBody":"Add Configuration,  OptionParser, OptionCommand, ConfigurationStorage and corresponding JUnit\n","fileTypesAndContributionMap":{"functional-code":{"insertions":429,"deletions":57},"test-code":{"insertions":139,"deletions":8}}}]},{"date":"2022-03-21","commitResults":[{"hash":"51ef8c06d95285c54d5e06913a76972117e06690","messageTitle":"Resolve conflicts","messageBody":"Resolve conflicts\n","fileTypesAndContributionMap":{"functional-code":{"insertions":7,"deletions":5}}}]},{"date":"2022-03-22","commitResults":[{"hash":"cfba8eb67c2c03cd5909a9d6efb8418774398023","messageTitle":"Update StringConstants","messageBody":"Update StringConstants\n","fileTypesAndContributionMap":{"functional-code":{"insertions":2,"deletions":2}}},{"hash":"40978df0a8b92e50311e3d12c7495e70611036c2","messageTitle":"Update StringConstands","messageBody":"Update StringConstands\n","fileTypesAndContributionMap":{"functional-code":{"insertions":1,"deletions":1}}},{"hash":"c861890c0d5e4494a59501cf1849b3b4100048d9","messageTitle":"Updates OptionParser","messageBody":"Updates OptionParser\n","fileTypesAndContributionMap":{"functional-code":{"insertions":2,"deletions":4},"test-code":{"insertions":0,"deletions":2}}},{"hash":"f3ff33fc981f6fa7a68af25dd7805517f45e964a","messageTitle":"Update SaveCommand and Main.java","messageBody":"","fileTypesAndContributionMap":{"functional-code":{"insertions":4,"deletions":3}}}]},{"date":"2022-03-23","commitResults":[{"hash":"2260257b99444f978eb12e0df183aa7ab431826e","messageTitle":"Add Storage.puml","messageBody":"Add Storage.puml\n","fileTypesAndContributionMap":{"functional-code":{"insertions":28,"deletions":20},"docs":{"insertions":63,"deletions":0},"test-code":{"insertions":12,"deletions":12}}},{"hash":"1f04d86544b84df32d5b8b176ec7b39c87aa347a","messageTitle":"Update DG","messageBody":"Update DG\n","fileTypesAndContributionMap":{"docs":{"insertions":30,"deletions":3}}}]},{"date":"2022-03-24","commitResults":[{"hash":"3926e03e52b0f1c38029842f13896d6b89304d87","messageTitle":"Update DG","messageBody":"Make description of Storage more general\n","fileTypesAndContributionMap":{"docs":{"insertions":2,"deletions":4}}},{"hash":"fcbeb5d090272da0574ab6075b24011692fa84af","messageTitle":"Update DG","messageBody":"Update the description of XYZParser to make it more precise\n","fileTypesAndContributionMap":{"docs":{"insertions":1,"deletions":1}}}]},{"date":"2022-03-29","commitResults":[{"hash":"15690561dfd199f6aef70b7648aefb33e89c4af1","messageTitle":"Update UG DG","messageBody":"Update UG DG\n","fileTypesAndContributionMap":{"docs":{"insertions":4,"deletions":3}}},{"hash":"2e09dd86bb787387b90d587c9530d7591f0f2a4b","messageTitle":"Update UG/DG, Add ParserSequenceDiagram.puml","messageBody":"Update UG/DG, Add ParserSequenceDiagram.puml\n","fileTypesAndContributionMap":{"docs":{"insertions":59,"deletions":8}}},{"hash":"7d946303030d8909fd7234b950a38a89fa902c99","messageTitle":"Update the Regex for OptionParser","messageBody":"Update the Regex for OptionParser\n","fileTypesAndContributionMap":{"functional-code":{"insertions":1,"deletions":1},"test-code":{"insertions":17,"deletions":5}}},{"hash":"a68f99504623437112e2d5d41333e21841e8ee79","messageTitle":"Fix Coding standards","messageBody":"","fileTypesAndContributionMap":{"functional-code":{"insertions":2,"deletions":1},"test-code":{"insertions":6,"deletions":5}}}]},{"date":"2022-03-30","commitResults":[{"hash":"79d007a949bf244d03f7b971b1309aa193ca8d20","messageTitle":"Add TaskDuration class and corresponding JUnit","messageBody":"Add TaskDuration class and corresponding JUnit\n","fileTypesAndContributionMap":{"functional-code":{"insertions":151,"deletions":19},"test-code":{"insertions":246,"deletions":6}}},{"hash":"bff52e4238e4d0f0be76cd1cb768dd6fc755167f","messageTitle":"Fix ModHappyParser","messageBody":"Fix ModHappyParser\n","fileTypesAndContributionMap":{"functional-code":{"insertions":31,"deletions":25},"test-code":{"insertions":58,"deletions":58}}},{"hash":"11def203bb498bc139ace234225b02816360e671","messageTitle":"Fix coding standard","messageBody":"Fix coding standard\n","fileTypesAndContributionMap":{"test-code":{"insertions":7,"deletions":9}}},{"hash":"cdcdff672b08d1bbbef3978d85776222cfdd8f95","messageTitle":"Update TaskDuration","messageBody":"Update TaskDuration: adding three comments\n","fileTypesAndContributionMap":{"functional-code":{"insertions":4,"deletions":0}}},{"hash":"e9b3a24122a4b2a68b3dc5762b7fac29df15eef8","messageTitle":"Update TextUiTest","messageBody":"Update TextUiTest\n","fileTypesAndContributionMap":{"test-code":{"insertions":0,"deletions":2}}},{"hash":"d9f5d75f3e94c41fa841d1ffd7c601c8240a3040","messageTitle":"Update UG for duration","messageBody":"Update UG for duration\n","fileTypesAndContributionMap":{"docs":{"insertions":25,"deletions":0}}},{"hash":"6fba17ed0f8722648897c1881fc9b15e249d7c94","messageTitle":"Update StringConstants","messageBody":"Update StringConstants on a emoji\n","fileTypesAndContributionMap":{"functional-code":{"insertions":32,"deletions":13}}},{"hash":"82ca7308db42a551447f62ae3f794643ddcfa84a","messageTitle":"Update TaskDuration","messageBody":"Add upper bound for duration number.\n","fileTypesAndContributionMap":{"functional-code":{"insertions":12,"deletions":1}}},{"hash":"b3c776fc0353c71b08967bca4dd427b2152157f3","messageTitle":"Update DG","messageBody":"Update DG\n","fileTypesAndContributionMap":{"docs":{"insertions":1,"deletions":1}}}]},{"date":"2022-04-04","commitResults":[{"hash":"86a2924cd1b857f8d4bb64739c76f051cfcbfe66","messageTitle":"Update UG","messageBody":"Add expected output to examples.\n","fileTypesAndContributionMap":{"docs":{"insertions":360,"deletions":75}}},{"hash":"f87fcf8e8e7f90de4306aa96505cfbda43d45895","messageTitle":"Updates user guide","messageBody":"Add example input in command summary\n","fileTypesAndContributionMap":{"docs":{"insertions":23,"deletions":21}}},{"hash":"c6001d654f97d1cd57e09c2c8d3bb3bd370accc2","messageTitle":"Update Developer guide","messageBody":"Add application of Gson\n","fileTypesAndContributionMap":{"docs":{"insertions":1,"deletions":1}}},{"hash":"6ea147ec01a178add66cb6b1d18a520da55a640b","messageTitle":"Update User guide","messageBody":"Fix a confusing discription.\n","fileTypesAndContributionMap":{"docs":{"insertions":1,"deletions":2}}},{"hash":"9a04af2e1c63fe4b34917029fb88919fe9cb3475","messageTitle":"Upgrade UG","messageBody":"Upgrade UG\n","fileTypesAndContributionMap":{"docs":{"insertions":3,"deletions":3}}},{"hash":"552c7d0abade0d17a11684b0c46f9b0aa62fcb6e","messageTitle":"Update UG","messageBody":"Update UG\n","fileTypesAndContributionMap":{"docs":{"insertions":1,"deletions":1}}}]},{"date":"2022-04-07","commitResults":[{"hash":"86bd02fd410d7de5c959902746c16f1e1e263abe","messageTitle":"Add PPP of Mu Changrui","messageBody":"Add PPP of Mu Changrui\n","fileTypesAndContributionMap":{"docs":{"insertions":56,"deletions":8}}},{"hash":"8aea8d6b8e7624b10abe060f66033eeceb23b577","messageTitle":"Update Task","messageBody":"Fix issue [#154](https://github.com/AY2122S2-CS2113T-T10-3/tp/issues/154)\n","fileTypesAndContributionMap":{"functional-code":{"insertions":12,"deletions":7}}},{"hash":"868686eb95ae9b76868f3dc472bf09954b992fd3","messageTitle":"Update Main, Add ModHappyStorageManager","messageBody":"Add  singleton class ModHappyStorageManager that manage the load and write data in ModHappy\n","fileTypesAndContributionMap":{"functional-code":{"insertions":102,"deletions":66},"test-code":{"insertions":0,"deletions":13}}},{"hash":"ea106fc8a7e780941d993bdc2777eb6de049790d","messageTitle":"Update the ModHappyStorageManager","messageBody":"Shift the module validation from ModuleListStorage to ModHappyStorageManager to keep the logic of ModHappyStorageManager clear and simple.\n","fileTypesAndContributionMap":{"functional-code":{"insertions":17,"deletions":11}}},{"hash":"f5badfc17451336018ed3760008700f3b6405e02","messageTitle":"Update the TaskDuration","messageBody":"Add \"Mins\" and \"mins\"\n","fileTypesAndContributionMap":{"functional-code":{"insertions":5,"deletions":4},"test-code":{"insertions":56,"deletions":40}}},{"hash":"eeec022a1743e1aff3c965c0b87523ab16db83ce","messageTitle":"Update the ModHappyParserTest","messageBody":"Update the ModHappyParserTest\n","fileTypesAndContributionMap":{"test-code":{"insertions":1,"deletions":1}}},{"hash":"de19c9706f27ad7eeb17ccd5680b461899179c4f","messageTitle":"Update Userguid","messageBody":"Keep the user guide updated, keep the indentation consistent.\n","fileTypesAndContributionMap":{"docs":{"insertions":161,"deletions":153}}},{"hash":"0d6da5d250e1d7be66efb9e02a1c2cede38fcf17","messageTitle":"Modify name of PPP","messageBody":"Modify name of PPP\n","fileTypesAndContributionMap":{"docs":{"insertions":2,"deletions":2}}},{"hash":"d6fa91ce41d928a870a0aa7e04b8fcdd4cdc9601","messageTitle":"Add Changrui\u0027s PPP","messageBody":"Add Changrui\u0027s PPP\n","fileTypesAndContributionMap":{"docs":{"insertions":56,"deletions":8}}}]},{"date":"2022-04-08","commitResults":[{"hash":"a7f342120113917f003eeb4d59d48ca34b33b4b9","messageTitle":"Update PPP","messageBody":"Update PPP\n","fileTypesAndContributionMap":{"docs":{"insertions":2,"deletions":0}}},{"hash":"eef4447faffefe1f83ad53f12ed8ef3a4e49cf6c","messageTitle":"Update PPP and ModHappyStorageManager","messageBody":"Update PPP and ModHappyStorageManager\n","fileTypesAndContributionMap":{"functional-code":{"insertions":2,"deletions":1},"docs":{"insertions":2,"deletions":4}}},{"hash":"56aadede0256a40672738141a248c8e3655e3256","messageTitle":"Fix coding standard","messageBody":"Fix coding standard\n","fileTypesAndContributionMap":{"functional-code":{"insertions":2,"deletions":1}}},{"hash":"18e96e5d154a5f067f77a04a73a1a563c8e2bfbb","messageTitle":"Update ModHappyStorageManager","messageBody":"Update ModHappyStorageManager\n","fileTypesAndContributionMap":{"functional-code":{"insertions":3,"deletions":3}}},{"hash":"66bc6a228de89ae5de6ebe4e7e1fd8d4ac0c7027","messageTitle":"Update Userguide","messageBody":"Update Userguide\n","fileTypesAndContributionMap":{"docs":{"insertions":2,"deletions":2}}},{"hash":"51915451e3865d8c5520f343ed964dfbf6339d59","messageTitle":"Update Userguide","messageBody":"Update Userguide\n","fileTypesAndContributionMap":{"docs":{"insertions":79,"deletions":126}}},{"hash":"135d2f84f07027e9475e0708fd274324c03b0662","messageTitle":"Update Userguide.md","messageBody":"Update Userguide.md\n","fileTypesAndContributionMap":{"docs":{"insertions":1,"deletions":1}}}]},{"date":"2022-04-09","commitResults":[{"hash":"ded1a841052591a5c22509d56aa780a7ea80ca42","messageTitle":"Update UG and puml","messageBody":"Update UG and puml:\n1. Synchronize the description of storage and corresponding diagram to be consistent with the updated code.\n2. Update the EditParser diagram.\n","fileTypesAndContributionMap":{"docs":{"insertions":28,"deletions":12}}},{"hash":"69262ac39f230c0c6033e576a591c827fb82d073","messageTitle":"Update PPP","messageBody":"Update PPP\n","fileTypesAndContributionMap":{"docs":{"insertions":1,"deletions":2}}},{"hash":"635f30d1aaecd4d4b481734bc70c2bcf07ff5deb","messageTitle":"Update DG","messageBody":"Update DG\n","fileTypesAndContributionMap":{"docs":{"insertions":1,"deletions":1}}},{"hash":"b60b98aaae9c2412a49487fc1527005bcfb39fbd","messageTitle":"Update the exception catch and deleted unremoved system out","messageBody":"Update the exception catch and deleted unremoved system out\n","fileTypesAndContributionMap":{"functional-code":{"insertions":42,"deletions":24},"test-code":{"insertions":0,"deletions":1}}},{"hash":"2a699fbba382a917c4494c38d766f4c5e9d32ff8","messageTitle":"Remove unused import","messageBody":"Remove unused import\n","fileTypesAndContributionMap":{"functional-code":{"insertions":1,"deletions":12},"test-code":{"insertions":0,"deletions":12}}},{"hash":"6672a7cd5de7f9a869674175c1d4b143ba2b86a1","messageTitle":"Improve code quality","messageBody":"Improve code quality\n","fileTypesAndContributionMap":{"functional-code":{"insertions":49,"deletions":89},"docs":{"insertions":3,"deletions":3},"test-code":{"insertions":2,"deletions":253}}},{"hash":"0285f8bd4913ce8acd679d24944ebaa65a7bb538","messageTitle":"Updates Storage.puml","messageBody":"Synchronize to the updated implementation.\n","fileTypesAndContributionMap":{"docs":{"insertions":0,"deletions":1}}},{"hash":"2783867646ca178bfd0fe89a19833498f033d737","messageTitle":"Improve Coding Quality","messageBody":"Improve Coding Quality\n","fileTypesAndContributionMap":{"functional-code":{"insertions":4,"deletions":5}}},{"hash":"2ecc3b3121410a74cc2252eec3f343b6e7fcee6c","messageTitle":"Declare Authorship and fix #189","messageBody":"Declare authorship and fix issue [#189](https://github.com/AY2122S2-CS2113T-T10-3/tp/issues/189)\n","fileTypesAndContributionMap":{"functional-code":{"insertions":109,"deletions":8},"docs":{"insertions":1,"deletions":1},"test-code":{"insertions":7,"deletions":4}}},{"hash":"f79c427755c755db6bb03f0206d2dcf7d0b6091f","messageTitle":"Fix coding standard","messageBody":"Fix coding standard\n","fileTypesAndContributionMap":{"functional-code":{"insertions":9,"deletions":5}}},{"hash":"5e40f562972fe75e0f67527616327461c48e6815","messageTitle":"Refactoring the authorship tag","messageBody":"Refactoring the authorship tag\n","fileTypesAndContributionMap":{"functional-code":{"insertions":39,"deletions":39},"test-code":{"insertions":6,"deletions":6}}},{"hash":"4c23b807f27bc0ff1d58fd4416d89e89e1f668af","messageTitle":"Update contribution for Ui","messageBody":"Update contribution for Ui\n","fileTypesAndContributionMap":{"functional-code":{"insertions":4,"deletions":6}}}]}],"heekit73098":[{"date":"2022-03-03","commitResults":[{"hash":"64b4629ab6196620e6c8455f9267d2444b88e542","messageTitle":"Update About Us","messageBody":"","fileTypesAndContributionMap":{"docs":{"insertions":7,"deletions":7}}}]},{"date":"2022-03-09","commitResults":[{"hash":"1095f7300a5bf1bdedeee27f1f3a7bd7a233beb9","messageTitle":"Added Working Time and junit test cases","messageBody":"","fileTypesAndContributionMap":{"functional-code":{"insertions":49,"deletions":19},"test-code":{"insertions":55,"deletions":1}}},{"hash":"e332b8c76eb8d4bb1ee38b6a1b1f8fe71cca0743","messageTitle":"Update Code Quality","messageBody":"","fileTypesAndContributionMap":{"functional-code":{"insertions":14,"deletions":19}}},{"hash":"0b3edc0677c60466cec250c8e34b95533fe0b8c0","messageTitle":"Update Code Quality","messageBody":"","fileTypesAndContributionMap":{"test-code":{"insertions":8,"deletions":5}}},{"hash":"3ac7c96f6c09bb3eb847652a13f781667e346c3d","messageTitle":"Update Code Quality","messageBody":"","fileTypesAndContributionMap":{"test-code":{"insertions":2,"deletions":2}}},{"hash":"760e1dd51c6027fb9e708c837de8df72fdce1e0e","messageTitle":"Update Regex and junit tests","messageBody":"","fileTypesAndContributionMap":{"functional-code":{"insertions":7,"deletions":8},"test-code":{"insertions":16,"deletions":15}}}]},{"date":"2022-03-10","commitResults":[{"hash":"6c528f136ecf4d8b18207b15af1b4862d9dd4d37","messageTitle":"Updated code for readibility","messageBody":"","fileTypesAndContributionMap":{"functional-code":{"insertions":39,"deletions":18}}},{"hash":"9e81dbaa8092ae8473430ff940b776f0a43c4a94","messageTitle":"Changed empty string to null","messageBody":"","fileTypesAndContributionMap":{"functional-code":{"insertions":11,"deletions":19}}}]},{"date":"2022-03-13","commitResults":[{"hash":"0bdb493e6abcbf1aceee1eb7a18eff24092b5a7d","messageTitle":"Changed regex for add format and added JUnit tests","messageBody":"","fileTypesAndContributionMap":{"functional-code":{"insertions":26,"deletions":8},"test-code":{"insertions":42,"deletions":3}}},{"hash":"7a9da9444da0472ed8e7fbe7dacb82fa52dc9f75","messageTitle":"Fixed regex bug and update code quality","messageBody":"","fileTypesAndContributionMap":{"functional-code":{"insertions":16,"deletions":17},"test-code":{"insertions":41,"deletions":0}}}]},{"date":"2022-03-14","commitResults":[{"hash":"39487f32a3eb586ba2ad439904898f936d25edec","messageTitle":"Fixed regex and added explanation for regex","messageBody":"","fileTypesAndContributionMap":{"functional-code":{"insertions":18,"deletions":4}}},{"hash":"299cae55966ff118f76d2fdd2498b460bc0cf792","messageTitle":"Update code quality","messageBody":"","fileTypesAndContributionMap":{"functional-code":{"insertions":12,"deletions":6}}}]},{"date":"2022-03-15","commitResults":[{"hash":"f346fab939d6e0d41838baeae6c1411e7a6c2162","messageTitle":"Added Edit Parser and Command","messageBody":"","fileTypesAndContributionMap":{"functional-code":{"insertions":182,"deletions":10},"test-code":{"insertions":5,"deletions":5}}},{"hash":"fa3b95aa58ffec12df33d2884ef80762d0e42d58","messageTitle":"Implemented edit command and added JUnit Tests","messageBody":"","fileTypesAndContributionMap":{"functional-code":{"insertions":87,"deletions":45},"test-code":{"insertions":80,"deletions":6}}},{"hash":"a55237f98f56faf28ee5017d08f3f2fe99f50b52","messageTitle":"Added assertions and Update code quality for consistency","messageBody":"","fileTypesAndContributionMap":{"functional-code":{"insertions":22,"deletions":21},"test-code":{"insertions":4,"deletions":4}}},{"hash":"512bdee110effeed2547f79d6ca167cb96f9e4e9","messageTitle":"Update regex to fix bug","messageBody":"","fileTypesAndContributionMap":{"functional-code":{"insertions":1,"deletions":1}}},{"hash":"53156c00308830521091dc881688f30fa6254847","messageTitle":"Update code quality","messageBody":"","fileTypesAndContributionMap":{"functional-code":{"insertions":6,"deletions":6}}},{"hash":"18f39917988d73e19470c8db7dc22fdd6d887150","messageTitle":"Update code quality","messageBody":"","fileTypesAndContributionMap":{"test-code":{"insertions":7,"deletions":1}}}]},{"date":"2022-03-16","commitResults":[{"hash":"3fdc05d936877d87efc38606aa247ec6de2222d7","messageTitle":"Update code quality","messageBody":"","fileTypesAndContributionMap":{"functional-code":{"insertions":27,"deletions":15}}},{"hash":"dfb51d5476641323676b73509b2982a7d3cdd356","messageTitle":"Resolve bugs","messageBody":"","fileTypesAndContributionMap":{"functional-code":{"insertions":2,"deletions":2},"test-code":{"insertions":1,"deletions":1}}},{"hash":"e8a32864c5cfd1abc18259b3795925644340bd91","messageTitle":"Update Code Quality","messageBody":"","fileTypesAndContributionMap":{"test-code":{"insertions":5,"deletions":5}}},{"hash":"4bce0311a57ccd60354016624c9a98ad977f6a7b","messageTitle":"Check formatting","messageBody":"","fileTypesAndContributionMap":{"docs":{"insertions":20,"deletions":20}}},{"hash":"072fb139fa8a34b6882257cd2d4e33fa9292a523","messageTitle":"Check Formatting","messageBody":"","fileTypesAndContributionMap":{"docs":{"insertions":3,"deletions":1}}},{"hash":"6604d65349138f7d1f64540aadad0baaa34de221","messageTitle":"Added description for Edit Command","messageBody":"","fileTypesAndContributionMap":{"docs":{"insertions":12,"deletions":0}}},{"hash":"6176ee888803a46d8825c0dac9a9f11d9f72b201","messageTitle":"Added examples for edit task command","messageBody":"","fileTypesAndContributionMap":{"docs":{"insertions":3,"deletions":2}}},{"hash":"2921e5bf0eee45a514a11b9ce92a3a0671def4d5","messageTitle":"Fixed Formatting","messageBody":"","fileTypesAndContributionMap":{"docs":{"insertions":1,"deletions":0}}},{"hash":"7fdf9d123e6d75ac10cb0b158f45fc430d5160b1","messageTitle":"Added description for add command","messageBody":"","fileTypesAndContributionMap":{"docs":{"insertions":22,"deletions":8}}},{"hash":"e62d07d984364c2c70c2bcdc78a60619124dafaf","messageTitle":"Fix format consistency","messageBody":"","fileTypesAndContributionMap":{"docs":{"insertions":1,"deletions":1}}},{"hash":"ecc5763d43fa91b812c697911b7e6f9f40beb4d5","messageTitle":"Fix formatting","messageBody":"","fileTypesAndContributionMap":{"docs":{"insertions":9,"deletions":9}}},{"hash":"36cc4be77eaa2e21947db94a7fd20ea2c76fb33c","messageTitle":"Updated format consistency","messageBody":"","fileTypesAndContributionMap":{"docs":{"insertions":7,"deletions":7}}},{"hash":"30339cdc2843871de6e9bdbba0ae081d5d2b48fd","messageTitle":"Fixed formatting","messageBody":"","fileTypesAndContributionMap":{"docs":{"insertions":4,"deletions":6}}},{"hash":"6da3cd24ae58cc4a303c38da72c5ff68f26f149e","messageTitle":"Added save command","messageBody":"","fileTypesAndContributionMap":{"docs":{"insertions":14,"deletions":9}}}]},{"date":"2022-03-19","commitResults":[{"hash":"865d2cfefb3e5b55e5e7180213816ee68465dfab","messageTitle":"Added MCs for module","messageBody":"","fileTypesAndContributionMap":{"functional-code":{"insertions":30,"deletions":12}}},{"hash":"fe57ddf99663c85e26931ef6c698835b374cbc9e","messageTitle":"Added grade input and MCs for a module","messageBody":"","fileTypesAndContributionMap":{"functional-code":{"insertions":154,"deletions":12},"test-code":{"insertions":79,"deletions":17}}},{"hash":"2a336723da61725ff9cfd181f2ccf7b58daff514","messageTitle":"Update Code Quality","messageBody":"","fileTypesAndContributionMap":{"test-code":{"insertions":8,"deletions":1}}},{"hash":"ab101b8a387a478cee294536e213757e0a3c0d2c","messageTitle":"Updated Help Command for Add","messageBody":"","fileTypesAndContributionMap":{"functional-code":{"insertions":1,"deletions":1}}},{"hash":"af413d1e20f0e02ff25ca7e883d531f17c4a263c","messageTitle":"Update Code Quality","messageBody":"","fileTypesAndContributionMap":{"functional-code":{"insertions":2,"deletions":1}}},{"hash":"c1982d532c4de761fc8eaa502457db4a57f5314a","messageTitle":"Corrected Javadoc in Grade Command","messageBody":"","fileTypesAndContributionMap":{"functional-code":{"insertions":2,"deletions":3}}}]},{"date":"2022-03-20","commitResults":[{"hash":"96388b3d9942973771a5b6fcbf9dc088aab62d2f","messageTitle":"Added Enum for Grades and NumberConstants class","messageBody":"","fileTypesAndContributionMap":{"functional-code":{"insertions":130,"deletions":30},"test-code":{"insertions":7,"deletions":20}}},{"hash":"aac977bd17612865bd541006b9db518cd03730ed","messageTitle":"Update code quality","messageBody":"","fileTypesAndContributionMap":{"functional-code":{"insertions":2,"deletions":2}}}]},{"date":"2022-03-22","commitResults":[{"hash":"b8143a3f28bdd255d62c624b459a491a425f63bd","messageTitle":"Merge Conflict","messageBody":"","fileTypesAndContributionMap":{"docs":{"insertions":21,"deletions":0}}},{"hash":"8a69772e08b7659178d7a440e2da3ac9ec3f34db","messageTitle":"Added UI Component to DG","messageBody":"","fileTypesAndContributionMap":{"docs":{"insertions":10,"deletions":3}}}]},{"date":"2022-03-23","commitResults":[{"hash":"b6bc2a4cfde308a935133f895160d24ec5e73dc6","messageTitle":"Removed Class Diagram","messageBody":"","fileTypesAndContributionMap":{"docs":{"insertions":3,"deletions":13}}},{"hash":"97103006c24394adc93f336ccce90fb67bd4e536","messageTitle":"Fixed Merge Error","messageBody":"","fileTypesAndContributionMap":{"docs":{"insertions":7,"deletions":16}}}]},{"date":"2022-03-24","commitResults":[{"hash":"76fe548c22bf243485ed7ec89b5d3e39f6d192d4","messageTitle":"Merge Conflict","messageBody":"","fileTypesAndContributionMap":{"docs":{"insertions":55,"deletions":24}}},{"hash":"26fe87755a64162a4e25e2d06eacae5e65ff10e4","messageTitle":"Updated command standardisation","messageBody":"","fileTypesAndContributionMap":{"functional-code":{"insertions":30,"deletions":27},"docs":{"insertions":1,"deletions":1},"test-code":{"insertions":53,"deletions":56}}},{"hash":"b3d8fc8b754a71c64e24d9a2434cd702025c165d","messageTitle":"Fixed Typo","messageBody":"","fileTypesAndContributionMap":{"functional-code":{"insertions":1,"deletions":1}}},{"hash":"228e396a6e4551e5ee5008ffdf7c3dd515ab361c","messageTitle":"Standardised TASK_NUMBER and TASK_INDEX","messageBody":"","fileTypesAndContributionMap":{"docs":{"insertions":13,"deletions":13}}}]},{"date":"2022-03-29","commitResults":[{"hash":"f982338ef73b94c9453f7c4178b4f9d170bfdadd","messageTitle":"Expanded Exceptions to fit the errors better.","messageBody":"","fileTypesAndContributionMap":{"functional-code":{"insertions":152,"deletions":62},"other":{"insertions":4,"deletions":3},"test-code":{"insertions":58,"deletions":46}}},{"hash":"599a229ff6b6d0773c218fca91aeda08e0dcad75","messageTitle":"Update Code quality","messageBody":"","fileTypesAndContributionMap":{"functional-code":{"insertions":4,"deletions":1},"test-code":{"insertions":5,"deletions":1}}}]},{"date":"2022-03-30","commitResults":[{"hash":"f0376504578097d13bcee1abd8a2c7e315ea0d43","messageTitle":"Update OptionCommand regex and refactor configuration values","messageBody":"","fileTypesAndContributionMap":{"functional-code":{"insertions":49,"deletions":44},"test-code":{"insertions":15,"deletions":16}}},{"hash":"fb40b04b88b488926d1bd3686cb10bca3d426708","messageTitle":"Fixed regex for Help Command","messageBody":"","fileTypesAndContributionMap":{"functional-code":{"insertions":6,"deletions":3}}},{"hash":"fc133feff8f3eab89b5be38df3a66b48ba4f7ec5","messageTitle":"Update code quality","messageBody":"","fileTypesAndContributionMap":{"test-code":{"insertions":1,"deletions":0}}},{"hash":"11ad550518f5f4a672c2b907ea643d0431ee8459","messageTitle":"Fixed JUnit Tests","messageBody":"","fileTypesAndContributionMap":{"test-code":{"insertions":3,"deletions":2}}},{"hash":"eae5bccff7784c35217a043d3eca5151bdab45e1","messageTitle":"Added Content page to DG","messageBody":"","fileTypesAndContributionMap":{"docs":{"insertions":14,"deletions":1}}},{"hash":"d6f7b93f58e34c2d87970fc0fe1ce503b4a65979","messageTitle":"Fixed regex for tag","messageBody":"","fileTypesAndContributionMap":{"functional-code":{"insertions":2,"deletions":2}}},{"hash":"1b45f9e298bdb00ea3499f4bc8e30eec5c7e178a","messageTitle":"Added Grade and Edit feature, User stories and front matters","messageBody":"","fileTypesAndContributionMap":{"docs":{"insertions":203,"deletions":22}}},{"hash":"70f5e66e7e079df00def1b7e1651680cc1f6d692","messageTitle":"Update DG","messageBody":"","fileTypesAndContributionMap":{"functional-code":{"insertions":1,"deletions":1},"docs":{"insertions":130,"deletions":78}}},{"hash":"d6d4d2e53e7d8872a18bbad7b735ac6b8d929589","messageTitle":"Fix bug and limit the available MCs","messageBody":"","fileTypesAndContributionMap":{"functional-code":{"insertions":3,"deletions":0}}},{"hash":"06b4fb2051bb9202848e47176499b18b2861dc4f","messageTitle":"Added Seq Diagrams","messageBody":"","fileTypesAndContributionMap":{"docs":{"insertions":70,"deletions":6}}},{"hash":"5c96be8787cc36009969f13161dfc657169cf867","messageTitle":"Update Code Quality","messageBody":"","fileTypesAndContributionMap":{"functional-code":{"insertions":6,"deletions":2}}},{"hash":"d2a9710d0a57935e5bd25bc24a99e399fbf707b7","messageTitle":"Fix Code Quality","messageBody":"","fileTypesAndContributionMap":{"test-code":{"insertions":5,"deletions":6}}},{"hash":"996585b84c37a5adb136aba460c4573d7f1934c2","messageTitle":"Fixed Code Quality","messageBody":"","fileTypesAndContributionMap":{"functional-code":{"insertions":8,"deletions":1}}},{"hash":"d570cbc274ffeee182e80076629ef2123601337c","messageTitle":"Removed debug statement","messageBody":"","fileTypesAndContributionMap":{"functional-code":{"insertions":0,"deletions":3}}},{"hash":"76b4b971e79add31be7d60b6bc9e9714df2bc6e0","messageTitle":"Update contents in UG","messageBody":"","fileTypesAndContributionMap":{"docs":{"insertions":21,"deletions":21}}}]},{"date":"2022-04-06","commitResults":[{"hash":"46db8ef18e6434b5607768b6c0a9187fbfd033d2","messageTitle":"Added more descriptive error messages","messageBody":"","fileTypesAndContributionMap":{"functional-code":{"insertions":680,"deletions":183},"other":{"insertions":52,"deletions":61},"docs":{"insertions":1,"deletions":1},"test-code":{"insertions":42,"deletions":13}}}]},{"date":"2022-04-07","commitResults":[{"hash":"99c45f654b20ff045d32cee6c3bbfde76f03594e","messageTitle":"Update TagException","messageBody":"","fileTypesAndContributionMap":{"functional-code":{"insertions":3,"deletions":4}}},{"hash":"fbced7f4b9ad13a01aea7b0392b233835b672cab","messageTitle":"Update code quality","messageBody":"","fileTypesAndContributionMap":{"functional-code":{"insertions":21,"deletions":10}}},{"hash":"5e86af233aefbb28fe0dfaf89bc8514f6bf6ba07","messageTitle":"update PPP","messageBody":"","fileTypesAndContributionMap":{"docs":{"insertions":47,"deletions":0}}},{"hash":"7f055aeb7318bc4f286b56ea9e3cde0dd6faa752","messageTitle":"Update code based on comments","messageBody":"","fileTypesAndContributionMap":{"functional-code":{"insertions":99,"deletions":55},"docs":{"insertions":1,"deletions":1},"test-code":{"insertions":105,"deletions":3}}},{"hash":"ae145afe3b07c098840769b1a16c595e32b75df6","messageTitle":"update code quality","messageBody":"","fileTypesAndContributionMap":{"functional-code":{"insertions":3,"deletions":4}}}]},{"date":"2022-04-08","commitResults":[{"hash":"0bbc0be170db14ded25b0f5524519429b2e733c8","messageTitle":"Update DG","messageBody":"","fileTypesAndContributionMap":{"docs":{"insertions":144,"deletions":28}}},{"hash":"099d79efdaac7085e5c7164d1aec7061377f2b2f","messageTitle":"Update formatting","messageBody":"","fileTypesAndContributionMap":{"docs":{"insertions":18,"deletions":1}}},{"hash":"20045a68d64e1f8875c4c2813b5a2e19d4a066bb","messageTitle":"Update based on comments and bug fixes","messageBody":"","fileTypesAndContributionMap":{"functional-code":{"insertions":259,"deletions":108},"docs":{"insertions":8,"deletions":8},"test-code":{"insertions":5,"deletions":5}}},{"hash":"5165ae8b02f6046eca0a452955e94b245623b583","messageTitle":"update code quality","messageBody":"","fileTypesAndContributionMap":{"functional-code":{"insertions":4,"deletions":3}}},{"hash":"c656cb23c3a480143a03f24dfc4f4165a99d39c5","messageTitle":"Added javadoc and more parser bug fix","messageBody":"","fileTypesAndContributionMap":{"functional-code":{"insertions":220,"deletions":55}}}]},{"date":"2022-04-09","commitResults":[{"hash":"e729d4f134f3ad1de37384d36c02e20abe41c9e8","messageTitle":"Basic refactoring for parsers for code quality","messageBody":"","fileTypesAndContributionMap":{"functional-code":{"insertions":72,"deletions":122}}},{"hash":"caf9f8eac9f45140d44916266a8f3a5de95bd1ba","messageTitle":"update ppp","messageBody":"","fileTypesAndContributionMap":{"docs":{"insertions":1,"deletions":0}}},{"hash":"348cbcd9dc4f02759e1b6f33fe7e63bf0271092d","messageTitle":"Added authorship","messageBody":"","fileTypesAndContributionMap":{"functional-code":{"insertions":26,"deletions":1}}},{"hash":"11bff4d06cfb289b65f2e607705df80d55f68053","messageTitle":"Update code quality and minor bug fixes","messageBody":"","fileTypesAndContributionMap":{"functional-code":{"insertions":52,"deletions":43}}}]},{"date":"2022-04-10","commitResults":[{"hash":"101058b56938aeb1192980a2ae7a3ac1151922c0","messageTitle":"Added Javadoc, bugfix, and allowed \"\" for editing a task","messageBody":"","fileTypesAndContributionMap":{"functional-code":{"insertions":453,"deletions":218},"docs":{"insertions":1,"deletions":0},"test-code":{"insertions":1,"deletions":1}}},{"hash":"1fd476be0e309f1e393159228fbc803114b700b9","messageTitle":"Update code quality","messageBody":"","fileTypesAndContributionMap":{"functional-code":{"insertions":6,"deletions":3}}},{"hash":"7a96362d973ca27c5d8ceee22e4be002b95a299d","messageTitle":"update pr based on comments","messageBody":"","fileTypesAndContributionMap":{"functional-code":{"insertions":7,"deletions":7}}},{"hash":"5d3a5324b181b722f13a55d70f45b1bd418ebe37","messageTitle":"Update PPP","messageBody":"","fileTypesAndContributionMap":{"docs":{"insertions":2,"deletions":1}}},{"hash":"2ccdf61d52901b48e1c97bb56a24121b5019814c","messageTitle":"Added support for module grade removal","messageBody":"","fileTypesAndContributionMap":{"functional-code":{"insertions":25,"deletions":7},"docs":{"insertions":10,"deletions":1}}},{"hash":"916430e2a9cee9c2e3930c6920ba1230b988e815","messageTitle":"Update PPP","messageBody":"","fileTypesAndContributionMap":{"docs":{"insertions":1,"deletions":1}}},{"hash":"335a6147d6736f9940a9eddde61d7884dc7b825c","messageTitle":"fixed code quality","messageBody":"","fileTypesAndContributionMap":{"functional-code":{"insertions":1,"deletions":1}}},{"hash":"27f9c4a3e858bad7e090321240873d6b4f6a1d55","messageTitle":"Fix code quality","messageBody":"","fileTypesAndContributionMap":{"functional-code":{"insertions":0,"deletions":6},"docs":{"insertions":8,"deletions":8}}}]}],"ngys117":[{"date":"2022-03-03","commitResults":[{"hash":"ca730d3a4a792334ae71f587d4d39592d6236f1d","messageTitle":"Update AboutUs","messageBody":"Add Name and Github Link\n","fileTypesAndContributionMap":{"docs":{"insertions":3,"deletions":7}}}]},{"date":"2022-03-06","commitResults":[{"hash":"f473f761dac392265af9758543d58845596d64b4","messageTitle":"Update AboutUs.md","messageBody":"Add header","fileTypesAndContributionMap":{"docs":{"insertions":2,"deletions":1}}}]},{"date":"2022-03-09","commitResults":[{"hash":"81c49b8640f3bfe5ee7da41eeef0dba01ffed266","messageTitle":"Add DeleteParser","messageBody":"Add DeleteCommand\n\nCurrently only supports deleting tasks\n\nUpdate ModHappyParser\n","fileTypesAndContributionMap":{"functional-code":{"insertions":120,"deletions":0}}},{"hash":"b802d76787c89f3ca373c6d31562ddc3867846b7","messageTitle":"Add DeleteParser, DeleteCommand","messageBody":"Modify ModuleList, TaskList\n\nAdd delete task and module functionality with these changes.\n","fileTypesAndContributionMap":{"functional-code":{"insertions":57,"deletions":50}}},{"hash":"880ba576d2246e156bc3d335d4554866df108a74","messageTitle":"Update DeleteCommand.","messageBody":"Add some JavaDoc.\n\nRemove some magic literals.\n","fileTypesAndContributionMap":{"functional-code":{"insertions":21,"deletions":5}}},{"hash":"d229d83788a720dcee718b0f323d3de8e70cafde","messageTitle":"Update Delete Parser","messageBody":"Update Delete Command\n","fileTypesAndContributionMap":{"functional-code":{"insertions":18,"deletions":19}}},{"hash":"1604e0be23f42d188ee2721efb348526365d44ad","messageTitle":"Add JUnit Testing","messageBody":"Update JavaDoc\n","fileTypesAndContributionMap":{"functional-code":{"insertions":12,"deletions":5},"test-code":{"insertions":26,"deletions":0}}},{"hash":"c0092987a330a9194e779a292e8ecc2d725a6665","messageTitle":"Add NoSuchModuleException","messageBody":"Add exception check for non-existent module for deleteModule\n\nUpdate exception check for deleteTask\n","fileTypesAndContributionMap":{"functional-code":{"insertions":31,"deletions":22}}},{"hash":"4e8e6683567f357dfb0430940620c2d62a46d3b0","messageTitle":"Add exception check for converting string to int","messageBody":"","fileTypesAndContributionMap":{"functional-code":{"insertions":8,"deletions":1}}},{"hash":"c57e7b47a0c8d25e754cc87f3a443f2a2e286ea7","messageTitle":"Shift exception check.","messageBody":"Previous location causes exception to always be thrown when trying to\ndelete a module.\n","fileTypesAndContributionMap":{"functional-code":{"insertions":7,"deletions":6}}}]},{"date":"2022-03-14","commitResults":[{"hash":"45572d9e153dd3a70a62d37e40050e34562ce747","messageTitle":"Add Help Command functionality","messageBody":"Users can now find the correct input format by using the help command.\n\nAdd HelpCommand, HelpParser\n","fileTypesAndContributionMap":{"functional-code":{"insertions":91,"deletions":0},"test-code":{"insertions":11,"deletions":0}}}]},{"date":"2022-03-15","commitResults":[{"hash":"e87b2511a23f2391cf3270f157299b5827dfc96f","messageTitle":"Add Reset Functionality","messageBody":"Users can now remove all tasks and modules with reset.\n","fileTypesAndContributionMap":{"functional-code":{"insertions":60,"deletions":0}}},{"hash":"d7eaab7014b23a6da4ba87b01e0df7cfb7c0d930","messageTitle":"Update user guide","messageBody":"","fileTypesAndContributionMap":{"docs":{"insertions":34,"deletions":15}}},{"hash":"ea1826ca8116056f2cbe4cbf6617a5ef7613bce3","messageTitle":"Update Add Command Help message","messageBody":"","fileTypesAndContributionMap":{"functional-code":{"insertions":1,"deletions":1}}},{"hash":"656ad72c6bda5e8a99011a2b045b99d9a92f59c9","messageTitle":"Update UserGuide","messageBody":"","fileTypesAndContributionMap":{"docs":{"insertions":10,"deletions":9}}},{"hash":"58cef0459161f43fdb897642e6a7680d4a2474e2","messageTitle":"Update Reset Command according to feedback","messageBody":"","fileTypesAndContributionMap":{"functional-code":{"insertions":9,"deletions":10}}},{"hash":"ef221ca6cd4d0aa48027e2395b47df31eac96ba0","messageTitle":"Update User Guide","messageBody":"","fileTypesAndContributionMap":{"docs":{"insertions":11,"deletions":8}}},{"hash":"fc0e9ac1305e058bd5699fe251d95eddc2e52a33","messageTitle":"Update Help to include edit command","messageBody":"","fileTypesAndContributionMap":{"functional-code":{"insertions":31,"deletions":11}}},{"hash":"e2b39fe84a93714db81b8ce88affeff594cf5aff","messageTitle":"Update Help to include reset help","messageBody":"","fileTypesAndContributionMap":{"functional-code":{"insertions":11,"deletions":3}}},{"hash":"fa9d91325f1435e5d1c47496e89043d13dab1d49","messageTitle":"Update help","messageBody":"","fileTypesAndContributionMap":{"functional-code":{"insertions":5,"deletions":7}}}]},{"date":"2022-03-16","commitResults":[{"hash":"fe5a1efc734b4b6cfe31f81773c1964956c79d49","messageTitle":"Fix formatting","messageBody":"","fileTypesAndContributionMap":{"docs":{"insertions":9,"deletions":9}}}]},{"date":"2022-03-19","commitResults":[{"hash":"a004feb39c410993c199786c6436672a18db6f4d","messageTitle":"Add Tag Functionality","messageBody":"Added the ability to tag and filter tasks so that users can organize\ntheir tasks better.\n","fileTypesAndContributionMap":{"functional-code":{"insertions":248,"deletions":15}}},{"hash":"2a5a1e723e5bedbbf324114d9d68455df97da7cd","messageTitle":"Update UserGuide","messageBody":"","fileTypesAndContributionMap":{"docs":{"insertions":9,"deletions":0}}},{"hash":"fc114a8b991e1b43cb4d6c0bb30de9322cfdfb6c","messageTitle":"Update UserGuide","messageBody":"","fileTypesAndContributionMap":{"docs":{"insertions":8,"deletions":6}}},{"hash":"4cc5f3764096c8f07cf11126fd17012deaed60ba","messageTitle":"Remove a JUnit test","messageBody":"List now takes in a tag as an argument. If tag is not found, no\nexception is thrown, rather an empty list is printed.\n","fileTypesAndContributionMap":{"test-code":{"insertions":1,"deletions":13}}},{"hash":"a51c28621f73bbad6b16dc4a2376e8fc9f64f3fe","messageTitle":"Update Tag Command","messageBody":"Update Task String Format\n\nReset save files to support tags\n","fileTypesAndContributionMap":{"functional-code":{"insertions":31,"deletions":19}}},{"hash":"b4d5062e108914819dd766b516e975f73dc641ae","messageTitle":"Add JUnit tests","messageBody":"","fileTypesAndContributionMap":{"functional-code":{"insertions":16,"deletions":0},"test-code":{"insertions":49,"deletions":4}}},{"hash":"5f27af90a95cad75b324be2affb61f8169b02b8a","messageTitle":"Fix missing commands from help.","messageBody":"","fileTypesAndContributionMap":{"functional-code":{"insertions":1,"deletions":1}}}]},{"date":"2022-03-20","commitResults":[{"hash":"3b27a203918ca7d34b83879861effdd2ddfe2987","messageTitle":"Update Tag Functionality","messageBody":"Update JUnit\n\nUpdate UserGuide\n","fileTypesAndContributionMap":{"functional-code":{"insertions":29,"deletions":22},"docs":{"insertions":7,"deletions":6},"test-code":{"insertions":8,"deletions":20}}},{"hash":"73faf157584ea9e0a492fb209b1b697b94ebfeef","messageTitle":"Update List Description","messageBody":"","fileTypesAndContributionMap":{"functional-code":{"insertions":3,"deletions":3},"docs":{"insertions":2,"deletions":2}}}]},{"date":"2022-03-21","commitResults":[{"hash":"5f560ff3f06ff5030c8f45e6fa4cc1c0fdda5389","messageTitle":"Add Delete Confirmation for module with tasks","messageBody":"","fileTypesAndContributionMap":{"functional-code":{"insertions":19,"deletions":1}}},{"hash":"fc729a49894b4cb59b6593190a46d432257d1bea","messageTitle":"Update Delete confirmation","messageBody":"","fileTypesAndContributionMap":{"functional-code":{"insertions":16,"deletions":8}}}]},{"date":"2022-03-22","commitResults":[{"hash":"f265288b0647d3ea0fae4d4f6d64f77bc6792d0b","messageTitle":"Update DG with TagCommand Feature Implementation","messageBody":"Update TagCommand\n","fileTypesAndContributionMap":{"functional-code":{"insertions":1,"deletions":2},"docs":{"insertions":96,"deletions":1}}},{"hash":"65469fc47db83b7e11b17b3fc1d1e6e1e43cc5b9","messageTitle":"Update DeveloperGuide.md","messageBody":"Add Sequence Diagrams","fileTypesAndContributionMap":{"docs":{"insertions":3,"deletions":3}}},{"hash":"ec1b923ad73e871830f62d85dba3068551ee97ab","messageTitle":"Update DeveloperGuide.md","messageBody":"Update Sequence Diagrams and DG","fileTypesAndContributionMap":{"docs":{"insertions":11,"deletions":5}}},{"hash":"516d64d453cdc125558108a1df87bd9fecb7f9cc","messageTitle":"Update puml files","messageBody":"","fileTypesAndContributionMap":{"docs":{"insertions":10,"deletions":10}}},{"hash":"fa08e825c1c2aa3cab5118569f0f0b69b70d810e","messageTitle":"Update Sequence Diagrams","messageBody":"","fileTypesAndContributionMap":{"docs":{"insertions":4,"deletions":9}}},{"hash":"debeb4fa78b89752e65d6bb10986960d67a24bbc","messageTitle":"Fix Typos","messageBody":"","fileTypesAndContributionMap":{"docs":{"insertions":1,"deletions":1}}},{"hash":"6d9d3bcb8f92001db15dcc93b0614702ae139c31","messageTitle":"Update DeveloperGuide.md","messageBody":"Update Sequence Diagram Images","fileTypesAndContributionMap":{"docs":{"insertions":3,"deletions":3}}},{"hash":"40fe89b4afa099f7442638c14a94a8dea1c93aa5","messageTitle":"Remove autonumber","messageBody":"","fileTypesAndContributionMap":{"docs":{"insertions":0,"deletions":1}}},{"hash":"404f10c926452ba348044f3ae10cbb5c7a93cf64","messageTitle":"Update DG Image Link","messageBody":"","fileTypesAndContributionMap":{"docs":{"insertions":3,"deletions":3}}}]},{"date":"2022-03-23","commitResults":[{"hash":"543a3c16924981d87c77045b1f5d1d6605b54e1a","messageTitle":"Update DG","messageBody":"","fileTypesAndContributionMap":{"docs":{"insertions":4,"deletions":4}}},{"hash":"696d0d049eec15345c31f22bc810e5a5ecb43d70","messageTitle":"Add Command Class Diagram file","messageBody":"","fileTypesAndContributionMap":{"docs":{"insertions":30,"deletions":0}}},{"hash":"41351f042dbbac2d13488cf3582cb4c854dddb3f","messageTitle":"Add Command to DG","messageBody":"","fileTypesAndContributionMap":{"docs":{"insertions":53,"deletions":23}}},{"hash":"0726bfe97b64c73a0bb7e59ef3dd7ad71424ca58","messageTitle":"Update DG","messageBody":"Update Class and Sequence Diagram URL\n","fileTypesAndContributionMap":{"docs":{"insertions":6,"deletions":5}}},{"hash":"5025bab9e52500156e8a717f65111c1fe33e303c","messageTitle":"Update DG Command Diagram","messageBody":"","fileTypesAndContributionMap":{"docs":{"insertions":3,"deletions":4}}}]},{"date":"2022-03-24","commitResults":[{"hash":"95810a750767e77b8aa32b7487710aeb159c2dd5","messageTitle":"Update DG","messageBody":"FIx Typos\n","fileTypesAndContributionMap":{"docs":{"insertions":11,"deletions":7}}}]},{"date":"2022-03-27","commitResults":[{"hash":"ae31336064c30b6ed335524ecf2b385d9d3aaf5f","messageTitle":"Update List and Tag Parser","messageBody":"Remove quotes for parsing single word inputs.\n\nUpdate Tag and Parser Help\n\nUpdate UG for List and Tag\n","fileTypesAndContributionMap":{"functional-code":{"insertions":7,"deletions":7},"docs":{"insertions":15,"deletions":15},"test-code":{"insertions":3,"deletions":3}}},{"hash":"975cc2bd1b3e7017156ffbdc6b7fc9a32f54cfbd","messageTitle":"Update Delete Command and ModuleList","messageBody":"Moved execution logic for confirmation from ModuleList to Delete Command\n","fileTypesAndContributionMap":{"functional-code":{"insertions":40,"deletions":26}}},{"hash":"398d563760925e976474f86b5ace99dd74d18d02","messageTitle":"Revert \"Update Delete Command and ModuleList\"","messageBody":"This reverts commit 975cc2bd1b3e7017156ffbdc6b7fc9a32f54cfbd.\n","fileTypesAndContributionMap":{"functional-code":{"insertions":26,"deletions":40}}},{"hash":"2afdc2d9335a27c95d83a0e3b72ee94bb945fca6","messageTitle":"Revert \"Revert \"Update Delete Command and ModuleList\"\"","messageBody":"This reverts commit 398d563760925e976474f86b5ace99dd74d18d02.\n","fileTypesAndContributionMap":{"functional-code":{"insertions":40,"deletions":26}}},{"hash":"867a321c765875f8bd5d19e5769ecb4c20d153e6","messageTitle":"Update Delete Command","messageBody":"","fileTypesAndContributionMap":{"functional-code":{"insertions":0,"deletions":3}}},{"hash":"6565719d5568ed76661471c0b1c71dccbb06ed90","messageTitle":"Add Style.puml","messageBody":"Update Class and Sequence Diagrams\n","fileTypesAndContributionMap":{"docs":{"insertions":21,"deletions":5}}},{"hash":"d185a9dd242439ea694f1f38507f6f81c3981f18","messageTitle":"Remove unused code","messageBody":"","fileTypesAndContributionMap":{"functional-code":{"insertions":2,"deletions":48}}},{"hash":"ec31e0b31dbb34998575a9a9dba0e34ee1b87e9c","messageTitle":"Move diagram files to new directories","messageBody":"Update DG diagram links\n","fileTypesAndContributionMap":{"docs":{"insertions":10,"deletions":10}}}]},{"date":"2022-03-29","commitResults":[{"hash":"238bd48aa8f0757f41d5f1a951e7e83faf635c41","messageTitle":"Fix empty being printed when matching tags for tasks with index \u003e 0","messageBody":"","fileTypesAndContributionMap":{"functional-code":{"insertions":7,"deletions":6}}},{"hash":"76096a135a7d86222c55cdd3f9b0163e5f228794","messageTitle":"Remove parseException being thrown for user confirmation","messageBody":"","fileTypesAndContributionMap":{"functional-code":{"insertions":14,"deletions":12}}},{"hash":"970556c32e06e1093ff2d71a261df65bee30bdc8","messageTitle":"Update Regex according to suggestions","messageBody":"","fileTypesAndContributionMap":{"functional-code":{"insertions":3,"deletions":3}}},{"hash":"b290e0329948c86bed7f7c1bb8cb99d0e5e40f46","messageTitle":"Update confirmation to use TextUi instead of Scanner","messageBody":"","fileTypesAndContributionMap":{"functional-code":{"insertions":5,"deletions":5},"docs":{"insertions":7,"deletions":0}}},{"hash":"311cd2c0de454e934ce9ca6e049f767fab2c8f2d","messageTitle":"Update Class Diagram for DeleteCommand","messageBody":"","fileTypesAndContributionMap":{"docs":{"insertions":11,"deletions":1}}},{"hash":"38cab521c64113887d91db61a83a18694086881e","messageTitle":"Update Command Diagram Note","messageBody":"","fileTypesAndContributionMap":{"docs":{"insertions":2,"deletions":3}}}]},{"date":"2022-03-30","commitResults":[{"hash":"c767879bfa76792a4cbed9f381e8e242bfdf7239","messageTitle":"Change TextUi Methods","messageBody":"Update CommandClassDiagram\n\nInclude Style.puml in Class Diagrams\n","fileTypesAndContributionMap":{"functional-code":{"insertions":32,"deletions":45},"docs":{"insertions":12,"deletions":4}}},{"hash":"5a134bc0a405db9317bbe3c31ab9cfa23256f11b","messageTitle":"Update DG to show abstract and interfaces explicitly","messageBody":"","fileTypesAndContributionMap":{"docs":{"insertions":30,"deletions":23}}}]},{"date":"2022-04-03","commitResults":[{"hash":"41a61b0a607a477d2137f83a881edcce6ffaee5b","messageTitle":"Fix unhandled null exception when deleting a module that does not exist.","messageBody":"Fix unhandled out of bounds exception when editing tasks.\n","fileTypesAndContributionMap":{"functional-code":{"insertions":7,"deletions":1}}},{"hash":"a51e6749fa531ee01f646aad9eee8bc8fdb07026","messageTitle":"Refactor code to reduce arrowhead","messageBody":"Remove unecessary exception check from removeModule as it is handled\nby deleteModule in DeleteCommand.\n","fileTypesAndContributionMap":{"functional-code":{"insertions":14,"deletions":19}}},{"hash":"aa9152c5ae654c1979e8fa15a5ae47980af060b9","messageTitle":"Fix Typos","messageBody":"","fileTypesAndContributionMap":{"functional-code":{"insertions":1,"deletions":2},"docs":{"insertions":1,"deletions":2}}},{"hash":"c512ff9133ee5c2b3d6e002813a96f717d1198e9","messageTitle":"Remove number of tasks message","messageBody":"","fileTypesAndContributionMap":{"functional-code":{"insertions":2,"deletions":3}}},{"hash":"282df85449c6c823bfcc5de7da3ce1e1108924d7","messageTitle":"Add JUnit test","messageBody":"Refactor some code\n","fileTypesAndContributionMap":{"functional-code":{"insertions":4,"deletions":0},"test-code":{"insertions":55,"deletions":13}}}]},{"date":"2022-04-04","commitResults":[{"hash":"b4c56c829a0bb2c978d177424c33efb54156d231","messageTitle":"Fix editing a non-existent module throwing a null exception","messageBody":"","fileTypesAndContributionMap":{"functional-code":{"insertions":4,"deletions":1}}},{"hash":"95f6f8a0fa4223dd8d81fd8be8833d28d1e0f878","messageTitle":"Add comment to DeleteCommand","messageBody":"","fileTypesAndContributionMap":{"functional-code":{"insertions":1,"deletions":1}}},{"hash":"48908bd0676b6074411a4c040850c339e8e5ce33","messageTitle":"Refactor Code for Issue #172","messageBody":"","fileTypesAndContributionMap":{"functional-code":{"insertions":13,"deletions":34}}}]},{"date":"2022-04-06","commitResults":[{"hash":"16404ee1bc0f5140195b6746085af14d988c6795","messageTitle":"Add Product Portfolio Page","messageBody":"Rename an exception\n","fileTypesAndContributionMap":{"functional-code":{"insertions":6,"deletions":6},"other":{"insertions":3,"deletions":3},"docs":{"insertions":55,"deletions":0}}},{"hash":"ab75334c5dc2f5c1fcceeab1f57f6de3f4f3e28c","messageTitle":"Update tag op exception","messageBody":"","fileTypesAndContributionMap":{"test-code":{"insertions":7,"deletions":13}}},{"hash":"601eb9bf63895fc164b658a8aece0b55375a0370","messageTitle":"Add InvalidFlagException to Junit","messageBody":"","fileTypesAndContributionMap":{"test-code":{"insertions":4,"deletions":0}}},{"hash":"c3c36f72dead99262b793a80fabebc73f80d20ff","messageTitle":"Update ModuleList method according to suggestion","messageBody":"Update relevant JavaDoc\n","fileTypesAndContributionMap":{"functional-code":{"insertions":5,"deletions":3}}},{"hash":"2c8e0d6441f8d0edad9c76727ab8bfef9f924c2c","messageTitle":"Update Junit","messageBody":"","fileTypesAndContributionMap":{"test-code":{"insertions":3,"deletions":4}}},{"hash":"dc48f7a2b762c9bcd1648f2646a10793861359c2","messageTitle":"Fix PPP headings","messageBody":"","fileTypesAndContributionMap":{"docs":{"insertions":9,"deletions":8}}},{"hash":"ab0758146217f61aaebbf1959539e40548f17056","messageTitle":"Update AboutUs.md","messageBody":"","fileTypesAndContributionMap":{"docs":{"insertions":1,"deletions":1}}},{"hash":"1789b64e6ef2a1cd36a8d35a252c23fdaf21b0f7","messageTitle":"Update AboutUs.md","messageBody":"Fix Portfolio Link","fileTypesAndContributionMap":{"docs":{"insertions":1,"deletions":1}}}]},{"date":"2022-04-09","commitResults":[{"hash":"1374847852196c454bba6230c74e04ffb9fee0a6","messageTitle":"Add author tags","messageBody":"","fileTypesAndContributionMap":{"functional-code":{"insertions":11,"deletions":1}}}]}]},"authorFileTypeContributionMap":{"chooyikai":{"docs":765,"functional-code":1092,"test-code":206,"other":1},"Yzkkk":{"docs":88,"functional-code":587,"test-code":209},"Ch40gRv1-Mu":{"docs":438,"functional-code":1231,"test-code":606,"other":4},"heekit73098":{"docs":563,"functional-code":1670,"test-code":248},"ngys117":{"docs":205,"functional-code":559,"test-code":84}},"authorContributionVariance":{"chooyikai":44575.266,"Yzkkk":13087.171,"Ch40gRv1-Mu":99828.58,"heekit73098":59220.67,"ngys117":10142.014},"authorDisplayNameMap":{"chooyikai":"CS2113T-T10-3 CHOO.. KAI","Yzkkk":"CS2113T-T10-3 YANG..IKUN","Ch40gRv1-Mu":"CS2113T-T10-3 MU C..GRUI","heekit73098":"CS2113T-T10-3 BANG.. KIT","ngys117":"CS2113T-T10-3 NG Y..HENG"}}
