{"authorDailyContributionsMap":{"chooyikai":[{"date":"2022-03-03","commitResults":[{"hash":"64b563476248ab34d13572cba63e50d3748882d2","messageTitle":"Update about us","messageBody":"","fileTypesAndContributionMap":{"docs":{"insertions":7,"deletions":7}}}]},{"date":"2022-03-09","commitResults":[{"hash":"47f90fcc0fdbcf222c40dc948013447262180657","messageTitle":"Code refactor to make code more OOP-compliant","messageBody":"","fileTypesAndContributionMap":{"functional-code":{"insertions":256,"deletions":163}}},{"hash":"a254d4accad74c626248680bf67369869d11de52","messageTitle":"Add rudimentary support for Modules","messageBody":"Will add integration for user-created modules later. For now, all added tasks will go into the default \u0027general tasks\u0027 module.\n","fileTypesAndContributionMap":{"functional-code":{"insertions":163,"deletions":38}}},{"hash":"808d170ab6d0a3c35006ee3e3c68f7032726ab49","messageTitle":"Clean up code","messageBody":"Removed unnecessary imports and unused variables, and added more Javadoc.\n","fileTypesAndContributionMap":{"functional-code":{"insertions":123,"deletions":80}}},{"hash":"c156dfe53bd5bf6466f33de8d51f18ba9b2aef6a","messageTitle":"Rewrite JUnit tests for new parser","messageBody":"","fileTypesAndContributionMap":{"functional-code":{"insertions":22,"deletions":6},"test-code":{"insertions":113,"deletions":48}}},{"hash":"322d35fbc01b9cf242ba360a6248ba02a43cb2f9","messageTitle":"Remove wildcard import","messageBody":"","fileTypesAndContributionMap":{"test-code":{"insertions":5,"deletions":5}}},{"hash":"ec3d964de1bbdaf4858f91bf89fc730cb13bae4e","messageTitle":"Tweak NoArgumentParser and add more JUnit tests","messageBody":"","fileTypesAndContributionMap":{"functional-code":{"insertions":4,"deletions":1},"test-code":{"insertions":28,"deletions":2}}}]},{"date":"2022-03-14","commitResults":[{"hash":"8b717dd9b20ee05ef912facaa9a83535d12b6409","messageTitle":"Add support for -m flag when adding tasks and updated JUnit","messageBody":"","fileTypesAndContributionMap":{"functional-code":{"insertions":42,"deletions":22},"test-code":{"insertions":232,"deletions":13}}},{"hash":"71d6f1a2b19baf09592ddae0f4b5f8a08c4feb21","messageTitle":"Add support for deleting tasks from a module and updated JUnit","messageBody":"","fileTypesAndContributionMap":{"functional-code":{"insertions":36,"deletions":27},"test-code":{"insertions":39,"deletions":0}}},{"hash":"875a86ee33a88ce17ed384a33cc86ca55924ab76","messageTitle":"Add support for marking tasks from a module and updated JUnit","messageBody":"","fileTypesAndContributionMap":{"functional-code":{"insertions":23,"deletions":6},"test-code":{"insertions":16,"deletions":2}}},{"hash":"82347d4c9e496ca9a01c795b32b52d60e3834efc","messageTitle":"Slightly refactor DeleteCommand logic","messageBody":"","fileTypesAndContributionMap":{"functional-code":{"insertions":13,"deletions":13}}}]},{"date":"2022-03-15","commitResults":[{"hash":"124df402ab0f1339104a9991682ea74f0c9a79b7","messageTitle":"Add enum for type of object being added by AddCommand, improve code quality","messageBody":"","fileTypesAndContributionMap":{"functional-code":{"insertions":21,"deletions":15},"test-code":{"insertions":0,"deletions":1}}}]},{"date":"2022-03-16","commitResults":[{"hash":"fec37a8e654b6aba37a2669cdd63e44cdaeac631","messageTitle":"Add load functionality and tweak save functionality","messageBody":"","fileTypesAndContributionMap":{"functional-code":{"insertions":160,"deletions":64},"other":{"insertions":6,"deletions":6},"test-code":{"insertions":11,"deletions":12}}},{"hash":"de2d9cd7c52cc42726520f12c900c497f7d12169","messageTitle":"Add more javadoc comments","messageBody":"","fileTypesAndContributionMap":{"functional-code":{"insertions":46,"deletions":48}}},{"hash":"36d7760dd60fc98ba266131f45e03dfa6b31bc15","messageTitle":"Hotfix to remove unicode faces","messageBody":"","fileTypesAndContributionMap":{"functional-code":{"insertions":3,"deletions":3}}}]}],"Yzkkk":[{"date":"2022-03-03","commitResults":[{"hash":"3a19ad5f8ae52b3bf2747bcc7d3932448f406064","messageTitle":"added Github profile","messageBody":"","fileTypesAndContributionMap":{"docs":{"insertions":4,"deletions":7}}},{"hash":"4d9d0ec9e75fc3b72b76de0d2a27c44a5b689a4d","messageTitle":"edited About us","messageBody":"","fileTypesAndContributionMap":{"docs":{"insertions":1,"deletions":0}}}]},{"date":"2022-03-07","commitResults":[{"hash":"b5c2ebf8c28f084a2f8b22c2242392bc6d2cc89a","messageTitle":"Added AddCommand and AddParser class","messageBody":"","fileTypesAndContributionMap":{"functional-code":{"insertions":57,"deletions":4}}},{"hash":"a5d7091836b666738fabfd9a8f82c5d21ca06630","messageTitle":"Implemented add tasks","messageBody":"","fileTypesAndContributionMap":{"functional-code":{"insertions":49,"deletions":16}}}]},{"date":"2022-03-08","commitResults":[{"hash":"47c84ce7ffb1504b64e543c9296e1aaf179fac8c","messageTitle":"Implemented Task Class and added task package","messageBody":"","fileTypesAndContributionMap":{"functional-code":{"insertions":20,"deletions":3}}},{"hash":"c19d2ecdef9b2448e478ae6868fa7c8f2f16bf37","messageTitle":"Implemented MarkParser","messageBody":"","fileTypesAndContributionMap":{"functional-code":{"insertions":92,"deletions":0}}},{"hash":"9e88385f434b0ca9ed9ae5fd1c02a655c7f39f6c","messageTitle":"made minor changes","messageBody":"","fileTypesAndContributionMap":{"functional-code":{"insertions":1,"deletions":0}}},{"hash":"4646b5a0e1160c21e68989739852a2a026ca24ee","messageTitle":"Included MarkCommand under ModHappyParser","messageBody":"","fileTypesAndContributionMap":{"functional-code":{"insertions":5,"deletions":5}}},{"hash":"3d786754e45d285e4c090ed165c0630430665ebd","messageTitle":"fixed typo","messageBody":"","fileTypesAndContributionMap":{"functional-code":{"insertions":6,"deletions":3}}},{"hash":"ae6ac7afcf78792a68bdbf66191bbb3dec8eea33","messageTitle":"fixed coding standard","messageBody":"","fileTypesAndContributionMap":{"functional-code":{"insertions":13,"deletions":15}}},{"hash":"84f27b56957c97a38c3a8a5e329e8928bb597802","messageTitle":"fixed coding standard","messageBody":"","fileTypesAndContributionMap":{"functional-code":{"insertions":7,"deletions":2}}},{"hash":"d84c815ab01bd77239205174c0b055b56d9dd8cf","messageTitle":"implemented list tasks","messageBody":"","fileTypesAndContributionMap":{"functional-code":{"insertions":9,"deletions":5}}},{"hash":"e8b0e72a6754663d9176fd96ca0b01f94763c020","messageTitle":"Finished implementing MarkCommand and MarkParser, added status to tasks","messageBody":"","fileTypesAndContributionMap":{"functional-code":{"insertions":45,"deletions":14}}},{"hash":"762ad9b6b67f85bf082f2f90f03820e70686260b","messageTitle":"resolved issues","messageBody":"","fileTypesAndContributionMap":{"functional-code":{"insertions":8,"deletions":10}}}]},{"date":"2022-03-12","commitResults":[{"hash":"e30aec01af4bd350f12a83b47d9827993ad7f870","messageTitle":"minor changes","messageBody":"","fileTypesAndContributionMap":{"functional-code":{"insertions":5,"deletions":3}}},{"hash":"cad252841a13cb31113fcebfcd3d685177f16a37","messageTitle":"Added more Junit tests for addCommand, deleteCommand and markCommand","messageBody":"","fileTypesAndContributionMap":{"test-code":{"insertions":156,"deletions":26}}},{"hash":"e95e70b0756dc4f67d876f067a6dfb6e8224b936","messageTitle":"update code quality","messageBody":"","fileTypesAndContributionMap":{"functional-code":{"insertions":1,"deletions":1}}}]},{"date":"2022-03-13","commitResults":[{"hash":"ba3e7cc63c2c01b4b5829e939a237da0d8f60542","messageTitle":"Extracted strings to TextUi class","messageBody":"","fileTypesAndContributionMap":{"functional-code":{"insertions":151,"deletions":61}}},{"hash":"4edb4eea7281872a3c1e0bd88cdf7d76f5488289","messageTitle":"updated code quality","messageBody":"","fileTypesAndContributionMap":{"functional-code":{"insertions":12,"deletions":12}}}]},{"date":"2022-03-14","commitResults":[{"hash":"b0533703ae2431fe4494ddaf8ea939e84a673ed2","messageTitle":"Extracted strings to a new class StringConstants","messageBody":"","fileTypesAndContributionMap":{"functional-code":{"insertions":159,"deletions":153}}},{"hash":"fab2acebc3d44a9276a2d9d9c8202e7b5645cd09","messageTitle":"updated code to resolve merge conflict","messageBody":"","fileTypesAndContributionMap":{"functional-code":{"insertions":2,"deletions":0}}},{"hash":"e536469995cc59ff88f271cb31baaa08ce1878e9","messageTitle":"fixed typo","messageBody":"","fileTypesAndContributionMap":{"functional-code":{"insertions":1,"deletions":1}}},{"hash":"45ef277ff700454adc694d704910badfa2d69cbb","messageTitle":"updated code quality","messageBody":"","fileTypesAndContributionMap":{"functional-code":{"insertions":4,"deletions":2}}}]},{"date":"2022-03-16","commitResults":[{"hash":"205b18573464ead8f891ba59162e35ac69517081","messageTitle":"added Quick Start, Mark and List commands in UG","messageBody":"","fileTypesAndContributionMap":{"docs":{"insertions":25,"deletions":4}}},{"hash":"5f4c2b23f57b5c284c9c8fd84ccb9cde4a51ebdc","messageTitle":"update code quality","messageBody":"","fileTypesAndContributionMap":{"docs":{"insertions":20,"deletions":20},"test-code":{"insertions":2,"deletions":2}}},{"hash":"7b46be63b1b2d50c0c52b2b449834464dbbb630e","messageTitle":"updated base on comment","messageBody":"","fileTypesAndContributionMap":{"docs":{"insertions":7,"deletions":5}}},{"hash":"ea5db549bf2b1c0c355366a7bb7c7db6d97cbee3","messageTitle":"update code quality","messageBody":"","fileTypesAndContributionMap":{"docs":{"insertions":1,"deletions":1}}}]}],"Ch40gRv1-Mu":[{"date":"2022-03-03","commitResults":[{"hash":"bde5e31babb412e1d05810eca5f4ef716f8c2d04","messageTitle":"Update README.md","messageBody":"","fileTypesAndContributionMap":{"docs":{"insertions":2,"deletions":1}}}]},{"date":"2022-03-06","commitResults":[{"hash":"2a858af14701ff0619a47a20e7454b436e6f4c18","messageTitle":"Add a comment","messageBody":"","fileTypesAndContributionMap":{"functional-code":{"insertions":1,"deletions":0}}},{"hash":"3e00731a495a21b93bacb98674f3f8e73e9b2f7f","messageTitle":"Update portfolio","messageBody":"Update portfolio to add my information\n","fileTypesAndContributionMap":{"docs":{"insertions":1,"deletions":5}}},{"hash":"2599b6086aa8ca94a2edb71aa19daf1e47db6147","messageTitle":"Add UI","messageBody":"1. Add a basic UI that supports\na. read from user; b. echo the text message from the user; c. show hello message; d. show goodbye message; e. show initialization message; 2. Refers to address-book 2 for the Main class to apply the UI\n","fileTypesAndContributionMap":{"functional-code":{"insertions":198,"deletions":22},"other":{"insertions":2,"deletions":2},"docs":{"insertions":1,"deletions":1}}},{"hash":"c1cc83ce0722f5996648a27a06347c28263bfa5a","messageTitle":"Fix Javadoc","messageBody":"","fileTypesAndContributionMap":{"functional-code":{"insertions":7,"deletions":10}}},{"hash":"46e4f70a7420ca664759c11d7df54001d05f1c0b","messageTitle":"Create TextUiTest.java","messageBody":"Add JUnit for Ui\n","fileTypesAndContributionMap":{"test-code":{"insertions":11,"deletions":0}}},{"hash":"324c3e29c83919bdc2bfabb5545c19dae024ca0b","messageTitle":"Fix Coding Standards","messageBody":"Fix Coding Standards\n","fileTypesAndContributionMap":{"functional-code":{"insertions":7,"deletions":5}}},{"hash":"3a1135e85937fe701b1f195a6df8ce6737858de3","messageTitle":"Fix Javadoc in TextUi.java","messageBody":"Fix Javadoc in TextUi.java\n","fileTypesAndContributionMap":{"functional-code":{"insertions":7,"deletions":7}}},{"hash":"0e41662da1ab84dab0282a462b2c3168ba0692af","messageTitle":"Fix Import spaceline","messageBody":"Fix Import spaceline\n","fileTypesAndContributionMap":{"functional-code":{"insertions":4,"deletions":3}}},{"hash":"869cd310a153b0f33aaa9325251ed428dcf3cb6f","messageTitle":"Update import spaceline","messageBody":"Update import spaceline\n","fileTypesAndContributionMap":{"functional-code":{"insertions":1,"deletions":0}}},{"hash":"8a6e72f9500b566d199ccc4eaa33c58a37f0fdfb","messageTitle":"Fix Coding Standards","messageBody":"Fix Coding Standards\n","fileTypesAndContributionMap":{"functional-code":{"insertions":2,"deletions":5}}},{"hash":"cadda5f2804ab1daeb500fbc2c09f7e2178d7f0a","messageTitle":"Fix Coding Standard","messageBody":"Fix Coding Standard\n","fileTypesAndContributionMap":{"functional-code":{"insertions":1,"deletions":2},"test-code":{"insertions":1,"deletions":0}}},{"hash":"5dc0c97160120c22b95ce90d9b8f74453c7d31e2","messageTitle":"Fix the gradle.yml bug","messageBody":"Delete the redirection test in  gradle.yml bug; No redirection test case available\n","fileTypesAndContributionMap":{"other":{"insertions":1,"deletions":1}}},{"hash":"8a892c1238016f739f007cfdb64ddc81805d7334","messageTitle":"Add Parser, ModHappyParser, ExitCommand","messageBody":"Parser is the parent class of all parser, that provide method to parse any format of string; ModHappyParser is the parser to parse general format of command;\n","fileTypesAndContributionMap":{"functional-code":{"insertions":216,"deletions":9}}}]},{"date":"2022-03-07","commitResults":[{"hash":"15cdc51cdb05d955f161deaafef5f3685659972a","messageTitle":"Fix the regex in ModHappyParser","messageBody":"Change from (?\u003ccommandWord\u003e\\\\S+)(?\u003carguments\u003e.*) to (?\u003ccommandWord\u003e\\\\S+)\\\\s*(?\u003carguments\u003e.*) to fix the possible space between commanWord and arguments\n","fileTypesAndContributionMap":{"functional-code":{"insertions":2,"deletions":30}}},{"hash":"3a6d0f988d5a7fd5e4f68981b58858744ed4d594","messageTitle":"Remove unnecessary exception in ModHappyParser","messageBody":"Remove unnecessary exception in ModHappyParser\n","fileTypesAndContributionMap":{"functional-code":{"insertions":1,"deletions":1}}},{"hash":"0cf895c2d821f20f5fa03ce31fb4b2d55febece2","messageTitle":"Add reference for runCommandLoopUntilExitCommand and exit in Main","messageBody":"Add the link to reference in the Java Doc for runCommandLoopUntilExitCommand and exit in Main\n","fileTypesAndContributionMap":{"functional-code":{"insertions":5,"deletions":1}}},{"hash":"9d5f2de7e1eba8606376a953e6f248fd65fc2953","messageTitle":"Refactor the name for UnknownCommandException","messageBody":"Refactor name for UnknownCommandException\n","fileTypesAndContributionMap":{"functional-code":{"insertions":4,"deletions":4},"other":{"insertions":3,"deletions":3}}},{"hash":"9821d06946261511b06ae84390f3c85a780ab98f","messageTitle":"Add JUnit for Parser","messageBody":"Add JUnit for Parser to test the parser function; Made a regex using for parsing flag and arguments of add operation to test the parser function.\n","fileTypesAndContributionMap":{"functional-code":{"insertions":1,"deletions":1},"test-code":{"insertions":72,"deletions":1}}},{"hash":"6b7aa7ec20cfe6699bbeb132297e3577642c9c8a","messageTitle":"Fix coding standard for ParserTest","messageBody":"Fix coding standard for ParserTest\n","fileTypesAndContributionMap":{"test-code":{"insertions":13,"deletions":10}}},{"hash":"c4061226c94ad58b002e90e1e8e6611c317bf7d9","messageTitle":"Fix a typo in comments","messageBody":"Fix a typo in comments of ParserTest\n","fileTypesAndContributionMap":{"test-code":{"insertions":1,"deletions":1}}}]},{"date":"2022-03-08","commitResults":[{"hash":"0c818564febc624e70a5bfcce9c85013673a56cb","messageTitle":"Modify the CommandResult to support ArrayList type result","messageBody":"Modify the CommandResult to support ArrayList type result\n","fileTypesAndContributionMap":{"functional-code":{"insertions":44,"deletions":8}}},{"hash":"664509186b9d6e2384d7918324668125fc1bdf6a","messageTitle":"Update ParserTest.java","messageBody":"Update ParserTest.java to include test of regex of mark\n","fileTypesAndContributionMap":{"test-code":{"insertions":42,"deletions":8}}},{"hash":"f62acbbfd72c0683cdc078d1d9beda97d3f87632","messageTitle":"Create ModHappyParserTest","messageBody":"A JUnit for ModHappyParser\n","fileTypesAndContributionMap":{"test-code":{"insertions":28,"deletions":0}}}]},{"date":"2022-03-15","commitResults":[{"hash":"cbe96310e84f4a356fdb7410158796ec6fc00d01","messageTitle":"Add SaveCommand; Storage, ListStorage, ModuleListStorage, TaskListStorage, and Corresponding JUnit","messageBody":"Add: 1. Storage; 2. ListStorage; 3. ModuleListStorage; 4. TaskListStorage; 5. SaveCommand; 6. ParseTest; 7. ModuleListStorageTest; 8. TaskListStorageTest\n","fileTypesAndContributionMap":{"functional-code":{"insertions":304,"deletions":14},"other":{"insertions":1,"deletions":0},"test-code":{"insertions":678,"deletions":474}}},{"hash":"4571b990b2d7d5353dcf304d8709c756e2138a62","messageTitle":"Refactor the parse directory under test","messageBody":"Refactor the parse directory under test\n","fileTypesAndContributionMap":{"other":{"insertions":5,"deletions":11}}},{"hash":"a9c24e341e61d9dc436942ac0eb0bcf11b37fe9d","messageTitle":"Synchronize the ModHappyParserTest.java","messageBody":"Synchronize the ModHappyParserTest.java\n","fileTypesAndContributionMap":{"test-code":{"insertions":277,"deletions":32}}},{"hash":"7ca26942d822593ff2824d13d9e3c2469b3d4a6e","messageTitle":"Update TaskList.java","messageBody":"Handle the case when the taskList is empty\n","fileTypesAndContributionMap":{"functional-code":{"insertions":6,"deletions":1}}}]},{"date":"2022-03-16","commitResults":[{"hash":"b1196dad82a959982a5c3a546e0de40bd3374ae9","messageTitle":"Update ModHappyParser, ModuleListStorage, TaskListStorage","messageBody":"Optimize the ModHappyParser commands dealing branch; Fix type\n","fileTypesAndContributionMap":{"functional-code":{"insertions":7,"deletions":6}}},{"hash":"295a463631c63a3f7a77320cdba13a98d5cbe7d3","messageTitle":"Fix bug made by refactoring","messageBody":"Fix bug made by refactoring list in TaskList\n","fileTypesAndContributionMap":{"functional-code":{"insertions":1,"deletions":1}}},{"hash":"8ccdef3475b9dd0b4ed33bf3bb544df4eca39f0a","messageTitle":"Update README.md","messageBody":"Change the title of the README.md","fileTypesAndContributionMap":{"docs":{"insertions":1,"deletions":1}}}]},{"date":"2022-03-17","commitResults":[{"hash":"ac57490170e24738805829e1a12900e290beb400","messageTitle":"Create Component.puml, Parser.puml","messageBody":"Create Component.puml, Parser.puml\n","fileTypesAndContributionMap":{"docs":{"insertions":25,"deletions":0}}},{"hash":"50ba36c90df12739cb0ec167da84ee62269c2df1","messageTitle":"Update gitignore","messageBody":"Not ignore Parse.puml\n","fileTypesAndContributionMap":{"docs":{"insertions":37,"deletions":0}}},{"hash":"4fd6b32b8909567cdec774f8931056f7711e73e7","messageTitle":"Update DevelopGuide.md","messageBody":"Update DevelopGuide.md to add two test puml diagram\n","fileTypesAndContributionMap":{"docs":{"insertions":7,"deletions":0}}}]},{"date":"2022-03-19","commitResults":[{"hash":"c3080c288b79622c56f8666cb20a1d44878b9156","messageTitle":"Add Configuration,   OptionParser, OptionCommand, ConfigurationStorage and corresponding JUnit","messageBody":"Add Configuration,  OptionParser, OptionCommand, ConfigurationStorage and corresponding JUnit\n","fileTypesAndContributionMap":{"functional-code":{"insertions":429,"deletions":57},"test-code":{"insertions":139,"deletions":8}}}]},{"date":"2022-03-21","commitResults":[{"hash":"51ef8c06d95285c54d5e06913a76972117e06690","messageTitle":"Resolve conflicts","messageBody":"Resolve conflicts\n","fileTypesAndContributionMap":{"functional-code":{"insertions":7,"deletions":5}}}]},{"date":"2022-03-22","commitResults":[{"hash":"cfba8eb67c2c03cd5909a9d6efb8418774398023","messageTitle":"Update StringConstants","messageBody":"Update StringConstants\n","fileTypesAndContributionMap":{"functional-code":{"insertions":2,"deletions":2}}},{"hash":"40978df0a8b92e50311e3d12c7495e70611036c2","messageTitle":"Update StringConstands","messageBody":"Update StringConstands\n","fileTypesAndContributionMap":{"functional-code":{"insertions":1,"deletions":1}}},{"hash":"c861890c0d5e4494a59501cf1849b3b4100048d9","messageTitle":"Updates OptionParser","messageBody":"Updates OptionParser\n","fileTypesAndContributionMap":{"functional-code":{"insertions":2,"deletions":4},"test-code":{"insertions":0,"deletions":2}}},{"hash":"f3ff33fc981f6fa7a68af25dd7805517f45e964a","messageTitle":"Update SaveCommand and Main.java","messageBody":"","fileTypesAndContributionMap":{"functional-code":{"insertions":4,"deletions":3}}}]}],"heekit73098":[{"date":"2022-03-03","commitResults":[{"hash":"64b4629ab6196620e6c8455f9267d2444b88e542","messageTitle":"Update About Us","messageBody":"","fileTypesAndContributionMap":{"docs":{"insertions":7,"deletions":7}}}]},{"date":"2022-03-09","commitResults":[{"hash":"1095f7300a5bf1bdedeee27f1f3a7bd7a233beb9","messageTitle":"Added Working Time and junit test cases","messageBody":"","fileTypesAndContributionMap":{"functional-code":{"insertions":49,"deletions":19},"test-code":{"insertions":55,"deletions":1}}},{"hash":"e332b8c76eb8d4bb1ee38b6a1b1f8fe71cca0743","messageTitle":"Update Code Quality","messageBody":"","fileTypesAndContributionMap":{"functional-code":{"insertions":14,"deletions":19}}},{"hash":"0b3edc0677c60466cec250c8e34b95533fe0b8c0","messageTitle":"Update Code Quality","messageBody":"","fileTypesAndContributionMap":{"test-code":{"insertions":8,"deletions":5}}},{"hash":"3ac7c96f6c09bb3eb847652a13f781667e346c3d","messageTitle":"Update Code Quality","messageBody":"","fileTypesAndContributionMap":{"test-code":{"insertions":2,"deletions":2}}},{"hash":"760e1dd51c6027fb9e708c837de8df72fdce1e0e","messageTitle":"Update Regex and junit tests","messageBody":"","fileTypesAndContributionMap":{"functional-code":{"insertions":7,"deletions":8},"test-code":{"insertions":16,"deletions":15}}}]},{"date":"2022-03-10","commitResults":[{"hash":"6c528f136ecf4d8b18207b15af1b4862d9dd4d37","messageTitle":"Updated code for readibility","messageBody":"","fileTypesAndContributionMap":{"functional-code":{"insertions":39,"deletions":18}}},{"hash":"9e81dbaa8092ae8473430ff940b776f0a43c4a94","messageTitle":"Changed empty string to null","messageBody":"","fileTypesAndContributionMap":{"functional-code":{"insertions":11,"deletions":19}}}]},{"date":"2022-03-13","commitResults":[{"hash":"0bdb493e6abcbf1aceee1eb7a18eff24092b5a7d","messageTitle":"Changed regex for add format and added JUnit tests","messageBody":"","fileTypesAndContributionMap":{"functional-code":{"insertions":26,"deletions":8},"test-code":{"insertions":42,"deletions":3}}},{"hash":"7a9da9444da0472ed8e7fbe7dacb82fa52dc9f75","messageTitle":"Fixed regex bug and update code quality","messageBody":"","fileTypesAndContributionMap":{"functional-code":{"insertions":16,"deletions":17},"test-code":{"insertions":41,"deletions":0}}}]},{"date":"2022-03-14","commitResults":[{"hash":"39487f32a3eb586ba2ad439904898f936d25edec","messageTitle":"Fixed regex and added explanation for regex","messageBody":"","fileTypesAndContributionMap":{"functional-code":{"insertions":18,"deletions":4}}},{"hash":"299cae55966ff118f76d2fdd2498b460bc0cf792","messageTitle":"Update code quality","messageBody":"","fileTypesAndContributionMap":{"functional-code":{"insertions":12,"deletions":6}}}]},{"date":"2022-03-15","commitResults":[{"hash":"f346fab939d6e0d41838baeae6c1411e7a6c2162","messageTitle":"Added Edit Parser and Command","messageBody":"","fileTypesAndContributionMap":{"functional-code":{"insertions":182,"deletions":10},"test-code":{"insertions":5,"deletions":5}}},{"hash":"fa3b95aa58ffec12df33d2884ef80762d0e42d58","messageTitle":"Implemented edit command and added JUnit Tests","messageBody":"","fileTypesAndContributionMap":{"functional-code":{"insertions":87,"deletions":45},"test-code":{"insertions":80,"deletions":6}}},{"hash":"a55237f98f56faf28ee5017d08f3f2fe99f50b52","messageTitle":"Added assertions and Update code quality for consistency","messageBody":"","fileTypesAndContributionMap":{"functional-code":{"insertions":22,"deletions":21},"test-code":{"insertions":4,"deletions":4}}},{"hash":"512bdee110effeed2547f79d6ca167cb96f9e4e9","messageTitle":"Update regex to fix bug","messageBody":"","fileTypesAndContributionMap":{"functional-code":{"insertions":1,"deletions":1}}},{"hash":"53156c00308830521091dc881688f30fa6254847","messageTitle":"Update code quality","messageBody":"","fileTypesAndContributionMap":{"functional-code":{"insertions":6,"deletions":6}}},{"hash":"18f39917988d73e19470c8db7dc22fdd6d887150","messageTitle":"Update code quality","messageBody":"","fileTypesAndContributionMap":{"test-code":{"insertions":7,"deletions":1}}}]},{"date":"2022-03-16","commitResults":[{"hash":"3fdc05d936877d87efc38606aa247ec6de2222d7","messageTitle":"Update code quality","messageBody":"","fileTypesAndContributionMap":{"functional-code":{"insertions":27,"deletions":15}}},{"hash":"dfb51d5476641323676b73509b2982a7d3cdd356","messageTitle":"Resolve bugs","messageBody":"","fileTypesAndContributionMap":{"functional-code":{"insertions":2,"deletions":2},"test-code":{"insertions":1,"deletions":1}}},{"hash":"e8a32864c5cfd1abc18259b3795925644340bd91","messageTitle":"Update Code Quality","messageBody":"","fileTypesAndContributionMap":{"test-code":{"insertions":5,"deletions":5}}},{"hash":"4bce0311a57ccd60354016624c9a98ad977f6a7b","messageTitle":"Check formatting","messageBody":"","fileTypesAndContributionMap":{"docs":{"insertions":20,"deletions":20}}},{"hash":"072fb139fa8a34b6882257cd2d4e33fa9292a523","messageTitle":"Check Formatting","messageBody":"","fileTypesAndContributionMap":{"docs":{"insertions":3,"deletions":1}}},{"hash":"6604d65349138f7d1f64540aadad0baaa34de221","messageTitle":"Added description for Edit Command","messageBody":"","fileTypesAndContributionMap":{"docs":{"insertions":12,"deletions":0}}},{"hash":"6176ee888803a46d8825c0dac9a9f11d9f72b201","messageTitle":"Added examples for edit task command","messageBody":"","fileTypesAndContributionMap":{"docs":{"insertions":3,"deletions":2}}},{"hash":"2921e5bf0eee45a514a11b9ce92a3a0671def4d5","messageTitle":"Fixed Formatting","messageBody":"","fileTypesAndContributionMap":{"docs":{"insertions":1,"deletions":0}}},{"hash":"7fdf9d123e6d75ac10cb0b158f45fc430d5160b1","messageTitle":"Added description for add command","messageBody":"","fileTypesAndContributionMap":{"docs":{"insertions":22,"deletions":8}}},{"hash":"e62d07d984364c2c70c2bcdc78a60619124dafaf","messageTitle":"Fix format consistency","messageBody":"","fileTypesAndContributionMap":{"docs":{"insertions":1,"deletions":1}}},{"hash":"ecc5763d43fa91b812c697911b7e6f9f40beb4d5","messageTitle":"Fix formatting","messageBody":"","fileTypesAndContributionMap":{"docs":{"insertions":9,"deletions":9}}},{"hash":"36cc4be77eaa2e21947db94a7fd20ea2c76fb33c","messageTitle":"Updated format consistency","messageBody":"","fileTypesAndContributionMap":{"docs":{"insertions":7,"deletions":7}}},{"hash":"30339cdc2843871de6e9bdbba0ae081d5d2b48fd","messageTitle":"Fixed formatting","messageBody":"","fileTypesAndContributionMap":{"docs":{"insertions":4,"deletions":6}}},{"hash":"6da3cd24ae58cc4a303c38da72c5ff68f26f149e","messageTitle":"Added save command","messageBody":"","fileTypesAndContributionMap":{"docs":{"insertions":14,"deletions":9}}}]},{"date":"2022-03-19","commitResults":[{"hash":"865d2cfefb3e5b55e5e7180213816ee68465dfab","messageTitle":"Added MCs for module","messageBody":"","fileTypesAndContributionMap":{"functional-code":{"insertions":30,"deletions":12}}},{"hash":"fe57ddf99663c85e26931ef6c698835b374cbc9e","messageTitle":"Added grade input and MCs for a module","messageBody":"","fileTypesAndContributionMap":{"functional-code":{"insertions":154,"deletions":12},"test-code":{"insertions":79,"deletions":17}}},{"hash":"2a336723da61725ff9cfd181f2ccf7b58daff514","messageTitle":"Update Code Quality","messageBody":"","fileTypesAndContributionMap":{"test-code":{"insertions":8,"deletions":1}}},{"hash":"ab101b8a387a478cee294536e213757e0a3c0d2c","messageTitle":"Updated Help Command for Add","messageBody":"","fileTypesAndContributionMap":{"functional-code":{"insertions":1,"deletions":1}}},{"hash":"af413d1e20f0e02ff25ca7e883d531f17c4a263c","messageTitle":"Update Code Quality","messageBody":"","fileTypesAndContributionMap":{"functional-code":{"insertions":2,"deletions":1}}},{"hash":"c1982d532c4de761fc8eaa502457db4a57f5314a","messageTitle":"Corrected Javadoc in Grade Command","messageBody":"","fileTypesAndContributionMap":{"functional-code":{"insertions":2,"deletions":3}}}]},{"date":"2022-03-20","commitResults":[{"hash":"96388b3d9942973771a5b6fcbf9dc088aab62d2f","messageTitle":"Added Enum for Grades and NumberConstants class","messageBody":"","fileTypesAndContributionMap":{"functional-code":{"insertions":130,"deletions":30},"test-code":{"insertions":7,"deletions":20}}},{"hash":"aac977bd17612865bd541006b9db518cd03730ed","messageTitle":"Update code quality","messageBody":"","fileTypesAndContributionMap":{"functional-code":{"insertions":2,"deletions":2}}}]}],"ngys117":[{"date":"2022-03-03","commitResults":[{"hash":"ca730d3a4a792334ae71f587d4d39592d6236f1d","messageTitle":"Update AboutUs","messageBody":"Add Name and Github Link\n","fileTypesAndContributionMap":{"docs":{"insertions":3,"deletions":7}}}]},{"date":"2022-03-06","commitResults":[{"hash":"f473f761dac392265af9758543d58845596d64b4","messageTitle":"Update AboutUs.md","messageBody":"Add header","fileTypesAndContributionMap":{"docs":{"insertions":2,"deletions":1}}}]},{"date":"2022-03-09","commitResults":[{"hash":"81c49b8640f3bfe5ee7da41eeef0dba01ffed266","messageTitle":"Add DeleteParser","messageBody":"Add DeleteCommand\n\nCurrently only supports deleting tasks\n\nUpdate ModHappyParser\n","fileTypesAndContributionMap":{"functional-code":{"insertions":120,"deletions":0}}},{"hash":"b802d76787c89f3ca373c6d31562ddc3867846b7","messageTitle":"Add DeleteParser, DeleteCommand","messageBody":"Modify ModuleList, TaskList\n\nAdd delete task and module functionality with these changes.\n","fileTypesAndContributionMap":{"functional-code":{"insertions":57,"deletions":50}}},{"hash":"880ba576d2246e156bc3d335d4554866df108a74","messageTitle":"Update DeleteCommand.","messageBody":"Add some JavaDoc.\n\nRemove some magic literals.\n","fileTypesAndContributionMap":{"functional-code":{"insertions":21,"deletions":5}}},{"hash":"d229d83788a720dcee718b0f323d3de8e70cafde","messageTitle":"Update Delete Parser","messageBody":"Update Delete Command\n","fileTypesAndContributionMap":{"functional-code":{"insertions":18,"deletions":19}}},{"hash":"1604e0be23f42d188ee2721efb348526365d44ad","messageTitle":"Add JUnit Testing","messageBody":"Update JavaDoc\n","fileTypesAndContributionMap":{"functional-code":{"insertions":12,"deletions":5},"test-code":{"insertions":26,"deletions":0}}},{"hash":"c0092987a330a9194e779a292e8ecc2d725a6665","messageTitle":"Add NoSuchModuleException","messageBody":"Add exception check for non-existent module for deleteModule\n\nUpdate exception check for deleteTask\n","fileTypesAndContributionMap":{"functional-code":{"insertions":31,"deletions":22}}},{"hash":"4e8e6683567f357dfb0430940620c2d62a46d3b0","messageTitle":"Add exception check for converting string to int","messageBody":"","fileTypesAndContributionMap":{"functional-code":{"insertions":8,"deletions":1}}},{"hash":"c57e7b47a0c8d25e754cc87f3a443f2a2e286ea7","messageTitle":"Shift exception check.","messageBody":"Previous location causes exception to always be thrown when trying to\ndelete a module.\n","fileTypesAndContributionMap":{"functional-code":{"insertions":7,"deletions":6}}}]},{"date":"2022-03-14","commitResults":[{"hash":"45572d9e153dd3a70a62d37e40050e34562ce747","messageTitle":"Add Help Command functionality","messageBody":"Users can now find the correct input format by using the help command.\n\nAdd HelpCommand, HelpParser\n","fileTypesAndContributionMap":{"functional-code":{"insertions":91,"deletions":0},"test-code":{"insertions":11,"deletions":0}}}]},{"date":"2022-03-15","commitResults":[{"hash":"e87b2511a23f2391cf3270f157299b5827dfc96f","messageTitle":"Add Reset Functionality","messageBody":"Users can now remove all tasks and modules with reset.\n","fileTypesAndContributionMap":{"functional-code":{"insertions":60,"deletions":0}}},{"hash":"d7eaab7014b23a6da4ba87b01e0df7cfb7c0d930","messageTitle":"Update user guide","messageBody":"","fileTypesAndContributionMap":{"docs":{"insertions":34,"deletions":15}}},{"hash":"ea1826ca8116056f2cbe4cbf6617a5ef7613bce3","messageTitle":"Update Add Command Help message","messageBody":"","fileTypesAndContributionMap":{"functional-code":{"insertions":1,"deletions":1}}},{"hash":"656ad72c6bda5e8a99011a2b045b99d9a92f59c9","messageTitle":"Update UserGuide","messageBody":"","fileTypesAndContributionMap":{"docs":{"insertions":10,"deletions":9}}},{"hash":"58cef0459161f43fdb897642e6a7680d4a2474e2","messageTitle":"Update Reset Command according to feedback","messageBody":"","fileTypesAndContributionMap":{"functional-code":{"insertions":9,"deletions":10}}},{"hash":"ef221ca6cd4d0aa48027e2395b47df31eac96ba0","messageTitle":"Update User Guide","messageBody":"","fileTypesAndContributionMap":{"docs":{"insertions":11,"deletions":8}}},{"hash":"fc0e9ac1305e058bd5699fe251d95eddc2e52a33","messageTitle":"Update Help to include edit command","messageBody":"","fileTypesAndContributionMap":{"functional-code":{"insertions":31,"deletions":11}}},{"hash":"e2b39fe84a93714db81b8ce88affeff594cf5aff","messageTitle":"Update Help to include reset help","messageBody":"","fileTypesAndContributionMap":{"functional-code":{"insertions":11,"deletions":3}}},{"hash":"fa9d91325f1435e5d1c47496e89043d13dab1d49","messageTitle":"Update help","messageBody":"","fileTypesAndContributionMap":{"functional-code":{"insertions":5,"deletions":7}}}]},{"date":"2022-03-16","commitResults":[{"hash":"fe5a1efc734b4b6cfe31f81773c1964956c79d49","messageTitle":"Fix formatting","messageBody":"","fileTypesAndContributionMap":{"docs":{"insertions":9,"deletions":9}}}]},{"date":"2022-03-19","commitResults":[{"hash":"a004feb39c410993c199786c6436672a18db6f4d","messageTitle":"Add Tag Functionality","messageBody":"Added the ability to tag and filter tasks so that users can organize\ntheir tasks better.\n","fileTypesAndContributionMap":{"functional-code":{"insertions":248,"deletions":15}}},{"hash":"2a5a1e723e5bedbbf324114d9d68455df97da7cd","messageTitle":"Update UserGuide","messageBody":"","fileTypesAndContributionMap":{"docs":{"insertions":9,"deletions":0}}},{"hash":"fc114a8b991e1b43cb4d6c0bb30de9322cfdfb6c","messageTitle":"Update UserGuide","messageBody":"","fileTypesAndContributionMap":{"docs":{"insertions":8,"deletions":6}}},{"hash":"4cc5f3764096c8f07cf11126fd17012deaed60ba","messageTitle":"Remove a JUnit test","messageBody":"List now takes in a tag as an argument. If tag is not found, no\nexception is thrown, rather an empty list is printed.\n","fileTypesAndContributionMap":{"test-code":{"insertions":1,"deletions":13}}},{"hash":"a51c28621f73bbad6b16dc4a2376e8fc9f64f3fe","messageTitle":"Update Tag Command","messageBody":"Update Task String Format\n\nReset save files to support tags\n","fileTypesAndContributionMap":{"functional-code":{"insertions":31,"deletions":19}}},{"hash":"b4d5062e108914819dd766b516e975f73dc641ae","messageTitle":"Add JUnit tests","messageBody":"","fileTypesAndContributionMap":{"functional-code":{"insertions":16,"deletions":0},"test-code":{"insertions":49,"deletions":4}}},{"hash":"5f27af90a95cad75b324be2affb61f8169b02b8a","messageTitle":"Fix missing commands from help.","messageBody":"","fileTypesAndContributionMap":{"functional-code":{"insertions":1,"deletions":1}}}]},{"date":"2022-03-20","commitResults":[{"hash":"3b27a203918ca7d34b83879861effdd2ddfe2987","messageTitle":"Update Tag Functionality","messageBody":"Update JUnit\n\nUpdate UserGuide\n","fileTypesAndContributionMap":{"functional-code":{"insertions":29,"deletions":22},"docs":{"insertions":7,"deletions":6},"test-code":{"insertions":8,"deletions":20}}},{"hash":"73faf157584ea9e0a492fb209b1b697b94ebfeef","messageTitle":"Update List Description","messageBody":"","fileTypesAndContributionMap":{"functional-code":{"insertions":3,"deletions":3},"docs":{"insertions":2,"deletions":2}}}]},{"date":"2022-03-21","commitResults":[{"hash":"5f560ff3f06ff5030c8f45e6fa4cc1c0fdda5389","messageTitle":"Add Delete Confirmation for module with tasks","messageBody":"","fileTypesAndContributionMap":{"functional-code":{"insertions":19,"deletions":1}}},{"hash":"fc729a49894b4cb59b6593190a46d432257d1bea","messageTitle":"Update Delete confirmation","messageBody":"","fileTypesAndContributionMap":{"functional-code":{"insertions":16,"deletions":8}}}]}]},"authorFileTypeContributionMap":{"chooyikai":{"docs":1,"functional-code":687,"test-code":390},"Yzkkk":{"docs":25,"functional-code":245,"test-code":160},"Ch40gRv1-Mu":{"docs":74,"functional-code":946,"test-code":330,"other":4},"heekit73098":{"docs":46,"functional-code":560,"test-code":299},"ngys117":{"docs":36,"functional-code":595,"test-code":62}},"authorContributionVariance":{"chooyikai":41412.31,"Yzkkk":7350.251,"Ch40gRv1-Mu":110202.33,"heekit73098":12745.072,"ngys117":11146.683},"authorDisplayNameMap":{"chooyikai":"CS2113T-T10-3 CHOO.. KAI","Yzkkk":"CS2113T-T10-3 YANG..IKUN","Ch40gRv1-Mu":"CS2113T-T10-3 MU C..GRUI","heekit73098":"CS2113T-T10-3 BANG.. KIT","ngys117":"CS2113T-T10-3 NG Y..HENG"}}
