{"authorDailyContributionsMap":{"chooyikai":[{"date":"2022-03-03","commitResults":[{"hash":"64b563476248ab34d13572cba63e50d3748882d2","messageTitle":"Update about us","messageBody":"","fileTypesAndContributionMap":{"docs":{"insertions":7,"deletions":7}}}]},{"date":"2022-03-09","commitResults":[{"hash":"47f90fcc0fdbcf222c40dc948013447262180657","messageTitle":"Code refactor to make code more OOP-compliant","messageBody":"","fileTypesAndContributionMap":{"functional-code":{"insertions":256,"deletions":163}}},{"hash":"a254d4accad74c626248680bf67369869d11de52","messageTitle":"Add rudimentary support for Modules","messageBody":"Will add integration for user-created modules later. For now, all added tasks will go into the default \u0027general tasks\u0027 module.\n","fileTypesAndContributionMap":{"functional-code":{"insertions":163,"deletions":38}}},{"hash":"808d170ab6d0a3c35006ee3e3c68f7032726ab49","messageTitle":"Clean up code","messageBody":"Removed unnecessary imports and unused variables, and added more Javadoc.\n","fileTypesAndContributionMap":{"functional-code":{"insertions":123,"deletions":80}}},{"hash":"c156dfe53bd5bf6466f33de8d51f18ba9b2aef6a","messageTitle":"Rewrite JUnit tests for new parser","messageBody":"","fileTypesAndContributionMap":{"functional-code":{"insertions":22,"deletions":6},"test-code":{"insertions":113,"deletions":48}}},{"hash":"322d35fbc01b9cf242ba360a6248ba02a43cb2f9","messageTitle":"Remove wildcard import","messageBody":"","fileTypesAndContributionMap":{"test-code":{"insertions":5,"deletions":5}}},{"hash":"ec3d964de1bbdaf4858f91bf89fc730cb13bae4e","messageTitle":"Tweak NoArgumentParser and add more JUnit tests","messageBody":"","fileTypesAndContributionMap":{"functional-code":{"insertions":4,"deletions":1},"test-code":{"insertions":28,"deletions":2}}}]}],"Yzkkk":[{"date":"2022-03-03","commitResults":[{"hash":"3a19ad5f8ae52b3bf2747bcc7d3932448f406064","messageTitle":"added Github profile","messageBody":"","fileTypesAndContributionMap":{"docs":{"insertions":4,"deletions":7}}},{"hash":"4d9d0ec9e75fc3b72b76de0d2a27c44a5b689a4d","messageTitle":"edited About us","messageBody":"","fileTypesAndContributionMap":{"docs":{"insertions":1,"deletions":0}}}]},{"date":"2022-03-07","commitResults":[{"hash":"b5c2ebf8c28f084a2f8b22c2242392bc6d2cc89a","messageTitle":"Added AddCommand and AddParser class","messageBody":"","fileTypesAndContributionMap":{"functional-code":{"insertions":57,"deletions":4}}},{"hash":"a5d7091836b666738fabfd9a8f82c5d21ca06630","messageTitle":"Implemented add tasks","messageBody":"","fileTypesAndContributionMap":{"functional-code":{"insertions":49,"deletions":16}}}]},{"date":"2022-03-08","commitResults":[{"hash":"47c84ce7ffb1504b64e543c9296e1aaf179fac8c","messageTitle":"Implemented Task Class and added task package","messageBody":"","fileTypesAndContributionMap":{"functional-code":{"insertions":20,"deletions":3}}},{"hash":"c19d2ecdef9b2448e478ae6868fa7c8f2f16bf37","messageTitle":"Implemented MarkParser","messageBody":"","fileTypesAndContributionMap":{"functional-code":{"insertions":92,"deletions":0}}},{"hash":"9e88385f434b0ca9ed9ae5fd1c02a655c7f39f6c","messageTitle":"made minor changes","messageBody":"","fileTypesAndContributionMap":{"functional-code":{"insertions":1,"deletions":0}}},{"hash":"4646b5a0e1160c21e68989739852a2a026ca24ee","messageTitle":"Included MarkCommand under ModHappyParser","messageBody":"","fileTypesAndContributionMap":{"functional-code":{"insertions":5,"deletions":5}}},{"hash":"3d786754e45d285e4c090ed165c0630430665ebd","messageTitle":"fixed typo","messageBody":"","fileTypesAndContributionMap":{"functional-code":{"insertions":6,"deletions":3}}},{"hash":"ae6ac7afcf78792a68bdbf66191bbb3dec8eea33","messageTitle":"fixed coding standard","messageBody":"","fileTypesAndContributionMap":{"functional-code":{"insertions":13,"deletions":15}}},{"hash":"84f27b56957c97a38c3a8a5e329e8928bb597802","messageTitle":"fixed coding standard","messageBody":"","fileTypesAndContributionMap":{"functional-code":{"insertions":7,"deletions":2}}},{"hash":"d84c815ab01bd77239205174c0b055b56d9dd8cf","messageTitle":"implemented list tasks","messageBody":"","fileTypesAndContributionMap":{"functional-code":{"insertions":9,"deletions":5}}},{"hash":"e8b0e72a6754663d9176fd96ca0b01f94763c020","messageTitle":"Finished implementing MarkCommand and MarkParser, added status to tasks","messageBody":"","fileTypesAndContributionMap":{"functional-code":{"insertions":45,"deletions":14}}},{"hash":"762ad9b6b67f85bf082f2f90f03820e70686260b","messageTitle":"resolved issues","messageBody":"","fileTypesAndContributionMap":{"functional-code":{"insertions":8,"deletions":10}}}]}],"Ch40gRv1-Mu":[{"date":"2022-03-03","commitResults":[{"hash":"bde5e31babb412e1d05810eca5f4ef716f8c2d04","messageTitle":"Update README.md","messageBody":"","fileTypesAndContributionMap":{"docs":{"insertions":2,"deletions":1}}}]},{"date":"2022-03-06","commitResults":[{"hash":"2a858af14701ff0619a47a20e7454b436e6f4c18","messageTitle":"Add a comment","messageBody":"","fileTypesAndContributionMap":{"functional-code":{"insertions":1,"deletions":0}}},{"hash":"3e00731a495a21b93bacb98674f3f8e73e9b2f7f","messageTitle":"Update portfolio","messageBody":"Update portfolio to add my information\n","fileTypesAndContributionMap":{"docs":{"insertions":1,"deletions":5}}},{"hash":"2599b6086aa8ca94a2edb71aa19daf1e47db6147","messageTitle":"Add UI","messageBody":"1. Add a basic UI that supports\na. read from user; b. echo the text message from the user; c. show hello message; d. show goodbye message; e. show initialization message; 2. Refers to address-book 2 for the Main class to apply the UI\n","fileTypesAndContributionMap":{"functional-code":{"insertions":198,"deletions":22},"other":{"insertions":2,"deletions":2},"docs":{"insertions":1,"deletions":1}}},{"hash":"c1cc83ce0722f5996648a27a06347c28263bfa5a","messageTitle":"Fix Javadoc","messageBody":"","fileTypesAndContributionMap":{"functional-code":{"insertions":7,"deletions":10}}},{"hash":"46e4f70a7420ca664759c11d7df54001d05f1c0b","messageTitle":"Create TextUiTest.java","messageBody":"Add JUnit for Ui\n","fileTypesAndContributionMap":{"test-code":{"insertions":11,"deletions":0}}},{"hash":"324c3e29c83919bdc2bfabb5545c19dae024ca0b","messageTitle":"Fix Coding Standards","messageBody":"Fix Coding Standards\n","fileTypesAndContributionMap":{"functional-code":{"insertions":7,"deletions":5}}},{"hash":"3a1135e85937fe701b1f195a6df8ce6737858de3","messageTitle":"Fix Javadoc in TextUi.java","messageBody":"Fix Javadoc in TextUi.java\n","fileTypesAndContributionMap":{"functional-code":{"insertions":7,"deletions":7}}},{"hash":"0e41662da1ab84dab0282a462b2c3168ba0692af","messageTitle":"Fix Import spaceline","messageBody":"Fix Import spaceline\n","fileTypesAndContributionMap":{"functional-code":{"insertions":4,"deletions":3}}},{"hash":"869cd310a153b0f33aaa9325251ed428dcf3cb6f","messageTitle":"Update import spaceline","messageBody":"Update import spaceline\n","fileTypesAndContributionMap":{"functional-code":{"insertions":1,"deletions":0}}},{"hash":"8a6e72f9500b566d199ccc4eaa33c58a37f0fdfb","messageTitle":"Fix Coding Standards","messageBody":"Fix Coding Standards\n","fileTypesAndContributionMap":{"functional-code":{"insertions":2,"deletions":5}}},{"hash":"cadda5f2804ab1daeb500fbc2c09f7e2178d7f0a","messageTitle":"Fix Coding Standard","messageBody":"Fix Coding Standard\n","fileTypesAndContributionMap":{"functional-code":{"insertions":1,"deletions":2},"test-code":{"insertions":1,"deletions":0}}},{"hash":"5dc0c97160120c22b95ce90d9b8f74453c7d31e2","messageTitle":"Fix the gradle.yml bug","messageBody":"Delete the redirection test in  gradle.yml bug; No redirection test case available\n","fileTypesAndContributionMap":{"other":{"insertions":1,"deletions":1}}},{"hash":"8a892c1238016f739f007cfdb64ddc81805d7334","messageTitle":"Add Parser, ModHappyParser, ExitCommand","messageBody":"Parser is the parent class of all parser, that provide method to parse any format of string; ModHappyParser is the parser to parse general format of command;\n","fileTypesAndContributionMap":{"functional-code":{"insertions":216,"deletions":9}}}]},{"date":"2022-03-07","commitResults":[{"hash":"15cdc51cdb05d955f161deaafef5f3685659972a","messageTitle":"Fix the regex in ModHappyParser","messageBody":"Change from (?\u003ccommandWord\u003e\\\\S+)(?\u003carguments\u003e.*) to (?\u003ccommandWord\u003e\\\\S+)\\\\s*(?\u003carguments\u003e.*) to fix the possible space between commanWord and arguments\n","fileTypesAndContributionMap":{"functional-code":{"insertions":2,"deletions":30}}},{"hash":"3a6d0f988d5a7fd5e4f68981b58858744ed4d594","messageTitle":"Remove unnecessary exception in ModHappyParser","messageBody":"Remove unnecessary exception in ModHappyParser\n","fileTypesAndContributionMap":{"functional-code":{"insertions":1,"deletions":1}}},{"hash":"0cf895c2d821f20f5fa03ce31fb4b2d55febece2","messageTitle":"Add reference for runCommandLoopUntilExitCommand and exit in Main","messageBody":"Add the link to reference in the Java Doc for runCommandLoopUntilExitCommand and exit in Main\n","fileTypesAndContributionMap":{"functional-code":{"insertions":5,"deletions":1}}},{"hash":"9d5f2de7e1eba8606376a953e6f248fd65fc2953","messageTitle":"Refactor the name for UnknownCommandException","messageBody":"Refactor name for UnknownCommandException\n","fileTypesAndContributionMap":{"functional-code":{"insertions":4,"deletions":4},"other":{"insertions":3,"deletions":3}}},{"hash":"9821d06946261511b06ae84390f3c85a780ab98f","messageTitle":"Add JUnit for Parser","messageBody":"Add JUnit for Parser to test the parser function; Made a regex using for parsing flag and arguments of add operation to test the parser function.\n","fileTypesAndContributionMap":{"functional-code":{"insertions":1,"deletions":1},"test-code":{"insertions":72,"deletions":1}}},{"hash":"6b7aa7ec20cfe6699bbeb132297e3577642c9c8a","messageTitle":"Fix coding standard for ParserTest","messageBody":"Fix coding standard for ParserTest\n","fileTypesAndContributionMap":{"test-code":{"insertions":13,"deletions":10}}},{"hash":"c4061226c94ad58b002e90e1e8e6611c317bf7d9","messageTitle":"Fix a typo in comments","messageBody":"Fix a typo in comments of ParserTest\n","fileTypesAndContributionMap":{"test-code":{"insertions":1,"deletions":1}}}]},{"date":"2022-03-08","commitResults":[{"hash":"0c818564febc624e70a5bfcce9c85013673a56cb","messageTitle":"Modify the CommandResult to support ArrayList type result","messageBody":"Modify the CommandResult to support ArrayList type result\n","fileTypesAndContributionMap":{"functional-code":{"insertions":44,"deletions":8}}},{"hash":"664509186b9d6e2384d7918324668125fc1bdf6a","messageTitle":"Update ParserTest.java","messageBody":"Update ParserTest.java to include test of regex of mark\n","fileTypesAndContributionMap":{"test-code":{"insertions":42,"deletions":8}}},{"hash":"f62acbbfd72c0683cdc078d1d9beda97d3f87632","messageTitle":"Create ModHappyParserTest","messageBody":"A JUnit for ModHappyParser\n","fileTypesAndContributionMap":{"test-code":{"insertions":28,"deletions":0}}}]}],"heekit73098":[{"date":"2022-03-03","commitResults":[{"hash":"64b4629ab6196620e6c8455f9267d2444b88e542","messageTitle":"Update About Us","messageBody":"","fileTypesAndContributionMap":{"docs":{"insertions":7,"deletions":7}}}]}],"ngys117":[{"date":"2022-03-03","commitResults":[{"hash":"ca730d3a4a792334ae71f587d4d39592d6236f1d","messageTitle":"Update AboutUs","messageBody":"Add Name and Github Link\n","fileTypesAndContributionMap":{"docs":{"insertions":3,"deletions":7}}}]},{"date":"2022-03-06","commitResults":[{"hash":"f473f761dac392265af9758543d58845596d64b4","messageTitle":"Update AboutUs.md","messageBody":"Add header","fileTypesAndContributionMap":{"docs":{"insertions":2,"deletions":1}}}]},{"date":"2022-03-09","commitResults":[{"hash":"81c49b8640f3bfe5ee7da41eeef0dba01ffed266","messageTitle":"Add DeleteParser","messageBody":"Add DeleteCommand\n\nCurrently only supports deleting tasks\n\nUpdate ModHappyParser\n","fileTypesAndContributionMap":{"functional-code":{"insertions":120,"deletions":0}}},{"hash":"b802d76787c89f3ca373c6d31562ddc3867846b7","messageTitle":"Add DeleteParser, DeleteCommand","messageBody":"Modify ModuleList, TaskList\n\nAdd delete task and module functionality with these changes.\n","fileTypesAndContributionMap":{"functional-code":{"insertions":57,"deletions":50}}},{"hash":"880ba576d2246e156bc3d335d4554866df108a74","messageTitle":"Update DeleteCommand.","messageBody":"Add some JavaDoc.\n\nRemove some magic literals.\n","fileTypesAndContributionMap":{"functional-code":{"insertions":21,"deletions":5}}},{"hash":"d229d83788a720dcee718b0f323d3de8e70cafde","messageTitle":"Update Delete Parser","messageBody":"Update Delete Command\n","fileTypesAndContributionMap":{"functional-code":{"insertions":18,"deletions":19}}},{"hash":"1604e0be23f42d188ee2721efb348526365d44ad","messageTitle":"Add JUnit Testing","messageBody":"Update JavaDoc\n","fileTypesAndContributionMap":{"functional-code":{"insertions":12,"deletions":5},"test-code":{"insertions":26,"deletions":0}}},{"hash":"c0092987a330a9194e779a292e8ecc2d725a6665","messageTitle":"Add NoSuchModuleException","messageBody":"Add exception check for non-existent module for deleteModule\n\nUpdate exception check for deleteTask\n","fileTypesAndContributionMap":{"functional-code":{"insertions":31,"deletions":22}}},{"hash":"4e8e6683567f357dfb0430940620c2d62a46d3b0","messageTitle":"Add exception check for converting string to int","messageBody":"","fileTypesAndContributionMap":{"functional-code":{"insertions":8,"deletions":1}}},{"hash":"c57e7b47a0c8d25e754cc87f3a443f2a2e286ea7","messageTitle":"Shift exception check.","messageBody":"Previous location causes exception to always be thrown when trying to\ndelete a module.\n","fileTypesAndContributionMap":{"functional-code":{"insertions":7,"deletions":6}}}]}]},"authorFileTypeContributionMap":{"chooyikai":{"docs":1,"functional-code":490,"test-code":176},"Yzkkk":{"docs":1,"functional-code":91,"test-code":0},"Ch40gRv1-Mu":{"docs":4,"functional-code":343,"test-code":38,"other":3},"heekit73098":{"docs":1,"functional-code":0,"test-code":0},"ngys117":{"docs":3,"functional-code":169,"test-code":26}},"authorContributionVariance":{"chooyikai":53004.65,"Yzkkk":3857.4473,"Ch40gRv1-Mu":14554.7,"heekit73098":9.310002,"ngys117":7885.548},"authorDisplayNameMap":{"chooyikai":"CS2113T-T10-3 CHOO.. KAI","Yzkkk":"CS2113T-T10-3 YANG..IKUN","Ch40gRv1-Mu":"CS2113T-T10-3 MU C..GRUI","heekit73098":"CS2113T-T10-3 BANG.. KIT","ngys117":"CS2113T-T10-3 NG Y..HENG"}}
