{"authorDailyContributionsMap":{"YitHien":[{"date":"2022-03-04","commitResults":[{"hash":"0a08a40c124de7ffde9d723e2506884ef3e5f9e8","messageTitle":"Add name to AboutUs.md file","messageBody":"","fileTypesAndContributionMap":{"docs":{"insertions":7,"deletions":7}}}]},{"date":"2022-03-10","commitResults":[{"hash":"c96c0f68cce7722d75a142f73dd94d9e20c3f7da","messageTitle":"Add skeleton code for expense tracker to support adding, deleting and listing out of expenses","messageBody":"","fileTypesAndContributionMap":{"functional-code":{"insertions":132,"deletions":0}}}]},{"date":"2022-03-11","commitResults":[{"hash":"54d45d75cd7ee7498dec27d3ba439e954ea8438b","messageTitle":"Minor changes to fix CheckStyle issues","messageBody":"","fileTypesAndContributionMap":{"functional-code":{"insertions":36,"deletions":11},"docs":{"insertions":6,"deletions":0},"test-code":{"insertions":7,"deletions":0}}},{"hash":"e780d5d0bab20385a3af868758c228243be99396","messageTitle":"Minor changes to Text-UI-Test files","messageBody":"","fileTypesAndContributionMap":{"functional-code":{"insertions":11,"deletions":21}}}]}],"mathanmahe":[{"date":"2022-03-04","commitResults":[{"hash":"78eb47fb430df12b3e8b9bbe848c8be866350e52","messageTitle":"About us update","messageBody":"","fileTypesAndContributionMap":{"docs":{"insertions":1,"deletions":1}}}]},{"date":"2022-03-10","commitResults":[{"hash":"2a6306d9e8e3c6efba93e12919c7a2fa9cb4092e","messageTitle":"Implement skeleton class for modules manager","messageBody":"","fileTypesAndContributionMap":{"functional-code":{"insertions":37,"deletions":0}}},{"hash":"98638e4bb7b8dd5ea757e7eb586e57e5e5867b1e","messageTitle":"Add JUnit test for Module class","messageBody":"","fileTypesAndContributionMap":{"test-code":{"insertions":13,"deletions":0}}},{"hash":"b0f41d95438c8a8499524ffd3de7221ea21d21a4","messageTitle":"Change formatting as per coding standard","messageBody":"","fileTypesAndContributionMap":{"functional-code":{"insertions":2,"deletions":5}}}]},{"date":"2022-03-11","commitResults":[{"hash":"69a59e59a70a6637c035730f7c3c697a42a353f5","messageTitle":"Match gradle checks","messageBody":"","fileTypesAndContributionMap":{"functional-code":{"insertions":1,"deletions":1},"test-code":{"insertions":1,"deletions":1}}}]}],"OzairHasan":[{"date":"2022-03-04","commitResults":[{"hash":"b23676f68517a3a0ea43670bbfb1844dbd3fa9c1","messageTitle":"Update AboutUs.md","messageBody":"","fileTypesAndContributionMap":{"docs":{"insertions":7,"deletions":7}}}]},{"date":"2022-03-10","commitResults":[{"hash":"b29adfb6cf4fb02ddd9062c1885015082d2524f3","messageTitle":"Rename Duke.java and DukeTest.java to AllOnUs.java and AllOnUsTest.java","messageBody":"Update menu functionality to support help, exit commands and in-app navigation from menu\n","fileTypesAndContributionMap":{"functional-code":{"insertions":103,"deletions":47},"other":{"insertions":4,"deletions":2}}},{"hash":"040039c73dbd23766ebd6726c14c544c63ae38b1","messageTitle":"Add JUnit test for user command checking functionality","messageBody":"","fileTypesAndContributionMap":{"test-code":{"insertions":30,"deletions":2}}},{"hash":"3bcdcb708cd8b0021082517b6e372fc7d12c0ab0","messageTitle":"Fix code quality","messageBody":"","fileTypesAndContributionMap":{"functional-code":{"insertions":12,"deletions":12}}}]},{"date":"2022-03-11","commitResults":[{"hash":"b4b1e3be2073d7c940f1f8b9df7a175ca1050569","messageTitle":"Change file names back to Duke.java and DukeTest.java to resolve gradle check issues temporarily.","messageBody":"","fileTypesAndContributionMap":{"other":{"insertions":2,"deletions":2},"test-code":{"insertions":42,"deletions":42}}}]}],"wli-linda":[{"date":"2022-03-04","commitResults":[{"hash":"63e7e0434b7e1499a01b469eb3fe93f7e9ee3523","messageTitle":"Update AboutUs.md","messageBody":"","fileTypesAndContributionMap":{"docs":{"insertions":7,"deletions":7}}}]},{"date":"2022-03-07","commitResults":[{"hash":"d991df76fbeaa98be05a6ad1fbdcf0d692427fda","messageTitle":"Implement skeleton for contacts manager","messageBody":"","fileTypesAndContributionMap":{"functional-code":{"insertions":102,"deletions":11},"docs":{"insertions":11,"deletions":5}}},{"hash":"8dd1f05a8678b82c6b7e4e9611a5265ad41ae774","messageTitle":"Update tests and fix checkstyle error","messageBody":"","fileTypesAndContributionMap":{"functional-code":{"insertions":1,"deletions":1}}},{"hash":"9ad5cd67b3e7ef3903c1be8ab0ae6bdcb1a41519","messageTitle":"Implement naive listContacts() and Contact class","messageBody":"","fileTypesAndContributionMap":{"functional-code":{"insertions":33,"deletions":1}}}]},{"date":"2022-03-11","commitResults":[{"hash":"648203428366c930e11c9486419f37e060e7262d","messageTitle":"Implement basic contacts add and delete","messageBody":"","fileTypesAndContributionMap":{"functional-code":{"insertions":44,"deletions":7}}},{"hash":"ff8fe3a35c57f5f460ed0b77d665ff704f4e70d5","messageTitle":"Add basic JUnit Tests for contacts tracker","messageBody":"","fileTypesAndContributionMap":{"test-code":{"insertions":91,"deletions":0}}},{"hash":"d803b15c614b180c82b106d5e6f8e7763e12f342","messageTitle":"Refactor name Duke to AllOnUs","messageBody":"","fileTypesAndContributionMap":{"other":{"insertions":22,"deletions":23},"test-code":{"insertions":47,"deletions":49}}}]}]},"authorFileTypeContributionMap":{"YitHien":{"docs":8,"functional-code":136,"test-code":0},"mathanmahe":{"docs":1,"functional-code":33,"test-code":12},"OzairHasan":{"docs":1,"functional-code":57,"test-code":0},"wli-linda":{"docs":8,"functional-code":176,"test-code":139,"other":2}},"authorContributionVariance":{"YitHien":1068.6033,"mathanmahe":140.39049,"OzairHasan":2200.1077,"wli-linda":4445.8184},"authorDisplayNameMap":{"YitHien":"CS2113-F10-4 TAN ..HIEN","mathanmahe":"CS2113-F10-4 MATH..DRAN","OzairHasan":"CS2113-F10-4 SYED..ASAN","wli-linda":"CS2113-F10-4 LI, ..NDAN"}}
