{"authorDailyContributionsMap":{"YitHien":[{"date":"2022-03-04","commitResults":[{"hash":"0a08a40c124de7ffde9d723e2506884ef3e5f9e8","messageTitle":"Add name to AboutUs.md file","messageBody":"","fileTypesAndContributionMap":{"docs":{"insertions":7,"deletions":7}}}]},{"date":"2022-03-10","commitResults":[{"hash":"c96c0f68cce7722d75a142f73dd94d9e20c3f7da","messageTitle":"Add skeleton code for expense tracker to support adding, deleting and listing out of expenses","messageBody":"","fileTypesAndContributionMap":{"functional-code":{"insertions":132,"deletions":0}}}]},{"date":"2022-03-11","commitResults":[{"hash":"54d45d75cd7ee7498dec27d3ba439e954ea8438b","messageTitle":"Minor changes to fix CheckStyle issues","messageBody":"","fileTypesAndContributionMap":{"functional-code":{"insertions":36,"deletions":11},"docs":{"insertions":6,"deletions":0},"test-code":{"insertions":7,"deletions":0}}},{"hash":"e780d5d0bab20385a3af868758c228243be99396","messageTitle":"Minor changes to Text-UI-Test files","messageBody":"","fileTypesAndContributionMap":{"functional-code":{"insertions":11,"deletions":21}}}]},{"date":"2022-03-13","commitResults":[{"hash":"fbe5d50a38aebe3f5f968cb3ea9806cc28bc67f7","messageTitle":"Add basic exceptions to Add and Delete functions","messageBody":"","fileTypesAndContributionMap":{"functional-code":{"insertions":102,"deletions":26}}},{"hash":"db6f4bccd7e05eef22fc36dfb72fa3b6ff32364f","messageTitle":"Add basic JUnit to Expense Tracker","messageBody":"","fileTypesAndContributionMap":{"functional-code":{"insertions":0,"deletions":1},"test-code":{"insertions":31,"deletions":7}}},{"hash":"09bb3234674b921c0ce1adf7e968552fb352059e","messageTitle":"Edit for checkstyle","messageBody":"","fileTypesAndContributionMap":{"functional-code":{"insertions":1,"deletions":0},"test-code":{"insertions":5,"deletions":5}}}]},{"date":"2022-03-15","commitResults":[{"hash":"ce0c9a7341c5a92421d00220948a918cb2f21442","messageTitle":"Add logging and assertions","messageBody":"","fileTypesAndContributionMap":{"functional-code":{"insertions":35,"deletions":51}}},{"hash":"d742021ed9e40763984abb9275ab10bbf4a728a9","messageTitle":"Edit for gradle checkstyle","messageBody":"","fileTypesAndContributionMap":{"functional-code":{"insertions":14,"deletions":12}}},{"hash":"7e1f258349aaff7c0ed0ec3eaaadf656a848a09b","messageTitle":"Add more refactoring of constants and update ExpenseTracker user guide","messageBody":"","fileTypesAndContributionMap":{"functional-code":{"insertions":63,"deletions":34},"docs":{"insertions":42,"deletions":8}}}]},{"date":"2022-03-17","commitResults":[{"hash":"ff6df7223dc4db7551f4f92358c78f6acbc3aca8","messageTitle":"Add Javadoc and custom exception to Expense Tracker","messageBody":"","fileTypesAndContributionMap":{"functional-code":{"insertions":54,"deletions":4}}},{"hash":"d6fcad4b377682d7d08d764003366d2a44a59ffa","messageTitle":"Minor changes to Check Style for JavaDoc","messageBody":"","fileTypesAndContributionMap":{"functional-code":{"insertions":12,"deletions":11}}},{"hash":"d2ce2227821095efeb0be0061907b9161c02dbc9","messageTitle":"Minor changes to User Guide for Expense Tracker","messageBody":"","fileTypesAndContributionMap":{"docs":{"insertions":2,"deletions":2}}}]},{"date":"2022-03-23","commitResults":[{"hash":"7be0b7e49252b164d653cc9ddfed893590498bbf","messageTitle":"Add skeleton functionality for Edit feature","messageBody":"","fileTypesAndContributionMap":{"functional-code":{"insertions":138,"deletions":4}}},{"hash":"d92b61c490a76c7b7d1ea83445c50c4ed7287fec","messageTitle":"Add Find feature for Expense Tracker, update user guide and add more Junit tests","messageBody":"","fileTypesAndContributionMap":{"functional-code":{"insertions":107,"deletions":15},"docs":{"insertions":48,"deletions":0},"test-code":{"insertions":103,"deletions":8}}},{"hash":"7635866b018c8fef65f7791ac6701d681a8e411f","messageTitle":"Refactor methods out of long ExpenseRunner method for better SLAP","messageBody":"","fileTypesAndContributionMap":{"functional-code":{"insertions":89,"deletions":57}}},{"hash":"713d333a9c8d83bee18d2619ee35199f03ec0812","messageTitle":"Minor changes to fit Gradle checkstyle","messageBody":"","fileTypesAndContributionMap":{"functional-code":{"insertions":7,"deletions":3}}},{"hash":"9ff6dff246a0bc5756ecd01d00e84a692aeae0f2","messageTitle":"Add minor changes to String constants","messageBody":"","fileTypesAndContributionMap":{"functional-code":{"insertions":4,"deletions":5}}}]},{"date":"2022-03-24","commitResults":[{"hash":"c5ae86df299c675694aabce49b27a8abf87737dd","messageTitle":"Add draft Developer Guide for Expense Tracker","messageBody":"","fileTypesAndContributionMap":{"docs":{"insertions":271,"deletions":1}}},{"hash":"74300a493a808fd96e879369ea58be8a63f424ea","messageTitle":"Minor bug fix","messageBody":"","fileTypesAndContributionMap":{"test-code":{"insertions":0,"deletions":3}}},{"hash":"a41b92fdcdc8d516218173905eb3615321e786af","messageTitle":"Minor changes to file names","messageBody":"","fileTypesAndContributionMap":{"docs":{"insertions":7,"deletions":6}}}]},{"date":"2022-03-27","commitResults":[{"hash":"ef796eb1fead725ef79f40b7914b8a44cc25b472","messageTitle":"Add constraints on Date and Amount fields, add more custom exceptions","messageBody":"","fileTypesAndContributionMap":{"functional-code":{"insertions":0,"deletions":7}}},{"hash":"416eb4b7810acabe5b4b7dbb2bf3c347057391a8","messageTitle":"Add constraints on Date and Amount fields, add more custom exceptions","messageBody":"","fileTypesAndContributionMap":{"functional-code":{"insertions":119,"deletions":31},"test-code":{"insertions":141,"deletions":15}}},{"hash":"ff2fc6603c2b1c2a5a0051e325464c648456c51c","messageTitle":"Attempt bug fix for Gradle","messageBody":"","fileTypesAndContributionMap":{"other":{"insertions":1,"deletions":1}}}]},{"date":"2022-03-28","commitResults":[{"hash":"9201110eb898016baa480e07c05913f61a2793bc","messageTitle":"Minor change to Javadoc","messageBody":"","fileTypesAndContributionMap":{"functional-code":{"insertions":1,"deletions":1}}}]},{"date":"2022-03-30","commitResults":[{"hash":"08d3c6a744cb4e86d53d061f15680180a827b1f2","messageTitle":"Add minor changes to UserGuide; bug fix for Date formatting","messageBody":"","fileTypesAndContributionMap":{"functional-code":{"insertions":4,"deletions":1},"docs":{"insertions":43,"deletions":16}}},{"hash":"be8611b4b2370d149c890fcdb22b211db539b118","messageTitle":"Bug fix in ExpenseParserTest","messageBody":"","fileTypesAndContributionMap":{"test-code":{"insertions":1,"deletions":1}}}]}],"mathanmahe":[{"date":"2022-03-04","commitResults":[{"hash":"78eb47fb430df12b3e8b9bbe848c8be866350e52","messageTitle":"About us update","messageBody":"","fileTypesAndContributionMap":{"docs":{"insertions":1,"deletions":1}}}]},{"date":"2022-03-10","commitResults":[{"hash":"2a6306d9e8e3c6efba93e12919c7a2fa9cb4092e","messageTitle":"Implement skeleton class for modules manager","messageBody":"","fileTypesAndContributionMap":{"functional-code":{"insertions":37,"deletions":0}}},{"hash":"98638e4bb7b8dd5ea757e7eb586e57e5e5867b1e","messageTitle":"Add JUnit test for Module class","messageBody":"","fileTypesAndContributionMap":{"test-code":{"insertions":13,"deletions":0}}},{"hash":"b0f41d95438c8a8499524ffd3de7221ea21d21a4","messageTitle":"Change formatting as per coding standard","messageBody":"","fileTypesAndContributionMap":{"functional-code":{"insertions":2,"deletions":5}}}]},{"date":"2022-03-11","commitResults":[{"hash":"69a59e59a70a6637c035730f7c3c697a42a353f5","messageTitle":"Match gradle checks","messageBody":"","fileTypesAndContributionMap":{"functional-code":{"insertions":1,"deletions":1},"test-code":{"insertions":1,"deletions":1}}}]},{"date":"2022-03-13","commitResults":[{"hash":"edc92ff34b31c6e7f0d2be62d01a3819b69efa28","messageTitle":"Add basic module manager features","messageBody":"","fileTypesAndContributionMap":{"functional-code":{"insertions":108,"deletions":3},"test-code":{"insertions":2,"deletions":1}}}]},{"date":"2022-03-14","commitResults":[{"hash":"e2dc6e10ad73de2d765bca7757e981f4b1de21f0","messageTitle":"Add exceptions for Modules Manager add function","messageBody":"","fileTypesAndContributionMap":{"functional-code":{"insertions":155,"deletions":27}}},{"hash":"031940d538f048da2d30af3f24d1ec9630f95596","messageTitle":"Fix bug and match gradle checkstyle","messageBody":"","fileTypesAndContributionMap":{"functional-code":{"insertions":10,"deletions":15}}},{"hash":"264225be04b06bdec1b5f881ef58a18f60200300","messageTitle":"Add JUnit for StudyManager class","messageBody":"","fileTypesAndContributionMap":{"test-code":{"insertions":68,"deletions":0}}},{"hash":"fd3449172bbc6c867a0281212ce0a378546a14ce","messageTitle":"Add isEqualTo method to Module class","messageBody":"","fileTypesAndContributionMap":{"functional-code":{"insertions":8,"deletions":1}}},{"hash":"11b38a0c4a9ecd096db6e3a2ab9933be8d574f76","messageTitle":"Add assertions and logging","messageBody":"","fileTypesAndContributionMap":{"functional-code":{"insertions":30,"deletions":14}}},{"hash":"4203a6d0feb02346ac17a3154c44123455c72148","messageTitle":"Match gradle checkstyle","messageBody":"","fileTypesAndContributionMap":{"test-code":{"insertions":0,"deletions":2}}}]},{"date":"2022-03-17","commitResults":[{"hash":"808c0ea30921db52071fccc1a731cdd3cd7e27bc","messageTitle":"Add JavaDoc comments","messageBody":"","fileTypesAndContributionMap":{"functional-code":{"insertions":97,"deletions":0},"test-code":{"insertions":20,"deletions":0}}},{"hash":"aad19aae0c1aaa2ff24963703e6b799292351b56","messageTitle":"Update UserGuide with study manager commands and command summary","messageBody":"","fileTypesAndContributionMap":{"docs":{"insertions":63,"deletions":8}}},{"hash":"a17c4865e31886e7c9a90e8929f1ab83e6849e56","messageTitle":"Remove bug in test case","messageBody":"","fileTypesAndContributionMap":{"test-code":{"insertions":6,"deletions":3}}}]},{"date":"2022-03-23","commitResults":[{"hash":"667382aca18ba63668f4e81714a1b49cabe9cefb","messageTitle":"Add basic find and edit features for Module Manager","messageBody":"","fileTypesAndContributionMap":{"functional-code":{"insertions":139,"deletions":18}}},{"hash":"0e8dd35d85c8450e5ef121154bd5768a8521c172","messageTitle":"Match gradle checkstyle","messageBody":"","fileTypesAndContributionMap":{"functional-code":{"insertions":4,"deletions":3}}},{"hash":"69dbc3638feb8253203dcb96237961d1bc92bea4","messageTitle":"Add minimal design details in DG","messageBody":"","fileTypesAndContributionMap":{"docs":{"insertions":27,"deletions":0}}}]},{"date":"2022-03-24","commitResults":[{"hash":"3e3a5f408162a8442b541da4b8f83bd43155d976","messageTitle":"Improve code quality","messageBody":"","fileTypesAndContributionMap":{"functional-code":{"insertions":155,"deletions":93}}},{"hash":"d0631c0997fc19ec6f36a5ff5940d5ecd2383771","messageTitle":"Refactor remaining String objects as constants","messageBody":"","fileTypesAndContributionMap":{"functional-code":{"insertions":55,"deletions":25}}},{"hash":"150ace018b2db0342386efe66cc572594b0e03f3","messageTitle":"Change access modifiers to private for all constants","messageBody":"","fileTypesAndContributionMap":{"functional-code":{"insertions":44,"deletions":44}}},{"hash":"ee9cf460eb7e66cfdf84f80dd55be92685bb5f32","messageTitle":"Update DG with manual testing instructions","messageBody":"","fileTypesAndContributionMap":{"functional-code":{"insertions":3,"deletions":3},"docs":{"insertions":10,"deletions":0}}}]},{"date":"2022-03-25","commitResults":[{"hash":"723e4276d65e37c40d30d028ceb8c3a5167e552c","messageTitle":"Improve code quality by refactoring recurring strings as constants","messageBody":"","fileTypesAndContributionMap":{"functional-code":{"insertions":9,"deletions":5}}}]},{"date":"2022-03-26","commitResults":[{"hash":"aeb102d4a26354112e615752de5b9d82173c2340","messageTitle":"Update User Guide for edit module feature","messageBody":"","fileTypesAndContributionMap":{"docs":{"insertions":41,"deletions":0}}},{"hash":"8652f2fc14b2d55beed56e0b98185528ddec312f","messageTitle":"Fix bug in find modules feature that allowed whitespace find query","messageBody":"","fileTypesAndContributionMap":{"functional-code":{"insertions":49,"deletions":21}}},{"hash":"f8a2ee02af37048ca7d9c633c87916025020a30d","messageTitle":"Add new exception to classify invalid find inputs","messageBody":"","fileTypesAndContributionMap":{"functional-code":{"insertions":10,"deletions":0}}},{"hash":"ca9ca688a777450da838b559b1f3b5a2fc8abfb6","messageTitle":"Update find feature in UG","messageBody":"","fileTypesAndContributionMap":{"docs":{"insertions":37,"deletions":1}}},{"hash":"333efcc0af2ae60dd922b29bafec9049133185d0","messageTitle":"Improve find and edit code quality","messageBody":"","fileTypesAndContributionMap":{"functional-code":{"insertions":34,"deletions":7}}}]},{"date":"2022-03-27","commitResults":[{"hash":"eb79e96788b0ecbf2306bf877a8483c6fb869323","messageTitle":"Edit build.gradle to include ical4j and sl4j nop dependencies for ics parsing","messageBody":"","fileTypesAndContributionMap":{"other":{"insertions":2,"deletions":0}}},{"hash":"21e8818bf69373e1b595472ea56d47a1c6902830","messageTitle":"Implement skeleton for parsing .ics calendar files","messageBody":"","fileTypesAndContributionMap":{"functional-code":{"insertions":163,"deletions":0}}},{"hash":"c1cc314ec4df1e1e6400bdfc608365ef032ecf1d","messageTitle":"Integrate ModuleCalendarReader with StudyManager class","messageBody":"","fileTypesAndContributionMap":{"functional-code":{"insertions":52,"deletions":30}}},{"hash":"114af647fb0511eba94d3ff412290f547e107b15","messageTitle":"Match gradle checkstyle test","messageBody":"","fileTypesAndContributionMap":{"functional-code":{"insertions":6,"deletions":6}}},{"hash":"9587c01495e62b764c1b76539ca6adf7448640f7","messageTitle":"Improve code quality of read ics feature","messageBody":"","fileTypesAndContributionMap":{"functional-code":{"insertions":133,"deletions":79}}},{"hash":"84a53f6e044a9f616dd150b59f95b890d6c66139","messageTitle":"Add minor fix","messageBody":"","fileTypesAndContributionMap":{"functional-code":{"insertions":3,"deletions":2}}},{"hash":"4b419c188360fd81ec8dc7540401f40a5e50f208","messageTitle":"Rebuild after gradle error","messageBody":"","fileTypesAndContributionMap":{"functional-code":{"insertions":0,"deletions":1}}}]}],"OzairHasan":[{"date":"2022-03-04","commitResults":[{"hash":"b23676f68517a3a0ea43670bbfb1844dbd3fa9c1","messageTitle":"Update AboutUs.md","messageBody":"","fileTypesAndContributionMap":{"docs":{"insertions":7,"deletions":7}}}]},{"date":"2022-03-10","commitResults":[{"hash":"b29adfb6cf4fb02ddd9062c1885015082d2524f3","messageTitle":"Rename Duke.java and DukeTest.java to AllOnUs.java and AllOnUsTest.java","messageBody":"Update menu functionality to support help, exit commands and in-app navigation from menu\n","fileTypesAndContributionMap":{"functional-code":{"insertions":103,"deletions":47},"other":{"insertions":4,"deletions":2}}},{"hash":"040039c73dbd23766ebd6726c14c544c63ae38b1","messageTitle":"Add JUnit test for user command checking functionality","messageBody":"","fileTypesAndContributionMap":{"test-code":{"insertions":30,"deletions":2}}},{"hash":"3bcdcb708cd8b0021082517b6e372fc7d12c0ab0","messageTitle":"Fix code quality","messageBody":"","fileTypesAndContributionMap":{"functional-code":{"insertions":12,"deletions":12}}}]},{"date":"2022-03-11","commitResults":[{"hash":"b4b1e3be2073d7c940f1f8b9df7a175ca1050569","messageTitle":"Change file names back to Duke.java and DukeTest.java to resolve gradle check issues temporarily.","messageBody":"","fileTypesAndContributionMap":{"other":{"insertions":2,"deletions":2},"test-code":{"insertions":42,"deletions":42}}}]},{"date":"2022-03-16","commitResults":[{"hash":"77d43ddcd0ea8839dd2fc91950d3868d280abca4","messageTitle":"Add logging, assertions, exceptions, and javadoc class and method headers for main menu","messageBody":"","fileTypesAndContributionMap":{"functional-code":{"insertions":115,"deletions":4},"test-code":{"insertions":2,"deletions":0}}},{"hash":"a89a7cb48b154e61ca918bd591925527424e53b5","messageTitle":"Modify code to adhere to proper style","messageBody":"","fileTypesAndContributionMap":{"functional-code":{"insertions":20,"deletions":17}}}]},{"date":"2022-03-17","commitResults":[{"hash":"31905a33da7b15a2dc836f799e688fe87ea5188b","messageTitle":"Edit javadoc style for AllOnUs.java","messageBody":"","fileTypesAndContributionMap":{"functional-code":{"insertions":0,"deletions":9}}},{"hash":"192f218f0139557d81c6fb8d1e6698a1238329a9","messageTitle":"Edit code for AllOnUs.java and AllOnUsTest.java to pass gradle checks.","messageBody":"","fileTypesAndContributionMap":{"functional-code":{"insertions":2,"deletions":2},"test-code":{"insertions":1,"deletions":0}}},{"hash":"d6ffedec89c7b6f2626b96b7b8daeb22e457cd1e","messageTitle":"Change logger log levels and build jar file","messageBody":"","fileTypesAndContributionMap":{"functional-code":{"insertions":4,"deletions":0}}}]},{"date":"2022-03-24","commitResults":[{"hash":"2dcaf0a440b451f9d929c11bf779d0423266cd5b","messageTitle":"Update DG for menu features and include UML diagrams","messageBody":"","fileTypesAndContributionMap":{"functional-code":{"insertions":3,"deletions":3},"docs":{"insertions":154,"deletions":0}}},{"hash":"e51d777096d4845ac03036f57ef745497f53159b","messageTitle":"Update UG for main menu features","messageBody":"","fileTypesAndContributionMap":{"functional-code":{"insertions":4,"deletions":0},"docs":{"insertions":106,"deletions":8}}},{"hash":"87c1f6348dc8e440879dc6cdd3d74fb96c730683","messageTitle":"Update to agree with gradle checks","messageBody":"","fileTypesAndContributionMap":{"functional-code":{"insertions":1,"deletions":0}}}]},{"date":"2022-03-28","commitResults":[{"hash":"b610866eb23e1730461454741e2a71413888314c","messageTitle":"Add load-save functionality","messageBody":"","fileTypesAndContributionMap":{"functional-code":{"insertions":330,"deletions":2}}}]}],"wli-linda":[{"date":"2022-03-04","commitResults":[{"hash":"63e7e0434b7e1499a01b469eb3fe93f7e9ee3523","messageTitle":"Update AboutUs.md","messageBody":"","fileTypesAndContributionMap":{"docs":{"insertions":7,"deletions":7}}}]},{"date":"2022-03-07","commitResults":[{"hash":"d991df76fbeaa98be05a6ad1fbdcf0d692427fda","messageTitle":"Implement skeleton for contacts manager","messageBody":"","fileTypesAndContributionMap":{"functional-code":{"insertions":102,"deletions":11},"docs":{"insertions":11,"deletions":5}}},{"hash":"8dd1f05a8678b82c6b7e4e9611a5265ad41ae774","messageTitle":"Update tests and fix checkstyle error","messageBody":"","fileTypesAndContributionMap":{"functional-code":{"insertions":1,"deletions":1}}},{"hash":"9ad5cd67b3e7ef3903c1be8ab0ae6bdcb1a41519","messageTitle":"Implement naive listContacts() and Contact class","messageBody":"","fileTypesAndContributionMap":{"functional-code":{"insertions":33,"deletions":1}}}]},{"date":"2022-03-11","commitResults":[{"hash":"648203428366c930e11c9486419f37e060e7262d","messageTitle":"Implement basic contacts add and delete","messageBody":"","fileTypesAndContributionMap":{"functional-code":{"insertions":44,"deletions":7}}},{"hash":"ff8fe3a35c57f5f460ed0b77d665ff704f4e70d5","messageTitle":"Add basic JUnit Tests for contacts tracker","messageBody":"","fileTypesAndContributionMap":{"test-code":{"insertions":91,"deletions":0}}},{"hash":"d803b15c614b180c82b106d5e6f8e7763e12f342","messageTitle":"Refactor name Duke to AllOnUs","messageBody":"","fileTypesAndContributionMap":{"other":{"insertions":22,"deletions":23},"test-code":{"insertions":47,"deletions":49}}}]},{"date":"2022-03-15","commitResults":[{"hash":"9ef3091d29e6cc7b168675d758935aaa3a633489","messageTitle":"Add exceptions handling for contacts delete","messageBody":"Also, basic outline for UG, update product intro in docs/README.md, and enabling assertions\n","fileTypesAndContributionMap":{"functional-code":{"insertions":48,"deletions":16},"other":{"insertions":3,"deletions":2},"docs":{"insertions":64,"deletions":10}}},{"hash":"473131888d92bfef0f10f634aee69600c1b52482","messageTitle":"Implement naïve regex matching for Contact fields","messageBody":"","fileTypesAndContributionMap":{"functional-code":{"insertions":79,"deletions":16}}}]},{"date":"2022-03-17","commitResults":[{"hash":"3ceb71b1172fa2ab4edc937cd35c55a28bdbe1e4","messageTitle":"Add more fields to Contact","messageBody":"","fileTypesAndContributionMap":{"functional-code":{"insertions":67,"deletions":17},"test-code":{"insertions":14,"deletions":14}}}]},{"date":"2022-03-22","commitResults":[{"hash":"f3ce2ffe687d52808389547adbc709f08060a858","messageTitle":"Update contacts manager v1.0 features in UG","messageBody":"","fileTypesAndContributionMap":{"docs":{"insertions":85,"deletions":26}}},{"hash":"c61852c5e1996dd9d7d46aec0f70e724110f32c8","messageTitle":"Implement naive find feature for contacts","messageBody":"Currently only looks for matching \"name\" fields\n","fileTypesAndContributionMap":{"functional-code":{"insertions":41,"deletions":7}}},{"hash":"89774c0adb0212ac586f88b0f0398b6b5458593c","messageTitle":"Implement naive edit feature for contacts","messageBody":"Only supports updating default field (name)\n","fileTypesAndContributionMap":{"functional-code":{"insertions":51,"deletions":1}}},{"hash":"6035a2b5446faaf0f25380b6fc1ac75ba792113e","messageTitle":"Update headers for DG","messageBody":"","fileTypesAndContributionMap":{"docs":{"insertions":8,"deletions":0}}},{"hash":"6347ea5f4c97ae44b7a83f1f167e104955b872ce","messageTitle":"Make Contact class more OOP","messageBody":"Contact class fields are all using String type.\n\nMaking the fields to be separate types that extend from the Field type is more OOP, and allows for some polymorphism that may be helpful when parsing.\n\nLet\u0027s:\n* Create new classes for each Contact field\n* Update existing code to ensure compatibility\n","fileTypesAndContributionMap":{"functional-code":{"insertions":91,"deletions":30},"other":{"insertions":12,"deletions":11},"test-code":{"insertions":48,"deletions":14}}},{"hash":"dde01009140515918feb4bbcca6b77537feab414","messageTitle":"Support editing multiple contact fields","messageBody":"`editContact()` only edits the name of a `Contact` object.\n\nA user may want to edit more than the name field, and it would be more flexible if they can edit multiple fields at the same time.\n\nLet\u0027s:\n* refactor `parseContact` such that there is a separate method extracted for setting contact fields supplied by the user\n* call the abovementioned extracted method in `editContact()` to set the fields\n","fileTypesAndContributionMap":{"functional-code":{"insertions":42,"deletions":40}}}]},{"date":"2022-03-23","commitResults":[{"hash":"2a526c7f0a269fed2e56f6159c6c7da0043cf138","messageTitle":"Improve JUnit Test coverage for contacts","messageBody":"","fileTypesAndContributionMap":{"functional-code":{"insertions":0,"deletions":4},"other":{"insertions":34,"deletions":6},"test-code":{"insertions":86,"deletions":0}}},{"hash":"981241c8a940f4f78059cb32e2045eced63ee1ae","messageTitle":"Include PlantUML diagrams in DG for contacts","messageBody":"","fileTypesAndContributionMap":{"functional-code":{"insertions":19,"deletions":24},"docs":{"insertions":61,"deletions":0},"test-code":{"insertions":30,"deletions":17}}}]},{"date":"2022-03-29","commitResults":[{"hash":"f72948ca6b208397610bf16b01dfd0142ddc4e2c","messageTitle":"Add JavaDoc comments in contacts package","messageBody":"","fileTypesAndContributionMap":{"functional-code":{"insertions":124,"deletions":15}}},{"hash":"1330cd6f77b828fbae3e3d0a61e5008ff86167b3","messageTitle":"Add v2.0 contact features in UG","messageBody":"","fileTypesAndContributionMap":{"functional-code":{"insertions":1,"deletions":1},"docs":{"insertions":45,"deletions":2}}},{"hash":"c453e7df8f1107dd8998c95bbfc619437e122b45","messageTitle":"Make find contact more robust and add tests","messageBody":"","fileTypesAndContributionMap":{"functional-code":{"insertions":6,"deletions":0}}},{"hash":"cb4420b0e73b2de9bb8737695fca47f911ab618f","messageTitle":"Update DG for contacts with class diagram","messageBody":"","fileTypesAndContributionMap":{"docs":{"insertions":115,"deletions":15}}}]}]},"authorFileTypeContributionMap":{"YitHien":{"docs":388,"functional-code":621,"test-code":249},"mathanmahe":{"docs":163,"functional-code":900,"test-code":102,"other":2},"OzairHasan":{"docs":258,"functional-code":562,"test-code":45},"wli-linda":{"docs":337,"functional-code":538,"test-code":258,"other":4}},"authorContributionVariance":{"YitHien":13778.623,"mathanmahe":13548.269,"OzairHasan":5772.467,"wli-linda":12863.335},"authorDisplayNameMap":{"YitHien":"CS2113-F10-4 TAN ..HIEN","mathanmahe":"CS2113-F10-4 MATH..DRAN","OzairHasan":"CS2113-F10-4 SYED..ASAN","wli-linda":"CS2113-F10-4 LI, ..NDAN"}}
