{"authorDailyContributionsMap":{"YitHien":[{"date":"2022-03-04","commitResults":[{"hash":"0a08a40c124de7ffde9d723e2506884ef3e5f9e8","messageTitle":"Add name to AboutUs.md file","messageBody":"","fileTypesAndContributionMap":{"docs":{"insertions":7,"deletions":7}}}]},{"date":"2022-03-10","commitResults":[{"hash":"c96c0f68cce7722d75a142f73dd94d9e20c3f7da","messageTitle":"Add skeleton code for expense tracker to support adding, deleting and listing out of expenses","messageBody":"","fileTypesAndContributionMap":{"functional-code":{"insertions":132,"deletions":0}}}]},{"date":"2022-03-11","commitResults":[{"hash":"54d45d75cd7ee7498dec27d3ba439e954ea8438b","messageTitle":"Minor changes to fix CheckStyle issues","messageBody":"","fileTypesAndContributionMap":{"functional-code":{"insertions":36,"deletions":11},"docs":{"insertions":6,"deletions":0},"test-code":{"insertions":7,"deletions":0}}},{"hash":"e780d5d0bab20385a3af868758c228243be99396","messageTitle":"Minor changes to Text-UI-Test files","messageBody":"","fileTypesAndContributionMap":{"functional-code":{"insertions":11,"deletions":21}}}]},{"date":"2022-03-13","commitResults":[{"hash":"fbe5d50a38aebe3f5f968cb3ea9806cc28bc67f7","messageTitle":"Add basic exceptions to Add and Delete functions","messageBody":"","fileTypesAndContributionMap":{"functional-code":{"insertions":102,"deletions":26}}},{"hash":"db6f4bccd7e05eef22fc36dfb72fa3b6ff32364f","messageTitle":"Add basic JUnit to Expense Tracker","messageBody":"","fileTypesAndContributionMap":{"functional-code":{"insertions":0,"deletions":1},"test-code":{"insertions":31,"deletions":7}}},{"hash":"09bb3234674b921c0ce1adf7e968552fb352059e","messageTitle":"Edit for checkstyle","messageBody":"","fileTypesAndContributionMap":{"functional-code":{"insertions":1,"deletions":0},"test-code":{"insertions":5,"deletions":5}}}]},{"date":"2022-03-15","commitResults":[{"hash":"ce0c9a7341c5a92421d00220948a918cb2f21442","messageTitle":"Add logging and assertions","messageBody":"","fileTypesAndContributionMap":{"functional-code":{"insertions":35,"deletions":51}}},{"hash":"d742021ed9e40763984abb9275ab10bbf4a728a9","messageTitle":"Edit for gradle checkstyle","messageBody":"","fileTypesAndContributionMap":{"functional-code":{"insertions":14,"deletions":12}}},{"hash":"7e1f258349aaff7c0ed0ec3eaaadf656a848a09b","messageTitle":"Add more refactoring of constants and update ExpenseTracker user guide","messageBody":"","fileTypesAndContributionMap":{"functional-code":{"insertions":63,"deletions":34},"docs":{"insertions":42,"deletions":8}}}]},{"date":"2022-03-17","commitResults":[{"hash":"ff6df7223dc4db7551f4f92358c78f6acbc3aca8","messageTitle":"Add Javadoc and custom exception to Expense Tracker","messageBody":"","fileTypesAndContributionMap":{"functional-code":{"insertions":54,"deletions":4}}},{"hash":"d6fcad4b377682d7d08d764003366d2a44a59ffa","messageTitle":"Minor changes to Check Style for JavaDoc","messageBody":"","fileTypesAndContributionMap":{"functional-code":{"insertions":12,"deletions":11}}},{"hash":"d2ce2227821095efeb0be0061907b9161c02dbc9","messageTitle":"Minor changes to User Guide for Expense Tracker","messageBody":"","fileTypesAndContributionMap":{"docs":{"insertions":2,"deletions":2}}}]},{"date":"2022-03-23","commitResults":[{"hash":"7be0b7e49252b164d653cc9ddfed893590498bbf","messageTitle":"Add skeleton functionality for Edit feature","messageBody":"","fileTypesAndContributionMap":{"functional-code":{"insertions":138,"deletions":4}}},{"hash":"d92b61c490a76c7b7d1ea83445c50c4ed7287fec","messageTitle":"Add Find feature for Expense Tracker, update user guide and add more Junit tests","messageBody":"","fileTypesAndContributionMap":{"functional-code":{"insertions":107,"deletions":15},"docs":{"insertions":48,"deletions":0},"test-code":{"insertions":103,"deletions":8}}},{"hash":"7635866b018c8fef65f7791ac6701d681a8e411f","messageTitle":"Refactor methods out of long ExpenseRunner method for better SLAP","messageBody":"","fileTypesAndContributionMap":{"functional-code":{"insertions":89,"deletions":57}}},{"hash":"713d333a9c8d83bee18d2619ee35199f03ec0812","messageTitle":"Minor changes to fit Gradle checkstyle","messageBody":"","fileTypesAndContributionMap":{"functional-code":{"insertions":7,"deletions":3}}},{"hash":"9ff6dff246a0bc5756ecd01d00e84a692aeae0f2","messageTitle":"Add minor changes to String constants","messageBody":"","fileTypesAndContributionMap":{"functional-code":{"insertions":4,"deletions":5}}}]},{"date":"2022-03-24","commitResults":[{"hash":"c5ae86df299c675694aabce49b27a8abf87737dd","messageTitle":"Add draft Developer Guide for Expense Tracker","messageBody":"","fileTypesAndContributionMap":{"docs":{"insertions":271,"deletions":1}}},{"hash":"74300a493a808fd96e879369ea58be8a63f424ea","messageTitle":"Minor bug fix","messageBody":"","fileTypesAndContributionMap":{"test-code":{"insertions":0,"deletions":3}}},{"hash":"a41b92fdcdc8d516218173905eb3615321e786af","messageTitle":"Minor changes to file names","messageBody":"","fileTypesAndContributionMap":{"docs":{"insertions":7,"deletions":6}}}]},{"date":"2022-03-27","commitResults":[{"hash":"ef796eb1fead725ef79f40b7914b8a44cc25b472","messageTitle":"Add constraints on Date and Amount fields, add more custom exceptions","messageBody":"","fileTypesAndContributionMap":{"functional-code":{"insertions":0,"deletions":7}}},{"hash":"416eb4b7810acabe5b4b7dbb2bf3c347057391a8","messageTitle":"Add constraints on Date and Amount fields, add more custom exceptions","messageBody":"","fileTypesAndContributionMap":{"functional-code":{"insertions":119,"deletions":31},"test-code":{"insertions":141,"deletions":15}}},{"hash":"ff2fc6603c2b1c2a5a0051e325464c648456c51c","messageTitle":"Attempt bug fix for Gradle","messageBody":"","fileTypesAndContributionMap":{"other":{"insertions":1,"deletions":1}}}]},{"date":"2022-03-28","commitResults":[{"hash":"9201110eb898016baa480e07c05913f61a2793bc","messageTitle":"Minor change to Javadoc","messageBody":"","fileTypesAndContributionMap":{"functional-code":{"insertions":1,"deletions":1}}}]},{"date":"2022-03-30","commitResults":[{"hash":"08d3c6a744cb4e86d53d061f15680180a827b1f2","messageTitle":"Add minor changes to UserGuide; bug fix for Date formatting","messageBody":"","fileTypesAndContributionMap":{"functional-code":{"insertions":4,"deletions":1},"docs":{"insertions":43,"deletions":16}}},{"hash":"be8611b4b2370d149c890fcdb22b211db539b118","messageTitle":"Bug fix in ExpenseParserTest","messageBody":"","fileTypesAndContributionMap":{"test-code":{"insertions":1,"deletions":1}}}]},{"date":"2022-04-01","commitResults":[{"hash":"47720404da88f462e03d057fc634eff876fea573","messageTitle":"Minor typo in UserGuide","messageBody":"","fileTypesAndContributionMap":{"docs":{"insertions":3,"deletions":2}}}]},{"date":"2022-04-03","commitResults":[{"hash":"21b6210920fed6194f84fac1c71824960c9fd77b","messageTitle":"Fix bugs from PED issues","messageBody":"","fileTypesAndContributionMap":{"functional-code":{"insertions":47,"deletions":13},"docs":{"insertions":2,"deletions":0},"test-code":{"insertions":4,"deletions":1}}},{"hash":"a9fd3167f8ffcb1562588f1878dd5f6f9ead1f11","messageTitle":"Add additional constraints on slash character positioning for add method","messageBody":"","fileTypesAndContributionMap":{"functional-code":{"insertions":56,"deletions":14},"test-code":{"insertions":39,"deletions":6}}},{"hash":"4ab613f5b6b6c734429b178b758bacdf74e13673","messageTitle":"Apply constraints to Edit field, update UserGuide, SLAP long methods and static constants out","messageBody":"","fileTypesAndContributionMap":{"functional-code":{"insertions":245,"deletions":99},"docs":{"insertions":4,"deletions":2},"test-code":{"insertions":12,"deletions":8}}}]},{"date":"2022-04-05","commitResults":[{"hash":"246002866a33c1e56bd52e9b85e394e706ded601","messageTitle":"Draft up PPP","messageBody":"","fileTypesAndContributionMap":{"docs":{"insertions":51,"deletions":4}}}]},{"date":"2022-04-06","commitResults":[{"hash":"d5e43ae32680ee463c31dbce2845426fdd0d5aa1","messageTitle":"Enhanced Developer Guide and Text UI test cases","messageBody":"","fileTypesAndContributionMap":{"functional-code":{"insertions":18,"deletions":3},"docs":{"insertions":211,"deletions":40}}},{"hash":"e6540f473ea47896a48ec59bdaf5d935679062eb","messageTitle":"Add line breaks for string outputs for consistency","messageBody":"","fileTypesAndContributionMap":{"functional-code":{"insertions":46,"deletions":44}}}]},{"date":"2022-04-08","commitResults":[{"hash":"8f2cdbfefe92ca21ff48dfe9c10c5c28254ecbfc","messageTitle":"Fix broken links for AboutUs and UserGuide","messageBody":"","fileTypesAndContributionMap":{"docs":{"insertions":28,"deletions":20}}},{"hash":"15142cb51b49b26d6f6deed646e68349bb83c3fe","messageTitle":"Add sample test cases to Expense Tracker in Developer Guide","messageBody":"","fileTypesAndContributionMap":{"functional-code":{"insertions":45,"deletions":19},"docs":{"insertions":44,"deletions":6},"test-code":{"insertions":2,"deletions":2}}},{"hash":"523e514129fa6ee0b2cf08016b6942014b6f5bf1","messageTitle":"Add more instructions for manual testing in Developer Guide for Expense Tracker","messageBody":"","fileTypesAndContributionMap":{"docs":{"insertions":26,"deletions":1}}},{"hash":"e9be5effe3ebfcf11f8147e891500d2f2d697a03","messageTitle":"Minor additions to PPP","messageBody":"","fileTypesAndContributionMap":{"functional-code":{"insertions":2,"deletions":2},"docs":{"insertions":7,"deletions":3}}}]},{"date":"2022-04-09","commitResults":[{"hash":"10cdbb0c048fb38ff0ad9f50a9f85e017fa07e60","messageTitle":"Minor edits to Developer Guide and User Guide","messageBody":"","fileTypesAndContributionMap":{"docs":{"insertions":3,"deletions":2}}}]},{"date":"2022-04-10","commitResults":[{"hash":"c365ffa9b12f9efa41da745bf054ca820a56c400","messageTitle":"Update content page of DeveloperGuide","messageBody":"","fileTypesAndContributionMap":{"docs":{"insertions":1,"deletions":0}}},{"hash":"3c3d5f82020455a70fce88a4c1e1dc06228bdc77","messageTitle":"Add Glossary section of Developer Guide","messageBody":"","fileTypesAndContributionMap":{"docs":{"insertions":11,"deletions":3}}},{"hash":"ff49d87590f7ddf70142131e1052d7bc183eb374","messageTitle":"Minor changes to UserGuide and DeveloperGuide","messageBody":"","fileTypesAndContributionMap":{"docs":{"insertions":5,"deletions":5}}},{"hash":"bec5fe1694b12a466183eb2339c538a75adbd6b6","messageTitle":"Update PRs reviewed for PPP","messageBody":"","fileTypesAndContributionMap":{"docs":{"insertions":3,"deletions":2}}},{"hash":"55690ba7c4b4098e9cc81ce2ff75a37c89f26388","messageTitle":"Add dividers in UserGuide","messageBody":"","fileTypesAndContributionMap":{"docs":{"insertions":22,"deletions":0}}},{"hash":"6aaf615205cb0bc2633b27533f1e4c7485d6a650","messageTitle":"Add commands into PPP","messageBody":"","fileTypesAndContributionMap":{"docs":{"insertions":7,"deletions":6}}},{"hash":"9224208cb29d45c226900c654394f8cf73f89020","messageTitle":"Fix bug for negative year values and printing of found expense records","messageBody":"","fileTypesAndContributionMap":{"functional-code":{"insertions":48,"deletions":14},"docs":{"insertions":16,"deletions":2},"test-code":{"insertions":20,"deletions":10}}}]},{"date":"2022-04-11","commitResults":[{"hash":"f63b92ed74d087d1bd7b7f7243147a4fb9929b77","messageTitle":"Minor fix to UG and String constant","messageBody":"","fileTypesAndContributionMap":{"functional-code":{"insertions":1,"deletions":1},"docs":{"insertions":2,"deletions":0}}},{"hash":"0412ba063d893507384f9220a63244a272366c2d","messageTitle":"Removed Static from some methods","messageBody":"","fileTypesAndContributionMap":{"functional-code":{"insertions":10,"deletions":10}}}]}],"mathanmahe":[{"date":"2022-03-04","commitResults":[{"hash":"78eb47fb430df12b3e8b9bbe848c8be866350e52","messageTitle":"About us update","messageBody":"","fileTypesAndContributionMap":{"docs":{"insertions":1,"deletions":1}}}]},{"date":"2022-03-10","commitResults":[{"hash":"2a6306d9e8e3c6efba93e12919c7a2fa9cb4092e","messageTitle":"Implement skeleton class for modules manager","messageBody":"","fileTypesAndContributionMap":{"functional-code":{"insertions":37,"deletions":0}}},{"hash":"98638e4bb7b8dd5ea757e7eb586e57e5e5867b1e","messageTitle":"Add JUnit test for Module class","messageBody":"","fileTypesAndContributionMap":{"test-code":{"insertions":13,"deletions":0}}},{"hash":"b0f41d95438c8a8499524ffd3de7221ea21d21a4","messageTitle":"Change formatting as per coding standard","messageBody":"","fileTypesAndContributionMap":{"functional-code":{"insertions":2,"deletions":5}}}]},{"date":"2022-03-11","commitResults":[{"hash":"69a59e59a70a6637c035730f7c3c697a42a353f5","messageTitle":"Match gradle checks","messageBody":"","fileTypesAndContributionMap":{"functional-code":{"insertions":1,"deletions":1},"test-code":{"insertions":1,"deletions":1}}}]},{"date":"2022-03-13","commitResults":[{"hash":"edc92ff34b31c6e7f0d2be62d01a3819b69efa28","messageTitle":"Add basic module manager features","messageBody":"","fileTypesAndContributionMap":{"functional-code":{"insertions":108,"deletions":3},"test-code":{"insertions":2,"deletions":1}}}]},{"date":"2022-03-14","commitResults":[{"hash":"e2dc6e10ad73de2d765bca7757e981f4b1de21f0","messageTitle":"Add exceptions for Modules Manager add function","messageBody":"","fileTypesAndContributionMap":{"functional-code":{"insertions":155,"deletions":27}}},{"hash":"031940d538f048da2d30af3f24d1ec9630f95596","messageTitle":"Fix bug and match gradle checkstyle","messageBody":"","fileTypesAndContributionMap":{"functional-code":{"insertions":10,"deletions":15}}},{"hash":"264225be04b06bdec1b5f881ef58a18f60200300","messageTitle":"Add JUnit for StudyManager class","messageBody":"","fileTypesAndContributionMap":{"test-code":{"insertions":68,"deletions":0}}},{"hash":"fd3449172bbc6c867a0281212ce0a378546a14ce","messageTitle":"Add isEqualTo method to Module class","messageBody":"","fileTypesAndContributionMap":{"functional-code":{"insertions":8,"deletions":1}}},{"hash":"11b38a0c4a9ecd096db6e3a2ab9933be8d574f76","messageTitle":"Add assertions and logging","messageBody":"","fileTypesAndContributionMap":{"functional-code":{"insertions":30,"deletions":14}}},{"hash":"4203a6d0feb02346ac17a3154c44123455c72148","messageTitle":"Match gradle checkstyle","messageBody":"","fileTypesAndContributionMap":{"test-code":{"insertions":0,"deletions":2}}}]},{"date":"2022-03-17","commitResults":[{"hash":"808c0ea30921db52071fccc1a731cdd3cd7e27bc","messageTitle":"Add JavaDoc comments","messageBody":"","fileTypesAndContributionMap":{"functional-code":{"insertions":97,"deletions":0},"test-code":{"insertions":20,"deletions":0}}},{"hash":"aad19aae0c1aaa2ff24963703e6b799292351b56","messageTitle":"Update UserGuide with study manager commands and command summary","messageBody":"","fileTypesAndContributionMap":{"docs":{"insertions":63,"deletions":8}}},{"hash":"a17c4865e31886e7c9a90e8929f1ab83e6849e56","messageTitle":"Remove bug in test case","messageBody":"","fileTypesAndContributionMap":{"test-code":{"insertions":6,"deletions":3}}}]},{"date":"2022-03-23","commitResults":[{"hash":"667382aca18ba63668f4e81714a1b49cabe9cefb","messageTitle":"Add basic find and edit features for Module Manager","messageBody":"","fileTypesAndContributionMap":{"functional-code":{"insertions":139,"deletions":18}}},{"hash":"0e8dd35d85c8450e5ef121154bd5768a8521c172","messageTitle":"Match gradle checkstyle","messageBody":"","fileTypesAndContributionMap":{"functional-code":{"insertions":4,"deletions":3}}},{"hash":"69dbc3638feb8253203dcb96237961d1bc92bea4","messageTitle":"Add minimal design details in DG","messageBody":"","fileTypesAndContributionMap":{"docs":{"insertions":27,"deletions":0}}}]},{"date":"2022-03-24","commitResults":[{"hash":"3e3a5f408162a8442b541da4b8f83bd43155d976","messageTitle":"Improve code quality","messageBody":"","fileTypesAndContributionMap":{"functional-code":{"insertions":155,"deletions":93}}},{"hash":"d0631c0997fc19ec6f36a5ff5940d5ecd2383771","messageTitle":"Refactor remaining String objects as constants","messageBody":"","fileTypesAndContributionMap":{"functional-code":{"insertions":55,"deletions":25}}},{"hash":"150ace018b2db0342386efe66cc572594b0e03f3","messageTitle":"Change access modifiers to private for all constants","messageBody":"","fileTypesAndContributionMap":{"functional-code":{"insertions":44,"deletions":44}}},{"hash":"ee9cf460eb7e66cfdf84f80dd55be92685bb5f32","messageTitle":"Update DG with manual testing instructions","messageBody":"","fileTypesAndContributionMap":{"functional-code":{"insertions":3,"deletions":3},"docs":{"insertions":10,"deletions":0}}}]},{"date":"2022-03-25","commitResults":[{"hash":"723e4276d65e37c40d30d028ceb8c3a5167e552c","messageTitle":"Improve code quality by refactoring recurring strings as constants","messageBody":"","fileTypesAndContributionMap":{"functional-code":{"insertions":9,"deletions":5}}}]},{"date":"2022-03-26","commitResults":[{"hash":"aeb102d4a26354112e615752de5b9d82173c2340","messageTitle":"Update User Guide for edit module feature","messageBody":"","fileTypesAndContributionMap":{"docs":{"insertions":41,"deletions":0}}},{"hash":"8652f2fc14b2d55beed56e0b98185528ddec312f","messageTitle":"Fix bug in find modules feature that allowed whitespace find query","messageBody":"","fileTypesAndContributionMap":{"functional-code":{"insertions":49,"deletions":21}}},{"hash":"f8a2ee02af37048ca7d9c633c87916025020a30d","messageTitle":"Add new exception to classify invalid find inputs","messageBody":"","fileTypesAndContributionMap":{"functional-code":{"insertions":10,"deletions":0}}},{"hash":"ca9ca688a777450da838b559b1f3b5a2fc8abfb6","messageTitle":"Update find feature in UG","messageBody":"","fileTypesAndContributionMap":{"docs":{"insertions":37,"deletions":1}}},{"hash":"333efcc0af2ae60dd922b29bafec9049133185d0","messageTitle":"Improve find and edit code quality","messageBody":"","fileTypesAndContributionMap":{"functional-code":{"insertions":34,"deletions":7}}}]},{"date":"2022-03-27","commitResults":[{"hash":"eb79e96788b0ecbf2306bf877a8483c6fb869323","messageTitle":"Edit build.gradle to include ical4j and sl4j nop dependencies for ics parsing","messageBody":"","fileTypesAndContributionMap":{"other":{"insertions":2,"deletions":0}}},{"hash":"21e8818bf69373e1b595472ea56d47a1c6902830","messageTitle":"Implement skeleton for parsing .ics calendar files","messageBody":"","fileTypesAndContributionMap":{"functional-code":{"insertions":163,"deletions":0}}},{"hash":"c1cc314ec4df1e1e6400bdfc608365ef032ecf1d","messageTitle":"Integrate ModuleCalendarReader with StudyManager class","messageBody":"","fileTypesAndContributionMap":{"functional-code":{"insertions":52,"deletions":30}}},{"hash":"114af647fb0511eba94d3ff412290f547e107b15","messageTitle":"Match gradle checkstyle test","messageBody":"","fileTypesAndContributionMap":{"functional-code":{"insertions":6,"deletions":6}}},{"hash":"9587c01495e62b764c1b76539ca6adf7448640f7","messageTitle":"Improve code quality of read ics feature","messageBody":"","fileTypesAndContributionMap":{"functional-code":{"insertions":133,"deletions":79}}},{"hash":"84a53f6e044a9f616dd150b59f95b890d6c66139","messageTitle":"Add minor fix","messageBody":"","fileTypesAndContributionMap":{"functional-code":{"insertions":3,"deletions":2}}},{"hash":"4b419c188360fd81ec8dc7540401f40a5e50f208","messageTitle":"Rebuild after gradle error","messageBody":"","fileTypesAndContributionMap":{"functional-code":{"insertions":0,"deletions":1}}}]},{"date":"2022-03-30","commitResults":[{"hash":"740fe808aeedcc1806490bd0f447c7c32b370282","messageTitle":"Update DG with StudyManager implementation and user stories.","messageBody":"","fileTypesAndContributionMap":{"docs":{"insertions":129,"deletions":11}}},{"hash":"05bbfcd39204be6ad13ee24168f6ec4a7c40c27b","messageTitle":"Update UserGuide to include read ics feature of StudyManager","messageBody":"","fileTypesAndContributionMap":{"docs":{"insertions":43,"deletions":0}}},{"hash":"c33ab6f30bbe9c359ee641160998d6fab447ee99","messageTitle":"Add improvement to command summary","messageBody":"","fileTypesAndContributionMap":{"docs":{"insertions":5,"deletions":1}}},{"hash":"20aeb6e7d397a6ff33b2b90de0a41f5207e7ca9e","messageTitle":"Fix bug that allowed empty edit parameters","messageBody":"","fileTypesAndContributionMap":{"functional-code":{"insertions":36,"deletions":12}}},{"hash":"ab89311943e588ee7bf8a11c0e703dabe117a837","messageTitle":"Introduce new valid field \"Laboratory\" for module category","messageBody":"","fileTypesAndContributionMap":{"functional-code":{"insertions":9,"deletions":3}}},{"hash":"772b8760c42d81254a9cf94c4e499f744584d744","messageTitle":"Reflect the change in StudyManager logic in StorageFile","messageBody":"","fileTypesAndContributionMap":{"functional-code":{"insertions":3,"deletions":0}}},{"hash":"91d986d8f5cfc74aecd37732db8a427b29baa8a9","messageTitle":"Clear text file that was causing error","messageBody":"","fileTypesAndContributionMap":{"functional-code":{"insertions":3,"deletions":1}}},{"hash":"ddd58574be3f8769fc1f97da3b5b77abd34fc9c3","messageTitle":"Implement workaround over compatibility issue for parse ics testing","messageBody":"","fileTypesAndContributionMap":{"functional-code":{"insertions":1,"deletions":1}}}]},{"date":"2022-03-31","commitResults":[{"hash":"f5fdcc2bc7363c6b7060bec5663c8fd77f515a66","messageTitle":"Change library to read timezones that was compatibility issues","messageBody":"","fileTypesAndContributionMap":{"functional-code":{"insertions":27,"deletions":6}}},{"hash":"82ea16a35975a579462cd496e100c96027d3c18b","messageTitle":"Make file reading OS independent","messageBody":"","fileTypesAndContributionMap":{"functional-code":{"insertions":6,"deletions":2}}},{"hash":"72811dadea5116dc6a1ee442983c1ac03e79697c","messageTitle":"Fix bug that showed warning messages on restart","messageBody":"","fileTypesAndContributionMap":{"functional-code":{"insertions":2,"deletions":1}}}]},{"date":"2022-04-02","commitResults":[{"hash":"f2d6ae61b5537c967ac0a3d99de498d4577737ec","messageTitle":"Fix parsing for add modules that would throw warnings for spaces within parameters","messageBody":"","fileTypesAndContributionMap":{"functional-code":{"insertions":23,"deletions":5}}}]},{"date":"2022-04-04","commitResults":[{"hash":"ba75843a0e8e6f5981c85515202f6e64ddc2861b","messageTitle":"Introduce constraints for module input parameters","messageBody":"","fileTypesAndContributionMap":{"functional-code":{"insertions":100,"deletions":7}}},{"hash":"1455a8ee6c5db527482a9742b6b437b22c7b2c14","messageTitle":"Update ModuleCalendarReader to comply with constraint","messageBody":"","fileTypesAndContributionMap":{"functional-code":{"insertions":3,"deletions":1}}},{"hash":"a5c2f2afe31c1bb8c83d38fbdeae29e293d32bdc","messageTitle":"Update UserGuide to include improvements","messageBody":"","fileTypesAndContributionMap":{"docs":{"insertions":32,"deletions":29}}},{"hash":"7b2701b820abeeee9dc0cfacf979c8ce30cce587","messageTitle":"Update JUnit tests to work with improvements","messageBody":"","fileTypesAndContributionMap":{"test-code":{"insertions":6,"deletions":6}}},{"hash":"aff65f24222e6d835142782ad56e9efb3903c69b","messageTitle":"Fix build error due to flawed assertion","messageBody":"","fileTypesAndContributionMap":{"functional-code":{"insertions":8,"deletions":4}}}]},{"date":"2022-04-05","commitResults":[{"hash":"e8c14a6fa58ab8351a75a0079085903a8dc00f28","messageTitle":"Make StudyManager more OOP by extracting ModuleParser class","messageBody":"","fileTypesAndContributionMap":{"functional-code":{"insertions":404,"deletions":322}}}]},{"date":"2022-04-06","commitResults":[{"hash":"2be78e46956ba7e868a85472ab7d531b3afff123","messageTitle":"Remove unused comments","messageBody":"","fileTypesAndContributionMap":{"functional-code":{"insertions":4,"deletions":16}}},{"hash":"c9bddbe9cd5fb33e2aa5d5b7033918d476fff9c0","messageTitle":"Make sample add command to be consistent with constraints","messageBody":"","fileTypesAndContributionMap":{"functional-code":{"insertions":1,"deletions":1}}},{"hash":"75b872836aef7349cc84f58e7b7a0564784f7e52","messageTitle":"Perform SLAP for ModuleCalendarReader class","messageBody":"","fileTypesAndContributionMap":{"functional-code":{"insertions":77,"deletions":61}}},{"hash":"8e7bc97eb211558d1ec1b5ba1c27a10221b7c90e","messageTitle":"Add javadoc comments for public functions","messageBody":"","fileTypesAndContributionMap":{"functional-code":{"insertions":13,"deletions":2}}},{"hash":"34cd3d86e5d84d6c95c5f3d3bfab38e409e9de9f","messageTitle":"Match gradle checkStyle","messageBody":"","fileTypesAndContributionMap":{"functional-code":{"insertions":2,"deletions":3}}}]},{"date":"2022-04-07","commitResults":[{"hash":"cf33ce7d0557768ec91aecd021da9d26b7460ded","messageTitle":"Add draft Project Portfolio","messageBody":"","fileTypesAndContributionMap":{"docs":{"insertions":53,"deletions":1}}}]},{"date":"2022-04-08","commitResults":[{"hash":"d5a377598b46bf8250f02907946d150d3f6816c7","messageTitle":"Change access modifiers to public and reuse StudyManager constants in ModuleParser","messageBody":"","fileTypesAndContributionMap":{"functional-code":{"insertions":22,"deletions":32}}},{"hash":"35721aadbb892208b02b0c59da9fc3914d91e51a","messageTitle":"Refactor boolean to comply with coding standard and change access for JUnit tests","messageBody":"","fileTypesAndContributionMap":{"functional-code":{"insertions":9,"deletions":10}}},{"hash":"6630086ba66cc46f534f3039759c022e3df76bba","messageTitle":"Update JUnit tests for StudyManager","messageBody":"","fileTypesAndContributionMap":{"test-code":{"insertions":158,"deletions":11}}},{"hash":"e611d61db736fdd732656a0d162129583d7dc4c7","messageTitle":"Match gradle checks","messageBody":"","fileTypesAndContributionMap":{"test-code":{"insertions":36,"deletions":9}}},{"hash":"03616713ac92d0eb3c291c41c0dc678243be9710","messageTitle":"Rebuild after gradle error","messageBody":"","fileTypesAndContributionMap":{"test-code":{"insertions":1,"deletions":4}}}]},{"date":"2022-04-09","commitResults":[{"hash":"c566b548634ed2af50583878b5f794ad74816722","messageTitle":"Rebuild after windows build error","messageBody":"","fileTypesAndContributionMap":{"test-code":{"insertions":5,"deletions":0}}},{"hash":"aeb1b718f0b7dbd70af6738628e952cc125ac51b","messageTitle":"Try platform independent line separator to fix error on Windows","messageBody":"","fileTypesAndContributionMap":{"test-code":{"insertions":36,"deletions":34}}},{"hash":"c9db1eeff03c2af3006ab3a38e8f36cb41aee991","messageTitle":"Fix minor checkStyle error","messageBody":"","fileTypesAndContributionMap":{"test-code":{"insertions":6,"deletions":3}}},{"hash":"e8acb2b7d24b438eca68d5dcd32e80b237dfcfaa","messageTitle":"Use platform independent line separator to resolve error","messageBody":"","fileTypesAndContributionMap":{"functional-code":{"insertions":8,"deletions":6}}},{"hash":"de1d53fca34751dd09548fc39e42ebfd610dfc82","messageTitle":"Add Javadoc comments for tests","messageBody":"","fileTypesAndContributionMap":{"test-code":{"insertions":10,"deletions":0}}},{"hash":"269c0d95de46cd6a07c3c68d6173ea3e3c38f777","messageTitle":"Update tests for Module class","messageBody":"","fileTypesAndContributionMap":{"test-code":{"insertions":107,"deletions":3}}},{"hash":"79aa0d98db74ff46e5acb796aa2c6ec4aff696b2","messageTitle":"Add Junit tests for ModuleParser","messageBody":"","fileTypesAndContributionMap":{"functional-code":{"insertions":1,"deletions":1},"test-code":{"insertions":244,"deletions":1}}},{"hash":"c10ab7f9d87147e9acc3ec1eaddd94b476e12fc9","messageTitle":"Add Junit tests for ModuleCalendarReader","messageBody":"","fileTypesAndContributionMap":{"functional-code":{"insertions":1,"deletions":1},"test-code":{"insertions":67,"deletions":2}}},{"hash":"dc690bc9bf61736cd7aba90571e5e64913679624","messageTitle":"Integrate UI divider with console outputs","messageBody":"","fileTypesAndContributionMap":{"functional-code":{"insertions":46,"deletions":50}}},{"hash":"c41624c91dc163440b0c97e35b150b53d05a0c23","messageTitle":"Reflect the Divider integration in all test cases","messageBody":"","fileTypesAndContributionMap":{"test-code":{"insertions":62,"deletions":31}}},{"hash":"d9512c08b3818c2898843545fb31bcbf9d7e0481","messageTitle":"Improve constraints of Module time parameter and find command","messageBody":"","fileTypesAndContributionMap":{"functional-code":{"insertions":37,"deletions":3}}},{"hash":"c1db735ccf83193422c3fef43eb5ebc2e41d799c","messageTitle":"Update test cases with improvements","messageBody":"","fileTypesAndContributionMap":{"test-code":{"insertions":16,"deletions":16}}},{"hash":"37ea73b6046d823354e9a65a817596c797e97a6e","messageTitle":"Rebuild after gradle error","messageBody":"","fileTypesAndContributionMap":{"functional-code":{"insertions":1,"deletions":0}}},{"hash":"ab5d12cdfdd0df8b8055d7c0abacf517fb181180","messageTitle":"Reattempt to build after gradle error","messageBody":"","fileTypesAndContributionMap":{"functional-code":{"insertions":15,"deletions":10}}}]},{"date":"2022-04-10","commitResults":[{"hash":"2b660703178df1ab5b0c56f872204363a35e1b81","messageTitle":"Try different method for time parsing compatibility issues","messageBody":"","fileTypesAndContributionMap":{"functional-code":{"insertions":11,"deletions":7},"test-code":{"insertions":57,"deletions":57}}},{"hash":"ba1f0632372ea512982790511aaa0f44a2060f08","messageTitle":"Resolve multi platform build error","messageBody":"","fileTypesAndContributionMap":{"functional-code":{"insertions":5,"deletions":1}}},{"hash":"9b61bed6a05b5f0821492b84aedce4e2b85b7990","messageTitle":"Refactor String constants for find module validation","messageBody":"","fileTypesAndContributionMap":{"functional-code":{"insertions":6,"deletions":2}}},{"hash":"ffa5261f202371ef000236fc06f0846d8d9dc084","messageTitle":"Update User Guide to be consistent with latest enhancements","messageBody":"","fileTypesAndContributionMap":{"docs":{"insertions":33,"deletions":30}}},{"hash":"824482a9821544a77a95ae12dc50126c83f320e0","messageTitle":"Update DG with latest enhancements and propose new features","messageBody":"","fileTypesAndContributionMap":{"docs":{"insertions":205,"deletions":28}}},{"hash":"51f8ce3f4cf4a245a47a061c7ec9c73417a01749","messageTitle":"Fix dead hyperlink to PPP","messageBody":"","fileTypesAndContributionMap":{"docs":{"insertions":1,"deletions":1}}},{"hash":"5bc74bed2d1e7a574f7963282a006e961ac9573c","messageTitle":"Make regex for module parameters more strict","messageBody":"","fileTypesAndContributionMap":{"functional-code":{"insertions":2,"deletions":2}}},{"hash":"0a32618d2c48d3ba8145bde9c258b08c17041105","messageTitle":"Add minor change in documentation","messageBody":"","fileTypesAndContributionMap":{"docs":{"insertions":1,"deletions":1}}},{"hash":"05b4cef9cfff861f2f14ebda5ec15aa78f961d34","messageTitle":"Refactor log warnings to info","messageBody":"","fileTypesAndContributionMap":{"functional-code":{"insertions":11,"deletions":11}}}]},{"date":"2022-04-11","commitResults":[{"hash":"8e4ec2cd4da2c36b8f959849380c6c263c22a242","messageTitle":"Update user guide with dividers and modify FAQ question","messageBody":"","fileTypesAndContributionMap":{"docs":{"insertions":739,"deletions":691}}},{"hash":"a86b78c97bfd64bcb92fe22a3960cbe2be26bb8b","messageTitle":"Update message in edit function","messageBody":"","fileTypesAndContributionMap":{"functional-code":{"insertions":466,"deletions":466}}},{"hash":"1caac003b9446d52f727d826c05a8c2b489e8e1f","messageTitle":"Create appendix section in DG","messageBody":"","fileTypesAndContributionMap":{"docs":{"insertions":611,"deletions":611}}},{"hash":"9205073baf69a5cc56fddcb2200487a6f3b686e7","messageTitle":"Remove circle from class diagrams","messageBody":"","fileTypesAndContributionMap":{"docs":{"insertions":96,"deletions":94}}},{"hash":"e552ef5ce7db1ad3516aa17531d314df99f6805a","messageTitle":"Update PPP final version","messageBody":"","fileTypesAndContributionMap":{"docs":{"insertions":55,"deletions":54}}}]}],"OzairHasan":[{"date":"2022-03-04","commitResults":[{"hash":"b23676f68517a3a0ea43670bbfb1844dbd3fa9c1","messageTitle":"Update AboutUs.md","messageBody":"","fileTypesAndContributionMap":{"docs":{"insertions":7,"deletions":7}}}]},{"date":"2022-03-10","commitResults":[{"hash":"b29adfb6cf4fb02ddd9062c1885015082d2524f3","messageTitle":"Rename Duke.java and DukeTest.java to AllOnUs.java and AllOnUsTest.java","messageBody":"Update menu functionality to support help, exit commands and in-app navigation from menu\n","fileTypesAndContributionMap":{"functional-code":{"insertions":103,"deletions":47},"other":{"insertions":4,"deletions":2}}},{"hash":"040039c73dbd23766ebd6726c14c544c63ae38b1","messageTitle":"Add JUnit test for user command checking functionality","messageBody":"","fileTypesAndContributionMap":{"test-code":{"insertions":30,"deletions":2}}},{"hash":"3bcdcb708cd8b0021082517b6e372fc7d12c0ab0","messageTitle":"Fix code quality","messageBody":"","fileTypesAndContributionMap":{"functional-code":{"insertions":12,"deletions":12}}}]},{"date":"2022-03-11","commitResults":[{"hash":"b4b1e3be2073d7c940f1f8b9df7a175ca1050569","messageTitle":"Change file names back to Duke.java and DukeTest.java to resolve gradle check issues temporarily.","messageBody":"","fileTypesAndContributionMap":{"other":{"insertions":2,"deletions":2},"test-code":{"insertions":42,"deletions":42}}}]},{"date":"2022-03-16","commitResults":[{"hash":"77d43ddcd0ea8839dd2fc91950d3868d280abca4","messageTitle":"Add logging, assertions, exceptions, and javadoc class and method headers for main menu","messageBody":"","fileTypesAndContributionMap":{"functional-code":{"insertions":115,"deletions":4},"test-code":{"insertions":2,"deletions":0}}},{"hash":"a89a7cb48b154e61ca918bd591925527424e53b5","messageTitle":"Modify code to adhere to proper style","messageBody":"","fileTypesAndContributionMap":{"functional-code":{"insertions":20,"deletions":17}}}]},{"date":"2022-03-17","commitResults":[{"hash":"31905a33da7b15a2dc836f799e688fe87ea5188b","messageTitle":"Edit javadoc style for AllOnUs.java","messageBody":"","fileTypesAndContributionMap":{"functional-code":{"insertions":0,"deletions":9}}},{"hash":"192f218f0139557d81c6fb8d1e6698a1238329a9","messageTitle":"Edit code for AllOnUs.java and AllOnUsTest.java to pass gradle checks.","messageBody":"","fileTypesAndContributionMap":{"functional-code":{"insertions":2,"deletions":2},"test-code":{"insertions":1,"deletions":0}}},{"hash":"d6ffedec89c7b6f2626b96b7b8daeb22e457cd1e","messageTitle":"Change logger log levels and build jar file","messageBody":"","fileTypesAndContributionMap":{"functional-code":{"insertions":4,"deletions":0}}}]},{"date":"2022-03-24","commitResults":[{"hash":"2dcaf0a440b451f9d929c11bf779d0423266cd5b","messageTitle":"Update DG for menu features and include UML diagrams","messageBody":"","fileTypesAndContributionMap":{"functional-code":{"insertions":3,"deletions":3},"docs":{"insertions":154,"deletions":0}}},{"hash":"e51d777096d4845ac03036f57ef745497f53159b","messageTitle":"Update UG for main menu features","messageBody":"","fileTypesAndContributionMap":{"functional-code":{"insertions":4,"deletions":0},"docs":{"insertions":106,"deletions":8}}},{"hash":"87c1f6348dc8e440879dc6cdd3d74fb96c730683","messageTitle":"Update to agree with gradle checks","messageBody":"","fileTypesAndContributionMap":{"functional-code":{"insertions":1,"deletions":0}}}]},{"date":"2022-03-28","commitResults":[{"hash":"b610866eb23e1730461454741e2a71413888314c","messageTitle":"Add load-save functionality","messageBody":"","fileTypesAndContributionMap":{"functional-code":{"insertions":330,"deletions":2}}}]},{"date":"2022-03-31","commitResults":[{"hash":"442d8cf4fc46c38bc5b979168f55307db23bd43e","messageTitle":"Refine save load functionality and add jUnit test for StorageFile class","messageBody":"","fileTypesAndContributionMap":{"functional-code":{"insertions":196,"deletions":52},"test-code":{"insertions":171,"deletions":3}}},{"hash":"82ac3f816f8a7ab7823fb31a4a9266a8ce9fca36","messageTitle":"Update DG and UG for load-save functionality","messageBody":"","fileTypesAndContributionMap":{"docs":{"insertions":262,"deletions":14}}},{"hash":"1116e20156f6d1bd82f92d45364e96a1f81eacfd","messageTitle":"Update JUnit test for StorageFile","messageBody":"","fileTypesAndContributionMap":{"test-code":{"insertions":2,"deletions":0}}},{"hash":"25aeb2b23de7f57f98b3586fe801e58f13e1c469","messageTitle":"Attempt to resolve gradle issue","messageBody":"","fileTypesAndContributionMap":{"test-code":{"insertions":4,"deletions":4}}},{"hash":"e8213e44d3f3b938b1296ea0886bd18d273b3507","messageTitle":"Attempt to debug gradle error","messageBody":"","fileTypesAndContributionMap":{"functional-code":{"insertions":3,"deletions":1},"test-code":{"insertions":4,"deletions":2}}},{"hash":"8a35468502c7294aedec8f783a07dd7916f73e58","messageTitle":"Table changes to StorageFileTest.java for now","messageBody":"","fileTypesAndContributionMap":{"test-code":{"insertions":0,"deletions":161}}},{"hash":"38c14db8f9abae54f9d49b927e27172ba8fc45d3","messageTitle":"Remove debug lines","messageBody":"","fileTypesAndContributionMap":{"functional-code":{"insertions":1,"deletions":3}}}]},{"date":"2022-04-06","commitResults":[{"hash":"e7b8e10a85a3fe0cbf87c0838aeb5efe13f11f58","messageTitle":"Update code quality, debug and enhance performance for AllOnUs.java and StorageFile.java","messageBody":"","fileTypesAndContributionMap":{"functional-code":{"insertions":354,"deletions":109}}},{"hash":"26d6ff496d6bbb37a4f7049f0f44aaa63e767650","messageTitle":"Update implementation of direct manager/tracker access to use enumerations","messageBody":"","fileTypesAndContributionMap":{"functional-code":{"insertions":36,"deletions":31}}},{"hash":"1f1c5f43c463fdb1ff04eeb88a3a0025e859bf7d","messageTitle":"Update AllOnUs.java to comply with gradle checks","messageBody":"","fileTypesAndContributionMap":{"functional-code":{"insertions":19,"deletions":11}}}]},{"date":"2022-04-07","commitResults":[{"hash":"63ad9186210f801ff48268a155ff3582a2b9fb24","messageTitle":"Update PPP","messageBody":"","fileTypesAndContributionMap":{"docs":{"insertions":0,"deletions":0}}},{"hash":"9235dc88735be2162e5ddcda09d383b5a57d160d","messageTitle":"Update PPP","messageBody":"","fileTypesAndContributionMap":{"docs":{"insertions":38,"deletions":0}}},{"hash":"816d42be71c2ac83818acb974b10bb04ee6bdebe","messageTitle":"Debug JUnit test iteration 1","messageBody":"","fileTypesAndContributionMap":{"test-code":{"insertions":165,"deletions":0}}},{"hash":"55a376229e7479672681069e6391a184a9e26c1d","messageTitle":"Update code to pass gradle checkstyle","messageBody":"","fileTypesAndContributionMap":{"test-code":{"insertions":4,"deletions":8}}},{"hash":"072c6daf03520a19fc0a2df735ddfd4e15c45d7a","messageTitle":"Debug JUnit test iteration 2","messageBody":"","fileTypesAndContributionMap":{"functional-code":{"insertions":1,"deletions":1},"test-code":{"insertions":131,"deletions":13}}},{"hash":"ed9779a6c7f423792195ca5d3a009aa54ffab582","messageTitle":"Debug JUnit test iteration 3","messageBody":"","fileTypesAndContributionMap":{"test-code":{"insertions":5,"deletions":1}}},{"hash":"0074304eae54db8bc3300ba86f973003be1d7009","messageTitle":"Update JUnit tests for Load Save Functionality","messageBody":"","fileTypesAndContributionMap":{"test-code":{"insertions":9,"deletions":3}}}]},{"date":"2022-04-08","commitResults":[{"hash":"623db5194bd59cd32166fadc87f3af208a98053d","messageTitle":"Resolve merge conflicts","messageBody":"","fileTypesAndContributionMap":{"functional-code":{"insertions":1,"deletions":1}}},{"hash":"2829a323c094c3fc71c45b6e25da4adc52b86ec6","messageTitle":"Update PPP","messageBody":"","fileTypesAndContributionMap":{"docs":{"insertions":7,"deletions":7}}},{"hash":"99f48a3bc26cb9774a10cf27472cf693988574fa","messageTitle":"Update PPP link and update PPP","messageBody":"","fileTypesAndContributionMap":{"docs":{"insertions":16,"deletions":17}}}]},{"date":"2022-04-10","commitResults":[{"hash":"b2c029ec6c02ac5c9bb838ad8a746a90e1063f0c","messageTitle":"Update DG and UG and make small feature modification to AllOnUs.java","messageBody":"","fileTypesAndContributionMap":{"docs":{"insertions":11,"deletions":0}}},{"hash":"9ef93be83a4465f7ed01b573bcbefccb3e712667","messageTitle":"Update previous commit with files that were not staged","messageBody":"","fileTypesAndContributionMap":{"functional-code":{"insertions":5,"deletions":5},"docs":{"insertions":163,"deletions":79}}},{"hash":"b3ca9ad3a4d2c2ac8878bf4d7e0afb3ea6f6d168","messageTitle":"Update UG and resolve minor bug in ExpenseTracker.java","messageBody":"","fileTypesAndContributionMap":{"functional-code":{"insertions":8,"deletions":4},"docs":{"insertions":31,"deletions":8}}},{"hash":"0d8cd010ddd3ffcca5a9d0391a937d60ffe84c01","messageTitle":"Resolve test errors","messageBody":"","fileTypesAndContributionMap":{"test-code":{"insertions":4,"deletions":5}}},{"hash":"1a4293ac8783ef7db51dcdc070dbe7e881dc4020","messageTitle":"Update file naming for PPP","messageBody":"","fileTypesAndContributionMap":{"docs":{"insertions":0,"deletions":0}}},{"hash":"356d5a582ff66b9a55e6c56c463418c6ffeb886d","messageTitle":"Stage files left out of previous commit","messageBody":"","fileTypesAndContributionMap":{"docs":{"insertions":1,"deletions":1}}},{"hash":"7de456e9c2f1d21863d2c682c964d6a2bf2c8674","messageTitle":"Update DG, UG and UML Diagrams","messageBody":"","fileTypesAndContributionMap":{"docs":{"insertions":30,"deletions":22}}},{"hash":"382e5a2e891899a634407a4e64134843e4a9cd0c","messageTitle":"Update PPP","messageBody":"","fileTypesAndContributionMap":{"docs":{"insertions":2,"deletions":2}}},{"hash":"2e4455b6c836d063ca0e5d341814f768d77de6ce","messageTitle":"Update PPP overview","messageBody":"","fileTypesAndContributionMap":{"docs":{"insertions":8,"deletions":3}}}]},{"date":"2022-04-11","commitResults":[{"hash":"b5887b7f5694cb66e45fbfeb442ab1af16e97d45","messageTitle":"Update DG, UG and some code for save and load","messageBody":"","fileTypesAndContributionMap":{"functional-code":{"insertions":7,"deletions":1},"docs":{"insertions":6,"deletions":3}}},{"hash":"61b4652ea59889f1d1aa536eb510f8f44f02032e","messageTitle":"Update StorageFile.java to comply with gradle check","messageBody":"","fileTypesAndContributionMap":{"functional-code":{"insertions":2,"deletions":1}}},{"hash":"d3bd104c57b6d0ce3198911fd35e015adb03b718","messageTitle":"Update UG and DG","messageBody":"","fileTypesAndContributionMap":{"docs":{"insertions":12,"deletions":5}}},{"hash":"bef4ba3902da249bd1a18ed002bd0bf8d3ec7d26","messageTitle":"Update DG UG with author tags","messageBody":"","fileTypesAndContributionMap":{"docs":{"insertions":24,"deletions":7}}}]}],"wli-linda":[{"date":"2022-03-04","commitResults":[{"hash":"63e7e0434b7e1499a01b469eb3fe93f7e9ee3523","messageTitle":"Update AboutUs.md","messageBody":"","fileTypesAndContributionMap":{"docs":{"insertions":7,"deletions":7}}}]},{"date":"2022-03-07","commitResults":[{"hash":"d991df76fbeaa98be05a6ad1fbdcf0d692427fda","messageTitle":"Implement skeleton for contacts manager","messageBody":"","fileTypesAndContributionMap":{"functional-code":{"insertions":102,"deletions":11},"docs":{"insertions":11,"deletions":5}}},{"hash":"8dd1f05a8678b82c6b7e4e9611a5265ad41ae774","messageTitle":"Update tests and fix checkstyle error","messageBody":"","fileTypesAndContributionMap":{"functional-code":{"insertions":1,"deletions":1}}},{"hash":"9ad5cd67b3e7ef3903c1be8ab0ae6bdcb1a41519","messageTitle":"Implement naive listContacts() and Contact class","messageBody":"","fileTypesAndContributionMap":{"functional-code":{"insertions":33,"deletions":1}}}]},{"date":"2022-03-11","commitResults":[{"hash":"648203428366c930e11c9486419f37e060e7262d","messageTitle":"Implement basic contacts add and delete","messageBody":"","fileTypesAndContributionMap":{"functional-code":{"insertions":44,"deletions":7}}},{"hash":"ff8fe3a35c57f5f460ed0b77d665ff704f4e70d5","messageTitle":"Add basic JUnit Tests for contacts tracker","messageBody":"","fileTypesAndContributionMap":{"test-code":{"insertions":91,"deletions":0}}},{"hash":"d803b15c614b180c82b106d5e6f8e7763e12f342","messageTitle":"Refactor name Duke to AllOnUs","messageBody":"","fileTypesAndContributionMap":{"other":{"insertions":22,"deletions":23},"test-code":{"insertions":47,"deletions":49}}}]},{"date":"2022-03-15","commitResults":[{"hash":"9ef3091d29e6cc7b168675d758935aaa3a633489","messageTitle":"Add exceptions handling for contacts delete","messageBody":"Also, basic outline for UG, update product intro in docs/README.md, and enabling assertions\n","fileTypesAndContributionMap":{"functional-code":{"insertions":48,"deletions":16},"other":{"insertions":3,"deletions":2},"docs":{"insertions":64,"deletions":10}}},{"hash":"473131888d92bfef0f10f634aee69600c1b52482","messageTitle":"Implement naïve regex matching for Contact fields","messageBody":"","fileTypesAndContributionMap":{"functional-code":{"insertions":79,"deletions":16}}}]},{"date":"2022-03-17","commitResults":[{"hash":"3ceb71b1172fa2ab4edc937cd35c55a28bdbe1e4","messageTitle":"Add more fields to Contact","messageBody":"","fileTypesAndContributionMap":{"functional-code":{"insertions":67,"deletions":17},"test-code":{"insertions":14,"deletions":14}}}]},{"date":"2022-03-22","commitResults":[{"hash":"f3ce2ffe687d52808389547adbc709f08060a858","messageTitle":"Update contacts manager v1.0 features in UG","messageBody":"","fileTypesAndContributionMap":{"docs":{"insertions":85,"deletions":26}}},{"hash":"c61852c5e1996dd9d7d46aec0f70e724110f32c8","messageTitle":"Implement naive find feature for contacts","messageBody":"Currently only looks for matching \"name\" fields\n","fileTypesAndContributionMap":{"functional-code":{"insertions":41,"deletions":7}}},{"hash":"89774c0adb0212ac586f88b0f0398b6b5458593c","messageTitle":"Implement naive edit feature for contacts","messageBody":"Only supports updating default field (name)\n","fileTypesAndContributionMap":{"functional-code":{"insertions":51,"deletions":1}}},{"hash":"6035a2b5446faaf0f25380b6fc1ac75ba792113e","messageTitle":"Update headers for DG","messageBody":"","fileTypesAndContributionMap":{"docs":{"insertions":8,"deletions":0}}},{"hash":"6347ea5f4c97ae44b7a83f1f167e104955b872ce","messageTitle":"Make Contact class more OOP","messageBody":"Contact class fields are all using String type.\n\nMaking the fields to be separate types that extend from the Field type is more OOP, and allows for some polymorphism that may be helpful when parsing.\n\nLet\u0027s:\n* Create new classes for each Contact field\n* Update existing code to ensure compatibility\n","fileTypesAndContributionMap":{"functional-code":{"insertions":91,"deletions":30},"other":{"insertions":12,"deletions":11},"test-code":{"insertions":48,"deletions":14}}},{"hash":"dde01009140515918feb4bbcca6b77537feab414","messageTitle":"Support editing multiple contact fields","messageBody":"`editContact()` only edits the name of a `Contact` object.\n\nA user may want to edit more than the name field, and it would be more flexible if they can edit multiple fields at the same time.\n\nLet\u0027s:\n* refactor `parseContact` such that there is a separate method extracted for setting contact fields supplied by the user\n* call the abovementioned extracted method in `editContact()` to set the fields\n","fileTypesAndContributionMap":{"functional-code":{"insertions":42,"deletions":40}}}]},{"date":"2022-03-23","commitResults":[{"hash":"2a526c7f0a269fed2e56f6159c6c7da0043cf138","messageTitle":"Improve JUnit Test coverage for contacts","messageBody":"","fileTypesAndContributionMap":{"functional-code":{"insertions":0,"deletions":4},"other":{"insertions":34,"deletions":6},"test-code":{"insertions":86,"deletions":0}}},{"hash":"981241c8a940f4f78059cb32e2045eced63ee1ae","messageTitle":"Include PlantUML diagrams in DG for contacts","messageBody":"","fileTypesAndContributionMap":{"functional-code":{"insertions":19,"deletions":24},"docs":{"insertions":61,"deletions":0},"test-code":{"insertions":30,"deletions":17}}}]},{"date":"2022-03-29","commitResults":[{"hash":"f72948ca6b208397610bf16b01dfd0142ddc4e2c","messageTitle":"Add JavaDoc comments in contacts package","messageBody":"","fileTypesAndContributionMap":{"functional-code":{"insertions":124,"deletions":15}}},{"hash":"1330cd6f77b828fbae3e3d0a61e5008ff86167b3","messageTitle":"Add v2.0 contact features in UG","messageBody":"","fileTypesAndContributionMap":{"functional-code":{"insertions":1,"deletions":1},"docs":{"insertions":45,"deletions":2}}},{"hash":"c453e7df8f1107dd8998c95bbfc619437e122b45","messageTitle":"Make find contact more robust and add tests","messageBody":"","fileTypesAndContributionMap":{"functional-code":{"insertions":6,"deletions":0}}},{"hash":"cb4420b0e73b2de9bb8737695fca47f911ab618f","messageTitle":"Update DG for contacts with class diagram","messageBody":"","fileTypesAndContributionMap":{"docs":{"insertions":115,"deletions":15}}}]},{"date":"2022-04-05","commitResults":[{"hash":"8cd92e6cb3d3fb41d89ab84a7f000683a646f567","messageTitle":"Address TA code review \u0026 edit access modifiers","messageBody":"","fileTypesAndContributionMap":{"functional-code":{"insertions":76,"deletions":51}}},{"hash":"1ebb062e41436866fa3c52fd6bd21cba684e6606","messageTitle":"Update UG and DG according to PE-D feedback","messageBody":"","fileTypesAndContributionMap":{"docs":{"insertions":27,"deletions":32}}},{"hash":"2e5cd171be0acd3a88b08b133574e66aa2b44db0","messageTitle":"Implement basic add contact constraint (non-empty)","messageBody":"","fileTypesAndContributionMap":{"functional-code":{"insertions":43,"deletions":1}}},{"hash":"6d8cf2e4ba46f0dc60e4466d0d84700ddc9963d2","messageTitle":"Fix AY2122S2-CS2113-F10-4/tp#120","messageBody":"","fileTypesAndContributionMap":{"functional-code":{"insertions":1,"deletions":0}}}]},{"date":"2022-04-07","commitResults":[{"hash":"a2464df08699cfe500056091a7392ac274844da3","messageTitle":"Validate email for AY2122S2-CS2113-F10-4/tp#105","messageBody":"","fileTypesAndContributionMap":{"functional-code":{"insertions":13,"deletions":1},"test-code":{"insertions":6,"deletions":6}}},{"hash":"7782de0c2b419f215ee9918b6f25ac636b69db40","messageTitle":"Implement check for duplicate contact names","messageBody":"","fileTypesAndContributionMap":{"functional-code":{"insertions":93,"deletions":53}}},{"hash":"de1c224ef794b439fafcfdb8c93964a8226aa104","messageTitle":"Update behavior of duplicate name and email checks","messageBody":"Email validation rejects all formats considered invalid, and names aren\u0027t removed from duplicate set upon deletion of contact.\n\nSome users might want invalid format email entries as placeholders, and duplicate name check was just having buggy behavior.\n\nLet\u0027s,\n* update the deleteContact() method to make sure the hash of a name is removed\n* make sure invalid email formats only cause a reminder message to show, and doesn\u0027t affect behavior otherwise\n","fileTypesAndContributionMap":{"functional-code":{"insertions":13,"deletions":6}}},{"hash":"9eb969efd1555adc416d259b13e15ea4aba2a282","messageTitle":"Catch same delimiters case","messageBody":"Resolves AY2122S2-CS2113-F10-4/tp#123\n","fileTypesAndContributionMap":{"functional-code":{"insertions":17,"deletions":7},"test-code":{"insertions":9,"deletions":2}}},{"hash":"22a54e8272fd34175e6708b52831c50d5f96c01f","messageTitle":"Update PPP draft","messageBody":"","fileTypesAndContributionMap":{"docs":{"insertions":13,"deletions":1}}}]},{"date":"2022-04-10","commitResults":[{"hash":"2c0e7ea2b641706ab1e1be42818a4f494833a2be","messageTitle":"Update handling of contacts delimiters further","messageBody":"","fileTypesAndContributionMap":{"functional-code":{"insertions":2,"deletions":2}}},{"hash":"58a13a6fe1d2437967c79ce32957e1327df929d4","messageTitle":"Update PPP and manual testing section in DG","messageBody":"","fileTypesAndContributionMap":{"docs":{"insertions":80,"deletions":9}}},{"hash":"54c05187d6fa13a107ee8196fcd2b564173786fb","messageTitle":"Update UG to post-PE-D behavior of delimiters","messageBody":"","fileTypesAndContributionMap":{"docs":{"insertions":22,"deletions":2}}},{"hash":"ffea56cb5cced57e2b728561d47d36f8d53cb466","messageTitle":"Update find behavior, RepoSense, and JavaDoc","messageBody":"","fileTypesAndContributionMap":{"functional-code":{"insertions":47,"deletions":9},"docs":{"insertions":1,"deletions":1}}},{"hash":"38f852e2fb0fdd5307f12ae6cd3f4b51e19bcdc1","messageTitle":"Remove printFormat method from ContactsManager","messageBody":"","fileTypesAndContributionMap":{"functional-code":{"insertions":16,"deletions":25}}}]},{"date":"2022-04-11","commitResults":[{"hash":"61c5f2aa19ae5a2a495fa2f82b68547c2cd5c602","messageTitle":"Hide contacts email format warning in load","messageBody":"","fileTypesAndContributionMap":{"functional-code":{"insertions":9,"deletions":6},"test-code":{"insertions":7,"deletions":7}}},{"hash":"83e1fbd6ded6571bb0dd67350e4719cce41ab288","messageTitle":"Update Contacts Manager UG and DG","messageBody":"","fileTypesAndContributionMap":{"docs":{"insertions":61,"deletions":12}}},{"hash":"bd6567936024c65d498b829ffe47a1c2838d4930","messageTitle":"Improve contacts invalid command message","messageBody":"","fileTypesAndContributionMap":{"functional-code":{"insertions":1,"deletions":1},"docs":{"insertions":1,"deletions":1}}},{"hash":"66c183474c8bd6626611684f11540c8be0f7a050","messageTitle":"Edit overall info in UG","messageBody":"","fileTypesAndContributionMap":{"docs":{"insertions":7,"deletions":7}}}]}]},"authorFileTypeContributionMap":{"YitHien":{"docs":784,"functional-code":923,"test-code":299},"mathanmahe":{"docs":698,"functional-code":1209,"test-code":736,"other":2},"OzairHasan":{"docs":693,"functional-code":975,"test-code":344},"wli-linda":{"docs":440,"functional-code":718,"test-code":265,"other":4}},"authorContributionVariance":{"YitHien":18086.668,"mathanmahe":299405.22,"OzairHasan":27200.338,"wli-linda":12244.8545},"authorDisplayNameMap":{"YitHien":"CS2113-F10-4 TAN ..HIEN","mathanmahe":"CS2113-F10-4 MATH..DRAN","OzairHasan":"CS2113-F10-4 SYED..ASAN","wli-linda":"CS2113-F10-4 LI, ..NDAN"}}
