[{"path":"docs/README.md","fileType":"docs","lines":[{"lineNumber":1,"author":{"gitId":"Demonshaha"},"content":"# IHospital","lastModifiedDate":"2022-03-03"},{"lineNumber":2,"author":{"gitId":"-"},"content":"","lastModifiedDate":"2019-07-29"},{"lineNumber":3,"author":{"gitId":"-"},"content":"{Give product intro here}","lastModifiedDate":"2020-05-24"},{"lineNumber":4,"author":{"gitId":"-"},"content":"","lastModifiedDate":"2019-07-29"},{"lineNumber":5,"author":{"gitId":"-"},"content":"Useful links:","lastModifiedDate":"2020-05-24"},{"lineNumber":6,"author":{"gitId":"-"},"content":"* [User Guide](UserGuide.md)","lastModifiedDate":"2020-05-24"},{"lineNumber":7,"author":{"gitId":"-"},"content":"* [Developer Guide](DeveloperGuide.md)","lastModifiedDate":"2020-05-24"},{"lineNumber":8,"author":{"gitId":"-"},"content":"* [About Us](AboutUs.md)","lastModifiedDate":"2020-05-24"}],"authorContributionMap":{"Demonshaha":1,"-":7}},{"path":"src/main/java/seedu/duke/Duke.java","fileType":"functional-code","lines":[{"lineNumber":1,"author":{"gitId":"-"},"content":"package seedu.duke;","lastModifiedDate":"2022-03-09"},{"lineNumber":2,"author":{"gitId":"-"},"content":"","lastModifiedDate":"2022-03-09"},{"lineNumber":3,"author":{"gitId":"Demonshaha"},"content":"import tp.DoctorList;","lastModifiedDate":"2022-03-16"},{"lineNumber":4,"author":{"gitId":"Demonshaha"},"content":"import tp.Parser;","lastModifiedDate":"2022-03-16"},{"lineNumber":5,"author":{"gitId":"Demonshaha"},"content":"import tp.PatientList;","lastModifiedDate":"2022-03-16"},{"lineNumber":6,"author":{"gitId":"Demonshaha"},"content":"import tp.Ui;","lastModifiedDate":"2022-03-16"},{"lineNumber":7,"author":{"gitId":"Demonshaha"},"content":"import tp.AppointmentList;","lastModifiedDate":"2022-03-16"},{"lineNumber":8,"author":{"gitId":"Demonshaha"},"content":"import tp.Storage;","lastModifiedDate":"2022-03-16"},{"lineNumber":9,"author":{"gitId":"Demonshaha"},"content":"import tp.IHospitalException;","lastModifiedDate":"2022-03-16"},{"lineNumber":10,"author":{"gitId":"Demonshaha"},"content":"import tp.Command;","lastModifiedDate":"2022-03-16"},{"lineNumber":11,"author":{"gitId":"Demonshaha"},"content":"import tp.person.Patient;","lastModifiedDate":"2022-03-16"},{"lineNumber":12,"author":{"gitId":"Demonshaha"},"content":"","lastModifiedDate":"2022-03-16"},{"lineNumber":13,"author":{"gitId":"-"},"content":"import java.util.Scanner;","lastModifiedDate":"2022-03-09"},{"lineNumber":14,"author":{"gitId":"-"},"content":"","lastModifiedDate":"2022-03-09"},{"lineNumber":15,"author":{"gitId":"-"},"content":"public class Duke {","lastModifiedDate":"2022-03-09"},{"lineNumber":16,"author":{"gitId":"-"},"content":"    /**","lastModifiedDate":"2022-03-09"},{"lineNumber":17,"author":{"gitId":"-"},"content":"     * Main entry-point for the java.duke.Duke application.","lastModifiedDate":"2022-03-09"},{"lineNumber":18,"author":{"gitId":"-"},"content":"     */","lastModifiedDate":"2022-03-09"},{"lineNumber":19,"author":{"gitId":"Demonshaha"},"content":"    private static final Ui ui \u003d new Ui();","lastModifiedDate":"2022-03-16"},{"lineNumber":20,"author":{"gitId":"Demonshaha"},"content":"    private static final Parser parser \u003d new Parser();","lastModifiedDate":"2022-03-16"},{"lineNumber":21,"author":{"gitId":"Demonshaha"},"content":"    private static PatientList patientList \u003d new PatientList();","lastModifiedDate":"2022-03-16"},{"lineNumber":22,"author":{"gitId":"Demonshaha"},"content":"    private static DoctorList doctorList \u003d new DoctorList();","lastModifiedDate":"2022-03-16"},{"lineNumber":23,"author":{"gitId":"Demonshaha"},"content":"    private static AppointmentList appointmentList \u003d new AppointmentList();","lastModifiedDate":"2022-03-16"},{"lineNumber":24,"author":{"gitId":"Demonshaha"},"content":"    private static Storage storage \u003d new Storage();","lastModifiedDate":"2022-03-16"},{"lineNumber":25,"author":{"gitId":"-"},"content":"","lastModifiedDate":"2022-03-16"},{"lineNumber":26,"author":{"gitId":"Demonshaha"},"content":"    public static void main(String[] args) throws IHospitalException {","lastModifiedDate":"2022-03-16"},{"lineNumber":27,"author":{"gitId":"Demonshaha"},"content":"        ui.sayHello();","lastModifiedDate":"2022-03-16"},{"lineNumber":28,"author":{"gitId":"Demonshaha"},"content":"        String fullCommand \u003d parser.getCommand();","lastModifiedDate":"2022-03-16"},{"lineNumber":29,"author":{"gitId":"Demonshaha"},"content":"        while (!fullCommand.equals(\"bye\")) {","lastModifiedDate":"2022-03-16"},{"lineNumber":30,"author":{"gitId":"Demonshaha"},"content":"            Command command \u003d parser.parse(fullCommand);","lastModifiedDate":"2022-03-16"},{"lineNumber":31,"author":{"gitId":"Demonshaha"},"content":"            command.execute(doctorList, patientList, appointmentList, ui, storage);","lastModifiedDate":"2022-03-16"},{"lineNumber":32,"author":{"gitId":"Demonshaha"},"content":"            fullCommand \u003d parser.getCommand();","lastModifiedDate":"2022-03-16"},{"lineNumber":33,"author":{"gitId":"Demonshaha"},"content":"        }","lastModifiedDate":"2022-03-16"},{"lineNumber":34,"author":{"gitId":"Demonshaha"},"content":"        ui.sayGoodbye();","lastModifiedDate":"2022-03-16"},{"lineNumber":35,"author":{"gitId":"-"},"content":"    }","lastModifiedDate":"2022-03-09"},{"lineNumber":36,"author":{"gitId":"cczhouqi"},"content":"}","lastModifiedDate":"2022-03-09"}],"authorContributionMap":{"Demonshaha":25,"cczhouqi":1,"-":10}},{"path":"src/main/java/tp/AddAppointmentCommand.java","fileType":"functional-code","lines":[{"lineNumber":1,"author":{"gitId":"Demonshaha"},"content":"package tp;","lastModifiedDate":"2022-03-13"},{"lineNumber":2,"author":{"gitId":"Demonshaha"},"content":"","lastModifiedDate":"2022-03-13"},{"lineNumber":3,"author":{"gitId":"Demonshaha"},"content":"import tp.person.Doctor;","lastModifiedDate":"2022-03-13"},{"lineNumber":4,"author":{"gitId":"Demonshaha"},"content":"import tp.person.Patient;","lastModifiedDate":"2022-03-13"},{"lineNumber":5,"author":{"gitId":"Demonshaha"},"content":"","lastModifiedDate":"2022-03-13"},{"lineNumber":6,"author":{"gitId":"Demonshaha"},"content":"import java.time.LocalDateTime;","lastModifiedDate":"2022-03-13"},{"lineNumber":7,"author":{"gitId":"Demonshaha"},"content":"","lastModifiedDate":"2022-03-13"},{"lineNumber":8,"author":{"gitId":"Demonshaha"},"content":"public class AddAppointmentCommand extends Command {","lastModifiedDate":"2022-03-13"},{"lineNumber":9,"author":{"gitId":"Demonshaha"},"content":"    protected int doctorIndex;","lastModifiedDate":"2022-03-13"},{"lineNumber":10,"author":{"gitId":"Demonshaha"},"content":"    protected int patientIndex;","lastModifiedDate":"2022-03-13"},{"lineNumber":11,"author":{"gitId":"Demonshaha"},"content":"    protected LocalDateTime time;","lastModifiedDate":"2022-03-13"},{"lineNumber":12,"author":{"gitId":"Demonshaha"},"content":"","lastModifiedDate":"2022-03-13"},{"lineNumber":13,"author":{"gitId":"Demonshaha"},"content":"    public AddAppointmentCommand() {","lastModifiedDate":"2022-03-13"},{"lineNumber":14,"author":{"gitId":"Demonshaha"},"content":"","lastModifiedDate":"2022-03-13"},{"lineNumber":15,"author":{"gitId":"Demonshaha"},"content":"    }","lastModifiedDate":"2022-03-13"},{"lineNumber":16,"author":{"gitId":"Demonshaha"},"content":"","lastModifiedDate":"2022-03-13"},{"lineNumber":17,"author":{"gitId":"Demonshaha"},"content":"    public AddAppointmentCommand(int doctorIndex, int patientIndex, String time) {","lastModifiedDate":"2022-03-13"},{"lineNumber":18,"author":{"gitId":"Demonshaha"},"content":"        this.doctorIndex \u003d doctorIndex;","lastModifiedDate":"2022-03-13"},{"lineNumber":19,"author":{"gitId":"Demonshaha"},"content":"        this.patientIndex \u003d patientIndex;","lastModifiedDate":"2022-03-13"},{"lineNumber":20,"author":{"gitId":"Demonshaha"},"content":"        this.time \u003d LocalDateTime.parse(time);","lastModifiedDate":"2022-03-13"},{"lineNumber":21,"author":{"gitId":"Demonshaha"},"content":"    }","lastModifiedDate":"2022-03-13"},{"lineNumber":22,"author":{"gitId":"Demonshaha"},"content":"","lastModifiedDate":"2022-03-13"},{"lineNumber":23,"author":{"gitId":"Demonshaha"},"content":"","lastModifiedDate":"2022-03-13"},{"lineNumber":24,"author":{"gitId":"Demonshaha"},"content":"    @Override","lastModifiedDate":"2022-03-13"},{"lineNumber":25,"author":{"gitId":"Demonshaha"},"content":"    public void execute(DoctorList doctorList, PatientList patientList,","lastModifiedDate":"2022-03-13"},{"lineNumber":26,"author":{"gitId":"Demonshaha"},"content":"                        AppointmentList appointmentList, Ui ui, Storage storage) throws IHospitalException {","lastModifiedDate":"2022-03-13"},{"lineNumber":27,"author":{"gitId":"Demonshaha"},"content":"        Doctor doctor \u003d (Doctor) doctorList.getDoctor(doctorIndex);","lastModifiedDate":"2022-03-13"},{"lineNumber":28,"author":{"gitId":"Demonshaha"},"content":"        Patient patient \u003d (Patient) patientList.getPatient(patientIndex);","lastModifiedDate":"2022-03-13"},{"lineNumber":29,"author":{"gitId":"Demonshaha"},"content":"        appointmentList.addAppointment(doctor, patient, time);","lastModifiedDate":"2022-03-13"},{"lineNumber":30,"author":{"gitId":"Demonshaha"},"content":"    }","lastModifiedDate":"2022-03-13"},{"lineNumber":31,"author":{"gitId":"Demonshaha"},"content":"}","lastModifiedDate":"2022-03-13"}],"authorContributionMap":{"Demonshaha":31}},{"path":"src/main/java/tp/AddDoctorCommand.java","fileType":"functional-code","lines":[{"lineNumber":1,"author":{"gitId":"Demonshaha"},"content":"package tp;","lastModifiedDate":"2022-03-13"},{"lineNumber":2,"author":{"gitId":"Demonshaha"},"content":"","lastModifiedDate":"2022-03-13"},{"lineNumber":3,"author":{"gitId":"Demonshaha"},"content":"import tp.person.Doctor;","lastModifiedDate":"2022-03-13"},{"lineNumber":4,"author":{"gitId":"Demonshaha"},"content":"","lastModifiedDate":"2022-03-13"},{"lineNumber":5,"author":{"gitId":"Demonshaha"},"content":"public class AddDoctorCommand extends Command {","lastModifiedDate":"2022-03-13"},{"lineNumber":6,"author":{"gitId":"Demonshaha"},"content":"    protected String id;","lastModifiedDate":"2022-03-13"},{"lineNumber":7,"author":{"gitId":"Demonshaha"},"content":"    protected String name;","lastModifiedDate":"2022-03-13"},{"lineNumber":8,"author":{"gitId":"Demonshaha"},"content":"    protected String phoneNumber;","lastModifiedDate":"2022-03-13"},{"lineNumber":9,"author":{"gitId":"Demonshaha"},"content":"    protected String email;","lastModifiedDate":"2022-03-13"},{"lineNumber":10,"author":{"gitId":"Demonshaha"},"content":"    protected boolean isOnDuty;","lastModifiedDate":"2022-03-13"},{"lineNumber":11,"author":{"gitId":"Demonshaha"},"content":"","lastModifiedDate":"2022-03-13"},{"lineNumber":12,"author":{"gitId":"Demonshaha"},"content":"    public AddDoctorCommand() {","lastModifiedDate":"2022-03-13"},{"lineNumber":13,"author":{"gitId":"Demonshaha"},"content":"    }","lastModifiedDate":"2022-03-13"},{"lineNumber":14,"author":{"gitId":"Demonshaha"},"content":"","lastModifiedDate":"2022-03-13"},{"lineNumber":15,"author":{"gitId":"Demonshaha"},"content":"    public AddDoctorCommand(String id, String name, String phoneNumber, String email, boolean isOnDuty) {","lastModifiedDate":"2022-03-13"},{"lineNumber":16,"author":{"gitId":"Demonshaha"},"content":"        this.id \u003d id;","lastModifiedDate":"2022-03-13"},{"lineNumber":17,"author":{"gitId":"Demonshaha"},"content":"        this.name \u003d name;","lastModifiedDate":"2022-03-13"},{"lineNumber":18,"author":{"gitId":"Demonshaha"},"content":"        this.phoneNumber \u003d phoneNumber;","lastModifiedDate":"2022-03-13"},{"lineNumber":19,"author":{"gitId":"Demonshaha"},"content":"        this.email \u003d email;","lastModifiedDate":"2022-03-13"},{"lineNumber":20,"author":{"gitId":"Demonshaha"},"content":"        this.isOnDuty \u003d isOnDuty;","lastModifiedDate":"2022-03-13"},{"lineNumber":21,"author":{"gitId":"Demonshaha"},"content":"    }","lastModifiedDate":"2022-03-13"},{"lineNumber":22,"author":{"gitId":"Demonshaha"},"content":"","lastModifiedDate":"2022-03-13"},{"lineNumber":23,"author":{"gitId":"Demonshaha"},"content":"    @Override","lastModifiedDate":"2022-03-13"},{"lineNumber":24,"author":{"gitId":"Demonshaha"},"content":"    public void execute(DoctorList doctorList, PatientList patientList,","lastModifiedDate":"2022-03-13"},{"lineNumber":25,"author":{"gitId":"Demonshaha"},"content":"                        AppointmentList appointmentList, Ui ui, Storage storage) throws IHospitalException {","lastModifiedDate":"2022-03-13"},{"lineNumber":26,"author":{"gitId":"Demonshaha"},"content":"        Doctor doctor \u003d new Doctor(id, name, phoneNumber, email);","lastModifiedDate":"2022-03-13"},{"lineNumber":27,"author":{"gitId":"Demonshaha"},"content":"        doctorList.addDoctor(doctor);","lastModifiedDate":"2022-03-13"},{"lineNumber":28,"author":{"gitId":"Demonshaha"},"content":"    }","lastModifiedDate":"2022-03-13"},{"lineNumber":29,"author":{"gitId":"Demonshaha"},"content":"}","lastModifiedDate":"2022-03-13"}],"authorContributionMap":{"Demonshaha":29}},{"path":"src/main/java/tp/AddPatientCommand.java","fileType":"functional-code","lines":[{"lineNumber":1,"author":{"gitId":"Demonshaha"},"content":"package tp;","lastModifiedDate":"2022-03-13"},{"lineNumber":2,"author":{"gitId":"Demonshaha"},"content":"","lastModifiedDate":"2022-03-13"},{"lineNumber":3,"author":{"gitId":"Demonshaha"},"content":"import tp.person.Doctor;","lastModifiedDate":"2022-03-13"},{"lineNumber":4,"author":{"gitId":"Demonshaha"},"content":"import tp.person.Patient;","lastModifiedDate":"2022-03-13"},{"lineNumber":5,"author":{"gitId":"Demonshaha"},"content":"","lastModifiedDate":"2022-03-13"},{"lineNumber":6,"author":{"gitId":"Demonshaha"},"content":"public class AddPatientCommand extends Command {","lastModifiedDate":"2022-03-13"},{"lineNumber":7,"author":{"gitId":"Demonshaha"},"content":"    protected String id;","lastModifiedDate":"2022-03-13"},{"lineNumber":8,"author":{"gitId":"Demonshaha"},"content":"    protected String name;","lastModifiedDate":"2022-03-13"},{"lineNumber":9,"author":{"gitId":"Demonshaha"},"content":"    protected String phoneNumber;","lastModifiedDate":"2022-03-13"},{"lineNumber":10,"author":{"gitId":"Demonshaha"},"content":"    protected String email;","lastModifiedDate":"2022-03-13"},{"lineNumber":11,"author":{"gitId":"Demonshaha"},"content":"","lastModifiedDate":"2022-03-13"},{"lineNumber":12,"author":{"gitId":"Demonshaha"},"content":"    public AddPatientCommand() {","lastModifiedDate":"2022-03-13"},{"lineNumber":13,"author":{"gitId":"Demonshaha"},"content":"    }","lastModifiedDate":"2022-03-13"},{"lineNumber":14,"author":{"gitId":"Demonshaha"},"content":"","lastModifiedDate":"2022-03-13"},{"lineNumber":15,"author":{"gitId":"Demonshaha"},"content":"    public AddPatientCommand(String id, String name, String phoneNumber, String email) {","lastModifiedDate":"2022-03-13"},{"lineNumber":16,"author":{"gitId":"Demonshaha"},"content":"        this.id \u003d id;","lastModifiedDate":"2022-03-13"},{"lineNumber":17,"author":{"gitId":"Demonshaha"},"content":"        this.name \u003d name;","lastModifiedDate":"2022-03-13"},{"lineNumber":18,"author":{"gitId":"Demonshaha"},"content":"        this.phoneNumber \u003d phoneNumber;","lastModifiedDate":"2022-03-13"},{"lineNumber":19,"author":{"gitId":"Demonshaha"},"content":"        this.email \u003d email;","lastModifiedDate":"2022-03-13"},{"lineNumber":20,"author":{"gitId":"Demonshaha"},"content":"    }","lastModifiedDate":"2022-03-13"},{"lineNumber":21,"author":{"gitId":"Demonshaha"},"content":"","lastModifiedDate":"2022-03-13"},{"lineNumber":22,"author":{"gitId":"Demonshaha"},"content":"    @Override","lastModifiedDate":"2022-03-13"},{"lineNumber":23,"author":{"gitId":"Demonshaha"},"content":"    public void execute(DoctorList doctorList, PatientList patientList,","lastModifiedDate":"2022-03-13"},{"lineNumber":24,"author":{"gitId":"Demonshaha"},"content":"                        AppointmentList appointmentList, Ui ui, Storage storage) throws IHospitalException {","lastModifiedDate":"2022-03-13"},{"lineNumber":25,"author":{"gitId":"Demonshaha"},"content":"        Patient patient \u003d new Patient(id, name, phoneNumber, email);","lastModifiedDate":"2022-03-13"},{"lineNumber":26,"author":{"gitId":"Demonshaha"},"content":"        patientList.addPatient(patient);","lastModifiedDate":"2022-03-13"},{"lineNumber":27,"author":{"gitId":"Demonshaha"},"content":"    }","lastModifiedDate":"2022-03-13"},{"lineNumber":28,"author":{"gitId":"Demonshaha"},"content":"}","lastModifiedDate":"2022-03-13"}],"authorContributionMap":{"Demonshaha":28}},{"path":"src/main/java/tp/Appointment.java","fileType":"functional-code","lines":[{"lineNumber":1,"author":{"gitId":"cczhouqi"},"content":"package tp;","lastModifiedDate":"2022-03-09"},{"lineNumber":2,"author":{"gitId":"cczhouqi"},"content":"","lastModifiedDate":"2022-03-09"},{"lineNumber":3,"author":{"gitId":"cczhouqi"},"content":"import tp.person.Doctor;","lastModifiedDate":"2022-03-09"},{"lineNumber":4,"author":{"gitId":"cczhouqi"},"content":"import tp.person.Patient;","lastModifiedDate":"2022-03-09"},{"lineNumber":5,"author":{"gitId":"cczhouqi"},"content":"","lastModifiedDate":"2022-03-09"},{"lineNumber":6,"author":{"gitId":"cczhouqi"},"content":"import java.time.LocalDateTime;","lastModifiedDate":"2022-03-09"},{"lineNumber":7,"author":{"gitId":"cczhouqi"},"content":"","lastModifiedDate":"2022-03-09"},{"lineNumber":8,"author":{"gitId":"cczhouqi"},"content":"public class Appointment {","lastModifiedDate":"2022-03-09"},{"lineNumber":9,"author":{"gitId":"cczhouqi"},"content":"    protected Doctor doctor;","lastModifiedDate":"2022-03-09"},{"lineNumber":10,"author":{"gitId":"cczhouqi"},"content":"    protected Patient patient;","lastModifiedDate":"2022-03-09"},{"lineNumber":11,"author":{"gitId":"cczhouqi"},"content":"    protected LocalDateTime time;","lastModifiedDate":"2022-03-09"},{"lineNumber":12,"author":{"gitId":"cczhouqi"},"content":"","lastModifiedDate":"2022-03-09"},{"lineNumber":13,"author":{"gitId":"cczhouqi"},"content":"    public Appointment(Doctor doctor, Patient patient, LocalDateTime time) {","lastModifiedDate":"2022-03-09"},{"lineNumber":14,"author":{"gitId":"cczhouqi"},"content":"        this.doctor \u003d doctor;","lastModifiedDate":"2022-03-09"},{"lineNumber":15,"author":{"gitId":"cczhouqi"},"content":"        this.patient \u003d patient;","lastModifiedDate":"2022-03-09"},{"lineNumber":16,"author":{"gitId":"cczhouqi"},"content":"        this.time \u003d time;","lastModifiedDate":"2022-03-09"},{"lineNumber":17,"author":{"gitId":"cczhouqi"},"content":"    }","lastModifiedDate":"2022-03-09"},{"lineNumber":18,"author":{"gitId":"cczhouqi"},"content":"","lastModifiedDate":"2022-03-09"},{"lineNumber":19,"author":{"gitId":"cczhouqi"},"content":"    @Override","lastModifiedDate":"2022-03-09"},{"lineNumber":20,"author":{"gitId":"cczhouqi"},"content":"    public String toString() {","lastModifiedDate":"2022-03-09"},{"lineNumber":21,"author":{"gitId":"cczhouqi"},"content":"        return \"Doctor: \" + doctor.getName() + \" || Patient: \"","lastModifiedDate":"2022-03-09"},{"lineNumber":22,"author":{"gitId":"cczhouqi"},"content":"                       + patient.getName() + \" || Appointment time: \" + time;","lastModifiedDate":"2022-03-09"},{"lineNumber":23,"author":{"gitId":"cczhouqi"},"content":"    }","lastModifiedDate":"2022-03-09"},{"lineNumber":24,"author":{"gitId":"cczhouqi"},"content":"}","lastModifiedDate":"2022-03-09"}],"authorContributionMap":{"cczhouqi":24}},{"path":"src/main/java/tp/AppointmentList.java","fileType":"functional-code","lines":[{"lineNumber":1,"author":{"gitId":"cczhouqi"},"content":"package tp;","lastModifiedDate":"2022-03-09"},{"lineNumber":2,"author":{"gitId":"cczhouqi"},"content":"","lastModifiedDate":"2022-03-09"},{"lineNumber":3,"author":{"gitId":"cczhouqi"},"content":"import tp.person.Doctor;","lastModifiedDate":"2022-03-09"},{"lineNumber":4,"author":{"gitId":"cczhouqi"},"content":"import tp.person.Patient;","lastModifiedDate":"2022-03-09"},{"lineNumber":5,"author":{"gitId":"cczhouqi"},"content":"","lastModifiedDate":"2022-03-09"},{"lineNumber":6,"author":{"gitId":"cczhouqi"},"content":"import java.time.LocalDateTime;","lastModifiedDate":"2022-03-09"},{"lineNumber":7,"author":{"gitId":"cczhouqi"},"content":"import java.util.ArrayList;","lastModifiedDate":"2022-03-09"},{"lineNumber":8,"author":{"gitId":"cczhouqi"},"content":"","lastModifiedDate":"2022-03-09"},{"lineNumber":9,"author":{"gitId":"cczhouqi"},"content":"public class AppointmentList {","lastModifiedDate":"2022-03-09"},{"lineNumber":10,"author":{"gitId":"cczhouqi"},"content":"    public static String boundary \u003d \"____________________________________________________________\"","lastModifiedDate":"2022-03-09"},{"lineNumber":11,"author":{"gitId":"cczhouqi"},"content":"                                            + System.lineSeparator();","lastModifiedDate":"2022-03-09"},{"lineNumber":12,"author":{"gitId":"cczhouqi"},"content":"    protected ArrayList\u003cAppointment\u003e appointments \u003d new ArrayList\u003c\u003e();","lastModifiedDate":"2022-03-09"},{"lineNumber":13,"author":{"gitId":"cczhouqi"},"content":"    protected int countAppointment;","lastModifiedDate":"2022-03-09"},{"lineNumber":14,"author":{"gitId":"cczhouqi"},"content":"","lastModifiedDate":"2022-03-09"},{"lineNumber":15,"author":{"gitId":"cczhouqi"},"content":"    public AppointmentList() {","lastModifiedDate":"2022-03-09"},{"lineNumber":16,"author":{"gitId":"cczhouqi"},"content":"        countAppointment \u003d 0;","lastModifiedDate":"2022-03-09"},{"lineNumber":17,"author":{"gitId":"cczhouqi"},"content":"    }","lastModifiedDate":"2022-03-09"},{"lineNumber":18,"author":{"gitId":"cczhouqi"},"content":"","lastModifiedDate":"2022-03-09"},{"lineNumber":19,"author":{"gitId":"cczhouqi"},"content":"    public Appointment getAppointment(int index) {","lastModifiedDate":"2022-03-09"},{"lineNumber":20,"author":{"gitId":"Demonshaha"},"content":"        return appointments.get(index - 1);","lastModifiedDate":"2022-03-16"},{"lineNumber":21,"author":{"gitId":"cczhouqi"},"content":"    }","lastModifiedDate":"2022-03-09"},{"lineNumber":22,"author":{"gitId":"cczhouqi"},"content":"","lastModifiedDate":"2022-03-09"},{"lineNumber":23,"author":{"gitId":"cczhouqi"},"content":"    /**","lastModifiedDate":"2022-03-09"},{"lineNumber":24,"author":{"gitId":"cczhouqi"},"content":"     * Adds an appointment to appointment list.","lastModifiedDate":"2022-03-09"},{"lineNumber":25,"author":{"gitId":"cczhouqi"},"content":"     *","lastModifiedDate":"2022-03-09"},{"lineNumber":26,"author":{"gitId":"cczhouqi"},"content":"     * @param doctor Doctor assigned for this appointment.","lastModifiedDate":"2022-03-09"},{"lineNumber":27,"author":{"gitId":"cczhouqi"},"content":"     * @param patient Patient coming for this appointment.","lastModifiedDate":"2022-03-09"},{"lineNumber":28,"author":{"gitId":"cczhouqi"},"content":"     * @param time The time reserved.","lastModifiedDate":"2022-03-09"},{"lineNumber":29,"author":{"gitId":"cczhouqi"},"content":"     */","lastModifiedDate":"2022-03-09"},{"lineNumber":30,"author":{"gitId":"cczhouqi"},"content":"    public void addAppointment(Doctor doctor, Patient patient, LocalDateTime time) {","lastModifiedDate":"2022-03-09"},{"lineNumber":31,"author":{"gitId":"cczhouqi"},"content":"        appointments.add(new Appointment(doctor, patient, time));","lastModifiedDate":"2022-03-09"},{"lineNumber":32,"author":{"gitId":"cczhouqi"},"content":"        countAppointment++;","lastModifiedDate":"2022-03-09"},{"lineNumber":33,"author":{"gitId":"cczhouqi"},"content":"        System.out.println(boundary + \"Noted. I\u0027ve added this appointment:\");","lastModifiedDate":"2022-03-09"},{"lineNumber":34,"author":{"gitId":"cczhouqi"},"content":"        System.out.println(appointments.get(countAppointment - 1));","lastModifiedDate":"2022-03-09"},{"lineNumber":35,"author":{"gitId":"cczhouqi"},"content":"        System.out.print(\"Now you have \" + countAppointment","lastModifiedDate":"2022-03-09"},{"lineNumber":36,"author":{"gitId":"cczhouqi"},"content":"                                 + \" appointments recorded in the system.\" + System.lineSeparator() + boundary);","lastModifiedDate":"2022-03-09"},{"lineNumber":37,"author":{"gitId":"cczhouqi"},"content":"    }","lastModifiedDate":"2022-03-09"},{"lineNumber":38,"author":{"gitId":"cczhouqi"},"content":"","lastModifiedDate":"2022-03-09"},{"lineNumber":39,"author":{"gitId":"cczhouqi"},"content":"    /**","lastModifiedDate":"2022-03-09"},{"lineNumber":40,"author":{"gitId":"cczhouqi"},"content":"     * Deletes an appointment from the list.","lastModifiedDate":"2022-03-09"},{"lineNumber":41,"author":{"gitId":"cczhouqi"},"content":"     *","lastModifiedDate":"2022-03-09"},{"lineNumber":42,"author":{"gitId":"cczhouqi"},"content":"     * @param index Index of the appointment to be deleted.","lastModifiedDate":"2022-03-09"},{"lineNumber":43,"author":{"gitId":"cczhouqi"},"content":"     */","lastModifiedDate":"2022-03-09"},{"lineNumber":44,"author":{"gitId":"cczhouqi"},"content":"    public void deleteAppointment(int index) {","lastModifiedDate":"2022-03-09"},{"lineNumber":45,"author":{"gitId":"cczhouqi"},"content":"        System.out.println(boundary + \"Noted. I\u0027ve removed this appointment:\");","lastModifiedDate":"2022-03-09"},{"lineNumber":46,"author":{"gitId":"Demonshaha"},"content":"        System.out.println(appointments.get(index - 1));","lastModifiedDate":"2022-03-16"},{"lineNumber":47,"author":{"gitId":"cczhouqi"},"content":"        System.out.print(\"Now you have \" + (countAppointment - 1)","lastModifiedDate":"2022-03-09"},{"lineNumber":48,"author":{"gitId":"cczhouqi"},"content":"                                 + \" appointments recorded in the system.\" + System.lineSeparator() + boundary);","lastModifiedDate":"2022-03-09"},{"lineNumber":49,"author":{"gitId":"Demonshaha"},"content":"        appointments.remove(index - 1);","lastModifiedDate":"2022-03-13"},{"lineNumber":50,"author":{"gitId":"cczhouqi"},"content":"        countAppointment -\u003d 1;","lastModifiedDate":"2022-03-09"},{"lineNumber":51,"author":{"gitId":"cczhouqi"},"content":"    }","lastModifiedDate":"2022-03-09"},{"lineNumber":52,"author":{"gitId":"cczhouqi"},"content":"","lastModifiedDate":"2022-03-14"},{"lineNumber":53,"author":{"gitId":"cczhouqi"},"content":"    @Override","lastModifiedDate":"2022-03-14"},{"lineNumber":54,"author":{"gitId":"cczhouqi"},"content":"    public String toString() {","lastModifiedDate":"2022-03-14"},{"lineNumber":55,"author":{"gitId":"cczhouqi"},"content":"        String toPrint \u003d boundary + \"Here are the existing appointments:\" + System.lineSeparator();","lastModifiedDate":"2022-03-14"},{"lineNumber":56,"author":{"gitId":"Demonshaha"},"content":"        for (int i \u003d 1; i \u003c\u003d countAppointment; i++) {","lastModifiedDate":"2022-03-16"},{"lineNumber":57,"author":{"gitId":"Demonshaha"},"content":"            toPrint +\u003d (i + \". \" + getAppointment(i));","lastModifiedDate":"2022-03-16"},{"lineNumber":58,"author":{"gitId":"cczhouqi"},"content":"        }","lastModifiedDate":"2022-03-14"},{"lineNumber":59,"author":{"gitId":"cczhouqi"},"content":"        toPrint +\u003d (\"Now you have \" + countAppointment","lastModifiedDate":"2022-03-14"},{"lineNumber":60,"author":{"gitId":"cczhouqi"},"content":"                            + \" appointments recorded in the system.\" + System.lineSeparator()","lastModifiedDate":"2022-03-14"},{"lineNumber":61,"author":{"gitId":"cczhouqi"},"content":"                            + boundary + System.lineSeparator());","lastModifiedDate":"2022-03-14"},{"lineNumber":62,"author":{"gitId":"cczhouqi"},"content":"        return toPrint;","lastModifiedDate":"2022-03-14"},{"lineNumber":63,"author":{"gitId":"cczhouqi"},"content":"    }","lastModifiedDate":"2022-03-14"},{"lineNumber":64,"author":{"gitId":"cczhouqi"},"content":"}","lastModifiedDate":"2022-03-09"}],"authorContributionMap":{"Demonshaha":5,"cczhouqi":59}},{"path":"src/main/java/tp/Command.java","fileType":"functional-code","lines":[{"lineNumber":1,"author":{"gitId":"Demonshaha"},"content":"package tp;","lastModifiedDate":"2022-03-13"},{"lineNumber":2,"author":{"gitId":"Demonshaha"},"content":"","lastModifiedDate":"2022-03-13"},{"lineNumber":3,"author":{"gitId":"Demonshaha"},"content":"public abstract class Command {","lastModifiedDate":"2022-03-13"},{"lineNumber":4,"author":{"gitId":"Demonshaha"},"content":"","lastModifiedDate":"2022-03-13"},{"lineNumber":5,"author":{"gitId":"Demonshaha"},"content":"    public boolean isExit() {","lastModifiedDate":"2022-03-13"},{"lineNumber":6,"author":{"gitId":"Demonshaha"},"content":"        return false;","lastModifiedDate":"2022-03-13"},{"lineNumber":7,"author":{"gitId":"Demonshaha"},"content":"    }","lastModifiedDate":"2022-03-13"},{"lineNumber":8,"author":{"gitId":"Demonshaha"},"content":"","lastModifiedDate":"2022-03-13"},{"lineNumber":9,"author":{"gitId":"Demonshaha"},"content":"    public abstract void execute(DoctorList doctorList, PatientList patientList,","lastModifiedDate":"2022-03-13"},{"lineNumber":10,"author":{"gitId":"Demonshaha"},"content":"                                   AppointmentList appointmentList, Ui ui, Storage storage) throws IHospitalException;","lastModifiedDate":"2022-03-13"},{"lineNumber":11,"author":{"gitId":"Demonshaha"},"content":"}","lastModifiedDate":"2022-03-13"}],"authorContributionMap":{"Demonshaha":11}},{"path":"src/main/java/tp/DeleteAppointmentCommand.java","fileType":"functional-code","lines":[{"lineNumber":1,"author":{"gitId":"Demonshaha"},"content":"package tp;","lastModifiedDate":"2022-03-13"},{"lineNumber":2,"author":{"gitId":"Demonshaha"},"content":"","lastModifiedDate":"2022-03-13"},{"lineNumber":3,"author":{"gitId":"Demonshaha"},"content":"public class DeleteAppointmentCommand extends Command {","lastModifiedDate":"2022-03-13"},{"lineNumber":4,"author":{"gitId":"Demonshaha"},"content":"    int index;","lastModifiedDate":"2022-03-13"},{"lineNumber":5,"author":{"gitId":"Demonshaha"},"content":"","lastModifiedDate":"2022-03-13"},{"lineNumber":6,"author":{"gitId":"Demonshaha"},"content":"    public DeleteAppointmentCommand(){","lastModifiedDate":"2022-03-13"},{"lineNumber":7,"author":{"gitId":"Demonshaha"},"content":"","lastModifiedDate":"2022-03-13"},{"lineNumber":8,"author":{"gitId":"Demonshaha"},"content":"    }","lastModifiedDate":"2022-03-13"},{"lineNumber":9,"author":{"gitId":"Demonshaha"},"content":"","lastModifiedDate":"2022-03-13"},{"lineNumber":10,"author":{"gitId":"Demonshaha"},"content":"    public DeleteAppointmentCommand(int index) {","lastModifiedDate":"2022-03-13"},{"lineNumber":11,"author":{"gitId":"Demonshaha"},"content":"        this.index \u003d index;","lastModifiedDate":"2022-03-13"},{"lineNumber":12,"author":{"gitId":"Demonshaha"},"content":"    }","lastModifiedDate":"2022-03-13"},{"lineNumber":13,"author":{"gitId":"Demonshaha"},"content":"","lastModifiedDate":"2022-03-13"},{"lineNumber":14,"author":{"gitId":"Demonshaha"},"content":"    @Override","lastModifiedDate":"2022-03-13"},{"lineNumber":15,"author":{"gitId":"Demonshaha"},"content":"    public void execute(DoctorList doctorList, PatientList patientList,","lastModifiedDate":"2022-03-13"},{"lineNumber":16,"author":{"gitId":"Demonshaha"},"content":"                        AppointmentList appointmentList, Ui ui, Storage storage) throws IHospitalException {","lastModifiedDate":"2022-03-13"},{"lineNumber":17,"author":{"gitId":"Demonshaha"},"content":"        appointmentList.deleteAppointment(index);","lastModifiedDate":"2022-03-13"},{"lineNumber":18,"author":{"gitId":"Demonshaha"},"content":"    }","lastModifiedDate":"2022-03-13"},{"lineNumber":19,"author":{"gitId":"Demonshaha"},"content":"}","lastModifiedDate":"2022-03-13"}],"authorContributionMap":{"Demonshaha":19}},{"path":"src/main/java/tp/DeleteDoctorCommand.java","fileType":"functional-code","lines":[{"lineNumber":1,"author":{"gitId":"Demonshaha"},"content":"package tp;","lastModifiedDate":"2022-03-13"},{"lineNumber":2,"author":{"gitId":"Demonshaha"},"content":"","lastModifiedDate":"2022-03-13"},{"lineNumber":3,"author":{"gitId":"Demonshaha"},"content":"public class DeleteDoctorCommand extends Command {","lastModifiedDate":"2022-03-13"},{"lineNumber":4,"author":{"gitId":"Demonshaha"},"content":"    private final int index;","lastModifiedDate":"2022-03-13"},{"lineNumber":5,"author":{"gitId":"Demonshaha"},"content":"","lastModifiedDate":"2022-03-13"},{"lineNumber":6,"author":{"gitId":"Demonshaha"},"content":"    public DeleteDoctorCommand(int index) {","lastModifiedDate":"2022-03-13"},{"lineNumber":7,"author":{"gitId":"Demonshaha"},"content":"        this.index \u003d index;","lastModifiedDate":"2022-03-13"},{"lineNumber":8,"author":{"gitId":"Demonshaha"},"content":"    }","lastModifiedDate":"2022-03-13"},{"lineNumber":9,"author":{"gitId":"Demonshaha"},"content":"","lastModifiedDate":"2022-03-13"},{"lineNumber":10,"author":{"gitId":"Demonshaha"},"content":"    @Override","lastModifiedDate":"2022-03-13"},{"lineNumber":11,"author":{"gitId":"Demonshaha"},"content":"    public void execute(DoctorList doctorList, PatientList patientList,","lastModifiedDate":"2022-03-13"},{"lineNumber":12,"author":{"gitId":"Demonshaha"},"content":"                        AppointmentList appointmentList, Ui ui, Storage storage) throws IHospitalException {","lastModifiedDate":"2022-03-13"},{"lineNumber":13,"author":{"gitId":"Demonshaha"},"content":"        doctorList.deleteDoctor(index);","lastModifiedDate":"2022-03-13"},{"lineNumber":14,"author":{"gitId":"Demonshaha"},"content":"    }","lastModifiedDate":"2022-03-13"},{"lineNumber":15,"author":{"gitId":"Demonshaha"},"content":"}","lastModifiedDate":"2022-03-13"}],"authorContributionMap":{"Demonshaha":15}},{"path":"src/main/java/tp/DeletePatientCommand.java","fileType":"functional-code","lines":[{"lineNumber":1,"author":{"gitId":"Demonshaha"},"content":"package tp;","lastModifiedDate":"2022-03-13"},{"lineNumber":2,"author":{"gitId":"Demonshaha"},"content":"","lastModifiedDate":"2022-03-13"},{"lineNumber":3,"author":{"gitId":"Demonshaha"},"content":"public class DeletePatientCommand extends Command {","lastModifiedDate":"2022-03-13"},{"lineNumber":4,"author":{"gitId":"Demonshaha"},"content":"    private final int index;","lastModifiedDate":"2022-03-13"},{"lineNumber":5,"author":{"gitId":"Demonshaha"},"content":"","lastModifiedDate":"2022-03-13"},{"lineNumber":6,"author":{"gitId":"Demonshaha"},"content":"    public DeletePatientCommand(int index) {","lastModifiedDate":"2022-03-13"},{"lineNumber":7,"author":{"gitId":"Demonshaha"},"content":"        this.index \u003d index;","lastModifiedDate":"2022-03-13"},{"lineNumber":8,"author":{"gitId":"Demonshaha"},"content":"    }","lastModifiedDate":"2022-03-13"},{"lineNumber":9,"author":{"gitId":"Demonshaha"},"content":"","lastModifiedDate":"2022-03-13"},{"lineNumber":10,"author":{"gitId":"Demonshaha"},"content":"    @Override","lastModifiedDate":"2022-03-13"},{"lineNumber":11,"author":{"gitId":"Demonshaha"},"content":"    public void execute(DoctorList doctorList, PatientList patientList,","lastModifiedDate":"2022-03-13"},{"lineNumber":12,"author":{"gitId":"Demonshaha"},"content":"                        AppointmentList appointmentList, Ui ui, Storage storage) throws IHospitalException {","lastModifiedDate":"2022-03-13"},{"lineNumber":13,"author":{"gitId":"Demonshaha"},"content":"        patientList.deletePatient(index);","lastModifiedDate":"2022-03-13"},{"lineNumber":14,"author":{"gitId":"Demonshaha"},"content":"    }","lastModifiedDate":"2022-03-13"},{"lineNumber":15,"author":{"gitId":"Demonshaha"},"content":"}","lastModifiedDate":"2022-03-13"}],"authorContributionMap":{"Demonshaha":15}},{"path":"src/main/java/tp/DoctorList.java","fileType":"functional-code","lines":[{"lineNumber":1,"author":{"gitId":"cczhouqi"},"content":"package tp;","lastModifiedDate":"2022-03-09"},{"lineNumber":2,"author":{"gitId":"cczhouqi"},"content":"","lastModifiedDate":"2022-03-09"},{"lineNumber":3,"author":{"gitId":"cczhouqi"},"content":"import tp.person.Doctor;","lastModifiedDate":"2022-03-09"},{"lineNumber":4,"author":{"gitId":"cczhouqi"},"content":"import tp.person.Person;","lastModifiedDate":"2022-03-09"},{"lineNumber":5,"author":{"gitId":"cczhouqi"},"content":"","lastModifiedDate":"2022-03-09"},{"lineNumber":6,"author":{"gitId":"Demonshaha"},"content":"import javax.print.Doc;","lastModifiedDate":"2022-03-13"},{"lineNumber":7,"author":{"gitId":"cczhouqi"},"content":"import java.util.ArrayList;","lastModifiedDate":"2022-03-09"},{"lineNumber":8,"author":{"gitId":"cczhouqi"},"content":"","lastModifiedDate":"2022-03-09"},{"lineNumber":9,"author":{"gitId":"cczhouqi"},"content":"public class DoctorList {","lastModifiedDate":"2022-03-09"},{"lineNumber":10,"author":{"gitId":"cczhouqi"},"content":"    public static String boundary \u003d \"____________________________________________________________\"","lastModifiedDate":"2022-03-09"},{"lineNumber":11,"author":{"gitId":"cczhouqi"},"content":"                                            + System.lineSeparator();","lastModifiedDate":"2022-03-09"},{"lineNumber":12,"author":{"gitId":"cczhouqi"},"content":"    protected ArrayList\u003cDoctor\u003e doctors \u003d new ArrayList\u003c\u003e();","lastModifiedDate":"2022-03-09"},{"lineNumber":13,"author":{"gitId":"Demonshaha"},"content":"    protected int size \u003d 0;","lastModifiedDate":"2022-03-16"},{"lineNumber":14,"author":{"gitId":"cczhouqi"},"content":"","lastModifiedDate":"2022-03-09"},{"lineNumber":15,"author":{"gitId":"cczhouqi"},"content":"    public DoctorList() {","lastModifiedDate":"2022-03-09"},{"lineNumber":16,"author":{"gitId":"Demonshaha"},"content":"        size \u003d 0;","lastModifiedDate":"2022-03-13"},{"lineNumber":17,"author":{"gitId":"cczhouqi"},"content":"    }","lastModifiedDate":"2022-03-09"},{"lineNumber":18,"author":{"gitId":"cczhouqi"},"content":"","lastModifiedDate":"2022-03-09"},{"lineNumber":19,"author":{"gitId":"cczhouqi"},"content":"    public Person getDoctor(int index) {","lastModifiedDate":"2022-03-09"},{"lineNumber":20,"author":{"gitId":"Demonshaha"},"content":"        return doctors.get(index - 1);","lastModifiedDate":"2022-03-13"},{"lineNumber":21,"author":{"gitId":"cczhouqi"},"content":"    }","lastModifiedDate":"2022-03-09"},{"lineNumber":22,"author":{"gitId":"cczhouqi"},"content":"","lastModifiedDate":"2022-03-09"},{"lineNumber":23,"author":{"gitId":"Demonshaha"},"content":"    public void addDoctor(Doctor doctor) {","lastModifiedDate":"2022-03-13"},{"lineNumber":24,"author":{"gitId":"Demonshaha"},"content":"        doctors.add(doctor);","lastModifiedDate":"2022-03-13"},{"lineNumber":25,"author":{"gitId":"Demonshaha"},"content":"        size++;","lastModifiedDate":"2022-03-13"},{"lineNumber":26,"author":{"gitId":"cczhouqi"},"content":"        System.out.println(boundary + \"Noted. I\u0027ve added this doctor:\");","lastModifiedDate":"2022-03-09"},{"lineNumber":27,"author":{"gitId":"Demonshaha"},"content":"        System.out.println(doctors.get(size - 1));","lastModifiedDate":"2022-03-13"},{"lineNumber":28,"author":{"gitId":"Demonshaha"},"content":"        System.out.print(\"Now you have \" + size","lastModifiedDate":"2022-03-13"},{"lineNumber":29,"author":{"gitId":"cczhouqi"},"content":"                                 + \" doctors recorded in the system.\" + System.lineSeparator() + boundary);","lastModifiedDate":"2022-03-09"},{"lineNumber":30,"author":{"gitId":"cczhouqi"},"content":"    }","lastModifiedDate":"2022-03-09"},{"lineNumber":31,"author":{"gitId":"cczhouqi"},"content":"","lastModifiedDate":"2022-03-09"},{"lineNumber":32,"author":{"gitId":"cczhouqi"},"content":"    public void deleteDoctor(int index) {","lastModifiedDate":"2022-03-09"},{"lineNumber":33,"author":{"gitId":"cczhouqi"},"content":"        System.out.println(boundary + \"Noted. I\u0027ve removed this doctor:\");","lastModifiedDate":"2022-03-09"},{"lineNumber":34,"author":{"gitId":"Demonshaha"},"content":"        System.out.println(doctors.get(index - 1));","lastModifiedDate":"2022-03-16"},{"lineNumber":35,"author":{"gitId":"Demonshaha"},"content":"        System.out.print(\"Now you have \" + (size - 1)","lastModifiedDate":"2022-03-13"},{"lineNumber":36,"author":{"gitId":"cczhouqi"},"content":"                                 + \" doctors in the system.\" + System.lineSeparator() + boundary);","lastModifiedDate":"2022-03-09"},{"lineNumber":37,"author":{"gitId":"Demonshaha"},"content":"        doctors.remove(index - 1);","lastModifiedDate":"2022-03-13"},{"lineNumber":38,"author":{"gitId":"Demonshaha"},"content":"        size -\u003d 1;","lastModifiedDate":"2022-03-13"},{"lineNumber":39,"author":{"gitId":"cczhouqi"},"content":"    }","lastModifiedDate":"2022-03-09"},{"lineNumber":40,"author":{"gitId":"cczhouqi"},"content":"","lastModifiedDate":"2022-03-14"},{"lineNumber":41,"author":{"gitId":"cczhouqi"},"content":"    @Override","lastModifiedDate":"2022-03-14"},{"lineNumber":42,"author":{"gitId":"cczhouqi"},"content":"    public String toString() {","lastModifiedDate":"2022-03-14"},{"lineNumber":43,"author":{"gitId":"cczhouqi"},"content":"        String toPrint \u003d boundary + \"Here are the doctors in this hospital:\" + System.lineSeparator();","lastModifiedDate":"2022-03-14"},{"lineNumber":44,"author":{"gitId":"Demonshaha"},"content":"        for (int i \u003d 1; i \u003c\u003d size; i++) {","lastModifiedDate":"2022-03-16"},{"lineNumber":45,"author":{"gitId":"Demonshaha"},"content":"            toPrint +\u003d (i + \". \" + getDoctor(i));","lastModifiedDate":"2022-03-16"},{"lineNumber":46,"author":{"gitId":"cczhouqi"},"content":"        }","lastModifiedDate":"2022-03-14"},{"lineNumber":47,"author":{"gitId":"cczhouqi"},"content":"        toPrint +\u003d (\"You have \" + size + \" doctors recorded in the system.\"","lastModifiedDate":"2022-03-14"},{"lineNumber":48,"author":{"gitId":"cczhouqi"},"content":"                            + System.lineSeparator() + boundary + System.lineSeparator());","lastModifiedDate":"2022-03-14"},{"lineNumber":49,"author":{"gitId":"cczhouqi"},"content":"        return toPrint;","lastModifiedDate":"2022-03-14"},{"lineNumber":50,"author":{"gitId":"cczhouqi"},"content":"    }","lastModifiedDate":"2022-03-14"},{"lineNumber":51,"author":{"gitId":"cczhouqi"},"content":"}","lastModifiedDate":"2022-03-09"}],"authorContributionMap":{"Demonshaha":15,"cczhouqi":36}},{"path":"src/main/java/tp/ExitCommand.java","fileType":"functional-code","lines":[{"lineNumber":1,"author":{"gitId":"Demonshaha"},"content":"package tp;","lastModifiedDate":"2022-03-16"},{"lineNumber":2,"author":{"gitId":"Demonshaha"},"content":"","lastModifiedDate":"2022-03-16"},{"lineNumber":3,"author":{"gitId":"Demonshaha"},"content":"public class ExitCommand extends Command {","lastModifiedDate":"2022-03-16"},{"lineNumber":4,"author":{"gitId":"Demonshaha"},"content":"    public ExitCommand() {","lastModifiedDate":"2022-03-16"},{"lineNumber":5,"author":{"gitId":"Demonshaha"},"content":"","lastModifiedDate":"2022-03-16"},{"lineNumber":6,"author":{"gitId":"Demonshaha"},"content":"    }","lastModifiedDate":"2022-03-16"},{"lineNumber":7,"author":{"gitId":"Demonshaha"},"content":"","lastModifiedDate":"2022-03-16"},{"lineNumber":8,"author":{"gitId":"Demonshaha"},"content":"","lastModifiedDate":"2022-03-16"},{"lineNumber":9,"author":{"gitId":"Demonshaha"},"content":"    @Override","lastModifiedDate":"2022-03-16"},{"lineNumber":10,"author":{"gitId":"Demonshaha"},"content":"    public void execute(DoctorList doctorList, PatientList patientList,","lastModifiedDate":"2022-03-16"},{"lineNumber":11,"author":{"gitId":"Demonshaha"},"content":"                        AppointmentList appointmentList, Ui ui, Storage storage) throws IHospitalException {","lastModifiedDate":"2022-03-16"},{"lineNumber":12,"author":{"gitId":"Demonshaha"},"content":"        return;","lastModifiedDate":"2022-03-16"},{"lineNumber":13,"author":{"gitId":"Demonshaha"},"content":"    }","lastModifiedDate":"2022-03-16"},{"lineNumber":14,"author":{"gitId":"Demonshaha"},"content":"}","lastModifiedDate":"2022-03-16"}],"authorContributionMap":{"Demonshaha":14}},{"path":"src/main/java/tp/IHospital.java","fileType":"functional-code","lines":[{"lineNumber":1,"author":{"gitId":"cczhouqi"},"content":"package tp;","lastModifiedDate":"2022-03-14"},{"lineNumber":2,"author":{"gitId":"cczhouqi"},"content":"","lastModifiedDate":"2022-03-14"},{"lineNumber":3,"author":{"gitId":"cczhouqi"},"content":"public class IHospital {","lastModifiedDate":"2022-03-14"},{"lineNumber":4,"author":{"gitId":"cczhouqi"},"content":"    private static final Ui ui \u003d new Ui();","lastModifiedDate":"2022-03-14"},{"lineNumber":5,"author":{"gitId":"cczhouqi"},"content":"    private static final Parser parser \u003d new Parser();","lastModifiedDate":"2022-03-14"},{"lineNumber":6,"author":{"gitId":"cczhouqi"},"content":"","lastModifiedDate":"2022-03-14"},{"lineNumber":7,"author":{"gitId":"cczhouqi"},"content":"    private static DoctorList doctors \u003d new DoctorList();","lastModifiedDate":"2022-03-14"},{"lineNumber":8,"author":{"gitId":"cczhouqi"},"content":"    private static PatientList patients \u003d new PatientList();","lastModifiedDate":"2022-03-14"},{"lineNumber":9,"author":{"gitId":"cczhouqi"},"content":"    private static AppointmentList appointments \u003d new AppointmentList();","lastModifiedDate":"2022-03-14"},{"lineNumber":10,"author":{"gitId":"cczhouqi"},"content":"","lastModifiedDate":"2022-03-14"},{"lineNumber":11,"author":{"gitId":"cczhouqi"},"content":"    public IHospital() {","lastModifiedDate":"2022-03-14"},{"lineNumber":12,"author":{"gitId":"cczhouqi"},"content":"    }","lastModifiedDate":"2022-03-14"},{"lineNumber":13,"author":{"gitId":"cczhouqi"},"content":"","lastModifiedDate":"2022-03-14"},{"lineNumber":14,"author":{"gitId":"cczhouqi"},"content":"    public void run() {","lastModifiedDate":"2022-03-14"},{"lineNumber":15,"author":{"gitId":"cczhouqi"},"content":"        ui.sayHello();","lastModifiedDate":"2022-03-14"},{"lineNumber":16,"author":{"gitId":"cczhouqi"},"content":"        String fullCommand \u003d Parser.getCommand();","lastModifiedDate":"2022-03-14"},{"lineNumber":17,"author":{"gitId":"cczhouqi"},"content":"        Storage storage;","lastModifiedDate":"2022-03-14"},{"lineNumber":18,"author":{"gitId":"cczhouqi"},"content":"","lastModifiedDate":"2022-03-14"},{"lineNumber":19,"author":{"gitId":"cczhouqi"},"content":"        while (!fullCommand.equals(\"bye\")) {","lastModifiedDate":"2022-03-14"},{"lineNumber":20,"author":{"gitId":"cczhouqi"},"content":"            try {","lastModifiedDate":"2022-03-14"},{"lineNumber":21,"author":{"gitId":"cczhouqi"},"content":"                Command c \u003d parser.parse(fullCommand);","lastModifiedDate":"2022-03-14"},{"lineNumber":22,"author":{"gitId":"cczhouqi"},"content":"                // System.out.println(c.execute(doctors, patients, appointments, ui, storage));","lastModifiedDate":"2022-03-14"},{"lineNumber":23,"author":{"gitId":"cczhouqi"},"content":"                fullCommand \u003d Parser.getCommand();","lastModifiedDate":"2022-03-14"},{"lineNumber":24,"author":{"gitId":"cczhouqi"},"content":"            } catch (IHospitalException e) {","lastModifiedDate":"2022-03-14"},{"lineNumber":25,"author":{"gitId":"cczhouqi"},"content":"                System.out.println(e.getMessage());","lastModifiedDate":"2022-03-14"},{"lineNumber":26,"author":{"gitId":"cczhouqi"},"content":"                fullCommand \u003d Parser.getCommand();","lastModifiedDate":"2022-03-14"},{"lineNumber":27,"author":{"gitId":"cczhouqi"},"content":"            }","lastModifiedDate":"2022-03-14"},{"lineNumber":28,"author":{"gitId":"cczhouqi"},"content":"        }","lastModifiedDate":"2022-03-14"},{"lineNumber":29,"author":{"gitId":"cczhouqi"},"content":"        ui.sayGoodbye();","lastModifiedDate":"2022-03-14"},{"lineNumber":30,"author":{"gitId":"cczhouqi"},"content":"    }","lastModifiedDate":"2022-03-14"},{"lineNumber":31,"author":{"gitId":"cczhouqi"},"content":"","lastModifiedDate":"2022-03-14"},{"lineNumber":32,"author":{"gitId":"cczhouqi"},"content":"    public static void main(String[] args) {","lastModifiedDate":"2022-03-14"},{"lineNumber":33,"author":{"gitId":"cczhouqi"},"content":"        new IHospital().run();","lastModifiedDate":"2022-03-14"},{"lineNumber":34,"author":{"gitId":"cczhouqi"},"content":"    }","lastModifiedDate":"2022-03-14"},{"lineNumber":35,"author":{"gitId":"cczhouqi"},"content":"","lastModifiedDate":"2022-03-14"},{"lineNumber":36,"author":{"gitId":"cczhouqi"},"content":"}","lastModifiedDate":"2022-03-14"}],"authorContributionMap":{"cczhouqi":36}},{"path":"src/main/java/tp/IHospitalException.java","fileType":"functional-code","lines":[{"lineNumber":1,"author":{"gitId":"Demonshaha"},"content":"package tp;","lastModifiedDate":"2022-03-13"},{"lineNumber":2,"author":{"gitId":"Demonshaha"},"content":"","lastModifiedDate":"2022-03-13"},{"lineNumber":3,"author":{"gitId":"Demonshaha"},"content":"public class IHospitalException extends Throwable {","lastModifiedDate":"2022-03-13"},{"lineNumber":4,"author":{"gitId":"Demonshaha"},"content":"    public IHospitalException(String s) {","lastModifiedDate":"2022-03-13"},{"lineNumber":5,"author":{"gitId":"Demonshaha"},"content":"        super(s);","lastModifiedDate":"2022-03-13"},{"lineNumber":6,"author":{"gitId":"Demonshaha"},"content":"    }","lastModifiedDate":"2022-03-13"},{"lineNumber":7,"author":{"gitId":"Demonshaha"},"content":"","lastModifiedDate":"2022-03-13"},{"lineNumber":8,"author":{"gitId":"Demonshaha"},"content":"    @Override","lastModifiedDate":"2022-03-13"},{"lineNumber":9,"author":{"gitId":"Demonshaha"},"content":"    public String toString() {","lastModifiedDate":"2022-03-13"},{"lineNumber":10,"author":{"gitId":"Demonshaha"},"content":"        return super.getMessage();","lastModifiedDate":"2022-03-13"},{"lineNumber":11,"author":{"gitId":"Demonshaha"},"content":"    }","lastModifiedDate":"2022-03-13"},{"lineNumber":12,"author":{"gitId":"Demonshaha"},"content":"","lastModifiedDate":"2022-03-13"},{"lineNumber":13,"author":{"gitId":"Demonshaha"},"content":"}","lastModifiedDate":"2022-03-13"}],"authorContributionMap":{"Demonshaha":13}},{"path":"src/main/java/tp/ListAppointmentListCommand.java","fileType":"functional-code","lines":[{"lineNumber":1,"author":{"gitId":"Demonshaha"},"content":"package tp;","lastModifiedDate":"2022-03-13"},{"lineNumber":2,"author":{"gitId":"Demonshaha"},"content":"","lastModifiedDate":"2022-03-13"},{"lineNumber":3,"author":{"gitId":"Demonshaha"},"content":"public class ListAppointmentListCommand extends Command {","lastModifiedDate":"2022-03-13"},{"lineNumber":4,"author":{"gitId":"Demonshaha"},"content":"","lastModifiedDate":"2022-03-13"},{"lineNumber":5,"author":{"gitId":"Demonshaha"},"content":"    @Override","lastModifiedDate":"2022-03-13"},{"lineNumber":6,"author":{"gitId":"Demonshaha"},"content":"    public void execute(DoctorList doctorList, PatientList patientList,","lastModifiedDate":"2022-03-13"},{"lineNumber":7,"author":{"gitId":"Demonshaha"},"content":"                        AppointmentList appointmentList, Ui ui, Storage storage) throws IHospitalException {","lastModifiedDate":"2022-03-13"},{"lineNumber":8,"author":{"gitId":"cczhouqi"},"content":"        System.out.print(appointmentList);","lastModifiedDate":"2022-03-14"},{"lineNumber":9,"author":{"gitId":"Demonshaha"},"content":"    }","lastModifiedDate":"2022-03-13"},{"lineNumber":10,"author":{"gitId":"Demonshaha"},"content":"}","lastModifiedDate":"2022-03-13"}],"authorContributionMap":{"Demonshaha":9,"cczhouqi":1}},{"path":"src/main/java/tp/ListDoctorListCommand.java","fileType":"functional-code","lines":[{"lineNumber":1,"author":{"gitId":"Demonshaha"},"content":"package tp;","lastModifiedDate":"2022-03-13"},{"lineNumber":2,"author":{"gitId":"Demonshaha"},"content":"","lastModifiedDate":"2022-03-13"},{"lineNumber":3,"author":{"gitId":"Demonshaha"},"content":"public class ListDoctorListCommand extends Command {","lastModifiedDate":"2022-03-13"},{"lineNumber":4,"author":{"gitId":"Demonshaha"},"content":"","lastModifiedDate":"2022-03-13"},{"lineNumber":5,"author":{"gitId":"Demonshaha"},"content":"    @Override","lastModifiedDate":"2022-03-13"},{"lineNumber":6,"author":{"gitId":"Demonshaha"},"content":"    public void execute(DoctorList doctorList, PatientList patientList,","lastModifiedDate":"2022-03-13"},{"lineNumber":7,"author":{"gitId":"Demonshaha"},"content":"                        AppointmentList appointmentList, Ui ui, Storage storage) throws IHospitalException {","lastModifiedDate":"2022-03-13"},{"lineNumber":8,"author":{"gitId":"cczhouqi"},"content":"        System.out.print(doctorList);","lastModifiedDate":"2022-03-14"},{"lineNumber":9,"author":{"gitId":"Demonshaha"},"content":"    }","lastModifiedDate":"2022-03-13"},{"lineNumber":10,"author":{"gitId":"Demonshaha"},"content":"}","lastModifiedDate":"2022-03-13"}],"authorContributionMap":{"Demonshaha":9,"cczhouqi":1}},{"path":"src/main/java/tp/ListPatientListCommand.java","fileType":"functional-code","lines":[{"lineNumber":1,"author":{"gitId":"Demonshaha"},"content":"package tp;","lastModifiedDate":"2022-03-13"},{"lineNumber":2,"author":{"gitId":"Demonshaha"},"content":"","lastModifiedDate":"2022-03-13"},{"lineNumber":3,"author":{"gitId":"Demonshaha"},"content":"public class ListPatientListCommand extends Command {","lastModifiedDate":"2022-03-13"},{"lineNumber":4,"author":{"gitId":"Demonshaha"},"content":"","lastModifiedDate":"2022-03-13"},{"lineNumber":5,"author":{"gitId":"Demonshaha"},"content":"    @Override","lastModifiedDate":"2022-03-13"},{"lineNumber":6,"author":{"gitId":"Demonshaha"},"content":"    public void execute(DoctorList doctorList, PatientList patientList,","lastModifiedDate":"2022-03-13"},{"lineNumber":7,"author":{"gitId":"Demonshaha"},"content":"                        AppointmentList appointmentList, Ui ui, Storage storage) throws IHospitalException {","lastModifiedDate":"2022-03-13"},{"lineNumber":8,"author":{"gitId":"cczhouqi"},"content":"        System.out.print(patientList);","lastModifiedDate":"2022-03-14"},{"lineNumber":9,"author":{"gitId":"Demonshaha"},"content":"    }","lastModifiedDate":"2022-03-13"},{"lineNumber":10,"author":{"gitId":"Demonshaha"},"content":"}","lastModifiedDate":"2022-03-13"}],"authorContributionMap":{"Demonshaha":9,"cczhouqi":1}},{"path":"src/main/java/tp/Parser.java","fileType":"functional-code","lines":[{"lineNumber":1,"author":{"gitId":"Demonshaha"},"content":"package tp;","lastModifiedDate":"2022-03-13"},{"lineNumber":2,"author":{"gitId":"Demonshaha"},"content":"","lastModifiedDate":"2022-03-13"},{"lineNumber":3,"author":{"gitId":"Demonshaha"},"content":"import java.util.Scanner;","lastModifiedDate":"2022-03-13"},{"lineNumber":4,"author":{"gitId":"Demonshaha"},"content":"","lastModifiedDate":"2022-03-13"},{"lineNumber":5,"author":{"gitId":"Demonshaha"},"content":"public class Parser {","lastModifiedDate":"2022-03-13"},{"lineNumber":6,"author":{"gitId":"Demonshaha"},"content":"","lastModifiedDate":"2022-03-13"},{"lineNumber":7,"author":{"gitId":"Demonshaha"},"content":"    public Parser() {","lastModifiedDate":"2022-03-13"},{"lineNumber":8,"author":{"gitId":"Demonshaha"},"content":"","lastModifiedDate":"2022-03-13"},{"lineNumber":9,"author":{"gitId":"Demonshaha"},"content":"    }","lastModifiedDate":"2022-03-13"},{"lineNumber":10,"author":{"gitId":"Demonshaha"},"content":"","lastModifiedDate":"2022-03-13"},{"lineNumber":11,"author":{"gitId":"Demonshaha"},"content":"    public static String getCommand() {","lastModifiedDate":"2022-03-13"},{"lineNumber":12,"author":{"gitId":"Demonshaha"},"content":"        String command;","lastModifiedDate":"2022-03-13"},{"lineNumber":13,"author":{"gitId":"Demonshaha"},"content":"        Scanner in \u003d new Scanner(System.in);","lastModifiedDate":"2022-03-13"},{"lineNumber":14,"author":{"gitId":"Demonshaha"},"content":"        command \u003d in.nextLine();","lastModifiedDate":"2022-03-13"},{"lineNumber":15,"author":{"gitId":"Demonshaha"},"content":"        return command;","lastModifiedDate":"2022-03-13"},{"lineNumber":16,"author":{"gitId":"Demonshaha"},"content":"    }","lastModifiedDate":"2022-03-13"},{"lineNumber":17,"author":{"gitId":"Demonshaha"},"content":"","lastModifiedDate":"2022-03-13"},{"lineNumber":18,"author":{"gitId":"Demonshaha"},"content":"    public Command parse(String fullCommand) throws IHospitalException {","lastModifiedDate":"2022-03-13"},{"lineNumber":19,"author":{"gitId":"Demonshaha"},"content":"        if (fullCommand.contains(\"add doctor\")) {","lastModifiedDate":"2022-03-13"},{"lineNumber":20,"author":{"gitId":"Demonshaha"},"content":"            String id;","lastModifiedDate":"2022-03-13"},{"lineNumber":21,"author":{"gitId":"Demonshaha"},"content":"            String dummy \u003d fullCommand.trim();","lastModifiedDate":"2022-03-13"},{"lineNumber":22,"author":{"gitId":"Demonshaha"},"content":"            int idIndex \u003d dummy.indexOf(\"/id\") + 4;","lastModifiedDate":"2022-03-13"},{"lineNumber":23,"author":{"gitId":"Demonshaha"},"content":"            int nameIndex \u003d dummy.indexOf(\"/n\");","lastModifiedDate":"2022-03-13"},{"lineNumber":24,"author":{"gitId":"Demonshaha"},"content":"            id \u003d dummy.substring(idIndex, nameIndex);","lastModifiedDate":"2022-03-13"},{"lineNumber":25,"author":{"gitId":"Demonshaha"},"content":"            nameIndex +\u003d 3;","lastModifiedDate":"2022-03-13"},{"lineNumber":26,"author":{"gitId":"Demonshaha"},"content":"            int phoneNumberIndex \u003d dummy.indexOf(\"/ph\");","lastModifiedDate":"2022-03-13"},{"lineNumber":27,"author":{"gitId":"Demonshaha"},"content":"            String name \u003d dummy.substring(nameIndex, phoneNumberIndex);","lastModifiedDate":"2022-03-13"},{"lineNumber":28,"author":{"gitId":"Demonshaha"},"content":"            phoneNumberIndex +\u003d 4;","lastModifiedDate":"2022-03-13"},{"lineNumber":29,"author":{"gitId":"Demonshaha"},"content":"            int emailIndex \u003d dummy.indexOf(\"/e\");","lastModifiedDate":"2022-03-13"},{"lineNumber":30,"author":{"gitId":"Demonshaha"},"content":"            String phoneNumber \u003d dummy.substring(phoneNumberIndex, emailIndex);","lastModifiedDate":"2022-03-13"},{"lineNumber":31,"author":{"gitId":"Demonshaha"},"content":"            emailIndex +\u003d 3;","lastModifiedDate":"2022-03-13"},{"lineNumber":32,"author":{"gitId":"Demonshaha"},"content":"","lastModifiedDate":"2022-03-13"},{"lineNumber":33,"author":{"gitId":"Demonshaha"},"content":"            String email \u003d dummy.substring(emailIndex);","lastModifiedDate":"2022-03-13"},{"lineNumber":34,"author":{"gitId":"Demonshaha"},"content":"","lastModifiedDate":"2022-03-13"},{"lineNumber":35,"author":{"gitId":"Demonshaha"},"content":"            return new AddDoctorCommand(id, name, phoneNumber, email, false);","lastModifiedDate":"2022-03-13"},{"lineNumber":36,"author":{"gitId":"Demonshaha"},"content":"        } else if (fullCommand.contains(\"add patient\")) {","lastModifiedDate":"2022-03-13"},{"lineNumber":37,"author":{"gitId":"Demonshaha"},"content":"            String id;","lastModifiedDate":"2022-03-13"},{"lineNumber":38,"author":{"gitId":"Demonshaha"},"content":"            String dummy \u003d fullCommand.trim();","lastModifiedDate":"2022-03-13"},{"lineNumber":39,"author":{"gitId":"Demonshaha"},"content":"            int idIndex \u003d dummy.indexOf(\"/id\") + 4;","lastModifiedDate":"2022-03-13"},{"lineNumber":40,"author":{"gitId":"Demonshaha"},"content":"            int nameIndex \u003d dummy.indexOf(\"/n\");","lastModifiedDate":"2022-03-13"},{"lineNumber":41,"author":{"gitId":"Demonshaha"},"content":"            id \u003d dummy.substring(idIndex, nameIndex);","lastModifiedDate":"2022-03-13"},{"lineNumber":42,"author":{"gitId":"Demonshaha"},"content":"","lastModifiedDate":"2022-03-13"},{"lineNumber":43,"author":{"gitId":"Demonshaha"},"content":"            nameIndex +\u003d 3;","lastModifiedDate":"2022-03-13"},{"lineNumber":44,"author":{"gitId":"Demonshaha"},"content":"","lastModifiedDate":"2022-03-13"},{"lineNumber":45,"author":{"gitId":"Demonshaha"},"content":"            int phoneNumberIndex \u003d dummy.indexOf(\"/ph\");","lastModifiedDate":"2022-03-13"},{"lineNumber":46,"author":{"gitId":"Demonshaha"},"content":"","lastModifiedDate":"2022-03-13"},{"lineNumber":47,"author":{"gitId":"Demonshaha"},"content":"            String name \u003d dummy.substring(nameIndex, phoneNumberIndex);","lastModifiedDate":"2022-03-13"},{"lineNumber":48,"author":{"gitId":"Demonshaha"},"content":"","lastModifiedDate":"2022-03-13"},{"lineNumber":49,"author":{"gitId":"Demonshaha"},"content":"            phoneNumberIndex +\u003d 4;","lastModifiedDate":"2022-03-13"},{"lineNumber":50,"author":{"gitId":"Demonshaha"},"content":"","lastModifiedDate":"2022-03-13"},{"lineNumber":51,"author":{"gitId":"Demonshaha"},"content":"            int emailIndex \u003d dummy.indexOf(\"/e\");","lastModifiedDate":"2022-03-13"},{"lineNumber":52,"author":{"gitId":"Demonshaha"},"content":"            String phoneNumber \u003d dummy.substring(phoneNumberIndex, emailIndex);","lastModifiedDate":"2022-03-13"},{"lineNumber":53,"author":{"gitId":"Demonshaha"},"content":"","lastModifiedDate":"2022-03-13"},{"lineNumber":54,"author":{"gitId":"Demonshaha"},"content":"            emailIndex +\u003d 3;","lastModifiedDate":"2022-03-13"},{"lineNumber":55,"author":{"gitId":"Demonshaha"},"content":"","lastModifiedDate":"2022-03-13"},{"lineNumber":56,"author":{"gitId":"Demonshaha"},"content":"            String email \u003d dummy.substring(emailIndex);","lastModifiedDate":"2022-03-13"},{"lineNumber":57,"author":{"gitId":"Demonshaha"},"content":"","lastModifiedDate":"2022-03-13"},{"lineNumber":58,"author":{"gitId":"Demonshaha"},"content":"            return new AddPatientCommand(id, name, phoneNumber, email);","lastModifiedDate":"2022-03-13"},{"lineNumber":59,"author":{"gitId":"Demonshaha"},"content":"        } else if (fullCommand.contains(\"add appointment\")) {","lastModifiedDate":"2022-03-13"},{"lineNumber":60,"author":{"gitId":"Demonshaha"},"content":"            String time;","lastModifiedDate":"2022-03-13"},{"lineNumber":61,"author":{"gitId":"Demonshaha"},"content":"            String dummy \u003d fullCommand.trim();","lastModifiedDate":"2022-03-13"},{"lineNumber":62,"author":{"gitId":"Demonshaha"},"content":"            int timeIndex \u003d dummy.indexOf(\"/t\") + 3;","lastModifiedDate":"2022-03-16"},{"lineNumber":63,"author":{"gitId":"Demonshaha"},"content":"            int doctorIndex \u003d dummy.indexOf(\"/d\");","lastModifiedDate":"2022-03-13"},{"lineNumber":64,"author":{"gitId":"Demonshaha"},"content":"            time \u003d dummy.substring(timeIndex, doctorIndex).trim();","lastModifiedDate":"2022-03-16"},{"lineNumber":65,"author":{"gitId":"Demonshaha"},"content":"            int patientIndex \u003d dummy.indexOf(\"/p\");","lastModifiedDate":"2022-03-13"},{"lineNumber":66,"author":{"gitId":"Demonshaha"},"content":"            String s \u003d dummy.substring(doctorIndex + 3, patientIndex);","lastModifiedDate":"2022-03-16"},{"lineNumber":67,"author":{"gitId":"Demonshaha"},"content":"","lastModifiedDate":"2022-03-13"},{"lineNumber":68,"author":{"gitId":"Demonshaha"},"content":"            doctorIndex \u003d Integer.parseInt(s.trim());","lastModifiedDate":"2022-03-16"},{"lineNumber":69,"author":{"gitId":"Demonshaha"},"content":"            patientIndex +\u003d 3;","lastModifiedDate":"2022-03-13"},{"lineNumber":70,"author":{"gitId":"Demonshaha"},"content":"            s \u003d dummy.substring(patientIndex);","lastModifiedDate":"2022-03-13"},{"lineNumber":71,"author":{"gitId":"Demonshaha"},"content":"            patientIndex \u003d Integer.parseInt(s.trim());","lastModifiedDate":"2022-03-16"},{"lineNumber":72,"author":{"gitId":"Demonshaha"},"content":"            return new AddAppointmentCommand(doctorIndex, patientIndex, time);","lastModifiedDate":"2022-03-13"},{"lineNumber":73,"author":{"gitId":"Demonshaha"},"content":"        } else if (fullCommand.contains(\"delete doctor\")) {","lastModifiedDate":"2022-03-13"},{"lineNumber":74,"author":{"gitId":"Demonshaha"},"content":"            String dummy \u003d fullCommand.trim();","lastModifiedDate":"2022-03-13"},{"lineNumber":75,"author":{"gitId":"Demonshaha"},"content":"            int index \u003d Integer.parseInt(dummy.substring(dummy.length() - 1));","lastModifiedDate":"2022-03-13"},{"lineNumber":76,"author":{"gitId":"Demonshaha"},"content":"            return new DeleteDoctorCommand(index);","lastModifiedDate":"2022-03-13"},{"lineNumber":77,"author":{"gitId":"Demonshaha"},"content":"        } else if (fullCommand.contains(\"delete patient\")) {","lastModifiedDate":"2022-03-13"},{"lineNumber":78,"author":{"gitId":"Demonshaha"},"content":"            String dummy \u003d fullCommand.trim();","lastModifiedDate":"2022-03-13"},{"lineNumber":79,"author":{"gitId":"Demonshaha"},"content":"            int index \u003d Integer.parseInt(dummy.substring(dummy.length() - 1));","lastModifiedDate":"2022-03-13"},{"lineNumber":80,"author":{"gitId":"Demonshaha"},"content":"            return new DeletePatientCommand(index);","lastModifiedDate":"2022-03-13"},{"lineNumber":81,"author":{"gitId":"Demonshaha"},"content":"        } else if (fullCommand.contains(\"delete appointment\")) {","lastModifiedDate":"2022-03-13"},{"lineNumber":82,"author":{"gitId":"Demonshaha"},"content":"            String dummy \u003d fullCommand.trim();","lastModifiedDate":"2022-03-13"},{"lineNumber":83,"author":{"gitId":"Demonshaha"},"content":"            int index \u003d Integer.parseInt(dummy.substring(dummy.length() - 1));","lastModifiedDate":"2022-03-13"},{"lineNumber":84,"author":{"gitId":"Demonshaha"},"content":"            return new DeleteAppointmentCommand(index);","lastModifiedDate":"2022-03-13"},{"lineNumber":85,"author":{"gitId":"Demonshaha"},"content":"        } else if (fullCommand.contains(\"list doctor\")) {","lastModifiedDate":"2022-03-13"},{"lineNumber":86,"author":{"gitId":"Demonshaha"},"content":"            return new ListDoctorListCommand();","lastModifiedDate":"2022-03-13"},{"lineNumber":87,"author":{"gitId":"Demonshaha"},"content":"        } else if (fullCommand.contains(\"list appointment\")) {","lastModifiedDate":"2022-03-13"},{"lineNumber":88,"author":{"gitId":"Demonshaha"},"content":"            return new ListAppointmentListCommand();","lastModifiedDate":"2022-03-13"},{"lineNumber":89,"author":{"gitId":"Demonshaha"},"content":"        } else if (fullCommand.contains(\"list patient\")) {","lastModifiedDate":"2022-03-13"},{"lineNumber":90,"author":{"gitId":"Demonshaha"},"content":"            return new ListPatientListCommand();","lastModifiedDate":"2022-03-13"},{"lineNumber":91,"author":{"gitId":"Demonshaha"},"content":"        } else if (fullCommand.contains(\"bye\")) {","lastModifiedDate":"2022-03-16"},{"lineNumber":92,"author":{"gitId":"Demonshaha"},"content":"            return new ExitCommand();","lastModifiedDate":"2022-03-16"},{"lineNumber":93,"author":{"gitId":"Demonshaha"},"content":"        }","lastModifiedDate":"2022-03-13"},{"lineNumber":94,"author":{"gitId":"Demonshaha"},"content":"        return null;","lastModifiedDate":"2022-03-13"},{"lineNumber":95,"author":{"gitId":"Demonshaha"},"content":"    }","lastModifiedDate":"2022-03-13"},{"lineNumber":96,"author":{"gitId":"Demonshaha"},"content":"","lastModifiedDate":"2022-03-13"},{"lineNumber":97,"author":{"gitId":"Demonshaha"},"content":"","lastModifiedDate":"2022-03-13"},{"lineNumber":98,"author":{"gitId":"Demonshaha"},"content":"}","lastModifiedDate":"2022-03-13"}],"authorContributionMap":{"Demonshaha":98}},{"path":"src/main/java/tp/PatientList.java","fileType":"functional-code","lines":[{"lineNumber":1,"author":{"gitId":"cczhouqi"},"content":"package tp;","lastModifiedDate":"2022-03-09"},{"lineNumber":2,"author":{"gitId":"cczhouqi"},"content":"","lastModifiedDate":"2022-03-09"},{"lineNumber":3,"author":{"gitId":"cczhouqi"},"content":"import tp.person.Patient;","lastModifiedDate":"2022-03-09"},{"lineNumber":4,"author":{"gitId":"cczhouqi"},"content":"import tp.person.Person;","lastModifiedDate":"2022-03-09"},{"lineNumber":5,"author":{"gitId":"cczhouqi"},"content":"","lastModifiedDate":"2022-03-09"},{"lineNumber":6,"author":{"gitId":"cczhouqi"},"content":"import java.util.ArrayList;","lastModifiedDate":"2022-03-09"},{"lineNumber":7,"author":{"gitId":"cczhouqi"},"content":"","lastModifiedDate":"2022-03-09"},{"lineNumber":8,"author":{"gitId":"cczhouqi"},"content":"public class PatientList {","lastModifiedDate":"2022-03-09"},{"lineNumber":9,"author":{"gitId":"cczhouqi"},"content":"    public static String boundary \u003d \"____________________________________________________________\"","lastModifiedDate":"2022-03-09"},{"lineNumber":10,"author":{"gitId":"cczhouqi"},"content":"                                            + System.lineSeparator();","lastModifiedDate":"2022-03-09"},{"lineNumber":11,"author":{"gitId":"cczhouqi"},"content":"    protected ArrayList\u003cPatient\u003e patients \u003d new ArrayList\u003c\u003e();","lastModifiedDate":"2022-03-09"},{"lineNumber":12,"author":{"gitId":"cczhouqi"},"content":"    protected int countPatient;","lastModifiedDate":"2022-03-09"},{"lineNumber":13,"author":{"gitId":"cczhouqi"},"content":"","lastModifiedDate":"2022-03-09"},{"lineNumber":14,"author":{"gitId":"cczhouqi"},"content":"    public PatientList() {","lastModifiedDate":"2022-03-09"},{"lineNumber":15,"author":{"gitId":"cczhouqi"},"content":"        countPatient \u003d 0;","lastModifiedDate":"2022-03-09"},{"lineNumber":16,"author":{"gitId":"cczhouqi"},"content":"    }","lastModifiedDate":"2022-03-09"},{"lineNumber":17,"author":{"gitId":"cczhouqi"},"content":"","lastModifiedDate":"2022-03-09"},{"lineNumber":18,"author":{"gitId":"cczhouqi"},"content":"    public Person getPatient(int index) {","lastModifiedDate":"2022-03-09"},{"lineNumber":19,"author":{"gitId":"Demonshaha"},"content":"        return patients.get(index - 1);","lastModifiedDate":"2022-03-13"},{"lineNumber":20,"author":{"gitId":"cczhouqi"},"content":"    }","lastModifiedDate":"2022-03-09"},{"lineNumber":21,"author":{"gitId":"cczhouqi"},"content":"","lastModifiedDate":"2022-03-09"},{"lineNumber":22,"author":{"gitId":"Demonshaha"},"content":"    public void addPatient(Patient patient) {","lastModifiedDate":"2022-03-13"},{"lineNumber":23,"author":{"gitId":"Demonshaha"},"content":"        patients.add(patient);","lastModifiedDate":"2022-03-13"},{"lineNumber":24,"author":{"gitId":"cczhouqi"},"content":"        countPatient++;","lastModifiedDate":"2022-03-09"},{"lineNumber":25,"author":{"gitId":"cczhouqi"},"content":"","lastModifiedDate":"2022-03-09"},{"lineNumber":26,"author":{"gitId":"cczhouqi"},"content":"        System.out.println(boundary + \"Noted. I\u0027ve added this patient:\");","lastModifiedDate":"2022-03-09"},{"lineNumber":27,"author":{"gitId":"cczhouqi"},"content":"        System.out.println(patients.get(countPatient - 1));","lastModifiedDate":"2022-03-09"},{"lineNumber":28,"author":{"gitId":"cczhouqi"},"content":"        System.out.print(\"Now you have \" + countPatient","lastModifiedDate":"2022-03-09"},{"lineNumber":29,"author":{"gitId":"cczhouqi"},"content":"                                 + \" patients recorded in the system.\" + System.lineSeparator() + boundary);","lastModifiedDate":"2022-03-09"},{"lineNumber":30,"author":{"gitId":"cczhouqi"},"content":"    }","lastModifiedDate":"2022-03-09"},{"lineNumber":31,"author":{"gitId":"cczhouqi"},"content":"","lastModifiedDate":"2022-03-09"},{"lineNumber":32,"author":{"gitId":"cczhouqi"},"content":"    /**","lastModifiedDate":"2022-03-09"},{"lineNumber":33,"author":{"gitId":"cczhouqi"},"content":"     * Deletes a patient from the list.","lastModifiedDate":"2022-03-09"},{"lineNumber":34,"author":{"gitId":"cczhouqi"},"content":"     *","lastModifiedDate":"2022-03-09"},{"lineNumber":35,"author":{"gitId":"cczhouqi"},"content":"     * @param index Index of the patient to be deleted.","lastModifiedDate":"2022-03-09"},{"lineNumber":36,"author":{"gitId":"cczhouqi"},"content":"     */","lastModifiedDate":"2022-03-09"},{"lineNumber":37,"author":{"gitId":"cczhouqi"},"content":"    public void deletePatient(int index) {","lastModifiedDate":"2022-03-09"},{"lineNumber":38,"author":{"gitId":"cczhouqi"},"content":"        System.out.println(boundary + \"Noted. I\u0027ve removed this patient:\");","lastModifiedDate":"2022-03-09"},{"lineNumber":39,"author":{"gitId":"Demonshaha"},"content":"        System.out.println(patients.get(index - 1));","lastModifiedDate":"2022-03-16"},{"lineNumber":40,"author":{"gitId":"cczhouqi"},"content":"        System.out.print(\"Now you have \" + (countPatient - 1)","lastModifiedDate":"2022-03-09"},{"lineNumber":41,"author":{"gitId":"cczhouqi"},"content":"                                 + \" patients recorded in the system.\" + System.lineSeparator() + boundary);","lastModifiedDate":"2022-03-09"},{"lineNumber":42,"author":{"gitId":"Demonshaha"},"content":"        patients.remove(index - 1);","lastModifiedDate":"2022-03-13"},{"lineNumber":43,"author":{"gitId":"cczhouqi"},"content":"        countPatient -\u003d 1;","lastModifiedDate":"2022-03-09"},{"lineNumber":44,"author":{"gitId":"cczhouqi"},"content":"    }","lastModifiedDate":"2022-03-09"},{"lineNumber":45,"author":{"gitId":"cczhouqi"},"content":"","lastModifiedDate":"2022-03-14"},{"lineNumber":46,"author":{"gitId":"cczhouqi"},"content":"    @Override","lastModifiedDate":"2022-03-14"},{"lineNumber":47,"author":{"gitId":"cczhouqi"},"content":"    public String toString() {","lastModifiedDate":"2022-03-14"},{"lineNumber":48,"author":{"gitId":"cczhouqi"},"content":"        String toPrint \u003d boundary + \"Here are the patients recorded:\" + System.lineSeparator();","lastModifiedDate":"2022-03-14"},{"lineNumber":49,"author":{"gitId":"Demonshaha"},"content":"        for (int i \u003d 1; i \u003c\u003d countPatient; i++) {","lastModifiedDate":"2022-03-16"},{"lineNumber":50,"author":{"gitId":"Demonshaha"},"content":"            toPrint +\u003d (i + \". \" + getPatient(i) + System.lineSeparator());","lastModifiedDate":"2022-03-16"},{"lineNumber":51,"author":{"gitId":"cczhouqi"},"content":"        }","lastModifiedDate":"2022-03-14"},{"lineNumber":52,"author":{"gitId":"cczhouqi"},"content":"        toPrint +\u003d (\"You have \" + countPatient + \" patients recorded in the system.\"","lastModifiedDate":"2022-03-14"},{"lineNumber":53,"author":{"gitId":"cczhouqi"},"content":"                            + System.lineSeparator() + boundary + System.lineSeparator());","lastModifiedDate":"2022-03-14"},{"lineNumber":54,"author":{"gitId":"cczhouqi"},"content":"        return toPrint;","lastModifiedDate":"2022-03-14"},{"lineNumber":55,"author":{"gitId":"cczhouqi"},"content":"    }","lastModifiedDate":"2022-03-14"},{"lineNumber":56,"author":{"gitId":"cczhouqi"},"content":"}","lastModifiedDate":"2022-03-09"},{"lineNumber":57,"author":{"gitId":"cczhouqi"},"content":"","lastModifiedDate":"2022-03-09"}],"authorContributionMap":{"Demonshaha":7,"cczhouqi":50}},{"path":"src/main/java/tp/Storage.java","fileType":"functional-code","lines":[{"lineNumber":1,"author":{"gitId":"Demonshaha"},"content":"package tp;","lastModifiedDate":"2022-03-13"},{"lineNumber":2,"author":{"gitId":"Demonshaha"},"content":"","lastModifiedDate":"2022-03-13"},{"lineNumber":3,"author":{"gitId":"Demonshaha"},"content":"public class Storage {","lastModifiedDate":"2022-03-13"},{"lineNumber":4,"author":{"gitId":"Demonshaha"},"content":"}","lastModifiedDate":"2022-03-13"}],"authorContributionMap":{"Demonshaha":4}},{"path":"src/main/java/tp/Ui.java","fileType":"functional-code","lines":[{"lineNumber":1,"author":{"gitId":"cczhouqi"},"content":"package tp;","lastModifiedDate":"2022-03-09"},{"lineNumber":2,"author":{"gitId":"cczhouqi"},"content":"","lastModifiedDate":"2022-03-09"},{"lineNumber":3,"author":{"gitId":"cczhouqi"},"content":"import java.util.Scanner;","lastModifiedDate":"2022-03-09"},{"lineNumber":4,"author":{"gitId":"cczhouqi"},"content":"","lastModifiedDate":"2022-03-09"},{"lineNumber":5,"author":{"gitId":"cczhouqi"},"content":"public class Ui {","lastModifiedDate":"2022-03-09"},{"lineNumber":6,"author":{"gitId":"cczhouqi"},"content":"    public static String boundary \u003d \"____________________________________________________________\"","lastModifiedDate":"2022-03-09"},{"lineNumber":7,"author":{"gitId":"cczhouqi"},"content":"                                            + System.lineSeparator();","lastModifiedDate":"2022-03-09"},{"lineNumber":8,"author":{"gitId":"cczhouqi"},"content":"","lastModifiedDate":"2022-03-09"},{"lineNumber":9,"author":{"gitId":"cczhouqi"},"content":"    // Prints welcome message.","lastModifiedDate":"2022-03-09"},{"lineNumber":10,"author":{"gitId":"cczhouqi"},"content":"    public void sayHello() {","lastModifiedDate":"2022-03-09"},{"lineNumber":11,"author":{"gitId":"cczhouqi"},"content":"        System.out.print(boundary);","lastModifiedDate":"2022-03-09"},{"lineNumber":12,"author":{"gitId":"cczhouqi"},"content":"        System.out.println(\"Hello! This is IHospital.\");","lastModifiedDate":"2022-03-09"},{"lineNumber":13,"author":{"gitId":"cczhouqi"},"content":"        System.out.print(\"What can I do for you?\" + System.lineSeparator() + boundary);","lastModifiedDate":"2022-03-09"},{"lineNumber":14,"author":{"gitId":"cczhouqi"},"content":"    }","lastModifiedDate":"2022-03-09"},{"lineNumber":15,"author":{"gitId":"cczhouqi"},"content":"","lastModifiedDate":"2022-03-09"},{"lineNumber":16,"author":{"gitId":"cczhouqi"},"content":"    // Prints goodbye message.","lastModifiedDate":"2022-03-09"},{"lineNumber":17,"author":{"gitId":"cczhouqi"},"content":"    public void sayGoodbye() {","lastModifiedDate":"2022-03-09"},{"lineNumber":18,"author":{"gitId":"cczhouqi"},"content":"        System.out.print(boundary + \"Bye. Hope to see you again soon!\" + System.lineSeparator() + boundary);","lastModifiedDate":"2022-03-09"},{"lineNumber":19,"author":{"gitId":"cczhouqi"},"content":"    }","lastModifiedDate":"2022-03-09"},{"lineNumber":20,"author":{"gitId":"cczhouqi"},"content":"","lastModifiedDate":"2022-03-09"},{"lineNumber":21,"author":{"gitId":"cczhouqi"},"content":"    public void printDoctorPage(DoctorList doctors) {","lastModifiedDate":"2022-03-09"},{"lineNumber":22,"author":{"gitId":"cczhouqi"},"content":"        System.out.print(boundary);","lastModifiedDate":"2022-03-09"},{"lineNumber":23,"author":{"gitId":"cczhouqi"},"content":"        System.out.println(\"Welcome to Doctor Page.\");","lastModifiedDate":"2022-03-09"},{"lineNumber":24,"author":{"gitId":"cczhouqi"},"content":"        System.out.print(doctors);","lastModifiedDate":"2022-03-14"},{"lineNumber":25,"author":{"gitId":"cczhouqi"},"content":"    }","lastModifiedDate":"2022-03-09"},{"lineNumber":26,"author":{"gitId":"cczhouqi"},"content":"","lastModifiedDate":"2022-03-09"},{"lineNumber":27,"author":{"gitId":"cczhouqi"},"content":"    public void printPatientPage(PatientList patients) {","lastModifiedDate":"2022-03-09"},{"lineNumber":28,"author":{"gitId":"cczhouqi"},"content":"        System.out.print(boundary);","lastModifiedDate":"2022-03-09"},{"lineNumber":29,"author":{"gitId":"cczhouqi"},"content":"        System.out.println(\"Welcome to Patient Page.\");","lastModifiedDate":"2022-03-09"},{"lineNumber":30,"author":{"gitId":"cczhouqi"},"content":"        System.out.print(patients);","lastModifiedDate":"2022-03-14"},{"lineNumber":31,"author":{"gitId":"cczhouqi"},"content":"    }","lastModifiedDate":"2022-03-09"},{"lineNumber":32,"author":{"gitId":"cczhouqi"},"content":"}","lastModifiedDate":"2022-03-09"}],"authorContributionMap":{"cczhouqi":32}},{"path":"src/main/java/tp/person/Doctor.java","fileType":"functional-code","lines":[{"lineNumber":1,"author":{"gitId":"cczhouqi"},"content":"package tp.person;","lastModifiedDate":"2022-03-09"},{"lineNumber":2,"author":{"gitId":"cczhouqi"},"content":"","lastModifiedDate":"2022-03-09"},{"lineNumber":3,"author":{"gitId":"cczhouqi"},"content":"public class Doctor extends Person {","lastModifiedDate":"2022-03-09"},{"lineNumber":4,"author":{"gitId":"cczhouqi"},"content":"    protected boolean isOnDuty;","lastModifiedDate":"2022-03-09"},{"lineNumber":5,"author":{"gitId":"cczhouqi"},"content":"","lastModifiedDate":"2022-03-09"},{"lineNumber":6,"author":{"gitId":"Demonshaha"},"content":"    public Doctor(String id, String name, String phoneNumber, String email) {","lastModifiedDate":"2022-03-13"},{"lineNumber":7,"author":{"gitId":"cczhouqi"},"content":"        super(id, name, phoneNumber, email);","lastModifiedDate":"2022-03-09"},{"lineNumber":8,"author":{"gitId":"cczhouqi"},"content":"        isOnDuty \u003d false;","lastModifiedDate":"2022-03-09"},{"lineNumber":9,"author":{"gitId":"cczhouqi"},"content":"    }","lastModifiedDate":"2022-03-09"},{"lineNumber":10,"author":{"gitId":"cczhouqi"},"content":"","lastModifiedDate":"2022-03-09"},{"lineNumber":11,"author":{"gitId":"cczhouqi"},"content":"    public void markOnDuty() {","lastModifiedDate":"2022-03-09"},{"lineNumber":12,"author":{"gitId":"cczhouqi"},"content":"        isOnDuty \u003d true;","lastModifiedDate":"2022-03-09"},{"lineNumber":13,"author":{"gitId":"cczhouqi"},"content":"    }","lastModifiedDate":"2022-03-09"},{"lineNumber":14,"author":{"gitId":"cczhouqi"},"content":"","lastModifiedDate":"2022-03-09"},{"lineNumber":15,"author":{"gitId":"cczhouqi"},"content":"    public void markOnLeave() {","lastModifiedDate":"2022-03-09"},{"lineNumber":16,"author":{"gitId":"cczhouqi"},"content":"        isOnDuty \u003d false;","lastModifiedDate":"2022-03-09"},{"lineNumber":17,"author":{"gitId":"cczhouqi"},"content":"    }","lastModifiedDate":"2022-03-09"},{"lineNumber":18,"author":{"gitId":"cczhouqi"},"content":"","lastModifiedDate":"2022-03-09"},{"lineNumber":19,"author":{"gitId":"cczhouqi"},"content":"    @Override","lastModifiedDate":"2022-03-09"},{"lineNumber":20,"author":{"gitId":"cczhouqi"},"content":"    public String toString() {","lastModifiedDate":"2022-03-09"},{"lineNumber":21,"author":{"gitId":"cczhouqi"},"content":"        return \"* DOCTOR \" + super.toString();","lastModifiedDate":"2022-03-09"},{"lineNumber":22,"author":{"gitId":"cczhouqi"},"content":"    }","lastModifiedDate":"2022-03-09"},{"lineNumber":23,"author":{"gitId":"Demonshaha"},"content":"","lastModifiedDate":"2022-03-13"},{"lineNumber":24,"author":{"gitId":"cczhouqi"},"content":"}","lastModifiedDate":"2022-03-09"}],"authorContributionMap":{"Demonshaha":2,"cczhouqi":22}},{"path":"src/main/java/tp/person/Patient.java","fileType":"functional-code","lines":[{"lineNumber":1,"author":{"gitId":"cczhouqi"},"content":"package tp.person;","lastModifiedDate":"2022-03-09"},{"lineNumber":2,"author":{"gitId":"cczhouqi"},"content":"","lastModifiedDate":"2022-03-09"},{"lineNumber":3,"author":{"gitId":"cczhouqi"},"content":"public class Patient extends Person {","lastModifiedDate":"2022-03-09"},{"lineNumber":4,"author":{"gitId":"Demonshaha"},"content":"    public Patient(String id, String name, String phoneNumber, String email) {","lastModifiedDate":"2022-03-13"},{"lineNumber":5,"author":{"gitId":"cczhouqi"},"content":"        super(id, name, phoneNumber, email);","lastModifiedDate":"2022-03-09"},{"lineNumber":6,"author":{"gitId":"cczhouqi"},"content":"    }","lastModifiedDate":"2022-03-09"},{"lineNumber":7,"author":{"gitId":"cczhouqi"},"content":"","lastModifiedDate":"2022-03-09"},{"lineNumber":8,"author":{"gitId":"cczhouqi"},"content":"    @Override","lastModifiedDate":"2022-03-09"},{"lineNumber":9,"author":{"gitId":"cczhouqi"},"content":"    public String toString() {","lastModifiedDate":"2022-03-09"},{"lineNumber":10,"author":{"gitId":"cczhouqi"},"content":"        return \"* PATIENT \" + super.toString();","lastModifiedDate":"2022-03-09"},{"lineNumber":11,"author":{"gitId":"cczhouqi"},"content":"    }","lastModifiedDate":"2022-03-09"},{"lineNumber":12,"author":{"gitId":"cczhouqi"},"content":"}","lastModifiedDate":"2022-03-09"}],"authorContributionMap":{"Demonshaha":1,"cczhouqi":11}},{"path":"src/main/java/tp/person/Person.java","fileType":"functional-code","lines":[{"lineNumber":1,"author":{"gitId":"cczhouqi"},"content":"package tp.person;","lastModifiedDate":"2022-03-09"},{"lineNumber":2,"author":{"gitId":"cczhouqi"},"content":"","lastModifiedDate":"2022-03-09"},{"lineNumber":3,"author":{"gitId":"cczhouqi"},"content":"public class Person {","lastModifiedDate":"2022-03-09"},{"lineNumber":4,"author":{"gitId":"Demonshaha"},"content":"    protected String id;","lastModifiedDate":"2022-03-13"},{"lineNumber":5,"author":{"gitId":"cczhouqi"},"content":"    protected String name;","lastModifiedDate":"2022-03-09"},{"lineNumber":6,"author":{"gitId":"cczhouqi"},"content":"    protected String phoneNumber;","lastModifiedDate":"2022-03-09"},{"lineNumber":7,"author":{"gitId":"cczhouqi"},"content":"    protected String email;","lastModifiedDate":"2022-03-09"},{"lineNumber":8,"author":{"gitId":"cczhouqi"},"content":"","lastModifiedDate":"2022-03-09"},{"lineNumber":9,"author":{"gitId":"Demonshaha"},"content":"    public Person(String id, String name, String phoneNumber, String email) {","lastModifiedDate":"2022-03-13"},{"lineNumber":10,"author":{"gitId":"cczhouqi"},"content":"        this.id \u003d id;","lastModifiedDate":"2022-03-09"},{"lineNumber":11,"author":{"gitId":"cczhouqi"},"content":"        this.name \u003d name;","lastModifiedDate":"2022-03-09"},{"lineNumber":12,"author":{"gitId":"cczhouqi"},"content":"        this.phoneNumber \u003d phoneNumber;","lastModifiedDate":"2022-03-09"},{"lineNumber":13,"author":{"gitId":"cczhouqi"},"content":"        this.email \u003d email;","lastModifiedDate":"2022-03-09"},{"lineNumber":14,"author":{"gitId":"cczhouqi"},"content":"    }","lastModifiedDate":"2022-03-09"},{"lineNumber":15,"author":{"gitId":"cczhouqi"},"content":"","lastModifiedDate":"2022-03-09"},{"lineNumber":16,"author":{"gitId":"cczhouqi"},"content":"    public void setPerson(String name, String phoneNumber, String email) {","lastModifiedDate":"2022-03-09"},{"lineNumber":17,"author":{"gitId":"cczhouqi"},"content":"        this.name \u003d name;","lastModifiedDate":"2022-03-09"},{"lineNumber":18,"author":{"gitId":"cczhouqi"},"content":"        this.phoneNumber \u003d phoneNumber;","lastModifiedDate":"2022-03-09"},{"lineNumber":19,"author":{"gitId":"cczhouqi"},"content":"        this.email \u003d email;","lastModifiedDate":"2022-03-09"},{"lineNumber":20,"author":{"gitId":"cczhouqi"},"content":"    }","lastModifiedDate":"2022-03-09"},{"lineNumber":21,"author":{"gitId":"cczhouqi"},"content":"","lastModifiedDate":"2022-03-09"},{"lineNumber":22,"author":{"gitId":"cczhouqi"},"content":"    public void editName(String name) {","lastModifiedDate":"2022-03-14"},{"lineNumber":23,"author":{"gitId":"cczhouqi"},"content":"        this.name \u003d name;","lastModifiedDate":"2022-03-14"},{"lineNumber":24,"author":{"gitId":"cczhouqi"},"content":"    }","lastModifiedDate":"2022-03-14"},{"lineNumber":25,"author":{"gitId":"cczhouqi"},"content":"","lastModifiedDate":"2022-03-14"},{"lineNumber":26,"author":{"gitId":"cczhouqi"},"content":"    public void editPhoneNumber(String phoneNumber) {","lastModifiedDate":"2022-03-14"},{"lineNumber":27,"author":{"gitId":"cczhouqi"},"content":"        this.phoneNumber \u003d phoneNumber;","lastModifiedDate":"2022-03-14"},{"lineNumber":28,"author":{"gitId":"cczhouqi"},"content":"    }","lastModifiedDate":"2022-03-14"},{"lineNumber":29,"author":{"gitId":"cczhouqi"},"content":"","lastModifiedDate":"2022-03-14"},{"lineNumber":30,"author":{"gitId":"cczhouqi"},"content":"    public void editEmail(String email) {","lastModifiedDate":"2022-03-14"},{"lineNumber":31,"author":{"gitId":"cczhouqi"},"content":"        this.email \u003d email;","lastModifiedDate":"2022-03-14"},{"lineNumber":32,"author":{"gitId":"cczhouqi"},"content":"    }","lastModifiedDate":"2022-03-14"},{"lineNumber":33,"author":{"gitId":"cczhouqi"},"content":"","lastModifiedDate":"2022-03-14"},{"lineNumber":34,"author":{"gitId":"Demonshaha"},"content":"    public String getId() {","lastModifiedDate":"2022-03-13"},{"lineNumber":35,"author":{"gitId":"cczhouqi"},"content":"        return id;","lastModifiedDate":"2022-03-09"},{"lineNumber":36,"author":{"gitId":"cczhouqi"},"content":"    }","lastModifiedDate":"2022-03-09"},{"lineNumber":37,"author":{"gitId":"cczhouqi"},"content":"","lastModifiedDate":"2022-03-09"},{"lineNumber":38,"author":{"gitId":"cczhouqi"},"content":"    public String getName() {","lastModifiedDate":"2022-03-09"},{"lineNumber":39,"author":{"gitId":"cczhouqi"},"content":"        return name;","lastModifiedDate":"2022-03-09"},{"lineNumber":40,"author":{"gitId":"cczhouqi"},"content":"    }","lastModifiedDate":"2022-03-09"},{"lineNumber":41,"author":{"gitId":"cczhouqi"},"content":"","lastModifiedDate":"2022-03-09"},{"lineNumber":42,"author":{"gitId":"cczhouqi"},"content":"    public String getPhoneNumber() {","lastModifiedDate":"2022-03-09"},{"lineNumber":43,"author":{"gitId":"cczhouqi"},"content":"        return phoneNumber;","lastModifiedDate":"2022-03-09"},{"lineNumber":44,"author":{"gitId":"cczhouqi"},"content":"    }","lastModifiedDate":"2022-03-09"},{"lineNumber":45,"author":{"gitId":"cczhouqi"},"content":"","lastModifiedDate":"2022-03-09"},{"lineNumber":46,"author":{"gitId":"cczhouqi"},"content":"    public String getEmail() {","lastModifiedDate":"2022-03-09"},{"lineNumber":47,"author":{"gitId":"cczhouqi"},"content":"        return email;","lastModifiedDate":"2022-03-09"},{"lineNumber":48,"author":{"gitId":"cczhouqi"},"content":"    }","lastModifiedDate":"2022-03-09"},{"lineNumber":49,"author":{"gitId":"cczhouqi"},"content":"","lastModifiedDate":"2022-03-09"},{"lineNumber":50,"author":{"gitId":"cczhouqi"},"content":"    @Override","lastModifiedDate":"2022-03-09"},{"lineNumber":51,"author":{"gitId":"cczhouqi"},"content":"    public String toString() {","lastModifiedDate":"2022-03-09"},{"lineNumber":52,"author":{"gitId":"cczhouqi"},"content":"        return \"[\" + id + \"] || Name: \" + name","lastModifiedDate":"2022-03-09"},{"lineNumber":53,"author":{"gitId":"cczhouqi"},"content":"                       + \" || Contact No.: \" + phoneNumber + \" || Email: \" + email;","lastModifiedDate":"2022-03-09"},{"lineNumber":54,"author":{"gitId":"cczhouqi"},"content":"    }","lastModifiedDate":"2022-03-09"},{"lineNumber":55,"author":{"gitId":"cczhouqi"},"content":"}","lastModifiedDate":"2022-03-09"}],"authorContributionMap":{"Demonshaha":3,"cczhouqi":52}},{"path":"src/test/tp/person/PersonTest.java","fileType":"test-code","lines":[{"lineNumber":1,"author":{"gitId":"cczhouqi"},"content":"package tp.person;","lastModifiedDate":"2022-03-16"},{"lineNumber":2,"author":{"gitId":"cczhouqi"},"content":"","lastModifiedDate":"2022-03-16"},{"lineNumber":3,"author":{"gitId":"cczhouqi"},"content":"import org.junit.jupiter.api.Test;","lastModifiedDate":"2022-03-16"},{"lineNumber":4,"author":{"gitId":"cczhouqi"},"content":"","lastModifiedDate":"2022-03-16"},{"lineNumber":5,"author":{"gitId":"cczhouqi"},"content":"import static org.junit.jupiter.api.Assertions.*;","lastModifiedDate":"2022-03-16"},{"lineNumber":6,"author":{"gitId":"cczhouqi"},"content":"","lastModifiedDate":"2022-03-16"},{"lineNumber":7,"author":{"gitId":"cczhouqi"},"content":"class PersonTest {","lastModifiedDate":"2022-03-16"},{"lineNumber":8,"author":{"gitId":"cczhouqi"},"content":"    private final Person person \u003d new Person(\"1234\", \"john\",","lastModifiedDate":"2022-03-16"},{"lineNumber":9,"author":{"gitId":"cczhouqi"},"content":"            \"12341234\", \"3600@gmail.com\");","lastModifiedDate":"2022-03-16"},{"lineNumber":10,"author":{"gitId":"cczhouqi"},"content":"","lastModifiedDate":"2022-03-16"},{"lineNumber":11,"author":{"gitId":"cczhouqi"},"content":"    @Test","lastModifiedDate":"2022-03-16"},{"lineNumber":12,"author":{"gitId":"cczhouqi"},"content":"    void getId() {","lastModifiedDate":"2022-03-16"},{"lineNumber":13,"author":{"gitId":"cczhouqi"},"content":"        assertEquals(\"1234\", person.getId());","lastModifiedDate":"2022-03-16"},{"lineNumber":14,"author":{"gitId":"cczhouqi"},"content":"    }","lastModifiedDate":"2022-03-16"},{"lineNumber":15,"author":{"gitId":"cczhouqi"},"content":"","lastModifiedDate":"2022-03-16"},{"lineNumber":16,"author":{"gitId":"cczhouqi"},"content":"    @Test","lastModifiedDate":"2022-03-16"},{"lineNumber":17,"author":{"gitId":"cczhouqi"},"content":"    void getName() {","lastModifiedDate":"2022-03-16"},{"lineNumber":18,"author":{"gitId":"cczhouqi"},"content":"        assertEquals(\"john\", person.getName());","lastModifiedDate":"2022-03-16"},{"lineNumber":19,"author":{"gitId":"cczhouqi"},"content":"    }","lastModifiedDate":"2022-03-16"},{"lineNumber":20,"author":{"gitId":"cczhouqi"},"content":"","lastModifiedDate":"2022-03-16"},{"lineNumber":21,"author":{"gitId":"cczhouqi"},"content":"    @Test","lastModifiedDate":"2022-03-16"},{"lineNumber":22,"author":{"gitId":"cczhouqi"},"content":"    void getPhoneNumber() {","lastModifiedDate":"2022-03-16"},{"lineNumber":23,"author":{"gitId":"cczhouqi"},"content":"        assertEquals(\"12341234\", person.getPhoneNumber());","lastModifiedDate":"2022-03-16"},{"lineNumber":24,"author":{"gitId":"cczhouqi"},"content":"    }","lastModifiedDate":"2022-03-16"},{"lineNumber":25,"author":{"gitId":"cczhouqi"},"content":"","lastModifiedDate":"2022-03-16"},{"lineNumber":26,"author":{"gitId":"cczhouqi"},"content":"    @Test","lastModifiedDate":"2022-03-16"},{"lineNumber":27,"author":{"gitId":"cczhouqi"},"content":"    void getEmail() {","lastModifiedDate":"2022-03-16"},{"lineNumber":28,"author":{"gitId":"cczhouqi"},"content":"        assertEquals(\"3600@gmail.com\", person.getEmail());","lastModifiedDate":"2022-03-16"},{"lineNumber":29,"author":{"gitId":"cczhouqi"},"content":"    }","lastModifiedDate":"2022-03-16"},{"lineNumber":30,"author":{"gitId":"cczhouqi"},"content":"","lastModifiedDate":"2022-03-16"},{"lineNumber":31,"author":{"gitId":"cczhouqi"},"content":"    @Test","lastModifiedDate":"2022-03-16"},{"lineNumber":32,"author":{"gitId":"cczhouqi"},"content":"    void testToString() {","lastModifiedDate":"2022-03-16"},{"lineNumber":33,"author":{"gitId":"cczhouqi"},"content":"        assertEquals(\"[1234] || Name: john \" +","lastModifiedDate":"2022-03-16"},{"lineNumber":34,"author":{"gitId":"cczhouqi"},"content":"                             \"|| Contact No.: 12341234 || Email: 3600@gmail.com\", person.toString());","lastModifiedDate":"2022-03-16"},{"lineNumber":35,"author":{"gitId":"cczhouqi"},"content":"    }","lastModifiedDate":"2022-03-16"},{"lineNumber":36,"author":{"gitId":"cczhouqi"},"content":"}","lastModifiedDate":"2022-03-16"}],"authorContributionMap":{"cczhouqi":36}}]
