{"authorDailyContributionsMap":{"sethlxk":[{"date":"2022-03-24","commitResults":[{"hash":"d0e76020e62206646c2aff7b02aa1984bcca8e8b","messageTitle":"added some basic code to storage class","messageBody":"","fileTypesAndContributionMap":{"functional-code":{"insertions":103,"deletions":1}}},{"hash":"b5a8f0fba8cb57badfcffdce6fbde9448931a5e3","messageTitle":"Update DeveloperGuide.md","messageBody":"","fileTypesAndContributionMap":{"docs":{"insertions":9,"deletions":0}}}]},{"date":"2022-03-25","commitResults":[{"hash":"3a54d483160bb64bc907be82cec05d01b3592683","messageTitle":"Update Storage","messageBody":"","fileTypesAndContributionMap":{"functional-code":{"insertions":3,"deletions":3}}},{"hash":"f886847652cae2d89ab1090eadb315b499cdb346","messageTitle":"Update DeveloperGuide","messageBody":"","fileTypesAndContributionMap":{"docs":{"insertions":2,"deletions":0}}}]},{"date":"2022-04-01","commitResults":[{"hash":"f9c3841198ce11db107a9f5725ddb0d599e02aa2","messageTitle":"Add SearchDoctorCommand, SearchPatientCommand, SearchAppointmentCommand Fixed some minor bugs in code","messageBody":"","fileTypesAndContributionMap":{"functional-code":{"insertions":94,"deletions":5}}}]}],"Demonshaha":[{"date":"2022-03-03","commitResults":[{"hash":"650b12a568c643a76f6f8752f13e7de14c3fa480","messageTitle":"Update README.md","messageBody":"","fileTypesAndContributionMap":{"docs":{"insertions":1,"deletions":1}}}]},{"date":"2022-03-13","commitResults":[{"hash":"1242fba3309f1b8e8f01758d51b85d85e6488f18","messageTitle":"Add Command class","messageBody":"","fileTypesAndContributionMap":{"functional-code":{"insertions":189,"deletions":28}}},{"hash":"cc67297f4746fb97a215511a2b700a9b5bf1bd06","messageTitle":"Add Command class","messageBody":"","fileTypesAndContributionMap":{"functional-code":{"insertions":40,"deletions":1}}},{"hash":"76bdc9e6024282b822e21a60faf9d8b4df9c570a","messageTitle":"Add Command class and Parser","messageBody":"","fileTypesAndContributionMap":{"functional-code":{"insertions":122,"deletions":11}}},{"hash":"a659273a2e9a174cab9ed1e895cf92837b7ee58b","messageTitle":"Add Command class and Parser","messageBody":"","fileTypesAndContributionMap":{"functional-code":{"insertions":53,"deletions":93}}}]},{"date":"2022-03-16","commitResults":[{"hash":"00f7ed35e0daf71656df0e7ae9ae155b7710c93e","messageTitle":"Fixing bugs for v1.0","messageBody":"","fileTypesAndContributionMap":{"functional-code":{"insertions":49,"deletions":27}}},{"hash":"d732bd461dac9e5550ee8a8ccb05635d57b692a1","messageTitle":"Fixing bugs for v1.0","messageBody":"","fileTypesAndContributionMap":{"functional-code":{"insertions":13,"deletions":4}}}]},{"date":"2022-03-28","commitResults":[{"hash":"d38223e4c95c6dff99e73c1199b63497415cef24","messageTitle":"Add AppointmentTest.java","messageBody":"","fileTypesAndContributionMap":{"functional-code":{"insertions":11,"deletions":1},"test-code":{"insertions":19,"deletions":1}}}]},{"date":"2022-03-29","commitResults":[{"hash":"f7b1de47ada7e11063055818445f539192c88394","messageTitle":"Adding storage","messageBody":"","fileTypesAndContributionMap":{"functional-code":{"insertions":308,"deletions":125}}},{"hash":"40b98ef648097ec056a82f15b30d5d6bdb39f482","messageTitle":"Adding storage","messageBody":"","fileTypesAndContributionMap":{"functional-code":{"insertions":15,"deletions":5}}}]},{"date":"2022-03-30","commitResults":[{"hash":"b03622b97c68834324e6ff94d90286bc21d8aa55","messageTitle":"Adding storage","messageBody":"","fileTypesAndContributionMap":{"functional-code":{"insertions":18,"deletions":8}}},{"hash":"b79aab632f199fefdcabeb93295c21a9f0fc0d04","messageTitle":"Fixing checkStyles issues","messageBody":"","fileTypesAndContributionMap":{"functional-code":{"insertions":66,"deletions":83}}},{"hash":"27d2c4ce457caee84c9000f57b15a8786d86dbbe","messageTitle":"add sort appointmentList function and get a doctor\u0027s appointments by id.","messageBody":"","fileTypesAndContributionMap":{"functional-code":{"insertions":90,"deletions":0}}}]},{"date":"2022-04-03","commitResults":[{"hash":"d9403c0a64e001a16ce09857049218ae43458081","messageTitle":"Fixing bugs for patient and storage","messageBody":"","fileTypesAndContributionMap":{"functional-code":{"insertions":37,"deletions":31}}},{"hash":"52a90a4a66526709c49a859a5ec9b3084a36f609","messageTitle":"add exception to check the input format","messageBody":"","fileTypesAndContributionMap":{"functional-code":{"insertions":17,"deletions":15}}},{"hash":"524adac4c7ea76c994e26f837bfceef3a6704d65","messageTitle":"make it more oop and fix bugs for exceptions","messageBody":"","fileTypesAndContributionMap":{"functional-code":{"insertions":136,"deletions":107}}}]},{"date":"2022-04-04","commitResults":[{"hash":"02c01a1f8ca050b517c6260cecae27542dfe58e5","messageTitle":"fix bugs","messageBody":"","fileTypesAndContributionMap":{"functional-code":{"insertions":8,"deletions":5}}},{"hash":"331c3973d09060a526ee90c9c807e001d31f9bfb","messageTitle":"fix checkstyles error","messageBody":"","fileTypesAndContributionMap":{"functional-code":{"insertions":53,"deletions":72}}}]},{"date":"2022-04-05","commitResults":[{"hash":"9276bc960e6a036074b14145ec3d608d9b57886d","messageTitle":"add input.txt and EXPECTED.TXT","messageBody":"","fileTypesAndContributionMap":{"functional-code":{"insertions":9,"deletions":9}}},{"hash":"6a2eff04623958f151c265d57e85701dec80ad91","messageTitle":"add input.txt and EXPECTED.TXT","messageBody":"","fileTypesAndContributionMap":{"functional-code":{"insertions":3,"deletions":3}}},{"hash":"c9bb67dd1cb49e585df9e9042eb72d04f7924600","messageTitle":"add test file","messageBody":"","fileTypesAndContributionMap":{"functional-code":{"insertions":83,"deletions":70},"other":{"insertions":77,"deletions":50}}},{"hash":"02e68e2fb72ee2208ceeb460cc090712e4b61132","messageTitle":"add test function and UG","messageBody":"","fileTypesAndContributionMap":{"functional-code":{"insertions":73,"deletions":0},"docs":{"insertions":13,"deletions":0}}},{"hash":"fa5cbee143c370caa432694ac27032828df292bd","messageTitle":"fix errors","messageBody":"","fileTypesAndContributionMap":{"functional-code":{"insertions":20,"deletions":3},"other":{"insertions":187,"deletions":38},"test-code":{"insertions":13,"deletions":11}}}]}],"cczhouqi":[{"date":"2022-03-09","commitResults":[{"hash":"012c87849734a8ac28e90ff07736fe7ca1f30d1e","messageTitle":"Add Doctor.java, Patient.java and Person.java","messageBody":"","fileTypesAndContributionMap":{"functional-code":{"insertions":98,"deletions":21}}},{"hash":"589dfa2b3e630a42332db0664047882bb3108c47","messageTitle":"Add Appointment.java and Ui.java","messageBody":"","fileTypesAndContributionMap":{"functional-code":{"insertions":60,"deletions":0}}},{"hash":"9df281ffd38e1bc621a3daf5e45e9670e819fde8","messageTitle":"Add DoctorList.java, AppointmentList.java, PatientList.java","messageBody":"","fileTypesAndContributionMap":{"functional-code":{"insertions":189,"deletions":0}}},{"hash":"6b4f9e0985e26ae69cbf460e78f39c5f6530a0d4","messageTitle":"Check style","messageBody":"","fileTypesAndContributionMap":{"functional-code":{"insertions":9,"deletions":5}}},{"hash":"dee6a1f87e4da37ef5768294bdbe1a038ced66a8","messageTitle":"Recover Duke.java","messageBody":"","fileTypesAndContributionMap":{"functional-code":{"insertions":21,"deletions":0}}}]},{"date":"2022-03-14","commitResults":[{"hash":"155005b94b95fbb61184349003f0882acff742c9","messageTitle":"Update Person.java and Ui.java","messageBody":"","fileTypesAndContributionMap":{"functional-code":{"insertions":14,"deletions":7}}},{"hash":"8041b2c6c72c9596260c4f2c2c232a2bb36b2902","messageTitle":"Add IHospital.java","messageBody":"","fileTypesAndContributionMap":{"functional-code":{"insertions":36,"deletions":20}}},{"hash":"0dba249fdb23a3cee61465927c066fdfd8c66e55","messageTitle":"Update Command classes","messageBody":"","fileTypesAndContributionMap":{"functional-code":{"insertions":3,"deletions":3}}},{"hash":"01ab79f95544b4cd60eaeabc91732f1e3453d90a","messageTitle":"Update List classes","messageBody":"","fileTypesAndContributionMap":{"functional-code":{"insertions":34,"deletions":33}}},{"hash":"e41aeaf0a6b82947309945cc15ffb56320dc13ef","messageTitle":"Update IHospital.java","messageBody":"","fileTypesAndContributionMap":{"functional-code":{"insertions":1,"deletions":1}}}]},{"date":"2022-03-16","commitResults":[{"hash":"713180553b7aa925a954a8c078a2cbcb21ac6bc5","messageTitle":"Add JUnit test for Person","messageBody":"","fileTypesAndContributionMap":{"test-code":{"insertions":36,"deletions":0}}}]},{"date":"2022-03-23","commitResults":[{"hash":"e5f36ceddec797a546205634a85445e5a6ddb7e9","messageTitle":"Update DeveloperGuide","messageBody":"","fileTypesAndContributionMap":{"docs":{"insertions":32,"deletions":4}}},{"hash":"2b81f3c11d4b2a85d103224dd4c3ba7ce39cbc4d","messageTitle":"Add Exit description in DG","messageBody":"","fileTypesAndContributionMap":{"docs":{"insertions":8,"deletions":9}}},{"hash":"154d9791cb954551cd054e367a8fbebb1ac631e1","messageTitle":"Add Doctor and Patient tests","messageBody":"","fileTypesAndContributionMap":{"docs":{"insertions":1,"deletions":0},"test-code":{"insertions":30,"deletions":0}}}]},{"date":"2022-03-30","commitResults":[{"hash":"a8b35101658f76585477ef1f85cb54f409d43af1","messageTitle":"Add Help Command","messageBody":"","fileTypesAndContributionMap":{"functional-code":{"insertions":44,"deletions":0},"test-code":{"insertions":0,"deletions":12}}},{"hash":"a8e08fc07f8d183385784f386a03d11db641d0c9","messageTitle":"Put back Duke","messageBody":"","fileTypesAndContributionMap":{"functional-code":{"insertions":42,"deletions":21}}},{"hash":"c1c229421dcc422d5f5edebf32fe2e15f727dfde","messageTitle":"Edit EXPECTED.TXT","messageBody":"","fileTypesAndContributionMap":{"functional-code":{"insertions":1,"deletions":1}}},{"hash":"922b382599248c5903a0d1dc2163786a7307dd9c","messageTitle":"Edit User Guide","messageBody":"","fileTypesAndContributionMap":{"docs":{"insertions":53,"deletions":17}}}]},{"date":"2022-03-31","commitResults":[{"hash":"e78787e0499ee446ac46fbde1c2e0dccd6626181","messageTitle":"Update Developer Guide","messageBody":"","fileTypesAndContributionMap":{"docs":{"insertions":48,"deletions":8}}},{"hash":"2e91009865b50f7b75b0b814d51aceab2bcdb4b0","messageTitle":"Edit packages","messageBody":"","fileTypesAndContributionMap":{"functional-code":{"insertions":18,"deletions":18}}}]},{"date":"2022-04-01","commitResults":[{"hash":"7a3b11e0be9035c1624d4524b17045d4ac394894","messageTitle":"Fix some bugs and update UserGuide","messageBody":"","fileTypesAndContributionMap":{"functional-code":{"insertions":51,"deletions":23},"docs":{"insertions":62,"deletions":9}}}]},{"date":"2022-04-04","commitResults":[{"hash":"2f0d1d9da5cf68ca0f4e1cb09494517ef3ba925e","messageTitle":"Make methods shorter","messageBody":"","fileTypesAndContributionMap":{"functional-code":{"insertions":171,"deletions":108}}}]}],"DolphXty":[{"date":"2022-03-18","commitResults":[{"hash":"6732ccea64ad5bbfe58e95829d8b3e02692003b5","messageTitle":".","messageBody":"","fileTypesAndContributionMap":{"functional-code":{"insertions":52,"deletions":46}}}]},{"date":"2022-03-24","commitResults":[{"hash":"c3ffb3e760c28a6fbfea16281734ef4ec1b69573","messageTitle":"Update DeveloperGuide.md","messageBody":"","fileTypesAndContributionMap":{"docs":{"insertions":10,"deletions":0}}}]},{"date":"2022-04-01","commitResults":[{"hash":"5cfdaa79471df61b469c428f19a6d482b0a1a062","messageTitle":"commit","messageBody":"","fileTypesAndContributionMap":{"functional-code":{"insertions":89,"deletions":17},"docs":{"insertions":1,"deletions":1}}}]}]},"authorFileTypeContributionMap":{"sethlxk":{"docs":10,"functional-code":60,"test-code":0},"Demonshaha":{"docs":14,"functional-code":1126,"test-code":38},"cczhouqi":{"docs":176,"functional-code":432,"test-code":56},"DolphXty":{"docs":10,"functional-code":67,"test-code":0}},"authorContributionVariance":{"sethlxk":459.6641,"Demonshaha":21548.205,"cczhouqi":6319.986,"DolphXty":433.51755},"authorDisplayNameMap":{"sethlxk":"CS2113-T11-2 SETH.. KAI","Demonshaha":"CS2113-T11-2 ZHOU..NGXU","cczhouqi":"CS2113-T11-2 ZHOU..U QI","DolphXty":"CS2113-T11-2 XIA ..ANYI"}}
