{"authorDailyContributionsMap":{"sethlxk":[{"date":"2022-03-24","commitResults":[{"hash":"d0e76020e62206646c2aff7b02aa1984bcca8e8b","messageTitle":"added some basic code to storage class","messageBody":"","fileTypesAndContributionMap":{"functional-code":{"insertions":103,"deletions":1}}},{"hash":"b5a8f0fba8cb57badfcffdce6fbde9448931a5e3","messageTitle":"Update DeveloperGuide.md","messageBody":"","fileTypesAndContributionMap":{"docs":{"insertions":9,"deletions":0}}}]},{"date":"2022-03-25","commitResults":[{"hash":"3a54d483160bb64bc907be82cec05d01b3592683","messageTitle":"Update Storage","messageBody":"","fileTypesAndContributionMap":{"functional-code":{"insertions":3,"deletions":3}}},{"hash":"f886847652cae2d89ab1090eadb315b499cdb346","messageTitle":"Update DeveloperGuide","messageBody":"","fileTypesAndContributionMap":{"docs":{"insertions":2,"deletions":0}}}]},{"date":"2022-04-01","commitResults":[{"hash":"f9c3841198ce11db107a9f5725ddb0d599e02aa2","messageTitle":"Add SearchDoctorCommand, SearchPatientCommand, SearchAppointmentCommand Fixed some minor bugs in code","messageBody":"","fileTypesAndContributionMap":{"functional-code":{"insertions":94,"deletions":5}}}]},{"date":"2022-04-05","commitResults":[{"hash":"646e77ea7b81b598c0166ba4e77293459b53aa81","messageTitle":"Fixed Exception Handling issues for Delete and Search, made code improvements","messageBody":"","fileTypesAndContributionMap":{"functional-code":{"insertions":90,"deletions":21}}},{"hash":"00da00ac1ab84a29ffbf154d55ccf8403e37f3f8","messageTitle":"Made parseSearchCommand.java more OOP","messageBody":"","fileTypesAndContributionMap":{"functional-code":{"insertions":20,"deletions":9}}}]},{"date":"2022-04-06","commitResults":[{"hash":"bb20b01a289f6ec0495f6eb68b9429a8058b75d7","messageTitle":"made some code improvements","messageBody":"","fileTypesAndContributionMap":{"functional-code":{"insertions":39,"deletions":27}}},{"hash":"92e4ee1b3959cf4b95fccbabfe97a60fa63f02a7","messageTitle":"Fixed the bug to appointments. Appointments can now be added","messageBody":"","fileTypesAndContributionMap":{"functional-code":{"insertions":36,"deletions":20}}},{"hash":"ecc4193698cc0475233873116da5575cf9eb1ba7","messageTitle":"Fixed some coding style errors for Gradle check","messageBody":"","fileTypesAndContributionMap":{"functional-code":{"insertions":20,"deletions":36}}}]},{"date":"2022-04-07","commitResults":[{"hash":"c3d3b7ef596c7cb655b378bec6bd3ad9973cf4b4","messageTitle":"fixed nurse description","messageBody":"","fileTypesAndContributionMap":{"functional-code":{"insertions":1,"deletions":1}}}]},{"date":"2022-04-08","commitResults":[{"hash":"4b2bf92328deff39c8d4ebf7645297b991dc4b0d","messageTitle":"made some code improvements","messageBody":"","fileTypesAndContributionMap":{"functional-code":{"insertions":90,"deletions":4}}},{"hash":"6807b2cece827c749b5d2fd634fdfde006a6f1fa","messageTitle":"Fixed coding styles","messageBody":"","fileTypesAndContributionMap":{"functional-code":{"insertions":32,"deletions":2}}},{"hash":"a363549e1f05462daa92caccba45121531882533","messageTitle":"Fixed some coding style issues","messageBody":"","fileTypesAndContributionMap":{"functional-code":{"insertions":0,"deletions":5},"test-code":{"insertions":3,"deletions":3}}},{"hash":"c6d82072c166c622e3857f70c0dba1656d1a6e96","messageTitle":"Changed wardnumber from String to Int","messageBody":"","fileTypesAndContributionMap":{"functional-code":{"insertions":33,"deletions":33}}},{"hash":"bb837678539c73c741980bb57366ac3468223fe9","messageTitle":"Changed wardnumber from String to Int","messageBody":"","fileTypesAndContributionMap":{"test-code":{"insertions":1,"deletions":1}}},{"hash":"6e2c5d2ac27d4aea00079d3af60649944643e44a","messageTitle":"Changed wardnumber from String to Int","messageBody":"","fileTypesAndContributionMap":{"test-code":{"insertions":2,"deletions":2}}},{"hash":"48da18e1be058d3a015901aff3e0405fb8c7484c","messageTitle":"Add department attribute for doctor","messageBody":"","fileTypesAndContributionMap":{"functional-code":{"insertions":23,"deletions":6},"test-code":{"insertions":5,"deletions":5}}},{"hash":"e9f59aeaa9b2fd0c7c30453ae80c839ddb4fd248","messageTitle":"Added department to doctor","messageBody":"","fileTypesAndContributionMap":{"functional-code":{"insertions":0,"deletions":4}}},{"hash":"5f0464ab68153d00432b9c7cffca5c8413eebd9f","messageTitle":"Add department attribute for doctor","messageBody":"","fileTypesAndContributionMap":{"functional-code":{"insertions":5,"deletions":3}}},{"hash":"67fceaba60187aaec284626dd19bc0cfc8e87a93","messageTitle":"Add department attribute to doctor","messageBody":"","fileTypesAndContributionMap":{"test-code":{"insertions":1,"deletions":1}}},{"hash":"20d0fb3f5c7f2ebc2e009d9d37ba6b40531063b4","messageTitle":"Added JUnit tests for Nurse","messageBody":"","fileTypesAndContributionMap":{"test-code":{"insertions":102,"deletions":0}}},{"hash":"d9321969a27a170de6503cd3020f616df5c7d800","messageTitle":"Fixed some bugs in ward","messageBody":"","fileTypesAndContributionMap":{"functional-code":{"insertions":4,"deletions":8}}},{"hash":"3a87a393493d789b085a1dea080ecbc1342d8897","messageTitle":"fixed some bugs for ward","messageBody":"","fileTypesAndContributionMap":{"functional-code":{"insertions":5,"deletions":1}}},{"hash":"717411f1918149ed0ed387b98d9f6fb2a4a433e1","messageTitle":"Add JUnit tests for Nurse","messageBody":"","fileTypesAndContributionMap":{"functional-code":{"insertions":1,"deletions":1}}},{"hash":"d93867ab243ec834f64dd6a129eda84cb1a0e45e","messageTitle":"Add JUnit tests for Nurse","messageBody":"","fileTypesAndContributionMap":{"test-code":{"insertions":1,"deletions":1}}},{"hash":"eb8725b69ff9d797bbdc7560534150d969abe56c","messageTitle":"Add JUnit tests for Nurse","messageBody":"","fileTypesAndContributionMap":{"functional-code":{"insertions":1,"deletions":1}}}]},{"date":"2022-04-09","commitResults":[{"hash":"3442e138766b779b1d605fdb71ef4d47c244e273","messageTitle":"Update UG","messageBody":"","fileTypesAndContributionMap":{"docs":{"insertions":45,"deletions":12}}},{"hash":"27b73828b628c01415742c0001824176933e8d6a","messageTitle":"Update Edit Nurse","messageBody":"","fileTypesAndContributionMap":{"functional-code":{"insertions":15,"deletions":3},"test-code":{"insertions":1,"deletions":1}}},{"hash":"dd7d04336dd9563134aebd621e9300ee4fee9f6f","messageTitle":"Update DG","messageBody":"","fileTypesAndContributionMap":{"docs":{"insertions":4,"deletions":5}}},{"hash":"a5acf054641477d08c316875d7abe902afe32c8a","messageTitle":"Made code improvements","messageBody":"","fileTypesAndContributionMap":{"functional-code":{"insertions":6,"deletions":2}}},{"hash":"af16f8255a54ae0932e954a8404333187de91541","messageTitle":"Update UG","messageBody":"","fileTypesAndContributionMap":{"docs":{"insertions":17,"deletions":0}}},{"hash":"908fdb0f923f3454e7a99d61650573b5e8efcf9a","messageTitle":"Add PPP sethlxk.md","messageBody":"","fileTypesAndContributionMap":{"docs":{"insertions":74,"deletions":0}}},{"hash":"053d9a3512a66acd643e30b6eb39c91fc9f28ad6","messageTitle":"Update DG","messageBody":"","fileTypesAndContributionMap":{"docs":{"insertions":6,"deletions":7}}}]},{"date":"2022-04-10","commitResults":[{"hash":"c3ab7ca8ef851e4cd99ae63a31eb694f04b297bc","messageTitle":"Update DG","messageBody":"","fileTypesAndContributionMap":{"docs":{"insertions":4,"deletions":3}}}]}],"Demonshaha":[{"date":"2022-03-03","commitResults":[{"hash":"650b12a568c643a76f6f8752f13e7de14c3fa480","messageTitle":"Update README.md","messageBody":"","fileTypesAndContributionMap":{"docs":{"insertions":1,"deletions":1}}}]},{"date":"2022-03-13","commitResults":[{"hash":"1242fba3309f1b8e8f01758d51b85d85e6488f18","messageTitle":"Add Command class","messageBody":"","fileTypesAndContributionMap":{"functional-code":{"insertions":189,"deletions":28}}},{"hash":"cc67297f4746fb97a215511a2b700a9b5bf1bd06","messageTitle":"Add Command class","messageBody":"","fileTypesAndContributionMap":{"functional-code":{"insertions":40,"deletions":1}}},{"hash":"76bdc9e6024282b822e21a60faf9d8b4df9c570a","messageTitle":"Add Command class and Parser","messageBody":"","fileTypesAndContributionMap":{"functional-code":{"insertions":122,"deletions":11}}},{"hash":"a659273a2e9a174cab9ed1e895cf92837b7ee58b","messageTitle":"Add Command class and Parser","messageBody":"","fileTypesAndContributionMap":{"functional-code":{"insertions":53,"deletions":93}}}]},{"date":"2022-03-16","commitResults":[{"hash":"00f7ed35e0daf71656df0e7ae9ae155b7710c93e","messageTitle":"Fixing bugs for v1.0","messageBody":"","fileTypesAndContributionMap":{"functional-code":{"insertions":49,"deletions":27}}},{"hash":"d732bd461dac9e5550ee8a8ccb05635d57b692a1","messageTitle":"Fixing bugs for v1.0","messageBody":"","fileTypesAndContributionMap":{"functional-code":{"insertions":13,"deletions":4}}}]},{"date":"2022-03-28","commitResults":[{"hash":"d38223e4c95c6dff99e73c1199b63497415cef24","messageTitle":"Add AppointmentTest.java","messageBody":"","fileTypesAndContributionMap":{"functional-code":{"insertions":11,"deletions":1},"test-code":{"insertions":19,"deletions":1}}}]},{"date":"2022-03-29","commitResults":[{"hash":"f7b1de47ada7e11063055818445f539192c88394","messageTitle":"Adding storage","messageBody":"","fileTypesAndContributionMap":{"functional-code":{"insertions":308,"deletions":125}}},{"hash":"40b98ef648097ec056a82f15b30d5d6bdb39f482","messageTitle":"Adding storage","messageBody":"","fileTypesAndContributionMap":{"functional-code":{"insertions":15,"deletions":5}}}]},{"date":"2022-03-30","commitResults":[{"hash":"b03622b97c68834324e6ff94d90286bc21d8aa55","messageTitle":"Adding storage","messageBody":"","fileTypesAndContributionMap":{"functional-code":{"insertions":18,"deletions":8}}},{"hash":"b79aab632f199fefdcabeb93295c21a9f0fc0d04","messageTitle":"Fixing checkStyles issues","messageBody":"","fileTypesAndContributionMap":{"functional-code":{"insertions":66,"deletions":83}}},{"hash":"27d2c4ce457caee84c9000f57b15a8786d86dbbe","messageTitle":"add sort appointmentList function and get a doctor\u0027s appointments by id.","messageBody":"","fileTypesAndContributionMap":{"functional-code":{"insertions":90,"deletions":0}}}]},{"date":"2022-04-03","commitResults":[{"hash":"d9403c0a64e001a16ce09857049218ae43458081","messageTitle":"Fixing bugs for patient and storage","messageBody":"","fileTypesAndContributionMap":{"functional-code":{"insertions":37,"deletions":31}}},{"hash":"52a90a4a66526709c49a859a5ec9b3084a36f609","messageTitle":"add exception to check the input format","messageBody":"","fileTypesAndContributionMap":{"functional-code":{"insertions":17,"deletions":15}}},{"hash":"524adac4c7ea76c994e26f837bfceef3a6704d65","messageTitle":"make it more oop and fix bugs for exceptions","messageBody":"","fileTypesAndContributionMap":{"functional-code":{"insertions":136,"deletions":107}}}]},{"date":"2022-04-04","commitResults":[{"hash":"02c01a1f8ca050b517c6260cecae27542dfe58e5","messageTitle":"fix bugs","messageBody":"","fileTypesAndContributionMap":{"functional-code":{"insertions":8,"deletions":5}}},{"hash":"331c3973d09060a526ee90c9c807e001d31f9bfb","messageTitle":"fix checkstyles error","messageBody":"","fileTypesAndContributionMap":{"functional-code":{"insertions":53,"deletions":72}}}]},{"date":"2022-04-05","commitResults":[{"hash":"9276bc960e6a036074b14145ec3d608d9b57886d","messageTitle":"add input.txt and EXPECTED.TXT","messageBody":"","fileTypesAndContributionMap":{"functional-code":{"insertions":9,"deletions":9}}},{"hash":"6a2eff04623958f151c265d57e85701dec80ad91","messageTitle":"add input.txt and EXPECTED.TXT","messageBody":"","fileTypesAndContributionMap":{"functional-code":{"insertions":3,"deletions":3}}},{"hash":"c9bb67dd1cb49e585df9e9042eb72d04f7924600","messageTitle":"add test file","messageBody":"","fileTypesAndContributionMap":{"functional-code":{"insertions":83,"deletions":70},"other":{"insertions":77,"deletions":50}}},{"hash":"02e68e2fb72ee2208ceeb460cc090712e4b61132","messageTitle":"add test function and UG","messageBody":"","fileTypesAndContributionMap":{"functional-code":{"insertions":73,"deletions":0},"docs":{"insertions":13,"deletions":0}}},{"hash":"fa5cbee143c370caa432694ac27032828df292bd","messageTitle":"fix errors","messageBody":"","fileTypesAndContributionMap":{"functional-code":{"insertions":20,"deletions":3},"other":{"insertions":187,"deletions":38},"test-code":{"insertions":13,"deletions":11}}}]},{"date":"2022-04-06","commitResults":[{"hash":"df495d931d70cfff9d872df3ed2b006a5f25641b","messageTitle":"add exceptions for add appointment command","messageBody":"","fileTypesAndContributionMap":{"functional-code":{"insertions":7,"deletions":0}}},{"hash":"2ed085ac09210efef68228d6b20a0f9cc1cbd811","messageTitle":"add edit function for patient","messageBody":"","fileTypesAndContributionMap":{"functional-code":{"insertions":53,"deletions":22}}},{"hash":"77911822d68e45930abe196d1e225d01d7e4d383","messageTitle":"add edit function for patient","messageBody":"","fileTypesAndContributionMap":{"functional-code":{"insertions":24,"deletions":6}}},{"hash":"a37540938953ba7879f15bc89b03612431b417f6","messageTitle":"Revert \"Fixed Exception Handling issues for Delete and Search, made code improvements\"","messageBody":"","fileTypesAndContributionMap":{"functional-code":{"insertions":34,"deletions":108},"docs":{"insertions":4,"deletions":4}}}]},{"date":"2022-04-07","commitResults":[{"hash":"81e166c6e72507caf96507602c54f263bc26c3bb","messageTitle":"debug","messageBody":"","fileTypesAndContributionMap":{"functional-code":{"insertions":5,"deletions":3}}}]},{"date":"2022-04-08","commitResults":[{"hash":"93e21c9ed87113899eb3a20ab3fb965c4800e5ce","messageTitle":"add author documentation","messageBody":"","fileTypesAndContributionMap":{"functional-code":{"insertions":57,"deletions":13}}},{"hash":"2fcc9befe2387dd7bbdf7a5e3756922608df43c2","messageTitle":"add author documentation","messageBody":"","fileTypesAndContributionMap":{"functional-code":{"insertions":2,"deletions":1}}}]},{"date":"2022-04-10","commitResults":[{"hash":"b3fcf4a3b2d321148d968f355506c7d792084757","messageTitle":"add parser test","messageBody":"","fileTypesAndContributionMap":{"functional-code":{"insertions":3,"deletions":2},"test-code":{"insertions":145,"deletions":0}}},{"hash":"673ec79440cd114ced615940d28f65e75cc1ada9","messageTitle":"add parser test","messageBody":"","fileTypesAndContributionMap":{"test-code":{"insertions":42,"deletions":0}}},{"hash":"ff810765bb9d6908c763a143b4ec0c3adbb74c60","messageTitle":"fix checkstyle error","messageBody":"","fileTypesAndContributionMap":{"test-code":{"insertions":38,"deletions":3}}},{"hash":"0cc4114468d64cfa084096e2dc126cd92c865dc6","messageTitle":"add ppp","messageBody":"","fileTypesAndContributionMap":{"docs":{"insertions":48,"deletions":0}}},{"hash":"46f65320463e6f96137202f00b775f57746c3476","messageTitle":"fix bugs for AppointmentStorage","messageBody":"","fileTypesAndContributionMap":{"functional-code":{"insertions":6,"deletions":2}}}]},{"date":"2022-04-11","commitResults":[{"hash":"d83309546851f9abc8fb112efe430d8f276bb1c6","messageTitle":"fix bugs for AppointmentStorage","messageBody":"","fileTypesAndContributionMap":{"docs":{"insertions":11,"deletions":0}}},{"hash":"d7e77bd4e0dc772cb8f4c4db62d439344d7a7653","messageTitle":"fix bugs for add ward","messageBody":"","fileTypesAndContributionMap":{"functional-code":{"insertions":26,"deletions":64},"docs":{"insertions":1,"deletions":0}}},{"hash":"4f1b11c7b837c94af81ca0ef8a83e2666f69e7df","messageTitle":"update ug","messageBody":"","fileTypesAndContributionMap":{"docs":{"insertions":8,"deletions":8}}}]},{"date":"2022-04-13","commitResults":[{"hash":"c5a2b68bd7efeb6bdf6d209126580c417f39ab0d","messageTitle":"fix bugs","messageBody":"","fileTypesAndContributionMap":{"functional-code":{"insertions":189,"deletions":73}}},{"hash":"666825e2214cf894a60cc779353235b81c849ce2","messageTitle":"fix bugs","messageBody":"","fileTypesAndContributionMap":{"functional-code":{"insertions":34,"deletions":16}}}]}],"cczhouqi":[{"date":"2022-03-09","commitResults":[{"hash":"012c87849734a8ac28e90ff07736fe7ca1f30d1e","messageTitle":"Add Doctor.java, Patient.java and Person.java","messageBody":"","fileTypesAndContributionMap":{"functional-code":{"insertions":98,"deletions":21}}},{"hash":"589dfa2b3e630a42332db0664047882bb3108c47","messageTitle":"Add Appointment.java and Ui.java","messageBody":"","fileTypesAndContributionMap":{"functional-code":{"insertions":60,"deletions":0}}},{"hash":"9df281ffd38e1bc621a3daf5e45e9670e819fde8","messageTitle":"Add DoctorList.java, AppointmentList.java, PatientList.java","messageBody":"","fileTypesAndContributionMap":{"functional-code":{"insertions":189,"deletions":0}}},{"hash":"6b4f9e0985e26ae69cbf460e78f39c5f6530a0d4","messageTitle":"Check style","messageBody":"","fileTypesAndContributionMap":{"functional-code":{"insertions":9,"deletions":5}}},{"hash":"dee6a1f87e4da37ef5768294bdbe1a038ced66a8","messageTitle":"Recover Duke.java","messageBody":"","fileTypesAndContributionMap":{"functional-code":{"insertions":21,"deletions":0}}}]},{"date":"2022-03-14","commitResults":[{"hash":"155005b94b95fbb61184349003f0882acff742c9","messageTitle":"Update Person.java and Ui.java","messageBody":"","fileTypesAndContributionMap":{"functional-code":{"insertions":14,"deletions":7}}},{"hash":"8041b2c6c72c9596260c4f2c2c232a2bb36b2902","messageTitle":"Add IHospital.java","messageBody":"","fileTypesAndContributionMap":{"functional-code":{"insertions":36,"deletions":20}}},{"hash":"0dba249fdb23a3cee61465927c066fdfd8c66e55","messageTitle":"Update Command classes","messageBody":"","fileTypesAndContributionMap":{"functional-code":{"insertions":3,"deletions":3}}},{"hash":"01ab79f95544b4cd60eaeabc91732f1e3453d90a","messageTitle":"Update List classes","messageBody":"","fileTypesAndContributionMap":{"functional-code":{"insertions":34,"deletions":33}}},{"hash":"e41aeaf0a6b82947309945cc15ffb56320dc13ef","messageTitle":"Update IHospital.java","messageBody":"","fileTypesAndContributionMap":{"functional-code":{"insertions":1,"deletions":1}}}]},{"date":"2022-03-16","commitResults":[{"hash":"713180553b7aa925a954a8c078a2cbcb21ac6bc5","messageTitle":"Add JUnit test for Person","messageBody":"","fileTypesAndContributionMap":{"test-code":{"insertions":36,"deletions":0}}}]},{"date":"2022-03-23","commitResults":[{"hash":"e5f36ceddec797a546205634a85445e5a6ddb7e9","messageTitle":"Update DeveloperGuide","messageBody":"","fileTypesAndContributionMap":{"docs":{"insertions":32,"deletions":4}}},{"hash":"2b81f3c11d4b2a85d103224dd4c3ba7ce39cbc4d","messageTitle":"Add Exit description in DG","messageBody":"","fileTypesAndContributionMap":{"docs":{"insertions":8,"deletions":9}}},{"hash":"154d9791cb954551cd054e367a8fbebb1ac631e1","messageTitle":"Add Doctor and Patient tests","messageBody":"","fileTypesAndContributionMap":{"docs":{"insertions":1,"deletions":0},"test-code":{"insertions":30,"deletions":0}}}]},{"date":"2022-03-30","commitResults":[{"hash":"a8b35101658f76585477ef1f85cb54f409d43af1","messageTitle":"Add Help Command","messageBody":"","fileTypesAndContributionMap":{"functional-code":{"insertions":44,"deletions":0},"test-code":{"insertions":0,"deletions":12}}},{"hash":"a8e08fc07f8d183385784f386a03d11db641d0c9","messageTitle":"Put back Duke","messageBody":"","fileTypesAndContributionMap":{"functional-code":{"insertions":42,"deletions":21}}},{"hash":"c1c229421dcc422d5f5edebf32fe2e15f727dfde","messageTitle":"Edit EXPECTED.TXT","messageBody":"","fileTypesAndContributionMap":{"functional-code":{"insertions":1,"deletions":1}}},{"hash":"922b382599248c5903a0d1dc2163786a7307dd9c","messageTitle":"Edit User Guide","messageBody":"","fileTypesAndContributionMap":{"docs":{"insertions":53,"deletions":17}}}]},{"date":"2022-03-31","commitResults":[{"hash":"e78787e0499ee446ac46fbde1c2e0dccd6626181","messageTitle":"Update Developer Guide","messageBody":"","fileTypesAndContributionMap":{"docs":{"insertions":48,"deletions":8}}},{"hash":"2e91009865b50f7b75b0b814d51aceab2bcdb4b0","messageTitle":"Edit packages","messageBody":"","fileTypesAndContributionMap":{"functional-code":{"insertions":18,"deletions":18}}}]},{"date":"2022-04-01","commitResults":[{"hash":"7a3b11e0be9035c1624d4524b17045d4ac394894","messageTitle":"Fix some bugs and update UserGuide","messageBody":"","fileTypesAndContributionMap":{"functional-code":{"insertions":51,"deletions":23},"docs":{"insertions":62,"deletions":9}}}]},{"date":"2022-04-04","commitResults":[{"hash":"2f0d1d9da5cf68ca0f4e1cb09494517ef3ba925e","messageTitle":"Make methods shorter","messageBody":"","fileTypesAndContributionMap":{"functional-code":{"insertions":171,"deletions":108}}}]},{"date":"2022-04-06","commitResults":[{"hash":"ff20e6771b7c7b284eb2a309de373ca4f8ed161c","messageTitle":"Add edit appointment","messageBody":"","fileTypesAndContributionMap":{"functional-code":{"insertions":42,"deletions":14}}},{"hash":"2b30bb099fa71cd62b39412fa39afa8e62a63879","messageTitle":"Update Parser for editing appointment","messageBody":"","fileTypesAndContributionMap":{"functional-code":{"insertions":69,"deletions":21}}},{"hash":"086dc8bbeec48ef591aca483e50ed48d9aa72fd3","messageTitle":"Revert back import statements","messageBody":"","fileTypesAndContributionMap":{"functional-code":{"insertions":19,"deletions":1}}},{"hash":"4ea3df5bb8cc02ecdbfa9b62c5b23d9d7eadc40e","messageTitle":"Update UserGuide","messageBody":"","fileTypesAndContributionMap":{"docs":{"insertions":11,"deletions":2}}},{"hash":"78299d0d08389a466d0a6fa877113504e7a19497","messageTitle":"Remove Duke","messageBody":"","fileTypesAndContributionMap":{"functional-code":{"insertions":0,"deletions":21}}},{"hash":"843776711fb29f533fd862cea02134bda7bafa93","messageTitle":"Add import statement","messageBody":"","fileTypesAndContributionMap":{"functional-code":{"insertions":1,"deletions":0}}},{"hash":"e0524cabc993debcb94200c7cbc71b0ab0378697","messageTitle":"Update import statements","messageBody":"","fileTypesAndContributionMap":{"functional-code":{"insertions":10,"deletions":2}}},{"hash":"5fcb900c6dba44782ffd7474b812bdc4bc3ca7e9","messageTitle":"Update Duke.java","messageBody":"","fileTypesAndContributionMap":{"functional-code":{"insertions":0,"deletions":0}}},{"hash":"5a5502b5859047524b92da5260cd9125cc3a6323","messageTitle":"Write Duke","messageBody":"","fileTypesAndContributionMap":{"functional-code":{"insertions":10,"deletions":0}}},{"hash":"fff776af5461a5021c9774cf028113f3af6b10bd","messageTitle":"Add exceptions for duplicate ID","messageBody":"","fileTypesAndContributionMap":{"functional-code":{"insertions":47,"deletions":7},"docs":{"insertions":3,"deletions":0}}},{"hash":"ef735c9bb95b5b03ebf768bc3c6efca03d01ac4e","messageTitle":"Add exceptions for deleting out-of-bound elements","messageBody":"","fileTypesAndContributionMap":{"functional-code":{"insertions":23,"deletions":13},"docs":{"insertions":1,"deletions":1}}},{"hash":"a8855f4156f75ede28c748c90f82f4631968b311","messageTitle":"Edit incorrect style","messageBody":"","fileTypesAndContributionMap":{"functional-code":{"insertions":2,"deletions":2}}}]},{"date":"2022-04-08","commitResults":[{"hash":"0a57eb792429e8fd899a6c7aa526a365e470e69e","messageTitle":"Add tests for DoctorList and PatientList","messageBody":"","fileTypesAndContributionMap":{"functional-code":{"insertions":11,"deletions":4},"docs":{"insertions":1,"deletions":1},"test-code":{"insertions":150,"deletions":0}}},{"hash":"6b52f13ea73cd154691ee4d68dd3e1fa85fb5df9","messageTitle":"Fix minor bugs","messageBody":"","fileTypesAndContributionMap":{"functional-code":{"insertions":1,"deletions":0}}},{"hash":"f720de6178d28ab5213ffe1ea89335930a15de35","messageTitle":"Edit JUnit tests","messageBody":"","fileTypesAndContributionMap":{"test-code":{"insertions":13,"deletions":7}}},{"hash":"fb83b13e45e4d86cb065891b6f0a01a2f6829dc9","messageTitle":"Edit tests to add department and ward","messageBody":"","fileTypesAndContributionMap":{"functional-code":{"insertions":1,"deletions":1},"test-code":{"insertions":15,"deletions":11}}},{"hash":"9196747f25c89ecd9484b5b747f6c78ed9afd60a","messageTitle":"Fix coding style errors","messageBody":"","fileTypesAndContributionMap":{"test-code":{"insertions":16,"deletions":16}}},{"hash":"91f2be61f896ddb55229bd6f9887f44e03319821","messageTitle":"Shorten lines","messageBody":"","fileTypesAndContributionMap":{"test-code":{"insertions":4,"deletions":4}}},{"hash":"17d20ece226ae0fb67784ca30e8c7b68b7316841","messageTitle":"Shorten lines for PatientListTest","messageBody":"","fileTypesAndContributionMap":{"test-code":{"insertions":2,"deletions":1}}},{"hash":"69f5ea8216839465d0502c09ba89886dfce1138d","messageTitle":"Change \\n to LineSeparator","messageBody":"","fileTypesAndContributionMap":{"test-code":{"insertions":21,"deletions":12}}},{"hash":"379852cc603d039b595559c7ad0324d9794ac875","messageTitle":"Add PPP","messageBody":"","fileTypesAndContributionMap":{"functional-code":{"insertions":1,"deletions":5},"docs":{"insertions":45,"deletions":0}}},{"hash":"c9c0bd82c0d9e8ba507c460582dbea1de37efd71","messageTitle":"Fix bugs for adding ward","messageBody":"","fileTypesAndContributionMap":{"functional-code":{"insertions":31,"deletions":28},"docs":{"insertions":6,"deletions":6}}}]},{"date":"2022-04-09","commitResults":[{"hash":"32e3af5bcea03100ca6ff033ab0394baca56f106","messageTitle":"Update authorship for some test files","messageBody":"","fileTypesAndContributionMap":{"docs":{"insertions":2,"deletions":1},"test-code":{"insertions":4,"deletions":0}}},{"hash":"9d4348409dc3321ef0a1382f77e67db154936cab","messageTitle":"Fix bugs-nurse stored to wrong file","messageBody":"","fileTypesAndContributionMap":{"functional-code":{"insertions":22,"deletions":9}}},{"hash":"3cf1c749fd8b8366ac370d2326673f8e77488134","messageTitle":"Set doctors \u0026 nurses default ward number","messageBody":"","fileTypesAndContributionMap":{"functional-code":{"insertions":2,"deletions":2},"docs":{"insertions":17,"deletions":4}}},{"hash":"e704dbdc1d4e31af590766927fcb9235a4695f92","messageTitle":"Add expected output for AddDoctor","messageBody":"","fileTypesAndContributionMap":{"docs":{"insertions":2,"deletions":0}}},{"hash":"1e8ef316f1fe0f66afbf194a695b066a5106c184","messageTitle":"Fix minor bugs","messageBody":"","fileTypesAndContributionMap":{"functional-code":{"insertions":1,"deletions":1},"docs":{"insertions":3,"deletions":0}}}]},{"date":"2022-04-10","commitResults":[{"hash":"35218b1808679c5a33c108988204d81ee31119b0","messageTitle":"Fix bugs in get appointment by doctor ID","messageBody":"","fileTypesAndContributionMap":{"functional-code":{"insertions":117,"deletions":56}}},{"hash":"550b537168ee65c5397ecca816c40f0e9fa2375b","messageTitle":"Add doctor/patient page command","messageBody":"","fileTypesAndContributionMap":{"functional-code":{"insertions":51,"deletions":5}}},{"hash":"f2ee0e191d7d99f40ffabb080863cf83c263a194","messageTitle":"Fix coding style for assertions","messageBody":"","fileTypesAndContributionMap":{"functional-code":{"insertions":2,"deletions":2}}},{"hash":"b1317729bc5a60664cbbd589f3d106ebeb8ac320","messageTitle":"Modify test cases","messageBody":"","fileTypesAndContributionMap":{"functional-code":{"insertions":5,"deletions":0},"test-code":{"insertions":2,"deletions":2}}},{"hash":"f298a9f070d67b39cd32cb3f817b337b99ee85e1","messageTitle":"Update test output","messageBody":"","fileTypesAndContributionMap":{"test-code":{"insertions":2,"deletions":2}}},{"hash":"2c0ebff8b1faec468051ef7730d9d86e1c35e43e","messageTitle":"Update test cases","messageBody":"","fileTypesAndContributionMap":{"test-code":{"insertions":8,"deletions":8}}},{"hash":"4134d1750d70d347204c9c67b08080b722acdee9","messageTitle":"Update appointment test","messageBody":"","fileTypesAndContributionMap":{"test-code":{"insertions":1,"deletions":1}}}]},{"date":"2022-04-11","commitResults":[{"hash":"01d9ecf07e01479613e38f40f696e87e950ad824","messageTitle":"Update developer guide","messageBody":"","fileTypesAndContributionMap":{"docs":{"insertions":112,"deletions":49}}},{"hash":"f823cdbca68e8b2fb782d38cb5f9ab5f773cea73","messageTitle":"Add exceptions for wrong input format/non-existing person","messageBody":"","fileTypesAndContributionMap":{"functional-code":{"insertions":28,"deletions":7}}},{"hash":"e894733bfe7215d76237cacc581e5166d87557af","messageTitle":"Update AboutUs.md","messageBody":"","fileTypesAndContributionMap":{"docs":{"insertions":5,"deletions":5}}},{"hash":"effd89983bde121614ce23cf60f1a4a53ca9b4ad","messageTitle":"Update README.md","messageBody":"","fileTypesAndContributionMap":{"docs":{"insertions":8,"deletions":1}}},{"hash":"2346dd96cab793d56f596415b8e842340e57beec","messageTitle":"Update cczhouqi.md","messageBody":"","fileTypesAndContributionMap":{"docs":{"insertions":1,"deletions":1}}},{"hash":"919124486e494fc02b91d378c8052093d1b6cbb6","messageTitle":"Update AboutUs.md","messageBody":"","fileTypesAndContributionMap":{"docs":{"insertions":4,"deletions":4}}},{"hash":"bb8178cc10214ba1debc91485af9f28a8f93f683","messageTitle":"Update UserGuide.md","messageBody":"","tags":["v2.1"],"fileTypesAndContributionMap":{"docs":{"insertions":5,"deletions":5}}},{"hash":"c3438dc0801091fe515e3df3572e28cd6c451f9d","messageTitle":"Update DeveloperGuide","messageBody":"","fileTypesAndContributionMap":{"docs":{"insertions":1,"deletions":3}}},{"hash":"9e9ca28c8d159803a4696d38f0ca4327459fedf4","messageTitle":"Add diagram","messageBody":"","fileTypesAndContributionMap":{"docs":{"insertions":1,"deletions":0}}}]}],"DolphXty":[{"date":"2022-03-18","commitResults":[{"hash":"6732ccea64ad5bbfe58e95829d8b3e02692003b5","messageTitle":".","messageBody":"","fileTypesAndContributionMap":{"functional-code":{"insertions":52,"deletions":46}}}]},{"date":"2022-03-24","commitResults":[{"hash":"c3ffb3e760c28a6fbfea16281734ef4ec1b69573","messageTitle":"Update DeveloperGuide.md","messageBody":"","fileTypesAndContributionMap":{"docs":{"insertions":10,"deletions":0}}}]},{"date":"2022-04-01","commitResults":[{"hash":"5cfdaa79471df61b469c428f19a6d482b0a1a062","messageTitle":"commit","messageBody":"","fileTypesAndContributionMap":{"functional-code":{"insertions":89,"deletions":17},"docs":{"insertions":1,"deletions":1}}}]},{"date":"2022-04-06","commitResults":[{"hash":"62ea803182570d5bbae7bfe2185792cbd8e0b706","messageTitle":"commit","messageBody":"","fileTypesAndContributionMap":{"functional-code":{"insertions":11,"deletions":13}}}]},{"date":"2022-04-07","commitResults":[{"hash":"740a4232066f53fbbf986abb42e568e6b25441b8","messageTitle":"commit","messageBody":"","fileTypesAndContributionMap":{"functional-code":{"insertions":38,"deletions":0}}},{"hash":"ab098f394cd6adc0598ac87a25f025d3847fdf2c","messageTitle":"added nurse","messageBody":"","fileTypesAndContributionMap":{"functional-code":{"insertions":464,"deletions":262}}},{"hash":"62ebdf2852f4cd3e91e4f67a865124c704dc6b4f","messageTitle":"Added Ward and Refined Nurse","messageBody":"","fileTypesAndContributionMap":{"functional-code":{"insertions":563,"deletions":90}}},{"hash":"1d50649c9c81e44d0b98c42c4534c670da983b47","messageTitle":"Added Ward and Refined Nurse","messageBody":"","fileTypesAndContributionMap":{"functional-code":{"insertions":3,"deletions":2}}}]},{"date":"2022-04-08","commitResults":[{"hash":"510ede49805fef32f5f730c9748710a69be5185f","messageTitle":"Added Ward and Refined Nurse","messageBody":"","fileTypesAndContributionMap":{"functional-code":{"insertions":234,"deletions":145}}},{"hash":"1212e6a874408bfd20ee34c1cee3037638284222","messageTitle":"Added Ward and Refined Nurse","messageBody":"","fileTypesAndContributionMap":{"functional-code":{"insertions":319,"deletions":83}}},{"hash":"ab6ee4450da2ce83cd05a95c221931bff82b0481","messageTitle":"Added Ward and Refined Nurse","messageBody":"","fileTypesAndContributionMap":{"functional-code":{"insertions":14,"deletions":15}}},{"hash":"3460a816443a87af7eddf25a362c6ca88cef93d6","messageTitle":"Added Ward and Refined Nurse","messageBody":"","fileTypesAndContributionMap":{"functional-code":{"insertions":14,"deletions":19}}},{"hash":"a1bc668f52a766af369c78f6003e84e71dc03868","messageTitle":"Added Ward and Refined Nurse","messageBody":"","fileTypesAndContributionMap":{"functional-code":{"insertions":2,"deletions":2},"test-code":{"insertions":2,"deletions":2}}},{"hash":"f202c3ff4df84b4a11a0de4f1e0056ae21afd63c","messageTitle":"Added Ward and Refined Nurse","messageBody":"","fileTypesAndContributionMap":{"test-code":{"insertions":2,"deletions":1}}}]},{"date":"2022-04-09","commitResults":[{"hash":"7ecf81dec87a389985160e3b821a8dc935c1a4fd","messageTitle":"minor adjustments","messageBody":"","fileTypesAndContributionMap":{"functional-code":{"insertions":34,"deletions":20},"test-code":{"insertions":5,"deletions":10}}},{"hash":"479ed7436fa3996ef381045a6bd54b3e886008d5","messageTitle":"minor adjustments","messageBody":"","fileTypesAndContributionMap":{"functional-code":{"insertions":101,"deletions":68}}},{"hash":"2c06dc7ccab5f66d23a40fb6d5825884cf0750ce","messageTitle":"minor adjustments","messageBody":"","fileTypesAndContributionMap":{"functional-code":{"insertions":52,"deletions":49},"test-code":{"insertions":4,"deletions":4}}},{"hash":"92e5051adca64d4343a49b62c8143737d01c5da6","messageTitle":"minor adjustments","messageBody":"","fileTypesAndContributionMap":{"functional-code":{"insertions":28,"deletions":38}}},{"hash":"220e8b80e832382d76a872acdf5a1b6483a586b1","messageTitle":"minor adjustments","messageBody":"","fileTypesAndContributionMap":{"functional-code":{"insertions":1,"deletions":1}}},{"hash":"84098a97eb602f800a6130061739e9b73fe51da7","messageTitle":"minor adjustments","messageBody":"","fileTypesAndContributionMap":{"functional-code":{"insertions":25,"deletions":21}}},{"hash":"f4df6a56ced8f26c20f344b71c96d0b712a29420","messageTitle":"minor adjustments","messageBody":"","fileTypesAndContributionMap":{"functional-code":{"insertions":15,"deletions":0}}},{"hash":"9dde0fa33935ea0e9327790af795e5f47efffe29","messageTitle":"minor adjustments","messageBody":"","fileTypesAndContributionMap":{"functional-code":{"insertions":14,"deletions":6}}},{"hash":"62249e02805f56e5ede43f05eebb6f59ce828ba8","messageTitle":"minor adjustments","messageBody":"","fileTypesAndContributionMap":{"functional-code":{"insertions":1,"deletions":1}}}]},{"date":"2022-04-10","commitResults":[{"hash":"9270ebc3b4916bdaed0ac0776e36156f1a01fc24","messageTitle":"minor adjustments","messageBody":"","fileTypesAndContributionMap":{"functional-code":{"insertions":9,"deletions":5},"docs":{"insertions":14,"deletions":0}}},{"hash":"487d1d14754bc00b0d89c75ed2105f2cb8d27aa2","messageTitle":"minor adjustments","messageBody":"","fileTypesAndContributionMap":{"functional-code":{"insertions":10,"deletions":4}}},{"hash":"031d48c2978ad5c8294f0b36f0ebf51cf0969673","messageTitle":"minor adjustments","messageBody":"","fileTypesAndContributionMap":{"functional-code":{"insertions":2,"deletions":4}}},{"hash":"b0afb70dbbaf8c446239037d11ccc4bec465a9e5","messageTitle":"minor adjustments","messageBody":"","fileTypesAndContributionMap":{"docs":{"insertions":60,"deletions":0}}}]}]},"authorFileTypeContributionMap":{"sethlxk":{"docs":150,"functional-code":379,"test-code":96},"Demonshaha":{"docs":79,"functional-code":1741,"test-code":236},"cczhouqi":{"docs":339,"functional-code":628,"test-code":256},"DolphXty":{"docs":77,"functional-code":803,"test-code":0}},"authorContributionVariance":{"sethlxk":4397.3223,"Demonshaha":21514.637,"cczhouqi":11148.925,"DolphXty":51923.555},"authorDisplayNameMap":{"sethlxk":"CS2113-T11-2 SETH.. KAI","Demonshaha":"CS2113-T11-2 ZHOU..NGXU","cczhouqi":"CS2113-T11-2 ZHOU..U QI","DolphXty":"CS2113-T11-2 XIA ..ANYI"}}
